reviewed_group_id,assigned_split,group_size,source_image,canonical_image,canonical_label,person_boxes,helmet_boxes,safety_vest_boxes,is_negative,dhash,image_transfer,label_transfer
reviewed_group_0001,train,100,/root/autodl-tmp/datasets/sources/construction-ppe_ultralytics_2025_v1/images/train/image1020.jpg,/root/autodl-tmp/datasets/derived/construction_ppe3_canonical_v1_20260804_172437/images/all/train__image1020.jpg,/root/autodl-tmp/datasets/derived/construction_ppe3_canonical_v1_20260804_172437/labels/all/train__image1020.txt,1,1,1,False,99c99c9e4d4c4d26,hardlink,hardlink
reviewed_group_0001,train,100,/root/autodl-tmp/datasets/sources/construction-ppe_ultralytics_2025_v1/images/train/image1021.jpg,/root/autodl-tmp/datasets/derived/construction_ppe3_canonical_v1_20260804_172437/images/all/train__image1021.jpg,/root/autodl-tmp/datasets/derived/construction_ppe3_canonical_v1_20260804_172437/labels/all/train__image1021.txt,1,1,1,False,6cc7c62626072426,hardlink,hardlink
reviewed_group_0001,train,100,/root/autodl-tmp/datasets/sources/construction-ppe_ultralytics_2025_v1/images/train/image1022.jpg,/root/autodl-tmp/datasets/derived/construction_ppe3_canonical_v1_20260804_172437/images/all/train__image1022.jpg,/root/autodl-tmp/datasets/derived/construction_ppe3_canonical_v1_20260804_172437/labels/all/train__image1022.txt,1,1,1,False,6cc7962626072426,hardlink,hardlink
reviewed_group_0001,train,100,/root/autodl-tmp/datasets/sources/construction-ppe_ultralytics_2025_v1/images/train/image1024.jpeg,/root/autodl-tmp/datasets/derived/construction_ppe3_canonical_v1_20260804_172437/images/all/train__image1024.jpeg,/root/autodl-tmp/datasets/derived/construction_ppe3_canonical_v1_20260804_172437/labels/all/train__image1024.txt,2,7,7,False,002d393aaf3b6100,hardlink,hardlink
reviewed_group_0001,train,100,/root/autodl-tmp/datasets/sources/construction-ppe_ultralytics_2025_v1/images/train/image1025.jpg,/root/autodl-tmp/datasets/derived/construction_ppe3_canonical_v1_20260804_172437/images/all/train__image1025.jpg,/root/autodl-tmp/datasets/derived/construction_ppe3_canonical_v1_20260804_172437/labels/all/train__image1025.txt,1,1,1,False,010313129a8f0e0e,hardlink,hardlink
reviewed_group_0001,train,100,/root/autodl-tmp/datasets/sources/construction-ppe_ultralytics_2025_v1/images/train/image1026.jpg,/root/autodl-tmp/datasets/derived/construction_ppe3_canonical_v1_20260804_172437/images/all/train__image1026.jpg,/root/autodl-tmp/datasets/derived/construction_ppe3_canonical_v1_20260804_172437/labels/all/train__image1026.txt,1,1,1,False,4cc7c60fad8796d1,hardlink,hardlink
reviewed_group_0001,train,100,/root/autodl-tmp/datasets/sources/construction-ppe_ultralytics_2025_v1/images/train/image1027.jpg,/root/autodl-tmp/datasets/derived/construction_ppe3_canonical_v1_20260804_172437/images/all/train__image1027.jpg,/root/autodl-tmp/datasets/derived/construction_ppe3_canonical_v1_20260804_172437/labels/all/train__image1027.txt,1,1,1,False,4cc7c60fa5868a91,hardlink,hardlink
reviewed_group_0001,train,100,/root/autodl-tmp/datasets/sources/construction-ppe_ultralytics_2025_v1/images/train/image1028.jpg,/root/autodl-tmp/datasets/derived/construction_ppe3_canonical_v1_20260804_172437/images/all/train__image1028.jpg,/root/autodl-tmp/datasets/derived/construction_ppe3_canonical_v1_20260804_172437/labels/all/train__image1028.txt,1,1,1,False,6ccfc6068f4edbc9,hardlink,hardlink
reviewed_group_0001,train,100,/root/autodl-tmp/datasets/sources/construction-ppe_ultralytics_2025_v1/images/train/image1029.jpg,/root/autodl-tmp/datasets/derived/construction_ppe3_canonical_v1_20260804_172437/images/all/train__image1029.jpg,/root/autodl-tmp/datasets/derived/construction_ppe3_canonical_v1_20260804_172437/labels/all/train__image1029.txt,1,1,1,False,6cc7c60686664f4c,hardlink,hardlink
reviewed_group_0001,train,100,/root/autodl-tmp/datasets/sources/construction-ppe_ultralytics_2025_v1/images/train/image1030.jpg,/root/autodl-tmp/datasets/derived/construction_ppe3_canonical_v1_20260804_172437/images/all/train__image1030.jpg,/root/autodl-tmp/datasets/derived/construction_ppe3_canonical_v1_20260804_172437/labels/all/train__image1030.txt,1,1,1,False,66c7c30e86276d64,hardlink,hardlink
reviewed_group_0001,train,100,/root/autodl-tmp/datasets/sources/construction-ppe_ultralytics_2025_v1/images/train/image1031.jpg,/root/autodl-tmp/datasets/derived/construction_ppe3_canonical_v1_20260804_172437/images/all/train__image1031.jpg,/root/autodl-tmp/datasets/derived/construction_ppe3_canonical_v1_20260804_172437/labels/all/train__image1031.txt,1,1,1,False,66c7c30e86276d26,hardlink,hardlink
reviewed_group_0001,train,100,/root/autodl-tmp/datasets/sources/construction-ppe_ultralytics_2025_v1/images/train/image1032.jpg,/root/autodl-tmp/datasets/derived/construction_ppe3_canonical_v1_20260804_172437/images/all/train__image1032.jpg,/root/autodl-tmp/datasets/derived/construction_ppe3_canonical_v1_20260804_172437/labels/all/train__image1032.txt,1,1,1,False,66c7cb0b860f0426,hardlink,hardlink
reviewed_group_0001,train,100,/root/autodl-tmp/datasets/sources/construction-ppe_ultralytics_2025_v1/images/train/image1033.jpg,/root/autodl-tmp/datasets/derived/construction_ppe3_canonical_v1_20260804_172437/images/all/train__image1033.jpg,/root/autodl-tmp/datasets/derived/construction_ppe3_canonical_v1_20260804_172437/labels/all/train__image1033.txt,1,1,1,False,66c7cb0bcf070426,hardlink,hardlink
reviewed_group_0001,train,100,/root/autodl-tmp/datasets/sources/construction-ppe_ultralytics_2025_v1/images/train/image1034.jpg,/root/autodl-tmp/datasets/derived/construction_ppe3_canonical_v1_20260804_172437/images/all/train__image1034.jpg,/root/autodl-tmp/datasets/derived/construction_ppe3_canonical_v1_20260804_172437/labels/all/train__image1034.txt,1,1,1,False,66c7cb0bcf071426,hardlink,hardlink
reviewed_group_0001,train,100,/root/autodl-tmp/datasets/sources/construction-ppe_ultralytics_2025_v1/images/train/image1035.jpeg,/root/autodl-tmp/datasets/derived/construction_ppe3_canonical_v1_20260804_172437/images/all/train__image1035.jpeg,/root/autodl-tmp/datasets/derived/construction_ppe3_canonical_v1_20260804_172437/labels/all/train__image1035.txt,6,0,6,False,00c1683777cf8d00,hardlink,hardlink
reviewed_group_0001,train,100,/root/autodl-tmp/datasets/sources/construction-ppe_ultralytics_2025_v1/images/train/image1036.jpg,/root/autodl-tmp/datasets/derived/construction_ppe3_canonical_v1_20260804_172437/images/all/train__image1036.jpg,/root/autodl-tmp/datasets/derived/construction_ppe3_canonical_v1_20260804_172437/labels/all/train__image1036.txt,3,2,1,False,a4c969ad2f7e9e94,hardlink,hardlink
reviewed_group_0001,train,100,/root/autodl-tmp/datasets/sources/construction-ppe_ultralytics_2025_v1/images/train/image1038.jpg,/root/autodl-tmp/datasets/derived/construction_ppe3_canonical_v1_20260804_172437/images/all/train__image1038.jpg,/root/autodl-tmp/datasets/derived/construction_ppe3_canonical_v1_20260804_172437/labels/all/train__image1038.txt,1,1,1,False,01031312928f0e0e,hardlink,hardlink
reviewed_group_0001,train,100,/root/autodl-tmp/datasets/sources/construction-ppe_ultralytics_2025_v1/images/train/image1039.jpg,/root/autodl-tmp/datasets/derived/construction_ppe3_canonical_v1_20260804_172437/images/all/train__image1039.jpg,/root/autodl-tmp/datasets/derived/construction_ppe3_canonical_v1_20260804_172437/labels/all/train__image1039.txt,1,1,1,False,0d9b06cf4f468626,hardlink,hardlink
reviewed_group_0001,train,100,/root/autodl-tmp/datasets/sources/construction-ppe_ultralytics_2025_v1/images/test/image1023.jpg,/root/autodl-tmp/datasets/derived/construction_ppe3_canonical_v1_20260804_172437/images/all/test__image1023.jpg,/root/autodl-tmp/datasets/derived/construction_ppe3_canonical_v1_20260804_172437/labels/all/test__image1023.txt,1,1,1,False,4cc7c40da78726b3,hardlink,hardlink
reviewed_group_0001,train,100,/root/autodl-tmp/datasets/sources/construction-ppe_ultralytics_2025_v1/images/test/image1037.jpeg,/root/autodl-tmp/datasets/derived/construction_ppe3_canonical_v1_20260804_172437/images/all/test__image1037.jpeg,/root/autodl-tmp/datasets/derived/construction_ppe3_canonical_v1_20260804_172437/labels/all/test__image1037.txt,6,5,7,False,009133eecb8b8b00,hardlink,hardlink
reviewed_group_0001,train,100,/root/autodl-tmp/datasets/sources/construction-ppe_ultralytics_2025_v1/images/train/image162.jpg,/root/autodl-tmp/datasets/derived/construction_ppe3_canonical_v1_20260804_172437/images/all/train__image162.jpg,/root/autodl-tmp/datasets/derived/construction_ppe3_canonical_v1_20260804_172437/labels/all/train__image162.txt,3,3,3,False,0743435d5c4c2545,hardlink,hardlink
reviewed_group_0001,train,100,/root/autodl-tmp/datasets/sources/construction-ppe_ultralytics_2025_v1/images/train/image163.jpg,/root/autodl-tmp/datasets/derived/construction_ppe3_canonical_v1_20260804_172437/images/all/train__image163.jpg,/root/autodl-tmp/datasets/derived/construction_ppe3_canonical_v1_20260804_172437/labels/all/train__image163.txt,1,1,1,False,5c273574a6734fce,hardlink,hardlink
reviewed_group_0001,train,100,/root/autodl-tmp/datasets/sources/construction-ppe_ultralytics_2025_v1/images/train/image165.jpg,/root/autodl-tmp/datasets/derived/construction_ppe3_canonical_v1_20260804_172437/images/all/train__image165.jpg,/root/autodl-tmp/datasets/derived/construction_ppe3_canonical_v1_20260804_172437/labels/all/train__image165.txt,1,1,1,False,244e0d1f26378d0f,hardlink,hardlink
reviewed_group_0001,train,100,/root/autodl-tmp/datasets/sources/construction-ppe_ultralytics_2025_v1/images/train/image166.jpg,/root/autodl-tmp/datasets/derived/construction_ppe3_canonical_v1_20260804_172437/images/all/train__image166.jpg,/root/autodl-tmp/datasets/derived/construction_ppe3_canonical_v1_20260804_172437/labels/all/train__image166.txt,3,3,3,False,4434565797567652,hardlink,hardlink
reviewed_group_0001,train,100,/root/autodl-tmp/datasets/sources/construction-ppe_ultralytics_2025_v1/images/train/image170.jpg,/root/autodl-tmp/datasets/derived/construction_ppe3_canonical_v1_20260804_172437/images/all/train__image170.jpg,/root/autodl-tmp/datasets/derived/construction_ppe3_canonical_v1_20260804_172437/labels/all/train__image170.txt,1,1,1,False,2244660627270707,hardlink,hardlink
reviewed_group_0001,train,100,/root/autodl-tmp/datasets/sources/construction-ppe_ultralytics_2025_v1/images/train/image172.jpg,/root/autodl-tmp/datasets/derived/construction_ppe3_canonical_v1_20260804_172437/images/all/train__image172.jpg,/root/autodl-tmp/datasets/derived/construction_ppe3_canonical_v1_20260804_172437/labels/all/train__image172.txt,1,1,1,False,071b1b1a8e0f0e1e,hardlink,hardlink
reviewed_group_0001,train,100,/root/autodl-tmp/datasets/sources/construction-ppe_ultralytics_2025_v1/images/train/image173.jpg,/root/autodl-tmp/datasets/derived/construction_ppe3_canonical_v1_20260804_172437/images/all/train__image173.jpg,/root/autodl-tmp/datasets/derived/construction_ppe3_canonical_v1_20260804_172437/labels/all/train__image173.txt,1,1,1,False,134ccc2e33332f0f,hardlink,hardlink
reviewed_group_0001,train,100,/root/autodl-tmp/datasets/sources/construction-ppe_ultralytics_2025_v1/images/train/image174.jpg,/root/autodl-tmp/datasets/derived/construction_ppe3_canonical_v1_20260804_172437/images/all/train__image174.jpg,/root/autodl-tmp/datasets/derived/construction_ppe3_canonical_v1_20260804_172437/labels/all/train__image174.txt,1,1,1,False,260636068c9e02c3,hardlink,hardlink
reviewed_group_0001,train,100,/root/autodl-tmp/datasets/sources/construction-ppe_ultralytics_2025_v1/images/train/image175.jpg,/root/autodl-tmp/datasets/derived/construction_ppe3_canonical_v1_20260804_172437/images/all/train__image175.jpg,/root/autodl-tmp/datasets/derived/construction_ppe3_canonical_v1_20260804_172437/labels/all/train__image175.txt,2,1,1,False,d8971f189b9aadad,hardlink,hardlink
reviewed_group_0001,train,100,/root/autodl-tmp/datasets/sources/construction-ppe_ultralytics_2025_v1/images/train/image177.jpg,/root/autodl-tmp/datasets/derived/construction_ppe3_canonical_v1_20260804_172437/images/all/train__image177.jpg,/root/autodl-tmp/datasets/derived/construction_ppe3_canonical_v1_20260804_172437/labels/all/train__image177.txt,4,2,2,False,5c4cd1a92decccc4,hardlink,hardlink
reviewed_group_0001,train,100,/root/autodl-tmp/datasets/sources/construction-ppe_ultralytics_2025_v1/images/train/image178.jpg,/root/autodl-tmp/datasets/derived/construction_ppe3_canonical_v1_20260804_172437/images/all/train__image178.jpg,/root/autodl-tmp/datasets/derived/construction_ppe3_canonical_v1_20260804_172437/labels/all/train__image178.txt,4,2,0,False,961bb3d6fdf13466,hardlink,hardlink
reviewed_group_0001,train,100,/root/autodl-tmp/datasets/sources/construction-ppe_ultralytics_2025_v1/images/train/image179.jpg,/root/autodl-tmp/datasets/derived/construction_ppe3_canonical_v1_20260804_172437/images/all/train__image179.jpg,/root/autodl-tmp/datasets/derived/construction_ppe3_canonical_v1_20260804_172437/labels/all/train__image179.txt,2,1,1,False,b08d0769e96b6b69,hardlink,hardlink
reviewed_group_0001,train,100,/root/autodl-tmp/datasets/sources/construction-ppe_ultralytics_2025_v1/images/val/image164.jpg,/root/autodl-tmp/datasets/derived/construction_ppe3_canonical_v1_20260804_172437/images/all/val__image164.jpg,/root/autodl-tmp/datasets/derived/construction_ppe3_canonical_v1_20260804_172437/labels/all/val__image164.txt,1,1,1,False,0e0d0e0b33078697,hardlink,hardlink
reviewed_group_0001,train,100,/root/autodl-tmp/datasets/sources/construction-ppe_ultralytics_2025_v1/images/val/image171.jpg,/root/autodl-tmp/datasets/derived/construction_ppe3_canonical_v1_20260804_172437/images/all/val__image171.jpg,/root/autodl-tmp/datasets/derived/construction_ppe3_canonical_v1_20260804_172437/labels/all/val__image171.txt,1,0,1,False,f3633b1b91f93c79,hardlink,hardlink
reviewed_group_0001,train,100,/root/autodl-tmp/datasets/sources/construction-ppe_ultralytics_2025_v1/images/val/image176.jpg,/root/autodl-tmp/datasets/derived/construction_ppe3_canonical_v1_20260804_172437/images/all/val__image176.jpg,/root/autodl-tmp/datasets/derived/construction_ppe3_canonical_v1_20260804_172437/labels/all/val__image176.txt,2,1,1,False,4696b6b296d602a6,hardlink,hardlink
reviewed_group_0001,train,100,/root/autodl-tmp/datasets/sources/construction-ppe_ultralytics_2025_v1/images/test/image160.jpg,/root/autodl-tmp/datasets/derived/construction_ppe3_canonical_v1_20260804_172437/images/all/test__image160.jpg,/root/autodl-tmp/datasets/derived/construction_ppe3_canonical_v1_20260804_172437/labels/all/test__image160.txt,1,1,1,False,01031312928b0e0e,hardlink,hardlink
reviewed_group_0001,train,100,/root/autodl-tmp/datasets/sources/construction-ppe_ultralytics_2025_v1/images/test/image161.jpg,/root/autodl-tmp/datasets/derived/construction_ppe3_canonical_v1_20260804_172437/images/all/test__image161.jpg,/root/autodl-tmp/datasets/derived/construction_ppe3_canonical_v1_20260804_172437/labels/all/test__image161.txt,1,1,1,False,cdcf8c1733393d8b,hardlink,hardlink
reviewed_group_0001,train,100,/root/autodl-tmp/datasets/sources/construction-ppe_ultralytics_2025_v1/images/test/image167.jpg,/root/autodl-tmp/datasets/derived/construction_ppe3_canonical_v1_20260804_172437/images/all/test__image167.jpg,/root/autodl-tmp/datasets/derived/construction_ppe3_canonical_v1_20260804_172437/labels/all/test__image167.txt,4,4,4,False,a2b23a7262645492,hardlink,hardlink
reviewed_group_0001,train,100,/root/autodl-tmp/datasets/sources/construction-ppe_ultralytics_2025_v1/images/test/image168.jpg,/root/autodl-tmp/datasets/derived/construction_ppe3_canonical_v1_20260804_172437/images/all/test__image168.jpg,/root/autodl-tmp/datasets/derived/construction_ppe3_canonical_v1_20260804_172437/labels/all/test__image168.txt,1,1,1,False,0e4c8f9b9b9f8f93,hardlink,hardlink
reviewed_group_0001,train,100,/root/autodl-tmp/datasets/sources/construction-ppe_ultralytics_2025_v1/images/test/image169.jpg,/root/autodl-tmp/datasets/derived/construction_ppe3_canonical_v1_20260804_172437/images/all/test__image169.jpg,/root/autodl-tmp/datasets/derived/construction_ppe3_canonical_v1_20260804_172437/labels/all/test__image169.txt,1,1,1,False,e6f93beec6733bdb,hardlink,hardlink
reviewed_group_0001,train,100,/root/autodl-tmp/datasets/sources/construction-ppe_ultralytics_2025_v1/images/train/image20.jpg,/root/autodl-tmp/datasets/derived/construction_ppe3_canonical_v1_20260804_172437/images/all/train__image20.jpg,/root/autodl-tmp/datasets/derived/construction_ppe3_canonical_v1_20260804_172437/labels/all/train__image20.txt,2,1,1,False,0703131a92070e0e,hardlink,hardlink
reviewed_group_0001,train,100,/root/autodl-tmp/datasets/sources/construction-ppe_ultralytics_2025_v1/images/train/image21.jpeg,/root/autodl-tmp/datasets/derived/construction_ppe3_canonical_v1_20260804_172437/images/all/train__image21.jpeg,/root/autodl-tmp/datasets/derived/construction_ppe3_canonical_v1_20260804_172437/labels/all/train__image21.txt,3,4,4,False,009679474d0d4d00,hardlink,hardlink
reviewed_group_0001,train,100,/root/autodl-tmp/datasets/sources/construction-ppe_ultralytics_2025_v1/images/train/image22.jpg,/root/autodl-tmp/datasets/derived/construction_ppe3_canonical_v1_20260804_172437/images/all/train__image22.jpg,/root/autodl-tmp/datasets/derived/construction_ppe3_canonical_v1_20260804_172437/labels/all/train__image22.txt,3,3,2,False,00dbdb0a989a5f00,hardlink,hardlink
reviewed_group_0001,train,100,/root/autodl-tmp/datasets/sources/construction-ppe_ultralytics_2025_v1/images/train/image24.jpg,/root/autodl-tmp/datasets/derived/construction_ppe3_canonical_v1_20260804_172437/images/all/train__image24.jpg,/root/autodl-tmp/datasets/derived/construction_ppe3_canonical_v1_20260804_172437/labels/all/train__image24.txt,1,1,1,False,05030312920f0e0e,hardlink,hardlink
reviewed_group_0001,train,100,/root/autodl-tmp/datasets/sources/construction-ppe_ultralytics_2025_v1/images/train/image25.jpeg,/root/autodl-tmp/datasets/derived/construction_ppe3_canonical_v1_20260804_172437/images/all/train__image25.jpeg,/root/autodl-tmp/datasets/derived/construction_ppe3_canonical_v1_20260804_172437/labels/all/train__image25.txt,5,5,5,False,003f969899c2eb00,hardlink,hardlink
reviewed_group_0001,train,100,/root/autodl-tmp/datasets/sources/construction-ppe_ultralytics_2025_v1/images/train/image26.jpeg,/root/autodl-tmp/datasets/derived/construction_ppe3_canonical_v1_20260804_172437/images/all/train__image26.jpeg,/root/autodl-tmp/datasets/derived/construction_ppe3_canonical_v1_20260804_172437/labels/all/train__image26.txt,6,6,7,False,00e64bf4e5e5c800,hardlink,hardlink
reviewed_group_0001,train,100,/root/autodl-tmp/datasets/sources/construction-ppe_ultralytics_2025_v1/images/train/image28.jpeg,/root/autodl-tmp/datasets/derived/construction_ppe3_canonical_v1_20260804_172437/images/all/train__image28.jpeg,/root/autodl-tmp/datasets/derived/construction_ppe3_canonical_v1_20260804_172437/labels/all/train__image28.txt,2,2,2,False,00f4c492caced800,hardlink,hardlink
reviewed_group_0001,train,100,/root/autodl-tmp/datasets/sources/construction-ppe_ultralytics_2025_v1/images/train/image29.jpeg,/root/autodl-tmp/datasets/derived/construction_ppe3_canonical_v1_20260804_172437/images/all/train__image29.jpeg,/root/autodl-tmp/datasets/derived/construction_ppe3_canonical_v1_20260804_172437/labels/all/train__image29.txt,1,1,1,False,00f1b1f9f06aea00,hardlink,hardlink
reviewed_group_0001,train,100,/root/autodl-tmp/datasets/sources/construction-ppe_ultralytics_2025_v1/images/train/image30.jpeg,/root/autodl-tmp/datasets/derived/construction_ppe3_canonical_v1_20260804_172437/images/all/train__image30.jpeg,/root/autodl-tmp/datasets/derived/construction_ppe3_canonical_v1_20260804_172437/labels/all/train__image30.txt,1,1,1,False,00bc5ecfc7f6b800,hardlink,hardlink
reviewed_group_0001,train,100,/root/autodl-tmp/datasets/sources/construction-ppe_ultralytics_2025_v1/images/train/image32.jpeg,/root/autodl-tmp/datasets/derived/construction_ppe3_canonical_v1_20260804_172437/images/all/train__image32.jpeg,/root/autodl-tmp/datasets/derived/construction_ppe3_canonical_v1_20260804_172437/labels/all/train__image32.txt,1,1,1,False,00d8d0e6c6ce4c00,hardlink,hardlink
reviewed_group_0001,train,100,/root/autodl-tmp/datasets/sources/construction-ppe_ultralytics_2025_v1/images/train/image33.jpg,/root/autodl-tmp/datasets/derived/construction_ppe3_canonical_v1_20260804_172437/images/all/train__image33.jpg,/root/autodl-tmp/datasets/derived/construction_ppe3_canonical_v1_20260804_172437/labels/all/train__image33.txt,1,1,1,False,01030b1a9a0f0e0e,hardlink,hardlink
reviewed_group_0001,train,100,/root/autodl-tmp/datasets/sources/construction-ppe_ultralytics_2025_v1/images/train/image34.jpeg,/root/autodl-tmp/datasets/derived/construction_ppe3_canonical_v1_20260804_172437/images/all/train__image34.jpeg,/root/autodl-tmp/datasets/derived/construction_ppe3_canonical_v1_20260804_172437/labels/all/train__image34.txt,2,2,1,False,d0e0e4e4e0e0e4e4,hardlink,hardlink
reviewed_group_0001,train,100,/root/autodl-tmp/datasets/sources/construction-ppe_ultralytics_2025_v1/images/train/image36.jpg,/root/autodl-tmp/datasets/derived/construction_ppe3_canonical_v1_20260804_172437/images/all/train__image36.jpg,/root/autodl-tmp/datasets/derived/construction_ppe3_canonical_v1_20260804_172437/labels/all/train__image36.txt,1,1,1,False,05031b1a8a07061e,hardlink,hardlink
reviewed_group_0001,train,100,/root/autodl-tmp/datasets/sources/construction-ppe_ultralytics_2025_v1/images/train/image37.jpeg,/root/autodl-tmp/datasets/derived/construction_ppe3_canonical_v1_20260804_172437/images/all/train__image37.jpeg,/root/autodl-tmp/datasets/derived/construction_ppe3_canonical_v1_20260804_172437/labels/all/train__image37.txt,2,2,0,False,003460e07272e600,hardlink,hardlink
reviewed_group_0001,train,100,/root/autodl-tmp/datasets/sources/construction-ppe_ultralytics_2025_v1/images/train/image38.jpg,/root/autodl-tmp/datasets/derived/construction_ppe3_canonical_v1_20260804_172437/images/all/train__image38.jpg,/root/autodl-tmp/datasets/derived/construction_ppe3_canonical_v1_20260804_172437/labels/all/train__image38.txt,1,1,1,False,00d8e4c519294c00,hardlink,hardlink
reviewed_group_0001,train,100,/root/autodl-tmp/datasets/sources/construction-ppe_ultralytics_2025_v1/images/train/image39.jpeg,/root/autodl-tmp/datasets/derived/construction_ppe3_canonical_v1_20260804_172437/images/all/train__image39.jpeg,/root/autodl-tmp/datasets/derived/construction_ppe3_canonical_v1_20260804_172437/labels/all/train__image39.txt,1,0,1,False,104d4c141113fc00,hardlink,hardlink
reviewed_group_0001,train,100,/root/autodl-tmp/datasets/sources/construction-ppe_ultralytics_2025_v1/images/val/image23.jpeg,/root/autodl-tmp/datasets/derived/construction_ppe3_canonical_v1_20260804_172437/images/all/val__image23.jpeg,/root/autodl-tmp/datasets/derived/construction_ppe3_canonical_v1_20260804_172437/labels/all/val__image23.txt,0,1,3,False,83a3a3a3a7a69898,hardlink,hardlink
reviewed_group_0001,train,100,/root/autodl-tmp/datasets/sources/construction-ppe_ultralytics_2025_v1/images/val/image27.jpeg,/root/autodl-tmp/datasets/derived/construction_ppe3_canonical_v1_20260804_172437/images/all/val__image27.jpeg,/root/autodl-tmp/datasets/derived/construction_ppe3_canonical_v1_20260804_172437/labels/all/val__image27.txt,1,1,1,False,01402010ccc7f100,hardlink,hardlink
reviewed_group_0001,train,100,/root/autodl-tmp/datasets/sources/construction-ppe_ultralytics_2025_v1/images/val/image31.jpg,/root/autodl-tmp/datasets/derived/construction_ppe3_canonical_v1_20260804_172437/images/all/val__image31.jpg,/root/autodl-tmp/datasets/derived/construction_ppe3_canonical_v1_20260804_172437/labels/all/val__image31.txt,1,1,1,False,05030b1a9a0f0e0e,hardlink,hardlink
reviewed_group_0001,train,100,/root/autodl-tmp/datasets/sources/construction-ppe_ultralytics_2025_v1/images/val/image35.jpeg,/root/autodl-tmp/datasets/derived/construction_ppe3_canonical_v1_20260804_172437/images/all/val__image35.jpeg,/root/autodl-tmp/datasets/derived/construction_ppe3_canonical_v1_20260804_172437/labels/all/val__image35.txt,1,1,0,False,0075d3d8dac84900,hardlink,hardlink
reviewed_group_0001,train,100,/root/autodl-tmp/datasets/sources/construction-ppe_ultralytics_2025_v1/images/train/image280.jpg,/root/autodl-tmp/datasets/derived/construction_ppe3_canonical_v1_20260804_172437/images/all/train__image280.jpg,/root/autodl-tmp/datasets/derived/construction_ppe3_canonical_v1_20260804_172437/labels/all/train__image280.txt,1,1,1,False,d89a3fa78d8c8c8f,hardlink,hardlink
reviewed_group_0001,train,100,/root/autodl-tmp/datasets/sources/construction-ppe_ultralytics_2025_v1/images/train/image281.jpg,/root/autodl-tmp/datasets/derived/construction_ppe3_canonical_v1_20260804_172437/images/all/train__image281.jpg,/root/autodl-tmp/datasets/derived/construction_ppe3_canonical_v1_20260804_172437/labels/all/train__image281.txt,1,1,1,False,c64edb17c6a763d0,hardlink,hardlink
reviewed_group_0001,train,100,/root/autodl-tmp/datasets/sources/construction-ppe_ultralytics_2025_v1/images/train/image282.jpg,/root/autodl-tmp/datasets/derived/construction_ppe3_canonical_v1_20260804_172437/images/all/train__image282.jpg,/root/autodl-tmp/datasets/derived/construction_ppe3_canonical_v1_20260804_172437/labels/all/train__image282.txt,1,1,1,False,473b6f4d0f9d9ec8,hardlink,hardlink
reviewed_group_0001,train,100,/root/autodl-tmp/datasets/sources/construction-ppe_ultralytics_2025_v1/images/train/image283.jpg,/root/autodl-tmp/datasets/derived/construction_ppe3_canonical_v1_20260804_172437/images/all/train__image283.jpg,/root/autodl-tmp/datasets/derived/construction_ppe3_canonical_v1_20260804_172437/labels/all/train__image283.txt,1,1,1,False,992f3d6f0d9e9d9c,hardlink,hardlink
reviewed_group_0001,train,100,/root/autodl-tmp/datasets/sources/construction-ppe_ultralytics_2025_v1/images/train/image284.jpg,/root/autodl-tmp/datasets/derived/construction_ppe3_canonical_v1_20260804_172437/images/all/train__image284.jpg,/root/autodl-tmp/datasets/derived/construction_ppe3_canonical_v1_20260804_172437/labels/all/train__image284.txt,1,1,1,False,8503171693cf8f8f,hardlink,hardlink
reviewed_group_0001,train,100,/root/autodl-tmp/datasets/sources/construction-ppe_ultralytics_2025_v1/images/train/image285.jpg,/root/autodl-tmp/datasets/derived/construction_ppe3_canonical_v1_20260804_172437/images/all/train__image285.jpg,/root/autodl-tmp/datasets/derived/construction_ppe3_canonical_v1_20260804_172437/labels/all/train__image285.txt,1,1,1,False,fe3e2726978f8787,hardlink,hardlink
reviewed_group_0001,train,100,/root/autodl-tmp/datasets/sources/construction-ppe_ultralytics_2025_v1/images/train/image286.jpg,/root/autodl-tmp/datasets/derived/construction_ppe3_canonical_v1_20260804_172437/images/all/train__image286.jpg,/root/autodl-tmp/datasets/derived/construction_ppe3_canonical_v1_20260804_172437/labels/all/train__image286.txt,1,1,1,False,820327a7260e1e3e,hardlink,hardlink
reviewed_group_0001,train,100,/root/autodl-tmp/datasets/sources/construction-ppe_ultralytics_2025_v1/images/train/image288.jpg,/root/autodl-tmp/datasets/derived/construction_ppe3_canonical_v1_20260804_172437/images/all/train__image288.jpg,/root/autodl-tmp/datasets/derived/construction_ppe3_canonical_v1_20260804_172437/labels/all/train__image288.txt,1,1,1,False,9e4b12094f860e8c,hardlink,hardlink
reviewed_group_0001,train,100,/root/autodl-tmp/datasets/sources/construction-ppe_ultralytics_2025_v1/images/train/image289.jpg,/root/autodl-tmp/datasets/derived/construction_ppe3_canonical_v1_20260804_172437/images/all/train__image289.jpg,/root/autodl-tmp/datasets/derived/construction_ppe3_canonical_v1_20260804_172437/labels/all/train__image289.txt,1,1,1,False,9357270f1d1c9d88,hardlink,hardlink
reviewed_group_0001,train,100,/root/autodl-tmp/datasets/sources/construction-ppe_ultralytics_2025_v1/images/train/image290.jpg,/root/autodl-tmp/datasets/derived/construction_ppe3_canonical_v1_20260804_172437/images/all/train__image290.jpg,/root/autodl-tmp/datasets/derived/construction_ppe3_canonical_v1_20260804_172437/labels/all/train__image290.txt,1,1,1,False,07131312920f0e0e,hardlink,hardlink
reviewed_group_0001,train,100,/root/autodl-tmp/datasets/sources/construction-ppe_ultralytics_2025_v1/images/train/image291.jpg,/root/autodl-tmp/datasets/derived/construction_ppe3_canonical_v1_20260804_172437/images/all/train__image291.jpg,/root/autodl-tmp/datasets/derived/construction_ppe3_canonical_v1_20260804_172437/labels/all/train__image291.txt,1,1,1,False,cac69396ce0e8b92,hardlink,hardlink
reviewed_group_0001,train,100,/root/autodl-tmp/datasets/sources/construction-ppe_ultralytics_2025_v1/images/train/image292.jpg,/root/autodl-tmp/datasets/derived/construction_ppe3_canonical_v1_20260804_172437/images/all/train__image292.jpg,/root/autodl-tmp/datasets/derived/construction_ppe3_canonical_v1_20260804_172437/labels/all/train__image292.txt,1,1,1,False,ce17129f8c2a0ae4,hardlink,hardlink
reviewed_group_0001,train,100,/root/autodl-tmp/datasets/sources/construction-ppe_ultralytics_2025_v1/images/train/image293.jpeg,/root/autodl-tmp/datasets/derived/construction_ppe3_canonical_v1_20260804_172437/images/all/train__image293.jpeg,/root/autodl-tmp/datasets/derived/construction_ppe3_canonical_v1_20260804_172437/labels/all/train__image293.txt,1,0,1,False,efac26ceb6364c00,hardlink,hardlink
reviewed_group_0001,train,100,/root/autodl-tmp/datasets/sources/construction-ppe_ultralytics_2025_v1/images/train/image294.jpg,/root/autodl-tmp/datasets/derived/construction_ppe3_canonical_v1_20260804_172437/images/all/train__image294.jpg,/root/autodl-tmp/datasets/derived/construction_ppe3_canonical_v1_20260804_172437/labels/all/train__image294.txt,1,1,1,False,9ecf92138f8d0c36,hardlink,hardlink
reviewed_group_0001,train,100,/root/autodl-tmp/datasets/sources/construction-ppe_ultralytics_2025_v1/images/train/image295.jpg,/root/autodl-tmp/datasets/derived/construction_ppe3_canonical_v1_20260804_172437/images/all/train__image295.jpg,/root/autodl-tmp/datasets/derived/construction_ppe3_canonical_v1_20260804_172437/labels/all/train__image295.txt,1,1,1,False,96163706ce2b4dd8,hardlink,hardlink
reviewed_group_0001,train,100,/root/autodl-tmp/datasets/sources/construction-ppe_ultralytics_2025_v1/images/train/image297.jpg,/root/autodl-tmp/datasets/derived/construction_ppe3_canonical_v1_20260804_172437/images/all/train__image297.jpg,/root/autodl-tmp/datasets/derived/construction_ppe3_canonical_v1_20260804_172437/labels/all/train__image297.txt,1,1,1,False,9c17129c8c8a4acc,hardlink,hardlink
reviewed_group_0001,train,100,/root/autodl-tmp/datasets/sources/construction-ppe_ultralytics_2025_v1/images/train/image298.jpg,/root/autodl-tmp/datasets/derived/construction_ppe3_canonical_v1_20260804_172437/images/all/train__image298.jpg,/root/autodl-tmp/datasets/derived/construction_ppe3_canonical_v1_20260804_172437/labels/all/train__image298.txt,1,1,1,False,3d27969c8a29c5e8,hardlink,hardlink
reviewed_group_0001,train,100,/root/autodl-tmp/datasets/sources/construction-ppe_ultralytics_2025_v1/images/train/image299.jpg,/root/autodl-tmp/datasets/derived/construction_ppe3_canonical_v1_20260804_172437/images/all/train__image299.jpg,/root/autodl-tmp/datasets/derived/construction_ppe3_canonical_v1_20260804_172437/labels/all/train__image299.txt,1,1,1,False,c61eef4f9cde5b90,hardlink,hardlink
reviewed_group_0001,train,100,/root/autodl-tmp/datasets/sources/construction-ppe_ultralytics_2025_v1/images/test/image287.jpg,/root/autodl-tmp/datasets/derived/construction_ppe3_canonical_v1_20260804_172437/images/all/test__image287.jpg,/root/autodl-tmp/datasets/derived/construction_ppe3_canonical_v1_20260804_172437/labels/all/test__image287.txt,1,1,1,False,a3a39397069a1eb6,hardlink,hardlink
reviewed_group_0001,train,100,/root/autodl-tmp/datasets/sources/construction-ppe_ultralytics_2025_v1/images/test/image296.jpg,/root/autodl-tmp/datasets/derived/construction_ppe3_canonical_v1_20260804_172437/images/all/test__image296.jpg,/root/autodl-tmp/datasets/derived/construction_ppe3_canonical_v1_20260804_172437/labels/all/test__image296.txt,1,1,1,False,9e03194e061525c6,hardlink,hardlink
reviewed_group_0001,train,100,/root/autodl-tmp/datasets/sources/construction-ppe_ultralytics_2025_v1/images/train/image60.jpeg,/root/autodl-tmp/datasets/derived/construction_ppe3_canonical_v1_20260804_172437/images/all/train__image60.jpeg,/root/autodl-tmp/datasets/derived/construction_ppe3_canonical_v1_20260804_172437/labels/all/train__image60.txt,1,1,0,False,00e4e4c4869aa600,hardlink,hardlink
reviewed_group_0001,train,100,/root/autodl-tmp/datasets/sources/construction-ppe_ultralytics_2025_v1/images/train/image61.jpg,/root/autodl-tmp/datasets/derived/construction_ppe3_canonical_v1_20260804_172437/images/all/train__image61.jpg,/root/autodl-tmp/datasets/derived/construction_ppe3_canonical_v1_20260804_172437/labels/all/train__image61.txt,1,1,1,False,070317168e0f0e16,hardlink,hardlink
reviewed_group_0001,train,100,/root/autodl-tmp/datasets/sources/construction-ppe_ultralytics_2025_v1/images/train/image62.jpeg,/root/autodl-tmp/datasets/derived/construction_ppe3_canonical_v1_20260804_172437/images/all/train__image62.jpeg,/root/autodl-tmp/datasets/derived/construction_ppe3_canonical_v1_20260804_172437/labels/all/train__image62.txt,2,2,1,False,00fac4fbfbdfc400,hardlink,hardlink
reviewed_group_0001,train,100,/root/autodl-tmp/datasets/sources/construction-ppe_ultralytics_2025_v1/images/train/image64.jpeg,/root/autodl-tmp/datasets/derived/construction_ppe3_canonical_v1_20260804_172437/images/all/train__image64.jpeg,/root/autodl-tmp/datasets/derived/construction_ppe3_canonical_v1_20260804_172437/labels/all/train__image64.txt,2,2,1,False,00fefa81e9997000,hardlink,hardlink
reviewed_group_0001,train,100,/root/autodl-tmp/datasets/sources/construction-ppe_ultralytics_2025_v1/images/train/image66.jpg,/root/autodl-tmp/datasets/derived/construction_ppe3_canonical_v1_20260804_172437/images/all/train__image66.jpg,/root/autodl-tmp/datasets/derived/construction_ppe3_canonical_v1_20260804_172437/labels/all/train__image66.txt,1,1,1,False,01031b188a070e0e,hardlink,hardlink
reviewed_group_0001,train,100,/root/autodl-tmp/datasets/sources/construction-ppe_ultralytics_2025_v1/images/train/image67.jpeg,/root/autodl-tmp/datasets/derived/construction_ppe3_canonical_v1_20260804_172437/images/all/train__image67.jpeg,/root/autodl-tmp/datasets/derived/construction_ppe3_canonical_v1_20260804_172437/labels/all/train__image67.txt,1,1,0,False,00d2e48cf038bc00,hardlink,hardlink
reviewed_group_0001,train,100,/root/autodl-tmp/datasets/sources/construction-ppe_ultralytics_2025_v1/images/train/image68.jpg,/root/autodl-tmp/datasets/derived/construction_ppe3_canonical_v1_20260804_172437/images/all/train__image68.jpg,/root/autodl-tmp/datasets/derived/construction_ppe3_canonical_v1_20260804_172437/labels/all/train__image68.txt,1,1,1,False,07030736960f0e0e,hardlink,hardlink
reviewed_group_0001,train,100,/root/autodl-tmp/datasets/sources/construction-ppe_ultralytics_2025_v1/images/train/image69.jpeg,/root/autodl-tmp/datasets/derived/construction_ppe3_canonical_v1_20260804_172437/images/all/train__image69.jpeg,/root/autodl-tmp/datasets/derived/construction_ppe3_canonical_v1_20260804_172437/labels/all/train__image69.txt,1,1,1,False,00f8ebeaeef6d900,hardlink,hardlink
reviewed_group_0001,train,100,/root/autodl-tmp/datasets/sources/construction-ppe_ultralytics_2025_v1/images/train/image71.jpg,/root/autodl-tmp/datasets/derived/construction_ppe3_canonical_v1_20260804_172437/images/all/train__image71.jpg,/root/autodl-tmp/datasets/derived/construction_ppe3_canonical_v1_20260804_172437/labels/all/train__image71.txt,1,1,1,False,0703131a9a0f0e0e,hardlink,hardlink
reviewed_group_0001,train,100,/root/autodl-tmp/datasets/sources/construction-ppe_ultralytics_2025_v1/images/train/image72.jpeg,/root/autodl-tmp/datasets/derived/construction_ppe3_canonical_v1_20260804_172437/images/all/train__image72.jpeg,/root/autodl-tmp/datasets/derived/construction_ppe3_canonical_v1_20260804_172437/labels/all/train__image72.txt,1,2,1,False,00fef9d1f1f0f600,hardlink,hardlink
reviewed_group_0001,train,100,/root/autodl-tmp/datasets/sources/construction-ppe_ultralytics_2025_v1/images/train/image73.jpg,/root/autodl-tmp/datasets/derived/construction_ppe3_canonical_v1_20260804_172437/images/all/train__image73.jpg,/root/autodl-tmp/datasets/derived/construction_ppe3_canonical_v1_20260804_172437/labels/all/train__image73.txt,1,1,1,False,07031312920f0e0e,hardlink,hardlink
reviewed_group_0001,train,100,/root/autodl-tmp/datasets/sources/construction-ppe_ultralytics_2025_v1/images/train/image75.jpg,/root/autodl-tmp/datasets/derived/construction_ppe3_canonical_v1_20260804_172437/images/all/train__image75.jpg,/root/autodl-tmp/datasets/derived/construction_ppe3_canonical_v1_20260804_172437/labels/all/train__image75.txt,2,2,2,False,10734e8d9d9919a2,hardlink,hardlink
reviewed_group_0001,train,100,/root/autodl-tmp/datasets/sources/construction-ppe_ultralytics_2025_v1/images/train/image76.jpg,/root/autodl-tmp/datasets/derived/construction_ppe3_canonical_v1_20260804_172437/images/all/train__image76.jpg,/root/autodl-tmp/datasets/derived/construction_ppe3_canonical_v1_20260804_172437/labels/all/train__image76.txt,1,1,1,False,03031312920f0e0e,hardlink,hardlink
reviewed_group_0001,train,100,/root/autodl-tmp/datasets/sources/construction-ppe_ultralytics_2025_v1/images/train/image77.jpg,/root/autodl-tmp/datasets/derived/construction_ppe3_canonical_v1_20260804_172437/images/all/train__image77.jpg,/root/autodl-tmp/datasets/derived/construction_ppe3_canonical_v1_20260804_172437/labels/all/train__image77.txt,1,1,1,False,05030726960f0e1e,hardlink,hardlink
reviewed_group_0001,train,100,/root/autodl-tmp/datasets/sources/construction-ppe_ultralytics_2025_v1/images/train/image78.jpg,/root/autodl-tmp/datasets/derived/construction_ppe3_canonical_v1_20260804_172437/images/all/train__image78.jpg,/root/autodl-tmp/datasets/derived/construction_ppe3_canonical_v1_20260804_172437/labels/all/train__image78.txt,1,2,2,False,07031316960f0e1e,hardlink,hardlink
reviewed_group_0001,train,100,/root/autodl-tmp/datasets/sources/construction-ppe_ultralytics_2025_v1/images/train/image79.jpg,/root/autodl-tmp/datasets/derived/construction_ppe3_canonical_v1_20260804_172437/images/all/train__image79.jpg,/root/autodl-tmp/datasets/derived/construction_ppe3_canonical_v1_20260804_172437/labels/all/train__image79.txt,1,1,1,False,05030796860f0e1e,hardlink,hardlink
reviewed_group_0001,train,100,/root/autodl-tmp/datasets/sources/construction-ppe_ultralytics_2025_v1/images/val/image65.jpeg,/root/autodl-tmp/datasets/derived/construction_ppe3_canonical_v1_20260804_172437/images/all/val__image65.jpeg,/root/autodl-tmp/datasets/derived/construction_ppe3_canonical_v1_20260804_172437/labels/all/val__image65.txt,2,2,1,False,00e6f0deec7cbc00,hardlink,hardlink
reviewed_group_0001,train,100,/root/autodl-tmp/datasets/sources/construction-ppe_ultralytics_2025_v1/images/val/image74.jpeg,/root/autodl-tmp/datasets/derived/construction_ppe3_canonical_v1_20260804_172437/images/all/val__image74.jpeg,/root/autodl-tmp/datasets/derived/construction_ppe3_canonical_v1_20260804_172437/labels/all/val__image74.txt,1,0,1,False,007159ddd8d8c800,hardlink,hardlink
reviewed_group_0001,train,100,/root/autodl-tmp/datasets/sources/construction-ppe_ultralytics_2025_v1/images/test/image63.jpg,/root/autodl-tmp/datasets/derived/construction_ppe3_canonical_v1_20260804_172437/images/all/test__image63.jpg,/root/autodl-tmp/datasets/derived/construction_ppe3_canonical_v1_20260804_172437/labels/all/test__image63.txt,1,1,1,False,05031312920f0e0e,hardlink,hardlink
reviewed_group_0001,train,100,/root/autodl-tmp/datasets/sources/construction-ppe_ultralytics_2025_v1/images/test/image70.jpeg,/root/autodl-tmp/datasets/derived/construction_ppe3_canonical_v1_20260804_172437/images/all/test__image70.jpeg,/root/autodl-tmp/datasets/derived/construction_ppe3_canonical_v1_20260804_172437/labels/all/test__image70.txt,1,1,1,False,00c293fbed8d5900,hardlink,hardlink
reviewed_group_0002,test,80,/root/autodl-tmp/datasets/sources/construction-ppe_ultralytics_2025_v1/images/train/image100.jpg,/root/autodl-tmp/datasets/derived/construction_ppe3_canonical_v1_20260804_172437/images/all/train__image100.jpg,/root/autodl-tmp/datasets/derived/construction_ppe3_canonical_v1_20260804_172437/labels/all/train__image100.txt,4,4,0,False,00acbcdedeee6e10,hardlink,hardlink
reviewed_group_0002,test,80,/root/autodl-tmp/datasets/sources/construction-ppe_ultralytics_2025_v1/images/train/image101.jpeg,/root/autodl-tmp/datasets/derived/construction_ppe3_canonical_v1_20260804_172437/images/all/train__image101.jpeg,/root/autodl-tmp/datasets/derived/construction_ppe3_canonical_v1_20260804_172437/labels/all/train__image101.txt,2,0,1,False,00dbca92980ac100,hardlink,hardlink
reviewed_group_0002,test,80,/root/autodl-tmp/datasets/sources/construction-ppe_ultralytics_2025_v1/images/train/image102.jpg,/root/autodl-tmp/datasets/derived/construction_ppe3_canonical_v1_20260804_172437/images/all/train__image102.jpg,/root/autodl-tmp/datasets/derived/construction_ppe3_canonical_v1_20260804_172437/labels/all/train__image102.txt,1,1,1,False,05031316928f0e1e,hardlink,hardlink
reviewed_group_0002,test,80,/root/autodl-tmp/datasets/sources/construction-ppe_ultralytics_2025_v1/images/train/image103.jpeg,/root/autodl-tmp/datasets/derived/construction_ppe3_canonical_v1_20260804_172437/images/all/train__image103.jpeg,/root/autodl-tmp/datasets/derived/construction_ppe3_canonical_v1_20260804_172437/labels/all/train__image103.txt,1,0,1,False,007272e366586a00,hardlink,hardlink
reviewed_group_0002,test,80,/root/autodl-tmp/datasets/sources/construction-ppe_ultralytics_2025_v1/images/train/image104.jpg,/root/autodl-tmp/datasets/derived/construction_ppe3_canonical_v1_20260804_172437/images/all/train__image104.jpg,/root/autodl-tmp/datasets/derived/construction_ppe3_canonical_v1_20260804_172437/labels/all/train__image104.txt,1,1,1,False,1b37174c4d84a666,hardlink,hardlink
reviewed_group_0002,test,80,/root/autodl-tmp/datasets/sources/construction-ppe_ultralytics_2025_v1/images/train/image105.jpg,/root/autodl-tmp/datasets/derived/construction_ppe3_canonical_v1_20260804_172437/images/all/train__image105.jpg,/root/autodl-tmp/datasets/derived/construction_ppe3_canonical_v1_20260804_172437/labels/all/train__image105.txt,1,1,1,False,0b17174e4dc6b627,hardlink,hardlink
reviewed_group_0002,test,80,/root/autodl-tmp/datasets/sources/construction-ppe_ultralytics_2025_v1/images/train/image106.jpg,/root/autodl-tmp/datasets/derived/construction_ppe3_canonical_v1_20260804_172437/images/all/train__image106.jpg,/root/autodl-tmp/datasets/derived/construction_ppe3_canonical_v1_20260804_172437/labels/all/train__image106.txt,1,1,1,False,1b392d0c4dc4b627,hardlink,hardlink
reviewed_group_0002,test,80,/root/autodl-tmp/datasets/sources/construction-ppe_ultralytics_2025_v1/images/train/image107.jpg,/root/autodl-tmp/datasets/derived/construction_ppe3_canonical_v1_20260804_172437/images/all/train__image107.jpg,/root/autodl-tmp/datasets/derived/construction_ppe3_canonical_v1_20260804_172437/labels/all/train__image107.txt,1,0,1,False,d8e93190c5e42c28,hardlink,hardlink
reviewed_group_0002,test,80,/root/autodl-tmp/datasets/sources/construction-ppe_ultralytics_2025_v1/images/train/image108.jpg,/root/autodl-tmp/datasets/derived/construction_ppe3_canonical_v1_20260804_172437/images/all/train__image108.jpg,/root/autodl-tmp/datasets/derived/construction_ppe3_canonical_v1_20260804_172437/labels/all/train__image108.txt,2,1,2,False,b7736c6939323a62,hardlink,hardlink
reviewed_group_0002,test,80,/root/autodl-tmp/datasets/sources/construction-ppe_ultralytics_2025_v1/images/train/image109.jpg,/root/autodl-tmp/datasets/derived/construction_ppe3_canonical_v1_20260804_172437/images/all/train__image109.jpg,/root/autodl-tmp/datasets/derived/construction_ppe3_canonical_v1_20260804_172437/labels/all/train__image109.txt,3,3,3,False,00447657d7567200,hardlink,hardlink
reviewed_group_0002,test,80,/root/autodl-tmp/datasets/sources/construction-ppe_ultralytics_2025_v1/images/train/image111.jpg,/root/autodl-tmp/datasets/derived/construction_ppe3_canonical_v1_20260804_172437/images/all/train__image111.jpg,/root/autodl-tmp/datasets/derived/construction_ppe3_canonical_v1_20260804_172437/labels/all/train__image111.txt,3,3,3,False,118a098a32737362,hardlink,hardlink
reviewed_group_0002,test,80,/root/autodl-tmp/datasets/sources/construction-ppe_ultralytics_2025_v1/images/train/image112.jpeg,/root/autodl-tmp/datasets/derived/construction_ppe3_canonical_v1_20260804_172437/images/all/train__image112.jpeg,/root/autodl-tmp/datasets/derived/construction_ppe3_canonical_v1_20260804_172437/labels/all/train__image112.txt,2,0,2,False,004fe3f3eb657400,hardlink,hardlink
reviewed_group_0002,test,80,/root/autodl-tmp/datasets/sources/construction-ppe_ultralytics_2025_v1/images/train/image113.jpg,/root/autodl-tmp/datasets/derived/construction_ppe3_canonical_v1_20260804_172437/images/all/train__image113.jpg,/root/autodl-tmp/datasets/derived/construction_ppe3_canonical_v1_20260804_172437/labels/all/train__image113.txt,15,0,15,False,c2fc587c92b1fce0,hardlink,hardlink
reviewed_group_0002,test,80,/root/autodl-tmp/datasets/sources/construction-ppe_ultralytics_2025_v1/images/train/image114.jpg,/root/autodl-tmp/datasets/derived/construction_ppe3_canonical_v1_20260804_172437/images/all/train__image114.jpg,/root/autodl-tmp/datasets/derived/construction_ppe3_canonical_v1_20260804_172437/labels/all/train__image114.txt,4,0,5,False,b83233d5e73a9991,hardlink,hardlink
reviewed_group_0002,test,80,/root/autodl-tmp/datasets/sources/construction-ppe_ultralytics_2025_v1/images/train/image118.jpg,/root/autodl-tmp/datasets/derived/construction_ppe3_canonical_v1_20260804_172437/images/all/train__image118.jpg,/root/autodl-tmp/datasets/derived/construction_ppe3_canonical_v1_20260804_172437/labels/all/train__image118.txt,3,0,3,False,9a9024d0f3e3ebd2,hardlink,hardlink
reviewed_group_0002,test,80,/root/autodl-tmp/datasets/sources/construction-ppe_ultralytics_2025_v1/images/train/image119.jpg,/root/autodl-tmp/datasets/derived/construction_ppe3_canonical_v1_20260804_172437/images/all/train__image119.jpg,/root/autodl-tmp/datasets/derived/construction_ppe3_canonical_v1_20260804_172437/labels/all/train__image119.txt,3,3,3,False,c3c0327a52929c5c,hardlink,hardlink
reviewed_group_0002,test,80,/root/autodl-tmp/datasets/sources/construction-ppe_ultralytics_2025_v1/images/val/image115.jpg,/root/autodl-tmp/datasets/derived/construction_ppe3_canonical_v1_20260804_172437/images/all/val__image115.jpg,/root/autodl-tmp/datasets/derived/construction_ppe3_canonical_v1_20260804_172437/labels/all/val__image115.txt,1,1,1,False,ccccccc4c4e4ccd4,hardlink,hardlink
reviewed_group_0002,test,80,/root/autodl-tmp/datasets/sources/construction-ppe_ultralytics_2025_v1/images/val/image117.jpg,/root/autodl-tmp/datasets/derived/construction_ppe3_canonical_v1_20260804_172437/images/all/val__image117.jpg,/root/autodl-tmp/datasets/derived/construction_ppe3_canonical_v1_20260804_172437/labels/all/val__image117.txt,10,10,9,False,00737ce4c3d2f200,hardlink,hardlink
reviewed_group_0002,test,80,/root/autodl-tmp/datasets/sources/construction-ppe_ultralytics_2025_v1/images/test/image110.jpg,/root/autodl-tmp/datasets/derived/construction_ppe3_canonical_v1_20260804_172437/images/all/test__image110.jpg,/root/autodl-tmp/datasets/derived/construction_ppe3_canonical_v1_20260804_172437/labels/all/test__image110.txt,3,2,3,False,0000f0e0e0d80c20,hardlink,hardlink
reviewed_group_0002,test,80,/root/autodl-tmp/datasets/sources/construction-ppe_ultralytics_2025_v1/images/test/image116.jpg,/root/autodl-tmp/datasets/derived/construction_ppe3_canonical_v1_20260804_172437/images/all/test__image116.jpg,/root/autodl-tmp/datasets/derived/construction_ppe3_canonical_v1_20260804_172437/labels/all/test__image116.txt,4,4,4,False,868eb6b6f2caace4,hardlink,hardlink
reviewed_group_0002,test,80,/root/autodl-tmp/datasets/sources/construction-ppe_ultralytics_2025_v1/images/train/image260.jpg,/root/autodl-tmp/datasets/derived/construction_ppe3_canonical_v1_20260804_172437/images/all/train__image260.jpg,/root/autodl-tmp/datasets/derived/construction_ppe3_canonical_v1_20260804_172437/labels/all/train__image260.txt,1,1,1,False,d8ce8b99181c2aac,hardlink,hardlink
reviewed_group_0002,test,80,/root/autodl-tmp/datasets/sources/construction-ppe_ultralytics_2025_v1/images/train/image261.jpg,/root/autodl-tmp/datasets/derived/construction_ppe3_canonical_v1_20260804_172437/images/all/train__image261.jpg,/root/autodl-tmp/datasets/derived/construction_ppe3_canonical_v1_20260804_172437/labels/all/train__image261.txt,1,1,1,False,e88786164e0706c8,hardlink,hardlink
reviewed_group_0002,test,80,/root/autodl-tmp/datasets/sources/construction-ppe_ultralytics_2025_v1/images/train/image262.jpg,/root/autodl-tmp/datasets/derived/construction_ppe3_canonical_v1_20260804_172437/images/all/train__image262.jpg,/root/autodl-tmp/datasets/derived/construction_ppe3_canonical_v1_20260804_172437/labels/all/train__image262.txt,1,1,1,False,c747160e0c0d2522,hardlink,hardlink
reviewed_group_0002,test,80,/root/autodl-tmp/datasets/sources/construction-ppe_ultralytics_2025_v1/images/train/image263.jpg,/root/autodl-tmp/datasets/derived/construction_ppe3_canonical_v1_20260804_172437/images/all/train__image263.jpg,/root/autodl-tmp/datasets/derived/construction_ppe3_canonical_v1_20260804_172437/labels/all/train__image263.txt,1,1,1,False,669e1e1c9a1a1cec,hardlink,hardlink
reviewed_group_0002,test,80,/root/autodl-tmp/datasets/sources/construction-ppe_ultralytics_2025_v1/images/train/image264.jpg,/root/autodl-tmp/datasets/derived/construction_ppe3_canonical_v1_20260804_172437/images/all/train__image264.jpg,/root/autodl-tmp/datasets/derived/construction_ppe3_canonical_v1_20260804_172437/labels/all/train__image264.txt,1,1,1,False,a69793964d8e0ee6,hardlink,hardlink
reviewed_group_0002,test,80,/root/autodl-tmp/datasets/sources/construction-ppe_ultralytics_2025_v1/images/train/image265.jpg,/root/autodl-tmp/datasets/derived/construction_ppe3_canonical_v1_20260804_172437/images/all/train__image265.jpg,/root/autodl-tmp/datasets/derived/construction_ppe3_canonical_v1_20260804_172437/labels/all/train__image265.txt,1,1,1,False,b097131b9e8c2bcc,hardlink,hardlink
reviewed_group_0002,test,80,/root/autodl-tmp/datasets/sources/construction-ppe_ultralytics_2025_v1/images/train/image266.jpg,/root/autodl-tmp/datasets/derived/construction_ppe3_canonical_v1_20260804_172437/images/all/train__image266.jpg,/root/autodl-tmp/datasets/derived/construction_ppe3_canonical_v1_20260804_172437/labels/all/train__image266.txt,1,1,1,False,f096ae6f4d9d97da,hardlink,hardlink
reviewed_group_0002,test,80,/root/autodl-tmp/datasets/sources/construction-ppe_ultralytics_2025_v1/images/train/image267.jpg,/root/autodl-tmp/datasets/derived/construction_ppe3_canonical_v1_20260804_172437/images/all/train__image267.jpg,/root/autodl-tmp/datasets/derived/construction_ppe3_canonical_v1_20260804_172437/labels/all/train__image267.txt,1,1,1,False,080e3b93cf2b4bd8,hardlink,hardlink
reviewed_group_0002,test,80,/root/autodl-tmp/datasets/sources/construction-ppe_ultralytics_2025_v1/images/train/image268.jpg,/root/autodl-tmp/datasets/derived/construction_ppe3_canonical_v1_20260804_172437/images/all/train__image268.jpg,/root/autodl-tmp/datasets/derived/construction_ppe3_canonical_v1_20260804_172437/labels/all/train__image268.txt,1,1,1,False,0b0b0b0a8e0f0e1e,hardlink,hardlink
reviewed_group_0002,test,80,/root/autodl-tmp/datasets/sources/construction-ppe_ultralytics_2025_v1/images/train/image269.jpg,/root/autodl-tmp/datasets/derived/construction_ppe3_canonical_v1_20260804_172437/images/all/train__image269.jpg,/root/autodl-tmp/datasets/derived/construction_ppe3_canonical_v1_20260804_172437/labels/all/train__image269.txt,1,1,1,False,121637268e974fca,hardlink,hardlink
reviewed_group_0002,test,80,/root/autodl-tmp/datasets/sources/construction-ppe_ultralytics_2025_v1/images/train/image272.jpg,/root/autodl-tmp/datasets/derived/construction_ppe3_canonical_v1_20260804_172437/images/all/train__image272.jpg,/root/autodl-tmp/datasets/derived/construction_ppe3_canonical_v1_20260804_172437/labels/all/train__image272.txt,1,1,1,False,2c8f23371c381a94,hardlink,hardlink
reviewed_group_0002,test,80,/root/autodl-tmp/datasets/sources/construction-ppe_ultralytics_2025_v1/images/train/image273.jpg,/root/autodl-tmp/datasets/derived/construction_ppe3_canonical_v1_20260804_172437/images/all/train__image273.jpg,/root/autodl-tmp/datasets/derived/construction_ppe3_canonical_v1_20260804_172437/labels/all/train__image273.txt,1,1,1,False,84961b0b4e8d9eda,hardlink,hardlink
reviewed_group_0002,test,80,/root/autodl-tmp/datasets/sources/construction-ppe_ultralytics_2025_v1/images/train/image274.jpg,/root/autodl-tmp/datasets/derived/construction_ppe3_canonical_v1_20260804_172437/images/all/train__image274.jpg,/root/autodl-tmp/datasets/derived/construction_ppe3_canonical_v1_20260804_172437/labels/all/train__image274.txt,1,1,1,False,ce1e3eb7c7cf8fac,hardlink,hardlink
reviewed_group_0002,test,80,/root/autodl-tmp/datasets/sources/construction-ppe_ultralytics_2025_v1/images/train/image275.jpg,/root/autodl-tmp/datasets/derived/construction_ppe3_canonical_v1_20260804_172437/images/all/train__image275.jpg,/root/autodl-tmp/datasets/derived/construction_ppe3_canonical_v1_20260804_172437/labels/all/train__image275.txt,1,1,1,False,c2a301131c0c9bda,hardlink,hardlink
reviewed_group_0002,test,80,/root/autodl-tmp/datasets/sources/construction-ppe_ultralytics_2025_v1/images/train/image276.jpg,/root/autodl-tmp/datasets/derived/construction_ppe3_canonical_v1_20260804_172437/images/all/train__image276.jpg,/root/autodl-tmp/datasets/derived/construction_ppe3_canonical_v1_20260804_172437/labels/all/train__image276.txt,1,1,1,False,86860f4e4e4dccce,hardlink,hardlink
reviewed_group_0002,test,80,/root/autodl-tmp/datasets/sources/construction-ppe_ultralytics_2025_v1/images/train/image277.jpg,/root/autodl-tmp/datasets/derived/construction_ppe3_canonical_v1_20260804_172437/images/all/train__image277.jpg,/root/autodl-tmp/datasets/derived/construction_ppe3_canonical_v1_20260804_172437/labels/all/train__image277.txt,1,1,1,False,cdcf060d9c9b1a9a,hardlink,hardlink
reviewed_group_0002,test,80,/root/autodl-tmp/datasets/sources/construction-ppe_ultralytics_2025_v1/images/train/image279.jpg,/root/autodl-tmp/datasets/derived/construction_ppe3_canonical_v1_20260804_172437/images/all/train__image279.jpg,/root/autodl-tmp/datasets/derived/construction_ppe3_canonical_v1_20260804_172437/labels/all/train__image279.txt,1,1,1,False,07031716960f0e1e,hardlink,hardlink
reviewed_group_0002,test,80,/root/autodl-tmp/datasets/sources/construction-ppe_ultralytics_2025_v1/images/val/image270.jpg,/root/autodl-tmp/datasets/derived/construction_ppe3_canonical_v1_20260804_172437/images/all/val__image270.jpg,/root/autodl-tmp/datasets/derived/construction_ppe3_canonical_v1_20260804_172437/labels/all/val__image270.txt,1,1,1,False,b697931b4e0c0ec6,hardlink,hardlink
reviewed_group_0002,test,80,/root/autodl-tmp/datasets/sources/construction-ppe_ultralytics_2025_v1/images/val/image278.jpg,/root/autodl-tmp/datasets/derived/construction_ppe3_canonical_v1_20260804_172437/images/all/val__image278.jpg,/root/autodl-tmp/datasets/derived/construction_ppe3_canonical_v1_20260804_172437/labels/all/val__image278.txt,1,1,1,False,26864e0e4e4ccecd,hardlink,hardlink
reviewed_group_0002,test,80,/root/autodl-tmp/datasets/sources/construction-ppe_ultralytics_2025_v1/images/test/image271.jpg,/root/autodl-tmp/datasets/derived/construction_ppe3_canonical_v1_20260804_172437/images/all/test__image271.jpg,/root/autodl-tmp/datasets/derived/construction_ppe3_canonical_v1_20260804_172437/labels/all/test__image271.txt,1,1,1,False,f81e3f3746ceaba5,hardlink,hardlink
reviewed_group_0002,test,80,/root/autodl-tmp/datasets/sources/construction-ppe_ultralytics_2025_v1/images/train/image362.jpg,/root/autodl-tmp/datasets/derived/construction_ppe3_canonical_v1_20260804_172437/images/all/train__image362.jpg,/root/autodl-tmp/datasets/derived/construction_ppe3_canonical_v1_20260804_172437/labels/all/train__image362.txt,1,0,0,False,f8981297cccd8fac,hardlink,hardlink
reviewed_group_0002,test,80,/root/autodl-tmp/datasets/sources/construction-ppe_ultralytics_2025_v1/images/train/image363.jpg,/root/autodl-tmp/datasets/derived/construction_ppe3_canonical_v1_20260804_172437/images/all/train__image363.jpg,/root/autodl-tmp/datasets/derived/construction_ppe3_canonical_v1_20260804_172437/labels/all/train__image363.txt,1,1,1,False,c80ec7ce06a68690,hardlink,hardlink
reviewed_group_0002,test,80,/root/autodl-tmp/datasets/sources/construction-ppe_ultralytics_2025_v1/images/train/image364.jpg,/root/autodl-tmp/datasets/derived/construction_ppe3_canonical_v1_20260804_172437/images/all/train__image364.jpg,/root/autodl-tmp/datasets/derived/construction_ppe3_canonical_v1_20260804_172437/labels/all/train__image364.txt,1,1,1,False,208c9c1c1c9a9ec0,hardlink,hardlink
reviewed_group_0002,test,80,/root/autodl-tmp/datasets/sources/construction-ppe_ultralytics_2025_v1/images/train/image365.jpg,/root/autodl-tmp/datasets/derived/construction_ppe3_canonical_v1_20260804_172437/images/all/train__image365.jpg,/root/autodl-tmp/datasets/derived/construction_ppe3_canonical_v1_20260804_172437/labels/all/train__image365.txt,1,1,1,False,07030726860f0e0e,hardlink,hardlink
reviewed_group_0002,test,80,/root/autodl-tmp/datasets/sources/construction-ppe_ultralytics_2025_v1/images/train/image366.jpg,/root/autodl-tmp/datasets/derived/construction_ppe3_canonical_v1_20260804_172437/images/all/train__image366.jpg,/root/autodl-tmp/datasets/derived/construction_ppe3_canonical_v1_20260804_172437/labels/all/train__image366.txt,1,1,1,False,ec4c0716c6a626dc,hardlink,hardlink
reviewed_group_0002,test,80,/root/autodl-tmp/datasets/sources/construction-ppe_ultralytics_2025_v1/images/train/image367.jpg,/root/autodl-tmp/datasets/derived/construction_ppe3_canonical_v1_20260804_172437/images/all/train__image367.jpg,/root/autodl-tmp/datasets/derived/construction_ppe3_canonical_v1_20260804_172437/labels/all/train__image367.txt,1,1,1,False,ca1e3f2f9b9e9ca8,hardlink,hardlink
reviewed_group_0002,test,80,/root/autodl-tmp/datasets/sources/construction-ppe_ultralytics_2025_v1/images/train/image368.jpg,/root/autodl-tmp/datasets/derived/construction_ppe3_canonical_v1_20260804_172437/images/all/train__image368.jpg,/root/autodl-tmp/datasets/derived/construction_ppe3_canonical_v1_20260804_172437/labels/all/train__image368.txt,1,1,1,False,cc1f2f3818343a6e,hardlink,hardlink
reviewed_group_0002,test,80,/root/autodl-tmp/datasets/sources/construction-ppe_ultralytics_2025_v1/images/train/image369.jpg,/root/autodl-tmp/datasets/derived/construction_ppe3_canonical_v1_20260804_172437/images/all/train__image369.jpg,/root/autodl-tmp/datasets/derived/construction_ppe3_canonical_v1_20260804_172437/labels/all/train__image369.txt,1,1,1,False,c010272f9c9d8cc4,hardlink,hardlink
reviewed_group_0002,test,80,/root/autodl-tmp/datasets/sources/construction-ppe_ultralytics_2025_v1/images/train/image370.jpg,/root/autodl-tmp/datasets/derived/construction_ppe3_canonical_v1_20260804_172437/images/all/train__image370.jpg,/root/autodl-tmp/datasets/derived/construction_ppe3_canonical_v1_20260804_172437/labels/all/train__image370.txt,1,1,1,False,a0fb6303a6464ec8,hardlink,hardlink
reviewed_group_0002,test,80,/root/autodl-tmp/datasets/sources/construction-ppe_ultralytics_2025_v1/images/train/image371.jpg,/root/autodl-tmp/datasets/derived/construction_ppe3_canonical_v1_20260804_172437/images/all/train__image371.jpg,/root/autodl-tmp/datasets/derived/construction_ppe3_canonical_v1_20260804_172437/labels/all/train__image371.txt,1,1,1,False,203b6f9a9d0ca4a6,hardlink,hardlink
reviewed_group_0002,test,80,/root/autodl-tmp/datasets/sources/construction-ppe_ultralytics_2025_v1/images/train/image372.jpg,/root/autodl-tmp/datasets/derived/construction_ppe3_canonical_v1_20260804_172437/images/all/train__image372.jpg,/root/autodl-tmp/datasets/derived/construction_ppe3_canonical_v1_20260804_172437/labels/all/train__image372.txt,1,1,1,False,f0405f3c3a99ccc8,hardlink,hardlink
reviewed_group_0002,test,80,/root/autodl-tmp/datasets/sources/construction-ppe_ultralytics_2025_v1/images/train/image373.jpg,/root/autodl-tmp/datasets/derived/construction_ppe3_canonical_v1_20260804_172437/images/all/train__image373.jpg,/root/autodl-tmp/datasets/derived/construction_ppe3_canonical_v1_20260804_172437/labels/all/train__image373.txt,1,1,1,False,f0102f981da4a4a0,hardlink,hardlink
reviewed_group_0002,test,80,/root/autodl-tmp/datasets/sources/construction-ppe_ultralytics_2025_v1/images/train/image374.jpg,/root/autodl-tmp/datasets/derived/construction_ppe3_canonical_v1_20260804_172437/images/all/train__image374.jpg,/root/autodl-tmp/datasets/derived/construction_ppe3_canonical_v1_20260804_172437/labels/all/train__image374.txt,1,1,1,False,c0810f0e7ce5c5c4,hardlink,hardlink
reviewed_group_0002,test,80,/root/autodl-tmp/datasets/sources/construction-ppe_ultralytics_2025_v1/images/train/image375.jpg,/root/autodl-tmp/datasets/derived/construction_ppe3_canonical_v1_20260804_172437/images/all/train__image375.jpg,/root/autodl-tmp/datasets/derived/construction_ppe3_canonical_v1_20260804_172437/labels/all/train__image375.txt,1,1,1,False,c0000f6eec8693cc,hardlink,hardlink
reviewed_group_0002,test,80,/root/autodl-tmp/datasets/sources/construction-ppe_ultralytics_2025_v1/images/train/image376.jpg,/root/autodl-tmp/datasets/derived/construction_ppe3_canonical_v1_20260804_172437/images/all/train__image376.jpg,/root/autodl-tmp/datasets/derived/construction_ppe3_canonical_v1_20260804_172437/labels/all/train__image376.txt,1,1,1,False,07031716920f0e1e,hardlink,hardlink
reviewed_group_0002,test,80,/root/autodl-tmp/datasets/sources/construction-ppe_ultralytics_2025_v1/images/train/image377.jpg,/root/autodl-tmp/datasets/derived/construction_ppe3_canonical_v1_20260804_172437/images/all/train__image377.jpg,/root/autodl-tmp/datasets/derived/construction_ppe3_canonical_v1_20260804_172437/labels/all/train__image377.txt,1,1,1,False,e0fe0f0d48504aea,hardlink,hardlink
reviewed_group_0002,test,80,/root/autodl-tmp/datasets/sources/construction-ppe_ultralytics_2025_v1/images/train/image378.jpg,/root/autodl-tmp/datasets/derived/construction_ppe3_canonical_v1_20260804_172437/images/all/train__image378.jpg,/root/autodl-tmp/datasets/derived/construction_ppe3_canonical_v1_20260804_172437/labels/all/train__image378.txt,1,1,1,False,f00c0f1bc706a6b3,hardlink,hardlink
reviewed_group_0002,test,80,/root/autodl-tmp/datasets/sources/construction-ppe_ultralytics_2025_v1/images/train/image379.jpg,/root/autodl-tmp/datasets/derived/construction_ppe3_canonical_v1_20260804_172437/images/all/train__image379.jpg,/root/autodl-tmp/datasets/derived/construction_ppe3_canonical_v1_20260804_172437/labels/all/train__image379.txt,1,1,1,False,904f0f26949c8c0a,hardlink,hardlink
reviewed_group_0002,test,80,/root/autodl-tmp/datasets/sources/construction-ppe_ultralytics_2025_v1/images/val/image360.jpg,/root/autodl-tmp/datasets/derived/construction_ppe3_canonical_v1_20260804_172437/images/all/val__image360.jpg,/root/autodl-tmp/datasets/derived/construction_ppe3_canonical_v1_20260804_172437/labels/all/val__image360.txt,1,0,0,False,fc6ce77663f383a8,hardlink,hardlink
reviewed_group_0002,test,80,/root/autodl-tmp/datasets/sources/construction-ppe_ultralytics_2025_v1/images/test/image361.jpg,/root/autodl-tmp/datasets/derived/construction_ppe3_canonical_v1_20260804_172437/images/all/test__image361.jpg,/root/autodl-tmp/datasets/derived/construction_ppe3_canonical_v1_20260804_172437/labels/all/test__image361.txt,1,0,0,False,87b3373f991b9f8e,hardlink,hardlink
reviewed_group_0002,test,80,/root/autodl-tmp/datasets/sources/construction-ppe_ultralytics_2025_v1/images/train/image41.jpeg,/root/autodl-tmp/datasets/derived/construction_ppe3_canonical_v1_20260804_172437/images/all/train__image41.jpeg,/root/autodl-tmp/datasets/derived/construction_ppe3_canonical_v1_20260804_172437/labels/all/train__image41.txt,1,0,1,False,00108cb8141c1200,hardlink,hardlink
reviewed_group_0002,test,80,/root/autodl-tmp/datasets/sources/construction-ppe_ultralytics_2025_v1/images/train/image42.jpg,/root/autodl-tmp/datasets/derived/construction_ppe3_canonical_v1_20260804_172437/images/all/train__image42.jpg,/root/autodl-tmp/datasets/derived/construction_ppe3_canonical_v1_20260804_172437/labels/all/train__image42.txt,1,1,1,False,05031712820f0e1e,hardlink,hardlink
reviewed_group_0002,test,80,/root/autodl-tmp/datasets/sources/construction-ppe_ultralytics_2025_v1/images/train/image43.jpeg,/root/autodl-tmp/datasets/derived/construction_ppe3_canonical_v1_20260804_172437/images/all/train__image43.jpeg,/root/autodl-tmp/datasets/derived/construction_ppe3_canonical_v1_20260804_172437/labels/all/train__image43.txt,1,1,2,False,006268280b4c0800,hardlink,hardlink
reviewed_group_0002,test,80,/root/autodl-tmp/datasets/sources/construction-ppe_ultralytics_2025_v1/images/train/image44.jpeg,/root/autodl-tmp/datasets/derived/construction_ppe3_canonical_v1_20260804_172437/images/all/train__image44.jpeg,/root/autodl-tmp/datasets/derived/construction_ppe3_canonical_v1_20260804_172437/labels/all/train__image44.txt,4,1,4,False,e4d8c4ece4e4eae8,hardlink,hardlink
reviewed_group_0002,test,80,/root/autodl-tmp/datasets/sources/construction-ppe_ultralytics_2025_v1/images/train/image45.jpg,/root/autodl-tmp/datasets/derived/construction_ppe3_canonical_v1_20260804_172437/images/all/train__image45.jpg,/root/autodl-tmp/datasets/derived/construction_ppe3_canonical_v1_20260804_172437/labels/all/train__image45.txt,1,1,1,False,05030b088807060e,hardlink,hardlink
reviewed_group_0002,test,80,/root/autodl-tmp/datasets/sources/construction-ppe_ultralytics_2025_v1/images/train/image47.jpg,/root/autodl-tmp/datasets/derived/construction_ppe3_canonical_v1_20260804_172437/images/all/train__image47.jpg,/root/autodl-tmp/datasets/derived/construction_ppe3_canonical_v1_20260804_172437/labels/all/train__image47.txt,1,1,1,False,05030b1a88070e0e,hardlink,hardlink
reviewed_group_0002,test,80,/root/autodl-tmp/datasets/sources/construction-ppe_ultralytics_2025_v1/images/train/image48.jpeg,/root/autodl-tmp/datasets/derived/construction_ppe3_canonical_v1_20260804_172437/images/all/train__image48.jpeg,/root/autodl-tmp/datasets/derived/construction_ppe3_canonical_v1_20260804_172437/labels/all/train__image48.txt,1,1,1,False,0036d4ef8c247100,hardlink,hardlink
reviewed_group_0002,test,80,/root/autodl-tmp/datasets/sources/construction-ppe_ultralytics_2025_v1/images/train/image49.jpg,/root/autodl-tmp/datasets/derived/construction_ppe3_canonical_v1_20260804_172437/images/all/train__image49.jpg,/root/autodl-tmp/datasets/derived/construction_ppe3_canonical_v1_20260804_172437/labels/all/train__image49.txt,1,1,1,False,05030d4c8c060616,hardlink,hardlink
reviewed_group_0002,test,80,/root/autodl-tmp/datasets/sources/construction-ppe_ultralytics_2025_v1/images/train/image50.jpeg,/root/autodl-tmp/datasets/derived/construction_ppe3_canonical_v1_20260804_172437/images/all/train__image50.jpeg,/root/autodl-tmp/datasets/derived/construction_ppe3_canonical_v1_20260804_172437/labels/all/train__image50.txt,2,2,2,False,00c1e686a7a31700,hardlink,hardlink
reviewed_group_0002,test,80,/root/autodl-tmp/datasets/sources/construction-ppe_ultralytics_2025_v1/images/train/image51.jpeg,/root/autodl-tmp/datasets/derived/construction_ppe3_canonical_v1_20260804_172437/images/all/train__image51.jpeg,/root/autodl-tmp/datasets/derived/construction_ppe3_canonical_v1_20260804_172437/labels/all/train__image51.txt,1,1,1,False,0034e9955fbb9a00,hardlink,hardlink
reviewed_group_0002,test,80,/root/autodl-tmp/datasets/sources/construction-ppe_ultralytics_2025_v1/images/train/image52.jpg,/root/autodl-tmp/datasets/derived/construction_ppe3_canonical_v1_20260804_172437/images/all/train__image52.jpg,/root/autodl-tmp/datasets/derived/construction_ppe3_canonical_v1_20260804_172437/labels/all/train__image52.txt,1,1,1,False,05030b0a8a070e1e,hardlink,hardlink
reviewed_group_0002,test,80,/root/autodl-tmp/datasets/sources/construction-ppe_ultralytics_2025_v1/images/train/image53.jpeg,/root/autodl-tmp/datasets/derived/construction_ppe3_canonical_v1_20260804_172437/images/all/train__image53.jpeg,/root/autodl-tmp/datasets/derived/construction_ppe3_canonical_v1_20260804_172437/labels/all/train__image53.txt,1,1,1,False,003163cd3e1b8500,hardlink,hardlink
reviewed_group_0002,test,80,/root/autodl-tmp/datasets/sources/construction-ppe_ultralytics_2025_v1/images/train/image54.jpg,/root/autodl-tmp/datasets/derived/construction_ppe3_canonical_v1_20260804_172437/images/all/train__image54.jpg,/root/autodl-tmp/datasets/derived/construction_ppe3_canonical_v1_20260804_172437/labels/all/train__image54.txt,1,1,1,False,07031316860f0e1e,hardlink,hardlink
reviewed_group_0002,test,80,/root/autodl-tmp/datasets/sources/construction-ppe_ultralytics_2025_v1/images/train/image55.jpeg,/root/autodl-tmp/datasets/derived/construction_ppe3_canonical_v1_20260804_172437/images/all/train__image55.jpeg,/root/autodl-tmp/datasets/derived/construction_ppe3_canonical_v1_20260804_172437/labels/all/train__image55.txt,3,0,4,False,00313a3a1a5c6700,hardlink,hardlink
reviewed_group_0002,test,80,/root/autodl-tmp/datasets/sources/construction-ppe_ultralytics_2025_v1/images/train/image56.jpg,/root/autodl-tmp/datasets/derived/construction_ppe3_canonical_v1_20260804_172437/images/all/train__image56.jpg,/root/autodl-tmp/datasets/derived/construction_ppe3_canonical_v1_20260804_172437/labels/all/train__image56.txt,1,1,1,False,07031316860f0e1e,hardlink,hardlink
reviewed_group_0002,test,80,/root/autodl-tmp/datasets/sources/construction-ppe_ultralytics_2025_v1/images/train/image57.jpeg,/root/autodl-tmp/datasets/derived/construction_ppe3_canonical_v1_20260804_172437/images/all/train__image57.jpeg,/root/autodl-tmp/datasets/derived/construction_ppe3_canonical_v1_20260804_172437/labels/all/train__image57.txt,0,0,0,True,00e822ee98929200,hardlink,hardlink
reviewed_group_0002,test,80,/root/autodl-tmp/datasets/sources/construction-ppe_ultralytics_2025_v1/images/train/image59.jpg,/root/autodl-tmp/datasets/derived/construction_ppe3_canonical_v1_20260804_172437/images/all/train__image59.jpg,/root/autodl-tmp/datasets/derived/construction_ppe3_canonical_v1_20260804_172437/labels/all/train__image59.txt,1,1,1,False,070313168e0f0e16,hardlink,hardlink
reviewed_group_0002,test,80,/root/autodl-tmp/datasets/sources/construction-ppe_ultralytics_2025_v1/images/val/image46.jpeg,/root/autodl-tmp/datasets/derived/construction_ppe3_canonical_v1_20260804_172437/images/all/val__image46.jpeg,/root/autodl-tmp/datasets/derived/construction_ppe3_canonical_v1_20260804_172437/labels/all/val__image46.txt,1,1,0,False,0024009531619000,hardlink,hardlink
reviewed_group_0002,test,80,/root/autodl-tmp/datasets/sources/construction-ppe_ultralytics_2025_v1/images/test/image40.jpg,/root/autodl-tmp/datasets/derived/construction_ppe3_canonical_v1_20260804_172437/images/all/test__image40.jpg,/root/autodl-tmp/datasets/derived/construction_ppe3_canonical_v1_20260804_172437/labels/all/test__image40.txt,1,1,1,False,05031716920f0e1e,hardlink,hardlink
reviewed_group_0002,test,80,/root/autodl-tmp/datasets/sources/construction-ppe_ultralytics_2025_v1/images/test/image58.jpeg,/root/autodl-tmp/datasets/derived/construction_ppe3_canonical_v1_20260804_172437/images/all/test__image58.jpeg,/root/autodl-tmp/datasets/derived/construction_ppe3_canonical_v1_20260804_172437/labels/all/test__image58.txt,1,1,0,False,c4dcccf0f8c4c0d0,hardlink,hardlink
reviewed_group_0003,val,20,/root/autodl-tmp/datasets/sources/construction-ppe_ultralytics_2025_v1/images/train/image1000.jpeg,/root/autodl-tmp/datasets/derived/construction_ppe3_canonical_v1_20260804_172437/images/all/train__image1000.jpeg,/root/autodl-tmp/datasets/derived/construction_ppe3_canonical_v1_20260804_172437/labels/all/train__image1000.txt,1,1,0,False,00c649ccc4454600,hardlink,hardlink
reviewed_group_0003,val,20,/root/autodl-tmp/datasets/sources/construction-ppe_ultralytics_2025_v1/images/train/image1001.jpg,/root/autodl-tmp/datasets/derived/construction_ppe3_canonical_v1_20260804_172437/images/all/train__image1001.jpg,/root/autodl-tmp/datasets/derived/construction_ppe3_canonical_v1_20260804_172437/labels/all/train__image1001.txt,1,1,1,False,2d0e9e9d8c1e990c,hardlink,hardlink
reviewed_group_0003,val,20,/root/autodl-tmp/datasets/sources/construction-ppe_ultralytics_2025_v1/images/train/image1002.jpg,/root/autodl-tmp/datasets/derived/construction_ppe3_canonical_v1_20260804_172437/images/all/train__image1002.jpg,/root/autodl-tmp/datasets/derived/construction_ppe3_canonical_v1_20260804_172437/labels/all/train__image1002.txt,1,1,1,False,989a9b989f899492,hardlink,hardlink
reviewed_group_0003,val,20,/root/autodl-tmp/datasets/sources/construction-ppe_ultralytics_2025_v1/images/train/image1004.jpg,/root/autodl-tmp/datasets/derived/construction_ppe3_canonical_v1_20260804_172437/images/all/train__image1004.jpg,/root/autodl-tmp/datasets/derived/construction_ppe3_canonical_v1_20260804_172437/labels/all/train__image1004.txt,1,1,1,False,9c9a8b98de8d9492,hardlink,hardlink
reviewed_group_0003,val,20,/root/autodl-tmp/datasets/sources/construction-ppe_ultralytics_2025_v1/images/train/image1005.jpeg,/root/autodl-tmp/datasets/derived/construction_ppe3_canonical_v1_20260804_172437/images/all/train__image1005.jpeg,/root/autodl-tmp/datasets/derived/construction_ppe3_canonical_v1_20260804_172437/labels/all/train__image1005.txt,2,0,2,False,d4d0a4acaceaf898,hardlink,hardlink
reviewed_group_0003,val,20,/root/autodl-tmp/datasets/sources/construction-ppe_ultralytics_2025_v1/images/train/image1006.jpg,/root/autodl-tmp/datasets/derived/construction_ppe3_canonical_v1_20260804_172437/images/all/train__image1006.jpg,/root/autodl-tmp/datasets/derived/construction_ppe3_canonical_v1_20260804_172437/labels/all/train__image1006.txt,1,1,1,False,d0e8c830304c4d0c,hardlink,hardlink
reviewed_group_0003,val,20,/root/autodl-tmp/datasets/sources/construction-ppe_ultralytics_2025_v1/images/train/image1008.jpeg,/root/autodl-tmp/datasets/derived/construction_ppe3_canonical_v1_20260804_172437/images/all/train__image1008.jpeg,/root/autodl-tmp/datasets/derived/construction_ppe3_canonical_v1_20260804_172437/labels/all/train__image1008.txt,1,1,1,False,ccdcccccd6d6cccc,hardlink,hardlink
reviewed_group_0003,val,20,/root/autodl-tmp/datasets/sources/construction-ppe_ultralytics_2025_v1/images/train/image1011.jpg,/root/autodl-tmp/datasets/derived/construction_ppe3_canonical_v1_20260804_172437/images/all/train__image1011.jpg,/root/autodl-tmp/datasets/derived/construction_ppe3_canonical_v1_20260804_172437/labels/all/train__image1011.txt,1,1,1,False,8c8cc78e4c8d8492,hardlink,hardlink
reviewed_group_0003,val,20,/root/autodl-tmp/datasets/sources/construction-ppe_ultralytics_2025_v1/images/train/image1012.jpg,/root/autodl-tmp/datasets/derived/construction_ppe3_canonical_v1_20260804_172437/images/all/train__image1012.jpg,/root/autodl-tmp/datasets/derived/construction_ppe3_canonical_v1_20260804_172437/labels/all/train__image1012.txt,1,1,1,False,181cd74ecd8f8482,hardlink,hardlink
reviewed_group_0003,val,20,/root/autodl-tmp/datasets/sources/construction-ppe_ultralytics_2025_v1/images/train/image1013.jpg,/root/autodl-tmp/datasets/derived/construction_ppe3_canonical_v1_20260804_172437/images/all/train__image1013.jpg,/root/autodl-tmp/datasets/derived/construction_ppe3_canonical_v1_20260804_172437/labels/all/train__image1013.txt,1,1,1,False,103c974fcd87848a,hardlink,hardlink
reviewed_group_0003,val,20,/root/autodl-tmp/datasets/sources/construction-ppe_ultralytics_2025_v1/images/train/image1015.jpg,/root/autodl-tmp/datasets/derived/construction_ppe3_canonical_v1_20260804_172437/images/all/train__image1015.jpg,/root/autodl-tmp/datasets/derived/construction_ppe3_canonical_v1_20260804_172437/labels/all/train__image1015.txt,1,1,1,False,c4cc1e9f8c8e0c06,hardlink,hardlink
reviewed_group_0003,val,20,/root/autodl-tmp/datasets/sources/construction-ppe_ultralytics_2025_v1/images/train/image1016.jpeg,/root/autodl-tmp/datasets/derived/construction_ppe3_canonical_v1_20260804_172437/images/all/train__image1016.jpeg,/root/autodl-tmp/datasets/derived/construction_ppe3_canonical_v1_20260804_172437/labels/all/train__image1016.txt,2,2,1,False,f0f0d4c4c4f0f0e0,hardlink,hardlink
reviewed_group_0003,val,20,/root/autodl-tmp/datasets/sources/construction-ppe_ultralytics_2025_v1/images/train/image1017.jpg,/root/autodl-tmp/datasets/derived/construction_ppe3_canonical_v1_20260804_172437/images/all/train__image1017.jpg,/root/autodl-tmp/datasets/derived/construction_ppe3_canonical_v1_20260804_172437/labels/all/train__image1017.txt,1,1,1,False,84cc9e9e9c9a0c26,hardlink,hardlink
reviewed_group_0003,val,20,/root/autodl-tmp/datasets/sources/construction-ppe_ultralytics_2025_v1/images/train/image1018.jpg,/root/autodl-tmp/datasets/derived/construction_ppe3_canonical_v1_20260804_172437/images/all/train__image1018.jpg,/root/autodl-tmp/datasets/derived/construction_ppe3_canonical_v1_20260804_172437/labels/all/train__image1018.txt,1,1,1,False,81cd9e9c4c5a4c26,hardlink,hardlink
reviewed_group_0003,val,20,/root/autodl-tmp/datasets/sources/construction-ppe_ultralytics_2025_v1/images/val/image1010.jpg,/root/autodl-tmp/datasets/derived/construction_ppe3_canonical_v1_20260804_172437/images/all/val__image1010.jpg,/root/autodl-tmp/datasets/derived/construction_ppe3_canonical_v1_20260804_172437/labels/all/val__image1010.txt,1,1,1,False,8c8cc78e4c8d8492,hardlink,hardlink
reviewed_group_0003,val,20,/root/autodl-tmp/datasets/sources/construction-ppe_ultralytics_2025_v1/images/test/image1003.jpg,/root/autodl-tmp/datasets/derived/construction_ppe3_canonical_v1_20260804_172437/images/all/test__image1003.jpg,/root/autodl-tmp/datasets/derived/construction_ppe3_canonical_v1_20260804_172437/labels/all/test__image1003.txt,1,1,1,False,9c9a9b9a9f899492,hardlink,hardlink
reviewed_group_0003,val,20,/root/autodl-tmp/datasets/sources/construction-ppe_ultralytics_2025_v1/images/test/image1007.jpg,/root/autodl-tmp/datasets/derived/construction_ppe3_canonical_v1_20260804_172437/images/all/test__image1007.jpg,/root/autodl-tmp/datasets/derived/construction_ppe3_canonical_v1_20260804_172437/labels/all/test__image1007.txt,1,1,1,False,8c8ecbcc4e8d8492,hardlink,hardlink
reviewed_group_0003,val,20,/root/autodl-tmp/datasets/sources/construction-ppe_ultralytics_2025_v1/images/test/image1009.jpg,/root/autodl-tmp/datasets/derived/construction_ppe3_canonical_v1_20260804_172437/images/all/test__image1009.jpg,/root/autodl-tmp/datasets/derived/construction_ppe3_canonical_v1_20260804_172437/labels/all/test__image1009.txt,1,1,1,False,090b0b0a8e87061e,hardlink,hardlink
reviewed_group_0003,val,20,/root/autodl-tmp/datasets/sources/construction-ppe_ultralytics_2025_v1/images/test/image1014.jpg,/root/autodl-tmp/datasets/derived/construction_ppe3_canonical_v1_20260804_172437/images/all/test__image1014.jpg,/root/autodl-tmp/datasets/derived/construction_ppe3_canonical_v1_20260804_172437/labels/all/test__image1014.txt,1,1,1,False,62681d9ecc4d0486,hardlink,hardlink
reviewed_group_0003,val,20,/root/autodl-tmp/datasets/sources/construction-ppe_ultralytics_2025_v1/images/test/image1019.jpg,/root/autodl-tmp/datasets/derived/construction_ppe3_canonical_v1_20260804_172437/images/all/test__image1019.jpg,/root/autodl-tmp/datasets/derived/construction_ppe3_canonical_v1_20260804_172437/labels/all/test__image1019.txt,1,1,1,False,89c99c9e4d1a5826,hardlink,hardlink
reviewed_group_0004,val,20,/root/autodl-tmp/datasets/sources/construction-ppe_ultralytics_2025_v1/images/train/image1040.jpg,/root/autodl-tmp/datasets/derived/construction_ppe3_canonical_v1_20260804_172437/images/all/train__image1040.jpg,/root/autodl-tmp/datasets/derived/construction_ppe3_canonical_v1_20260804_172437/labels/all/train__image1040.txt,1,1,1,False,0d8f87cf4f468622,hardlink,hardlink
reviewed_group_0004,val,20,/root/autodl-tmp/datasets/sources/construction-ppe_ultralytics_2025_v1/images/train/image1041.jpg,/root/autodl-tmp/datasets/derived/construction_ppe3_canonical_v1_20260804_172437/images/all/train__image1041.jpg,/root/autodl-tmp/datasets/derived/construction_ppe3_canonical_v1_20260804_172437/labels/all/train__image1041.txt,1,1,1,False,048d87cf860682b2,hardlink,hardlink
reviewed_group_0004,val,20,/root/autodl-tmp/datasets/sources/construction-ppe_ultralytics_2025_v1/images/train/image1042.jpg,/root/autodl-tmp/datasets/derived/construction_ppe3_canonical_v1_20260804_172437/images/all/train__image1042.jpg,/root/autodl-tmp/datasets/derived/construction_ppe3_canonical_v1_20260804_172437/labels/all/train__image1042.txt,1,1,1,False,048d87cf860682b2,hardlink,hardlink
reviewed_group_0004,val,20,/root/autodl-tmp/datasets/sources/construction-ppe_ultralytics_2025_v1/images/train/image1043.jpg,/root/autodl-tmp/datasets/derived/construction_ppe3_canonical_v1_20260804_172437/images/all/train__image1043.jpg,/root/autodl-tmp/datasets/derived/construction_ppe3_canonical_v1_20260804_172437/labels/all/train__image1043.txt,1,1,1,False,0d9f9bc70b4b8ab2,hardlink,hardlink
reviewed_group_0004,val,20,/root/autodl-tmp/datasets/sources/construction-ppe_ultralytics_2025_v1/images/train/image1044.jpg,/root/autodl-tmp/datasets/derived/construction_ppe3_canonical_v1_20260804_172437/images/all/train__image1044.jpg,/root/autodl-tmp/datasets/derived/construction_ppe3_canonical_v1_20260804_172437/labels/all/train__image1044.txt,1,1,1,False,0f9b89a7234b82b2,hardlink,hardlink
reviewed_group_0004,val,20,/root/autodl-tmp/datasets/sources/construction-ppe_ultralytics_2025_v1/images/train/image1045.jpg,/root/autodl-tmp/datasets/derived/construction_ppe3_canonical_v1_20260804_172437/images/all/train__image1045.jpg,/root/autodl-tmp/datasets/derived/construction_ppe3_canonical_v1_20260804_172437/labels/all/train__image1045.txt,1,1,1,False,0f8b8da7274b82b2,hardlink,hardlink
reviewed_group_0004,val,20,/root/autodl-tmp/datasets/sources/construction-ppe_ultralytics_2025_v1/images/train/image1047.jpg,/root/autodl-tmp/datasets/derived/construction_ppe3_canonical_v1_20260804_172437/images/all/train__image1047.jpg,/root/autodl-tmp/datasets/derived/construction_ppe3_canonical_v1_20260804_172437/labels/all/train__image1047.txt,1,1,1,False,0d1d36164f4d9626,hardlink,hardlink
reviewed_group_0004,val,20,/root/autodl-tmp/datasets/sources/construction-ppe_ultralytics_2025_v1/images/train/image1048.jpg,/root/autodl-tmp/datasets/derived/construction_ppe3_canonical_v1_20260804_172437/images/all/train__image1048.jpg,/root/autodl-tmp/datasets/derived/construction_ppe3_canonical_v1_20260804_172437/labels/all/train__image1048.txt,1,1,1,False,4d1d36164f4d9626,hardlink,hardlink
reviewed_group_0004,val,20,/root/autodl-tmp/datasets/sources/construction-ppe_ultralytics_2025_v1/images/train/image1050.jpg,/root/autodl-tmp/datasets/derived/construction_ppe3_canonical_v1_20260804_172437/images/all/train__image1050.jpg,/root/autodl-tmp/datasets/derived/construction_ppe3_canonical_v1_20260804_172437/labels/all/train__image1050.txt,1,1,1,False,4d1d16164f4d96a6,hardlink,hardlink
reviewed_group_0004,val,20,/root/autodl-tmp/datasets/sources/construction-ppe_ultralytics_2025_v1/images/train/image1051.jpeg,/root/autodl-tmp/datasets/derived/construction_ppe3_canonical_v1_20260804_172437/images/all/train__image1051.jpeg,/root/autodl-tmp/datasets/derived/construction_ppe3_canonical_v1_20260804_172437/labels/all/train__image1051.txt,10,10,9,False,1171705846467614,hardlink,hardlink
reviewed_group_0004,val,20,/root/autodl-tmp/datasets/sources/construction-ppe_ultralytics_2025_v1/images/train/image1052.jpg,/root/autodl-tmp/datasets/derived/construction_ppe3_canonical_v1_20260804_172437/images/all/train__image1052.jpg,/root/autodl-tmp/datasets/derived/construction_ppe3_canonical_v1_20260804_172437/labels/all/train__image1052.txt,1,1,1,False,0f1937164f4d96a6,hardlink,hardlink
reviewed_group_0004,val,20,/root/autodl-tmp/datasets/sources/construction-ppe_ultralytics_2025_v1/images/train/image1053.jpg,/root/autodl-tmp/datasets/derived/construction_ppe3_canonical_v1_20260804_172437/images/all/train__image1053.jpg,/root/autodl-tmp/datasets/derived/construction_ppe3_canonical_v1_20260804_172437/labels/all/train__image1053.txt,1,1,1,False,9b1b37170f4d96a6,hardlink,hardlink
reviewed_group_0004,val,20,/root/autodl-tmp/datasets/sources/construction-ppe_ultralytics_2025_v1/images/train/image1054.jpg,/root/autodl-tmp/datasets/derived/construction_ppe3_canonical_v1_20260804_172437/images/all/train__image1054.jpg,/root/autodl-tmp/datasets/derived/construction_ppe3_canonical_v1_20260804_172437/labels/all/train__image1054.txt,1,1,1,False,9b3b25970f4d96b6,hardlink,hardlink
reviewed_group_0004,val,20,/root/autodl-tmp/datasets/sources/construction-ppe_ultralytics_2025_v1/images/train/image1056.jpg,/root/autodl-tmp/datasets/derived/construction_ppe3_canonical_v1_20260804_172437/images/all/train__image1056.jpg,/root/autodl-tmp/datasets/derived/construction_ppe3_canonical_v1_20260804_172437/labels/all/train__image1056.txt,1,1,1,False,3e6f66259d9f9cb6,hardlink,hardlink
reviewed_group_0004,val,20,/root/autodl-tmp/datasets/sources/construction-ppe_ultralytics_2025_v1/images/train/image1058.jpg,/root/autodl-tmp/datasets/derived/construction_ppe3_canonical_v1_20260804_172437/images/all/train__image1058.jpg,/root/autodl-tmp/datasets/derived/construction_ppe3_canonical_v1_20260804_172437/labels/all/train__image1058.txt,1,1,1,False,6ccf96268d9f9cb6,hardlink,hardlink
reviewed_group_0004,val,20,/root/autodl-tmp/datasets/sources/construction-ppe_ultralytics_2025_v1/images/train/image1059.jpg,/root/autodl-tmp/datasets/derived/construction_ppe3_canonical_v1_20260804_172437/images/all/train__image1059.jpg,/root/autodl-tmp/datasets/derived/construction_ppe3_canonical_v1_20260804_172437/labels/all/train__image1059.txt,1,1,1,False,6ccf96368d8f9cb2,hardlink,hardlink
reviewed_group_0004,val,20,/root/autodl-tmp/datasets/sources/construction-ppe_ultralytics_2025_v1/images/val/image1046.jpeg,/root/autodl-tmp/datasets/derived/construction_ppe3_canonical_v1_20260804_172437/images/all/val__image1046.jpeg,/root/autodl-tmp/datasets/derived/construction_ppe3_canonical_v1_20260804_172437/labels/all/val__image1046.txt,1,1,1,False,00939b9b87a76c00,hardlink,hardlink
reviewed_group_0004,val,20,/root/autodl-tmp/datasets/sources/construction-ppe_ultralytics_2025_v1/images/val/image1049.jpg,/root/autodl-tmp/datasets/derived/construction_ppe3_canonical_v1_20260804_172437/images/all/val__image1049.jpg,/root/autodl-tmp/datasets/derived/construction_ppe3_canonical_v1_20260804_172437/labels/all/val__image1049.txt,1,1,1,False,4d1d16164f4d86a6,hardlink,hardlink
reviewed_group_0004,val,20,/root/autodl-tmp/datasets/sources/construction-ppe_ultralytics_2025_v1/images/val/image1055.jpg,/root/autodl-tmp/datasets/derived/construction_ppe3_canonical_v1_20260804_172437/images/all/val__image1055.jpg,/root/autodl-tmp/datasets/derived/construction_ppe3_canonical_v1_20260804_172437/labels/all/val__image1055.txt,1,1,1,False,373f67a78d9d94b6,hardlink,hardlink
reviewed_group_0004,val,20,/root/autodl-tmp/datasets/sources/construction-ppe_ultralytics_2025_v1/images/val/image1057.jpg,/root/autodl-tmp/datasets/derived/construction_ppe3_canonical_v1_20260804_172437/images/all/val__image1057.jpg,/root/autodl-tmp/datasets/derived/construction_ppe3_canonical_v1_20260804_172437/labels/all/val__image1057.txt,1,1,1,False,6e4fc6249d9f9cb6,hardlink,hardlink
reviewed_group_0005,train,20,/root/autodl-tmp/datasets/sources/construction-ppe_ultralytics_2025_v1/images/train/image1060.jpeg,/root/autodl-tmp/datasets/derived/construction_ppe3_canonical_v1_20260804_172437/images/all/train__image1060.jpeg,/root/autodl-tmp/datasets/derived/construction_ppe3_canonical_v1_20260804_172437/labels/all/train__image1060.txt,2,2,2,False,0303161212130111,hardlink,hardlink
reviewed_group_0005,train,20,/root/autodl-tmp/datasets/sources/construction-ppe_ultralytics_2025_v1/images/train/image1061.jpg,/root/autodl-tmp/datasets/derived/construction_ppe3_canonical_v1_20260804_172437/images/all/train__image1061.jpg,/root/autodl-tmp/datasets/derived/construction_ppe3_canonical_v1_20260804_172437/labels/all/train__image1061.txt,1,1,1,False,6ccf96368f8d96b2,hardlink,hardlink
reviewed_group_0005,train,20,/root/autodl-tmp/datasets/sources/construction-ppe_ultralytics_2025_v1/images/train/image1062.jpg,/root/autodl-tmp/datasets/derived/construction_ppe3_canonical_v1_20260804_172437/images/all/train__image1062.jpg,/root/autodl-tmp/datasets/derived/construction_ppe3_canonical_v1_20260804_172437/labels/all/train__image1062.txt,1,1,1,False,6ccf96168f8d9692,hardlink,hardlink
reviewed_group_0005,train,20,/root/autodl-tmp/datasets/sources/construction-ppe_ultralytics_2025_v1/images/train/image1063.jpg,/root/autodl-tmp/datasets/derived/construction_ppe3_canonical_v1_20260804_172437/images/all/train__image1063.jpg,/root/autodl-tmp/datasets/derived/construction_ppe3_canonical_v1_20260804_172437/labels/all/train__image1063.txt,1,1,1,False,4ccd9253c746cbc9,hardlink,hardlink
reviewed_group_0005,train,20,/root/autodl-tmp/datasets/sources/construction-ppe_ultralytics_2025_v1/images/train/image1064.jpg,/root/autodl-tmp/datasets/derived/construction_ppe3_canonical_v1_20260804_172437/images/all/train__image1064.jpg,/root/autodl-tmp/datasets/derived/construction_ppe3_canonical_v1_20260804_172437/labels/all/train__image1064.txt,1,1,1,False,a92c16934e8f8fc9,hardlink,hardlink
reviewed_group_0005,train,20,/root/autodl-tmp/datasets/sources/construction-ppe_ultralytics_2025_v1/images/train/image1066.jpg,/root/autodl-tmp/datasets/derived/construction_ppe3_canonical_v1_20260804_172437/images/all/train__image1066.jpg,/root/autodl-tmp/datasets/derived/construction_ppe3_canonical_v1_20260804_172437/labels/all/train__image1066.txt,1,1,1,False,8ecb97974f4f8fcc,hardlink,hardlink
reviewed_group_0005,train,20,/root/autodl-tmp/datasets/sources/construction-ppe_ultralytics_2025_v1/images/train/image1067.jpg,/root/autodl-tmp/datasets/derived/construction_ppe3_canonical_v1_20260804_172437/images/all/train__image1067.jpg,/root/autodl-tmp/datasets/derived/construction_ppe3_canonical_v1_20260804_172437/labels/all/train__image1067.txt,1,1,1,False,8fcfb7974f4d8fcc,hardlink,hardlink
reviewed_group_0005,train,20,/root/autodl-tmp/datasets/sources/construction-ppe_ultralytics_2025_v1/images/train/image1068.jpg,/root/autodl-tmp/datasets/derived/construction_ppe3_canonical_v1_20260804_172437/images/all/train__image1068.jpg,/root/autodl-tmp/datasets/derived/construction_ppe3_canonical_v1_20260804_172437/labels/all/train__image1068.txt,1,1,1,False,0f0fb797cf4d8fcc,hardlink,hardlink
reviewed_group_0005,train,20,/root/autodl-tmp/datasets/sources/construction-ppe_ultralytics_2025_v1/images/train/image1069.jpeg,/root/autodl-tmp/datasets/derived/construction_ppe3_canonical_v1_20260804_172437/images/all/train__image1069.jpeg,/root/autodl-tmp/datasets/derived/construction_ppe3_canonical_v1_20260804_172437/labels/all/train__image1069.txt,1,0,1,False,929288985880a424,hardlink,hardlink
reviewed_group_0005,train,20,/root/autodl-tmp/datasets/sources/construction-ppe_ultralytics_2025_v1/images/train/image1070.jpg,/root/autodl-tmp/datasets/derived/construction_ppe3_canonical_v1_20260804_172437/images/all/train__image1070.jpg,/root/autodl-tmp/datasets/derived/construction_ppe3_canonical_v1_20260804_172437/labels/all/train__image1070.txt,1,1,1,False,0d0e3617cf4d8fcc,hardlink,hardlink
reviewed_group_0005,train,20,/root/autodl-tmp/datasets/sources/construction-ppe_ultralytics_2025_v1/images/train/image1071.jpg,/root/autodl-tmp/datasets/derived/construction_ppe3_canonical_v1_20260804_172437/images/all/train__image1071.jpg,/root/autodl-tmp/datasets/derived/construction_ppe3_canonical_v1_20260804_172437/labels/all/train__image1071.txt,1,1,1,False,0d0e1613c64f8fcf,hardlink,hardlink
reviewed_group_0005,train,20,/root/autodl-tmp/datasets/sources/construction-ppe_ultralytics_2025_v1/images/train/image1073.jpg,/root/autodl-tmp/datasets/derived/construction_ppe3_canonical_v1_20260804_172437/images/all/train__image1073.jpg,/root/autodl-tmp/datasets/derived/construction_ppe3_canonical_v1_20260804_172437/labels/all/train__image1073.txt,1,1,1,False,0c4b97964e4d0fcf,hardlink,hardlink
reviewed_group_0005,train,20,/root/autodl-tmp/datasets/sources/construction-ppe_ultralytics_2025_v1/images/train/image1075.jpg,/root/autodl-tmp/datasets/derived/construction_ppe3_canonical_v1_20260804_172437/images/all/train__image1075.jpg,/root/autodl-tmp/datasets/derived/construction_ppe3_canonical_v1_20260804_172437/labels/all/train__image1075.txt,1,1,1,False,4c8e97174f4d8fcf,hardlink,hardlink
reviewed_group_0005,train,20,/root/autodl-tmp/datasets/sources/construction-ppe_ultralytics_2025_v1/images/train/image1077.jpg,/root/autodl-tmp/datasets/derived/construction_ppe3_canonical_v1_20260804_172437/images/all/train__image1077.jpg,/root/autodl-tmp/datasets/derived/construction_ppe3_canonical_v1_20260804_172437/labels/all/train__image1077.txt,1,1,1,False,090d9f174f4d4fe7,hardlink,hardlink
reviewed_group_0005,train,20,/root/autodl-tmp/datasets/sources/construction-ppe_ultralytics_2025_v1/images/train/image1078.jpeg,/root/autodl-tmp/datasets/derived/construction_ppe3_canonical_v1_20260804_172437/images/all/train__image1078.jpeg,/root/autodl-tmp/datasets/derived/construction_ppe3_canonical_v1_20260804_172437/labels/all/train__image1078.txt,2,2,2,False,ccc8a494f0f4969e,hardlink,hardlink
reviewed_group_0005,train,20,/root/autodl-tmp/datasets/sources/construction-ppe_ultralytics_2025_v1/images/train/image1079.jpg,/root/autodl-tmp/datasets/derived/construction_ppe3_canonical_v1_20260804_172437/images/all/train__image1079.jpg,/root/autodl-tmp/datasets/derived/construction_ppe3_canonical_v1_20260804_172437/labels/all/train__image1079.txt,1,1,1,False,09030b098887060e,hardlink,hardlink
reviewed_group_0005,train,20,/root/autodl-tmp/datasets/sources/construction-ppe_ultralytics_2025_v1/images/val/image1072.jpg,/root/autodl-tmp/datasets/derived/construction_ppe3_canonical_v1_20260804_172437/images/all/val__image1072.jpg,/root/autodl-tmp/datasets/derived/construction_ppe3_canonical_v1_20260804_172437/labels/all/val__image1072.txt,1,1,1,False,0e0b97964e4d4fcf,hardlink,hardlink
reviewed_group_0005,train,20,/root/autodl-tmp/datasets/sources/construction-ppe_ultralytics_2025_v1/images/test/image1065.jpg,/root/autodl-tmp/datasets/derived/construction_ppe3_canonical_v1_20260804_172437/images/all/test__image1065.jpg,/root/autodl-tmp/datasets/derived/construction_ppe3_canonical_v1_20260804_172437/labels/all/test__image1065.txt,1,1,1,False,ce4997964f0f8fc9,hardlink,hardlink
reviewed_group_0005,train,20,/root/autodl-tmp/datasets/sources/construction-ppe_ultralytics_2025_v1/images/test/image1074.jpg,/root/autodl-tmp/datasets/derived/construction_ppe3_canonical_v1_20260804_172437/images/all/test__image1074.jpg,/root/autodl-tmp/datasets/derived/construction_ppe3_canonical_v1_20260804_172437/labels/all/test__image1074.txt,1,1,1,False,4c8e97174e4d8fce,hardlink,hardlink
reviewed_group_0005,train,20,/root/autodl-tmp/datasets/sources/construction-ppe_ultralytics_2025_v1/images/test/image1076.jpg,/root/autodl-tmp/datasets/derived/construction_ppe3_canonical_v1_20260804_172437/images/all/test__image1076.jpg,/root/autodl-tmp/datasets/derived/construction_ppe3_canonical_v1_20260804_172437/labels/all/test__image1076.txt,1,1,1,False,090d17174f4d4fc7,hardlink,hardlink
reviewed_group_0006,train,20,/root/autodl-tmp/datasets/sources/construction-ppe_ultralytics_2025_v1/images/train/image1080.jpg,/root/autodl-tmp/datasets/derived/construction_ppe3_canonical_v1_20260804_172437/images/all/train__image1080.jpg,/root/autodl-tmp/datasets/derived/construction_ppe3_canonical_v1_20260804_172437/labels/all/train__image1080.txt,1,1,1,False,0b0d9f16474d4fef,hardlink,hardlink
reviewed_group_0006,train,20,/root/autodl-tmp/datasets/sources/construction-ppe_ultralytics_2025_v1/images/train/image1081.jpg,/root/autodl-tmp/datasets/derived/construction_ppe3_canonical_v1_20260804_172437/images/all/train__image1081.jpg,/root/autodl-tmp/datasets/derived/construction_ppe3_canonical_v1_20260804_172437/labels/all/train__image1081.txt,1,1,1,False,470f9e17cf4d4f4f,hardlink,hardlink
reviewed_group_0006,train,20,/root/autodl-tmp/datasets/sources/construction-ppe_ultralytics_2025_v1/images/train/image1082.jpg,/root/autodl-tmp/datasets/derived/construction_ppe3_canonical_v1_20260804_172437/images/all/train__image1082.jpg,/root/autodl-tmp/datasets/derived/construction_ppe3_canonical_v1_20260804_172437/labels/all/train__image1082.txt,1,1,1,False,4f0e9e97cf4d4f4f,hardlink,hardlink
reviewed_group_0006,train,20,/root/autodl-tmp/datasets/sources/construction-ppe_ultralytics_2025_v1/images/train/image1084.jpg,/root/autodl-tmp/datasets/derived/construction_ppe3_canonical_v1_20260804_172437/images/all/train__image1084.jpg,/root/autodl-tmp/datasets/derived/construction_ppe3_canonical_v1_20260804_172437/labels/all/train__image1084.txt,1,1,1,False,9fcc9d5f4f4c4fef,hardlink,hardlink
reviewed_group_0006,train,20,/root/autodl-tmp/datasets/sources/construction-ppe_ultralytics_2025_v1/images/train/image1086.jpg,/root/autodl-tmp/datasets/derived/construction_ppe3_canonical_v1_20260804_172437/images/all/train__image1086.jpg,/root/autodl-tmp/datasets/derived/construction_ppe3_canonical_v1_20260804_172437/labels/all/train__image1086.txt,1,1,1,False,1ecc9edf4f4c4def,hardlink,hardlink
reviewed_group_0006,train,20,/root/autodl-tmp/datasets/sources/construction-ppe_ultralytics_2025_v1/images/train/image1087.jpg,/root/autodl-tmp/datasets/derived/construction_ppe3_canonical_v1_20260804_172437/images/all/train__image1087.jpg,/root/autodl-tmp/datasets/derived/construction_ppe3_canonical_v1_20260804_172437/labels/all/train__image1087.txt,1,1,1,False,2e8c9ecf070c4fe7,hardlink,hardlink
reviewed_group_0006,train,20,/root/autodl-tmp/datasets/sources/construction-ppe_ultralytics_2025_v1/images/train/image1090.jpeg,/root/autodl-tmp/datasets/derived/construction_ppe3_canonical_v1_20260804_172437/images/all/train__image1090.jpeg,/root/autodl-tmp/datasets/derived/construction_ppe3_canonical_v1_20260804_172437/labels/all/train__image1090.txt,2,0,2,False,0092f3a7834d5800,hardlink,hardlink
reviewed_group_0006,train,20,/root/autodl-tmp/datasets/sources/construction-ppe_ultralytics_2025_v1/images/train/image1092.jpg,/root/autodl-tmp/datasets/derived/construction_ppe3_canonical_v1_20260804_172437/images/all/train__image1092.jpg,/root/autodl-tmp/datasets/derived/construction_ppe3_canonical_v1_20260804_172437/labels/all/train__image1092.txt,1,1,1,False,cc4d1d9b0f4d4d4f,hardlink,hardlink
reviewed_group_0006,train,20,/root/autodl-tmp/datasets/sources/construction-ppe_ultralytics_2025_v1/images/train/image1093.jpg,/root/autodl-tmp/datasets/derived/construction_ppe3_canonical_v1_20260804_172437/images/all/train__image1093.jpg,/root/autodl-tmp/datasets/derived/construction_ppe3_canonical_v1_20260804_172437/labels/all/train__image1093.txt,1,1,1,False,381c8e4cca4b0f36,hardlink,hardlink
reviewed_group_0006,train,20,/root/autodl-tmp/datasets/sources/construction-ppe_ultralytics_2025_v1/images/train/image1094.jpg,/root/autodl-tmp/datasets/derived/construction_ppe3_canonical_v1_20260804_172437/images/all/train__image1094.jpg,/root/autodl-tmp/datasets/derived/construction_ppe3_canonical_v1_20260804_172437/labels/all/train__image1094.txt,1,1,1,False,382d8e4ccd4d0d32,hardlink,hardlink
reviewed_group_0006,train,20,/root/autodl-tmp/datasets/sources/construction-ppe_ultralytics_2025_v1/images/train/image1095.jpg,/root/autodl-tmp/datasets/derived/construction_ppe3_canonical_v1_20260804_172437/images/all/train__image1095.jpg,/root/autodl-tmp/datasets/derived/construction_ppe3_canonical_v1_20260804_172437/labels/all/train__image1095.txt,1,1,1,False,646d27c64d658d9b,hardlink,hardlink
reviewed_group_0006,train,20,/root/autodl-tmp/datasets/sources/construction-ppe_ultralytics_2025_v1/images/train/image1097.jpg,/root/autodl-tmp/datasets/derived/construction_ppe3_canonical_v1_20260804_172437/images/all/train__image1097.jpg,/root/autodl-tmp/datasets/derived/construction_ppe3_canonical_v1_20260804_172437/labels/all/train__image1097.txt,1,1,1,False,c4cc4606cd6d0d9b,hardlink,hardlink
reviewed_group_0006,train,20,/root/autodl-tmp/datasets/sources/construction-ppe_ultralytics_2025_v1/images/train/image1098.jpg,/root/autodl-tmp/datasets/derived/construction_ppe3_canonical_v1_20260804_172437/images/all/train__image1098.jpg,/root/autodl-tmp/datasets/derived/construction_ppe3_canonical_v1_20260804_172437/labels/all/train__image1098.txt,1,1,1,False,03a6c6068e6707cc,hardlink,hardlink
reviewed_group_0006,train,20,/root/autodl-tmp/datasets/sources/construction-ppe_ultralytics_2025_v1/images/train/image1099.jpg,/root/autodl-tmp/datasets/derived/construction_ppe3_canonical_v1_20260804_172437/images/all/train__image1099.jpg,/root/autodl-tmp/datasets/derived/construction_ppe3_canonical_v1_20260804_172437/labels/all/train__image1099.txt,1,1,1,False,1624c606ce6707cc,hardlink,hardlink
reviewed_group_0006,train,20,/root/autodl-tmp/datasets/sources/construction-ppe_ultralytics_2025_v1/images/val/image1083.jpg,/root/autodl-tmp/datasets/derived/construction_ppe3_canonical_v1_20260804_172437/images/all/val__image1083.jpg,/root/autodl-tmp/datasets/derived/construction_ppe3_canonical_v1_20260804_172437/labels/all/val__image1083.txt,1,1,1,False,8f6d1c1fcf4d4f6f,hardlink,hardlink
reviewed_group_0006,train,20,/root/autodl-tmp/datasets/sources/construction-ppe_ultralytics_2025_v1/images/val/image1085.jpg,/root/autodl-tmp/datasets/derived/construction_ppe3_canonical_v1_20260804_172437/images/all/val__image1085.jpg,/root/autodl-tmp/datasets/derived/construction_ppe3_canonical_v1_20260804_172437/labels/all/val__image1085.txt,1,1,1,False,1ecc1ddf4f4c4fef,hardlink,hardlink
reviewed_group_0006,train,20,/root/autodl-tmp/datasets/sources/construction-ppe_ultralytics_2025_v1/images/val/image1091.jpg,/root/autodl-tmp/datasets/derived/construction_ppe3_canonical_v1_20260804_172437/images/all/val__image1091.jpg,/root/autodl-tmp/datasets/derived/construction_ppe3_canonical_v1_20260804_172437/labels/all/val__image1091.txt,1,1,1,False,4c0c1cdf0f4c4d4f,hardlink,hardlink
reviewed_group_0006,train,20,/root/autodl-tmp/datasets/sources/construction-ppe_ultralytics_2025_v1/images/val/image1096.jpg,/root/autodl-tmp/datasets/derived/construction_ppe3_canonical_v1_20260804_172437/images/all/val__image1096.jpg,/root/autodl-tmp/datasets/derived/construction_ppe3_canonical_v1_20260804_172437/labels/all/val__image1096.txt,1,1,1,False,c6cc46874d6d0d9b,hardlink,hardlink
reviewed_group_0006,train,20,/root/autodl-tmp/datasets/sources/construction-ppe_ultralytics_2025_v1/images/test/image1088.jpg,/root/autodl-tmp/datasets/derived/construction_ppe3_canonical_v1_20260804_172437/images/all/test__image1088.jpg,/root/autodl-tmp/datasets/derived/construction_ppe3_canonical_v1_20260804_172437/labels/all/test__image1088.txt,1,1,1,False,2e8c9ecf070c4f67,hardlink,hardlink
reviewed_group_0006,train,20,/root/autodl-tmp/datasets/sources/construction-ppe_ultralytics_2025_v1/images/test/image1089.jpg,/root/autodl-tmp/datasets/derived/construction_ppe3_canonical_v1_20260804_172437/images/all/test__image1089.jpg,/root/autodl-tmp/datasets/derived/construction_ppe3_canonical_v1_20260804_172437/labels/all/test__image1089.txt,1,1,1,False,4c0c1ccf0f0c4d67,hardlink,hardlink
reviewed_group_0007,train,20,/root/autodl-tmp/datasets/sources/construction-ppe_ultralytics_2025_v1/images/train/image1100.jpeg,/root/autodl-tmp/datasets/derived/construction_ppe3_canonical_v1_20260804_172437/images/all/train__image1100.jpeg,/root/autodl-tmp/datasets/derived/construction_ppe3_canonical_v1_20260804_172437/labels/all/train__image1100.txt,4,3,4,False,f8f8dcd8dcf8e8cc,hardlink,hardlink
reviewed_group_0007,train,20,/root/autodl-tmp/datasets/sources/construction-ppe_ultralytics_2025_v1/images/train/image1101.jpg,/root/autodl-tmp/datasets/derived/construction_ppe3_canonical_v1_20260804_172437/images/all/train__image1101.jpg,/root/autodl-tmp/datasets/derived/construction_ppe3_canonical_v1_20260804_172437/labels/all/train__image1101.txt,1,1,1,False,4c4f87164c670f8d,hardlink,hardlink
reviewed_group_0007,train,20,/root/autodl-tmp/datasets/sources/construction-ppe_ultralytics_2025_v1/images/train/image1102.jpg,/root/autodl-tmp/datasets/derived/construction_ppe3_canonical_v1_20260804_172437/images/all/train__image1102.jpg,/root/autodl-tmp/datasets/derived/construction_ppe3_canonical_v1_20260804_172437/labels/all/train__image1102.txt,1,1,1,False,8e0e4606cc670f8d,hardlink,hardlink
reviewed_group_0007,train,20,/root/autodl-tmp/datasets/sources/construction-ppe_ultralytics_2025_v1/images/train/image1103.jpg,/root/autodl-tmp/datasets/derived/construction_ppe3_canonical_v1_20260804_172437/images/all/train__image1103.jpg,/root/autodl-tmp/datasets/derived/construction_ppe3_canonical_v1_20260804_172437/labels/all/train__image1103.txt,1,1,1,False,84864203ce26478c,hardlink,hardlink
reviewed_group_0007,train,20,/root/autodl-tmp/datasets/sources/construction-ppe_ultralytics_2025_v1/images/train/image1104.jpg,/root/autodl-tmp/datasets/derived/construction_ppe3_canonical_v1_20260804_172437/images/all/train__image1104.jpg,/root/autodl-tmp/datasets/derived/construction_ppe3_canonical_v1_20260804_172437/labels/all/train__image1104.txt,1,1,1,False,21258b0b86a666c6,hardlink,hardlink
reviewed_group_0007,train,20,/root/autodl-tmp/datasets/sources/construction-ppe_ultralytics_2025_v1/images/train/image1105.jpg,/root/autodl-tmp/datasets/derived/construction_ppe3_canonical_v1_20260804_172437/images/all/train__image1105.jpg,/root/autodl-tmp/datasets/derived/construction_ppe3_canonical_v1_20260804_172437/labels/all/train__image1105.txt,1,1,1,False,52430b0b06a646c6,hardlink,hardlink
reviewed_group_0007,train,20,/root/autodl-tmp/datasets/sources/construction-ppe_ultralytics_2025_v1/images/train/image1106.jpg,/root/autodl-tmp/datasets/derived/construction_ppe3_canonical_v1_20260804_172437/images/all/train__image1106.jpg,/root/autodl-tmp/datasets/derived/construction_ppe3_canonical_v1_20260804_172437/labels/all/train__image1106.txt,1,1,1,False,a6960b0b862646c6,hardlink,hardlink
reviewed_group_0007,train,20,/root/autodl-tmp/datasets/sources/construction-ppe_ultralytics_2025_v1/images/train/image1108.jpg,/root/autodl-tmp/datasets/derived/construction_ppe3_canonical_v1_20260804_172437/images/all/train__image1108.jpg,/root/autodl-tmp/datasets/derived/construction_ppe3_canonical_v1_20260804_172437/labels/all/train__image1108.txt,1,1,1,False,d84d03124e0f46c4,hardlink,hardlink
reviewed_group_0007,train,20,/root/autodl-tmp/datasets/sources/construction-ppe_ultralytics_2025_v1/images/train/image1110.jpeg,/root/autodl-tmp/datasets/derived/construction_ppe3_canonical_v1_20260804_172437/images/all/train__image1110.jpeg,/root/autodl-tmp/datasets/derived/construction_ppe3_canonical_v1_20260804_172437/labels/all/train__image1110.txt,2,1,2,False,00d99ed444ccca00,hardlink,hardlink
reviewed_group_0007,train,20,/root/autodl-tmp/datasets/sources/construction-ppe_ultralytics_2025_v1/images/train/image1112.jpg,/root/autodl-tmp/datasets/derived/construction_ppe3_canonical_v1_20260804_172437/images/all/train__image1112.jpg,/root/autodl-tmp/datasets/derived/construction_ppe3_canonical_v1_20260804_172437/labels/all/train__image1112.txt,1,1,1,False,33b74b0b46264666,hardlink,hardlink
reviewed_group_0007,train,20,/root/autodl-tmp/datasets/sources/construction-ppe_ultralytics_2025_v1/images/train/image1113.jpg,/root/autodl-tmp/datasets/derived/construction_ppe3_canonical_v1_20260804_172437/images/all/train__image1113.jpg,/root/autodl-tmp/datasets/derived/construction_ppe3_canonical_v1_20260804_172437/labels/all/train__image1113.txt,1,1,1,False,23274b0b87264766,hardlink,hardlink
reviewed_group_0007,train,20,/root/autodl-tmp/datasets/sources/construction-ppe_ultralytics_2025_v1/images/train/image1115.jpg,/root/autodl-tmp/datasets/derived/construction_ppe3_canonical_v1_20260804_172437/images/all/train__image1115.jpg,/root/autodl-tmp/datasets/derived/construction_ppe3_canonical_v1_20260804_172437/labels/all/train__image1115.txt,1,1,1,False,c6464b0b8726c366,hardlink,hardlink
reviewed_group_0007,train,20,/root/autodl-tmp/datasets/sources/construction-ppe_ultralytics_2025_v1/images/train/image1116.jpg,/root/autodl-tmp/datasets/derived/construction_ppe3_canonical_v1_20260804_172437/images/all/train__image1116.jpg,/root/autodl-tmp/datasets/derived/construction_ppe3_canonical_v1_20260804_172437/labels/all/train__image1116.txt,1,1,1,False,8f869bcb0626c766,hardlink,hardlink
reviewed_group_0007,train,20,/root/autodl-tmp/datasets/sources/construction-ppe_ultralytics_2025_v1/images/train/image1117.jpg,/root/autodl-tmp/datasets/derived/construction_ppe3_canonical_v1_20260804_172437/images/all/train__image1117.jpg,/root/autodl-tmp/datasets/derived/construction_ppe3_canonical_v1_20260804_172437/labels/all/train__image1117.txt,1,0,0,False,bb3336363339bc9b,hardlink,hardlink
reviewed_group_0007,train,20,/root/autodl-tmp/datasets/sources/construction-ppe_ultralytics_2025_v1/images/train/image1118.jpg,/root/autodl-tmp/datasets/derived/construction_ppe3_canonical_v1_20260804_172437/images/all/train__image1118.jpg,/root/autodl-tmp/datasets/derived/construction_ppe3_canonical_v1_20260804_172437/labels/all/train__image1118.txt,2,0,0,False,959419695d5767c9,hardlink,hardlink
reviewed_group_0007,train,20,/root/autodl-tmp/datasets/sources/construction-ppe_ultralytics_2025_v1/images/train/image1119.jpg,/root/autodl-tmp/datasets/derived/construction_ppe3_canonical_v1_20260804_172437/images/all/train__image1119.jpg,/root/autodl-tmp/datasets/derived/construction_ppe3_canonical_v1_20260804_172437/labels/all/train__image1119.txt,1,0,0,False,a558d9f9c3cfc3c0,hardlink,hardlink
reviewed_group_0007,train,20,/root/autodl-tmp/datasets/sources/construction-ppe_ultralytics_2025_v1/images/val/image1107.jpg,/root/autodl-tmp/datasets/derived/construction_ppe3_canonical_v1_20260804_172437/images/all/val__image1107.jpg,/root/autodl-tmp/datasets/derived/construction_ppe3_canonical_v1_20260804_172437/labels/all/val__image1107.txt,1,1,1,False,4c2402424e0646c4,hardlink,hardlink
reviewed_group_0007,train,20,/root/autodl-tmp/datasets/sources/construction-ppe_ultralytics_2025_v1/images/val/image1109.jpg,/root/autodl-tmp/datasets/derived/construction_ppe3_canonical_v1_20260804_172437/images/all/val__image1109.jpg,/root/autodl-tmp/datasets/derived/construction_ppe3_canonical_v1_20260804_172437/labels/all/val__image1109.txt,1,1,1,False,91d543124e0746c4,hardlink,hardlink
reviewed_group_0007,train,20,/root/autodl-tmp/datasets/sources/construction-ppe_ultralytics_2025_v1/images/test/image1111.jpg,/root/autodl-tmp/datasets/derived/construction_ppe3_canonical_v1_20260804_172437/images/all/test__image1111.jpg,/root/autodl-tmp/datasets/derived/construction_ppe3_canonical_v1_20260804_172437/labels/all/test__image1111.txt,1,1,1,False,b3974b0b46264644,hardlink,hardlink
reviewed_group_0007,train,20,/root/autodl-tmp/datasets/sources/construction-ppe_ultralytics_2025_v1/images/test/image1114.jpg,/root/autodl-tmp/datasets/derived/construction_ppe3_canonical_v1_20260804_172437/images/all/test__image1114.jpg,/root/autodl-tmp/datasets/derived/construction_ppe3_canonical_v1_20260804_172437/labels/all/test__image1114.txt,1,1,1,False,66674b0b87264366,hardlink,hardlink
reviewed_group_0008,val,20,/root/autodl-tmp/datasets/sources/construction-ppe_ultralytics_2025_v1/images/train/image1122.jpg,/root/autodl-tmp/datasets/derived/construction_ppe3_canonical_v1_20260804_172437/images/all/train__image1122.jpg,/root/autodl-tmp/datasets/derived/construction_ppe3_canonical_v1_20260804_172437/labels/all/train__image1122.txt,3,0,0,False,f0e5a58383a5e96d,hardlink,hardlink
reviewed_group_0008,val,20,/root/autodl-tmp/datasets/sources/construction-ppe_ultralytics_2025_v1/images/train/image1123.jpg,/root/autodl-tmp/datasets/derived/construction_ppe3_canonical_v1_20260804_172437/images/all/train__image1123.jpg,/root/autodl-tmp/datasets/derived/construction_ppe3_canonical_v1_20260804_172437/labels/all/train__image1123.txt,2,0,0,False,1a1a8adbcbf0b2a6,hardlink,hardlink
reviewed_group_0008,val,20,/root/autodl-tmp/datasets/sources/construction-ppe_ultralytics_2025_v1/images/train/image1124.jpg,/root/autodl-tmp/datasets/derived/construction_ppe3_canonical_v1_20260804_172437/images/all/train__image1124.jpg,/root/autodl-tmp/datasets/derived/construction_ppe3_canonical_v1_20260804_172437/labels/all/train__image1124.txt,5,0,0,False,5fcfeb6d4d4d7453,hardlink,hardlink
reviewed_group_0008,val,20,/root/autodl-tmp/datasets/sources/construction-ppe_ultralytics_2025_v1/images/train/image1126.jpg,/root/autodl-tmp/datasets/derived/construction_ppe3_canonical_v1_20260804_172437/images/all/train__image1126.jpg,/root/autodl-tmp/datasets/derived/construction_ppe3_canonical_v1_20260804_172437/labels/all/train__image1126.txt,4,0,0,False,025ad46527272322,hardlink,hardlink
reviewed_group_0008,val,20,/root/autodl-tmp/datasets/sources/construction-ppe_ultralytics_2025_v1/images/train/image1127.jpg,/root/autodl-tmp/datasets/derived/construction_ppe3_canonical_v1_20260804_172437/images/all/train__image1127.jpg,/root/autodl-tmp/datasets/derived/construction_ppe3_canonical_v1_20260804_172437/labels/all/train__image1127.txt,1,0,0,False,4ec6e616ca481c87,hardlink,hardlink
reviewed_group_0008,val,20,/root/autodl-tmp/datasets/sources/construction-ppe_ultralytics_2025_v1/images/train/image1128.jpg,/root/autodl-tmp/datasets/derived/construction_ppe3_canonical_v1_20260804_172437/images/all/train__image1128.jpg,/root/autodl-tmp/datasets/derived/construction_ppe3_canonical_v1_20260804_172437/labels/all/train__image1128.txt,2,0,0,False,514086745bcb453c,hardlink,hardlink
reviewed_group_0008,val,20,/root/autodl-tmp/datasets/sources/construction-ppe_ultralytics_2025_v1/images/train/image1131.jpg,/root/autodl-tmp/datasets/derived/construction_ppe3_canonical_v1_20260804_172437/images/all/train__image1131.jpg,/root/autodl-tmp/datasets/derived/construction_ppe3_canonical_v1_20260804_172437/labels/all/train__image1131.txt,1,0,0,False,594d8c2b0f169696,hardlink,hardlink
reviewed_group_0008,val,20,/root/autodl-tmp/datasets/sources/construction-ppe_ultralytics_2025_v1/images/train/image1134.jpg,/root/autodl-tmp/datasets/derived/construction_ppe3_canonical_v1_20260804_172437/images/all/train__image1134.jpg,/root/autodl-tmp/datasets/derived/construction_ppe3_canonical_v1_20260804_172437/labels/all/train__image1134.txt,2,0,0,False,a72c383a23eba3b2,hardlink,hardlink
reviewed_group_0008,val,20,/root/autodl-tmp/datasets/sources/construction-ppe_ultralytics_2025_v1/images/train/image1135.jpg,/root/autodl-tmp/datasets/derived/construction_ppe3_canonical_v1_20260804_172437/images/all/train__image1135.jpg,/root/autodl-tmp/datasets/derived/construction_ppe3_canonical_v1_20260804_172437/labels/all/train__image1135.txt,1,0,0,False,191c123068484bcf,hardlink,hardlink
reviewed_group_0008,val,20,/root/autodl-tmp/datasets/sources/construction-ppe_ultralytics_2025_v1/images/train/image1136.jpg,/root/autodl-tmp/datasets/derived/construction_ppe3_canonical_v1_20260804_172437/images/all/train__image1136.jpg,/root/autodl-tmp/datasets/derived/construction_ppe3_canonical_v1_20260804_172437/labels/all/train__image1136.txt,1,0,0,False,1a1c2cae96221292,hardlink,hardlink
reviewed_group_0008,val,20,/root/autodl-tmp/datasets/sources/construction-ppe_ultralytics_2025_v1/images/train/image1138.jpg,/root/autodl-tmp/datasets/derived/construction_ppe3_canonical_v1_20260804_172437/images/all/train__image1138.jpg,/root/autodl-tmp/datasets/derived/construction_ppe3_canonical_v1_20260804_172437/labels/all/train__image1138.txt,4,0,0,False,362c2c9a9a5ad6d2,hardlink,hardlink
reviewed_group_0008,val,20,/root/autodl-tmp/datasets/sources/construction-ppe_ultralytics_2025_v1/images/val/image1121.jpg,/root/autodl-tmp/datasets/derived/construction_ppe3_canonical_v1_20260804_172437/images/all/val__image1121.jpg,/root/autodl-tmp/datasets/derived/construction_ppe3_canonical_v1_20260804_172437/labels/all/val__image1121.txt,9,16,12,False,1eadc7d71919c278,hardlink,hardlink
reviewed_group_0008,val,20,/root/autodl-tmp/datasets/sources/construction-ppe_ultralytics_2025_v1/images/val/image1129.jpg,/root/autodl-tmp/datasets/derived/construction_ppe3_canonical_v1_20260804_172437/images/all/val__image1129.jpg,/root/autodl-tmp/datasets/derived/construction_ppe3_canonical_v1_20260804_172437/labels/all/val__image1129.txt,3,0,0,False,3a36262b2b71e3c3,hardlink,hardlink
reviewed_group_0008,val,20,/root/autodl-tmp/datasets/sources/construction-ppe_ultralytics_2025_v1/images/val/image1130.jpg,/root/autodl-tmp/datasets/derived/construction_ppe3_canonical_v1_20260804_172437/images/all/val__image1130.jpg,/root/autodl-tmp/datasets/derived/construction_ppe3_canonical_v1_20260804_172437/labels/all/val__image1130.txt,1,0,0,False,3316cecd4f4c1c44,hardlink,hardlink
reviewed_group_0008,val,20,/root/autodl-tmp/datasets/sources/construction-ppe_ultralytics_2025_v1/images/val/image1137.jpg,/root/autodl-tmp/datasets/derived/construction_ppe3_canonical_v1_20260804_172437/images/all/val__image1137.jpg,/root/autodl-tmp/datasets/derived/construction_ppe3_canonical_v1_20260804_172437/labels/all/val__image1137.txt,1,0,0,False,86e6a4aceae9e9d0,hardlink,hardlink
reviewed_group_0008,val,20,/root/autodl-tmp/datasets/sources/construction-ppe_ultralytics_2025_v1/images/test/image1120.jpg,/root/autodl-tmp/datasets/derived/construction_ppe3_canonical_v1_20260804_172437/images/all/test__image1120.jpg,/root/autodl-tmp/datasets/derived/construction_ppe3_canonical_v1_20260804_172437/labels/all/test__image1120.txt,1,0,0,False,cf96decf9b323232,hardlink,hardlink
reviewed_group_0008,val,20,/root/autodl-tmp/datasets/sources/construction-ppe_ultralytics_2025_v1/images/test/image1125.jpg,/root/autodl-tmp/datasets/derived/construction_ppe3_canonical_v1_20260804_172437/images/all/test__image1125.jpg,/root/autodl-tmp/datasets/derived/construction_ppe3_canonical_v1_20260804_172437/labels/all/test__image1125.txt,3,0,0,False,4d97272ccc8bc747,hardlink,hardlink
reviewed_group_0008,val,20,/root/autodl-tmp/datasets/sources/construction-ppe_ultralytics_2025_v1/images/test/image1132.jpg,/root/autodl-tmp/datasets/derived/construction_ppe3_canonical_v1_20260804_172437/images/all/test__image1132.jpg,/root/autodl-tmp/datasets/derived/construction_ppe3_canonical_v1_20260804_172437/labels/all/test__image1132.txt,1,0,0,False,8ce4e5a66f06b783,hardlink,hardlink
reviewed_group_0008,val,20,/root/autodl-tmp/datasets/sources/construction-ppe_ultralytics_2025_v1/images/test/image1133.jpg,/root/autodl-tmp/datasets/derived/construction_ppe3_canonical_v1_20260804_172437/images/all/test__image1133.jpg,/root/autodl-tmp/datasets/derived/construction_ppe3_canonical_v1_20260804_172437/labels/all/test__image1133.txt,1,0,0,False,187c4ece96d6d686,hardlink,hardlink
reviewed_group_0008,val,20,/root/autodl-tmp/datasets/sources/construction-ppe_ultralytics_2025_v1/images/test/image1139.jpg,/root/autodl-tmp/datasets/derived/construction_ppe3_canonical_v1_20260804_172437/images/all/test__image1139.jpg,/root/autodl-tmp/datasets/derived/construction_ppe3_canonical_v1_20260804_172437/labels/all/test__image1139.txt,1,0,0,False,e6cecc4e166ad95d,hardlink,hardlink
reviewed_group_0009,val,20,/root/autodl-tmp/datasets/sources/construction-ppe_ultralytics_2025_v1/images/train/image1140.jpg,/root/autodl-tmp/datasets/derived/construction_ppe3_canonical_v1_20260804_172437/images/all/train__image1140.jpg,/root/autodl-tmp/datasets/derived/construction_ppe3_canonical_v1_20260804_172437/labels/all/train__image1140.txt,1,1,0,False,1f8f8393dae663c7,hardlink,hardlink
reviewed_group_0009,val,20,/root/autodl-tmp/datasets/sources/construction-ppe_ultralytics_2025_v1/images/train/image1141.jpg,/root/autodl-tmp/datasets/derived/construction_ppe3_canonical_v1_20260804_172437/images/all/train__image1141.jpg,/root/autodl-tmp/datasets/derived/construction_ppe3_canonical_v1_20260804_172437/labels/all/train__image1141.txt,7,0,0,False,382c2e965ecec450,hardlink,hardlink
reviewed_group_0009,val,20,/root/autodl-tmp/datasets/sources/construction-ppe_ultralytics_2025_v1/images/train/image1142.jpg,/root/autodl-tmp/datasets/derived/construction_ppe3_canonical_v1_20260804_172437/images/all/train__image1142.jpg,/root/autodl-tmp/datasets/derived/construction_ppe3_canonical_v1_20260804_172437/labels/all/train__image1142.txt,1,0,0,False,9991f0d0f48caccc,hardlink,hardlink
reviewed_group_0009,val,20,/root/autodl-tmp/datasets/sources/construction-ppe_ultralytics_2025_v1/images/train/image1143.jpg,/root/autodl-tmp/datasets/derived/construction_ppe3_canonical_v1_20260804_172437/images/all/train__image1143.jpg,/root/autodl-tmp/datasets/derived/construction_ppe3_canonical_v1_20260804_172437/labels/all/train__image1143.txt,1,0,0,False,6d7dcdcc4d0d8b4d,hardlink,hardlink
reviewed_group_0009,val,20,/root/autodl-tmp/datasets/sources/construction-ppe_ultralytics_2025_v1/images/train/image1144.jpg,/root/autodl-tmp/datasets/derived/construction_ppe3_canonical_v1_20260804_172437/images/all/train__image1144.jpg,/root/autodl-tmp/datasets/derived/construction_ppe3_canonical_v1_20260804_172437/labels/all/train__image1144.txt,2,0,0,False,82b1b12e76039336,hardlink,hardlink
reviewed_group_0009,val,20,/root/autodl-tmp/datasets/sources/construction-ppe_ultralytics_2025_v1/images/train/image1147.jpg,/root/autodl-tmp/datasets/derived/construction_ppe3_canonical_v1_20260804_172437/images/all/train__image1147.jpg,/root/autodl-tmp/datasets/derived/construction_ppe3_canonical_v1_20260804_172437/labels/all/train__image1147.txt,1,0,0,False,a7c5e6c6c4c1e121,hardlink,hardlink
reviewed_group_0009,val,20,/root/autodl-tmp/datasets/sources/construction-ppe_ultralytics_2025_v1/images/train/image1148.jpg,/root/autodl-tmp/datasets/derived/construction_ppe3_canonical_v1_20260804_172437/images/all/train__image1148.jpg,/root/autodl-tmp/datasets/derived/construction_ppe3_canonical_v1_20260804_172437/labels/all/train__image1148.txt,5,0,0,False,cc88ce6d298fabb4,hardlink,hardlink
reviewed_group_0009,val,20,/root/autodl-tmp/datasets/sources/construction-ppe_ultralytics_2025_v1/images/train/image1149.jpg,/root/autodl-tmp/datasets/derived/construction_ppe3_canonical_v1_20260804_172437/images/all/train__image1149.jpg,/root/autodl-tmp/datasets/derived/construction_ppe3_canonical_v1_20260804_172437/labels/all/train__image1149.txt,3,0,0,False,6859b4b484ce5b33,hardlink,hardlink
reviewed_group_0009,val,20,/root/autodl-tmp/datasets/sources/construction-ppe_ultralytics_2025_v1/images/train/image1150.jpg,/root/autodl-tmp/datasets/derived/construction_ppe3_canonical_v1_20260804_172437/images/all/train__image1150.jpg,/root/autodl-tmp/datasets/derived/construction_ppe3_canonical_v1_20260804_172437/labels/all/train__image1150.txt,1,0,0,False,9795160f485515f2,hardlink,hardlink
reviewed_group_0009,val,20,/root/autodl-tmp/datasets/sources/construction-ppe_ultralytics_2025_v1/images/train/image1153.jpg,/root/autodl-tmp/datasets/derived/construction_ppe3_canonical_v1_20260804_172437/images/all/train__image1153.jpg,/root/autodl-tmp/datasets/derived/construction_ppe3_canonical_v1_20260804_172437/labels/all/train__image1153.txt,2,0,0,False,13726ce36760c0f3,hardlink,hardlink
reviewed_group_0009,val,20,/root/autodl-tmp/datasets/sources/construction-ppe_ultralytics_2025_v1/images/train/image1154.jpg,/root/autodl-tmp/datasets/derived/construction_ppe3_canonical_v1_20260804_172437/images/all/train__image1154.jpg,/root/autodl-tmp/datasets/derived/construction_ppe3_canonical_v1_20260804_172437/labels/all/train__image1154.txt,2,0,0,False,e084356d463b5313,hardlink,hardlink
reviewed_group_0009,val,20,/root/autodl-tmp/datasets/sources/construction-ppe_ultralytics_2025_v1/images/train/image1155.jpg,/root/autodl-tmp/datasets/derived/construction_ppe3_canonical_v1_20260804_172437/images/all/train__image1155.jpg,/root/autodl-tmp/datasets/derived/construction_ppe3_canonical_v1_20260804_172437/labels/all/train__image1155.txt,2,0,0,False,25371f1f8d8d9c9c,hardlink,hardlink
reviewed_group_0009,val,20,/root/autodl-tmp/datasets/sources/construction-ppe_ultralytics_2025_v1/images/train/image1156.jpg,/root/autodl-tmp/datasets/derived/construction_ppe3_canonical_v1_20260804_172437/images/all/train__image1156.jpg,/root/autodl-tmp/datasets/derived/construction_ppe3_canonical_v1_20260804_172437/labels/all/train__image1156.txt,7,0,0,False,63617022272252da,hardlink,hardlink
reviewed_group_0009,val,20,/root/autodl-tmp/datasets/sources/construction-ppe_ultralytics_2025_v1/images/train/image1157.jpg,/root/autodl-tmp/datasets/derived/construction_ppe3_canonical_v1_20260804_172437/images/all/train__image1157.jpg,/root/autodl-tmp/datasets/derived/construction_ppe3_canonical_v1_20260804_172437/labels/all/train__image1157.txt,1,0,0,False,311d0d092a0e2c60,hardlink,hardlink
reviewed_group_0009,val,20,/root/autodl-tmp/datasets/sources/construction-ppe_ultralytics_2025_v1/images/train/image1158.jpg,/root/autodl-tmp/datasets/derived/construction_ppe3_canonical_v1_20260804_172437/images/all/train__image1158.jpg,/root/autodl-tmp/datasets/derived/construction_ppe3_canonical_v1_20260804_172437/labels/all/train__image1158.txt,1,0,0,False,090b0b0313732ca4,hardlink,hardlink
reviewed_group_0009,val,20,/root/autodl-tmp/datasets/sources/construction-ppe_ultralytics_2025_v1/images/train/image1159.jpg,/root/autodl-tmp/datasets/derived/construction_ppe3_canonical_v1_20260804_172437/images/all/train__image1159.jpg,/root/autodl-tmp/datasets/derived/construction_ppe3_canonical_v1_20260804_172437/labels/all/train__image1159.txt,1,0,0,False,e3b2069bab2bdb9b,hardlink,hardlink
reviewed_group_0009,val,20,/root/autodl-tmp/datasets/sources/construction-ppe_ultralytics_2025_v1/images/val/image1146.jpg,/root/autodl-tmp/datasets/derived/construction_ppe3_canonical_v1_20260804_172437/images/all/val__image1146.jpg,/root/autodl-tmp/datasets/derived/construction_ppe3_canonical_v1_20260804_172437/labels/all/val__image1146.txt,1,0,0,False,031222287078e979,hardlink,hardlink
reviewed_group_0009,val,20,/root/autodl-tmp/datasets/sources/construction-ppe_ultralytics_2025_v1/images/val/image1151.jpg,/root/autodl-tmp/datasets/derived/construction_ppe3_canonical_v1_20260804_172437/images/all/val__image1151.jpg,/root/autodl-tmp/datasets/derived/construction_ppe3_canonical_v1_20260804_172437/labels/all/val__image1151.txt,1,0,0,False,1b1c303536959dd8,hardlink,hardlink
reviewed_group_0009,val,20,/root/autodl-tmp/datasets/sources/construction-ppe_ultralytics_2025_v1/images/test/image1145.jpg,/root/autodl-tmp/datasets/derived/construction_ppe3_canonical_v1_20260804_172437/images/all/test__image1145.jpg,/root/autodl-tmp/datasets/derived/construction_ppe3_canonical_v1_20260804_172437/labels/all/test__image1145.txt,8,0,0,False,c180e0b0a6bc90da,hardlink,hardlink
reviewed_group_0009,val,20,/root/autodl-tmp/datasets/sources/construction-ppe_ultralytics_2025_v1/images/test/image1152.jpg,/root/autodl-tmp/datasets/derived/construction_ppe3_canonical_v1_20260804_172437/images/all/test__image1152.jpg,/root/autodl-tmp/datasets/derived/construction_ppe3_canonical_v1_20260804_172437/labels/all/test__image1152.txt,1,0,0,False,9c7251199fdb662e,hardlink,hardlink
reviewed_group_0010,train,20,/root/autodl-tmp/datasets/sources/construction-ppe_ultralytics_2025_v1/images/train/image1160.jpg,/root/autodl-tmp/datasets/derived/construction_ppe3_canonical_v1_20260804_172437/images/all/train__image1160.jpg,/root/autodl-tmp/datasets/derived/construction_ppe3_canonical_v1_20260804_172437/labels/all/train__image1160.txt,4,0,0,False,c8c0e8e1b464f0f0,hardlink,hardlink
reviewed_group_0010,train,20,/root/autodl-tmp/datasets/sources/construction-ppe_ultralytics_2025_v1/images/train/image1161.jpg,/root/autodl-tmp/datasets/derived/construction_ppe3_canonical_v1_20260804_172437/images/all/train__image1161.jpg,/root/autodl-tmp/datasets/derived/construction_ppe3_canonical_v1_20260804_172437/labels/all/train__image1161.txt,1,0,0,False,6ce6f37292568488,hardlink,hardlink
reviewed_group_0010,train,20,/root/autodl-tmp/datasets/sources/construction-ppe_ultralytics_2025_v1/images/train/image1162.jpg,/root/autodl-tmp/datasets/derived/construction_ppe3_canonical_v1_20260804_172437/images/all/train__image1162.jpg,/root/autodl-tmp/datasets/derived/construction_ppe3_canonical_v1_20260804_172437/labels/all/train__image1162.txt,8,0,8,False,5f5cdcc4f4f6e4cc,hardlink,hardlink
reviewed_group_0010,train,20,/root/autodl-tmp/datasets/sources/construction-ppe_ultralytics_2025_v1/images/train/image1163.jpg,/root/autodl-tmp/datasets/derived/construction_ppe3_canonical_v1_20260804_172437/images/all/train__image1163.jpg,/root/autodl-tmp/datasets/derived/construction_ppe3_canonical_v1_20260804_172437/labels/all/train__image1163.txt,1,0,0,False,29989969d8c81011,hardlink,hardlink
reviewed_group_0010,train,20,/root/autodl-tmp/datasets/sources/construction-ppe_ultralytics_2025_v1/images/train/image1164.jpg,/root/autodl-tmp/datasets/derived/construction_ppe3_canonical_v1_20260804_172437/images/all/train__image1164.jpg,/root/autodl-tmp/datasets/derived/construction_ppe3_canonical_v1_20260804_172437/labels/all/train__image1164.txt,2,0,0,False,2505c1c4caaaa338,hardlink,hardlink
reviewed_group_0010,train,20,/root/autodl-tmp/datasets/sources/construction-ppe_ultralytics_2025_v1/images/train/image1165.jpg,/root/autodl-tmp/datasets/derived/construction_ppe3_canonical_v1_20260804_172437/images/all/train__image1165.jpg,/root/autodl-tmp/datasets/derived/construction_ppe3_canonical_v1_20260804_172437/labels/all/train__image1165.txt,1,0,0,False,0a58e46030d8eb68,hardlink,hardlink
reviewed_group_0010,train,20,/root/autodl-tmp/datasets/sources/construction-ppe_ultralytics_2025_v1/images/train/image1166.jpg,/root/autodl-tmp/datasets/derived/construction_ppe3_canonical_v1_20260804_172437/images/all/train__image1166.jpg,/root/autodl-tmp/datasets/derived/construction_ppe3_canonical_v1_20260804_172437/labels/all/train__image1166.txt,1,0,0,False,4b5a2676e6c35687,hardlink,hardlink
reviewed_group_0010,train,20,/root/autodl-tmp/datasets/sources/construction-ppe_ultralytics_2025_v1/images/train/image1167.jpg,/root/autodl-tmp/datasets/derived/construction_ppe3_canonical_v1_20260804_172437/images/all/train__image1167.jpg,/root/autodl-tmp/datasets/derived/construction_ppe3_canonical_v1_20260804_172437/labels/all/train__image1167.txt,1,0,0,False,d62f3232585c3bb8,hardlink,hardlink
reviewed_group_0010,train,20,/root/autodl-tmp/datasets/sources/construction-ppe_ultralytics_2025_v1/images/train/image1168.jpg,/root/autodl-tmp/datasets/derived/construction_ppe3_canonical_v1_20260804_172437/images/all/train__image1168.jpg,/root/autodl-tmp/datasets/derived/construction_ppe3_canonical_v1_20260804_172437/labels/all/train__image1168.txt,1,0,0,False,dc9cec898bf0cca2,hardlink,hardlink
reviewed_group_0010,train,20,/root/autodl-tmp/datasets/sources/construction-ppe_ultralytics_2025_v1/images/train/image1169.jpg,/root/autodl-tmp/datasets/derived/construction_ppe3_canonical_v1_20260804_172437/images/all/train__image1169.jpg,/root/autodl-tmp/datasets/derived/construction_ppe3_canonical_v1_20260804_172437/labels/all/train__image1169.txt,0,0,0,True,b4f0f0c8c9c131c4,hardlink,hardlink
reviewed_group_0010,train,20,/root/autodl-tmp/datasets/sources/construction-ppe_ultralytics_2025_v1/images/train/image1170.jpg,/root/autodl-tmp/datasets/derived/construction_ppe3_canonical_v1_20260804_172437/images/all/train__image1170.jpg,/root/autodl-tmp/datasets/derived/construction_ppe3_canonical_v1_20260804_172437/labels/all/train__image1170.txt,1,0,0,False,e5add6d74d49c8c4,hardlink,hardlink
reviewed_group_0010,train,20,/root/autodl-tmp/datasets/sources/construction-ppe_ultralytics_2025_v1/images/train/image1171.jpg,/root/autodl-tmp/datasets/derived/construction_ppe3_canonical_v1_20260804_172437/images/all/train__image1171.jpg,/root/autodl-tmp/datasets/derived/construction_ppe3_canonical_v1_20260804_172437/labels/all/train__image1171.txt,0,0,0,True,6c2c3e1332362c2c,hardlink,hardlink
reviewed_group_0010,train,20,/root/autodl-tmp/datasets/sources/construction-ppe_ultralytics_2025_v1/images/train/image1172.jpg,/root/autodl-tmp/datasets/derived/construction_ppe3_canonical_v1_20260804_172437/images/all/train__image1172.jpg,/root/autodl-tmp/datasets/derived/construction_ppe3_canonical_v1_20260804_172437/labels/all/train__image1172.txt,2,0,0,False,6ccc84a46c666e62,hardlink,hardlink
reviewed_group_0010,train,20,/root/autodl-tmp/datasets/sources/construction-ppe_ultralytics_2025_v1/images/train/image1173.jpg,/root/autodl-tmp/datasets/derived/construction_ppe3_canonical_v1_20260804_172437/images/all/train__image1173.jpg,/root/autodl-tmp/datasets/derived/construction_ppe3_canonical_v1_20260804_172437/labels/all/train__image1173.txt,1,0,0,False,7f3da2f164cee291,hardlink,hardlink
reviewed_group_0010,train,20,/root/autodl-tmp/datasets/sources/construction-ppe_ultralytics_2025_v1/images/train/image1174.jpg,/root/autodl-tmp/datasets/derived/construction_ppe3_canonical_v1_20260804_172437/images/all/train__image1174.jpg,/root/autodl-tmp/datasets/derived/construction_ppe3_canonical_v1_20260804_172437/labels/all/train__image1174.txt,3,0,0,False,e29a8c3c68e5ace2,hardlink,hardlink
reviewed_group_0010,train,20,/root/autodl-tmp/datasets/sources/construction-ppe_ultralytics_2025_v1/images/train/image1175.jpg,/root/autodl-tmp/datasets/derived/construction_ppe3_canonical_v1_20260804_172437/images/all/train__image1175.jpg,/root/autodl-tmp/datasets/derived/construction_ppe3_canonical_v1_20260804_172437/labels/all/train__image1175.txt,1,0,0,False,ec2433f11552c639,hardlink,hardlink
reviewed_group_0010,train,20,/root/autodl-tmp/datasets/sources/construction-ppe_ultralytics_2025_v1/images/train/image1176.jpg,/root/autodl-tmp/datasets/derived/construction_ppe3_canonical_v1_20260804_172437/images/all/train__image1176.jpg,/root/autodl-tmp/datasets/derived/construction_ppe3_canonical_v1_20260804_172437/labels/all/train__image1176.txt,2,0,0,False,f9b5b6b69682ce92,hardlink,hardlink
reviewed_group_0010,train,20,/root/autodl-tmp/datasets/sources/construction-ppe_ultralytics_2025_v1/images/train/image1177.jpg,/root/autodl-tmp/datasets/derived/construction_ppe3_canonical_v1_20260804_172437/images/all/train__image1177.jpg,/root/autodl-tmp/datasets/derived/construction_ppe3_canonical_v1_20260804_172437/labels/all/train__image1177.txt,3,0,0,False,998998992c2c3c38,hardlink,hardlink
reviewed_group_0010,train,20,/root/autodl-tmp/datasets/sources/construction-ppe_ultralytics_2025_v1/images/train/image1179.jpg,/root/autodl-tmp/datasets/derived/construction_ppe3_canonical_v1_20260804_172437/images/all/train__image1179.jpg,/root/autodl-tmp/datasets/derived/construction_ppe3_canonical_v1_20260804_172437/labels/all/train__image1179.txt,2,0,0,False,4cb4a4e4e4658b9b,hardlink,hardlink
reviewed_group_0010,train,20,/root/autodl-tmp/datasets/sources/construction-ppe_ultralytics_2025_v1/images/test/image1178.jpg,/root/autodl-tmp/datasets/derived/construction_ppe3_canonical_v1_20260804_172437/images/all/test__image1178.jpg,/root/autodl-tmp/datasets/derived/construction_ppe3_canonical_v1_20260804_172437/labels/all/test__image1178.txt,1,0,0,False,100d8e8e8e16d40f,hardlink,hardlink
reviewed_group_0011,train,20,/root/autodl-tmp/datasets/sources/construction-ppe_ultralytics_2025_v1/images/train/image1180.jpg,/root/autodl-tmp/datasets/derived/construction_ppe3_canonical_v1_20260804_172437/images/all/train__image1180.jpg,/root/autodl-tmp/datasets/derived/construction_ppe3_canonical_v1_20260804_172437/labels/all/train__image1180.txt,1,0,0,False,756c247e5afcbc9c,hardlink,hardlink
reviewed_group_0011,train,20,/root/autodl-tmp/datasets/sources/construction-ppe_ultralytics_2025_v1/images/train/image1181.jpg,/root/autodl-tmp/datasets/derived/construction_ppe3_canonical_v1_20260804_172437/images/all/train__image1181.jpg,/root/autodl-tmp/datasets/derived/construction_ppe3_canonical_v1_20260804_172437/labels/all/train__image1181.txt,15,0,0,False,62621b89f2b48949,hardlink,hardlink
reviewed_group_0011,train,20,/root/autodl-tmp/datasets/sources/construction-ppe_ultralytics_2025_v1/images/train/image1182.jpg,/root/autodl-tmp/datasets/derived/construction_ppe3_canonical_v1_20260804_172437/images/all/train__image1182.jpg,/root/autodl-tmp/datasets/derived/construction_ppe3_canonical_v1_20260804_172437/labels/all/train__image1182.txt,1,0,0,False,1e9312132f29124d,hardlink,hardlink
reviewed_group_0011,train,20,/root/autodl-tmp/datasets/sources/construction-ppe_ultralytics_2025_v1/images/train/image1184.jpg,/root/autodl-tmp/datasets/derived/construction_ppe3_canonical_v1_20260804_172437/images/all/train__image1184.jpg,/root/autodl-tmp/datasets/derived/construction_ppe3_canonical_v1_20260804_172437/labels/all/train__image1184.txt,1,0,0,False,6b0fcf5b3e2e1c19,hardlink,hardlink
reviewed_group_0011,train,20,/root/autodl-tmp/datasets/sources/construction-ppe_ultralytics_2025_v1/images/train/image1185.jpg,/root/autodl-tmp/datasets/derived/construction_ppe3_canonical_v1_20260804_172437/images/all/train__image1185.jpg,/root/autodl-tmp/datasets/derived/construction_ppe3_canonical_v1_20260804_172437/labels/all/train__image1185.txt,2,0,0,False,b694e1f991b13179,hardlink,hardlink
reviewed_group_0011,train,20,/root/autodl-tmp/datasets/sources/construction-ppe_ultralytics_2025_v1/images/train/image1186.jpg,/root/autodl-tmp/datasets/derived/construction_ppe3_canonical_v1_20260804_172437/images/all/train__image1186.jpg,/root/autodl-tmp/datasets/derived/construction_ppe3_canonical_v1_20260804_172437/labels/all/train__image1186.txt,4,0,0,False,af871696cc3bc28e,hardlink,hardlink
reviewed_group_0011,train,20,/root/autodl-tmp/datasets/sources/construction-ppe_ultralytics_2025_v1/images/train/image1187.jpg,/root/autodl-tmp/datasets/derived/construction_ppe3_canonical_v1_20260804_172437/images/all/train__image1187.jpg,/root/autodl-tmp/datasets/derived/construction_ppe3_canonical_v1_20260804_172437/labels/all/train__image1187.txt,1,0,0,False,c8c4f24a92929258,hardlink,hardlink
reviewed_group_0011,train,20,/root/autodl-tmp/datasets/sources/construction-ppe_ultralytics_2025_v1/images/train/image1188.jpg,/root/autodl-tmp/datasets/derived/construction_ppe3_canonical_v1_20260804_172437/images/all/train__image1188.jpg,/root/autodl-tmp/datasets/derived/construction_ppe3_canonical_v1_20260804_172437/labels/all/train__image1188.txt,1,0,0,False,3535f4f0f2306449,hardlink,hardlink
reviewed_group_0011,train,20,/root/autodl-tmp/datasets/sources/construction-ppe_ultralytics_2025_v1/images/train/image1189.jpg,/root/autodl-tmp/datasets/derived/construction_ppe3_canonical_v1_20260804_172437/images/all/train__image1189.jpg,/root/autodl-tmp/datasets/derived/construction_ppe3_canonical_v1_20260804_172437/labels/all/train__image1189.txt,4,0,0,False,c5d4e8f8b069f1fa,hardlink,hardlink
reviewed_group_0011,train,20,/root/autodl-tmp/datasets/sources/construction-ppe_ultralytics_2025_v1/images/train/image1191.jpg,/root/autodl-tmp/datasets/derived/construction_ppe3_canonical_v1_20260804_172437/images/all/train__image1191.jpg,/root/autodl-tmp/datasets/derived/construction_ppe3_canonical_v1_20260804_172437/labels/all/train__image1191.txt,1,0,0,False,2b2921931b533118,hardlink,hardlink
reviewed_group_0011,train,20,/root/autodl-tmp/datasets/sources/construction-ppe_ultralytics_2025_v1/images/train/image1192.jpg,/root/autodl-tmp/datasets/derived/construction_ppe3_canonical_v1_20260804_172437/images/all/train__image1192.jpg,/root/autodl-tmp/datasets/derived/construction_ppe3_canonical_v1_20260804_172437/labels/all/train__image1192.txt,1,0,0,False,b9bd6dc5b2b0a1a6,hardlink,hardlink
reviewed_group_0011,train,20,/root/autodl-tmp/datasets/sources/construction-ppe_ultralytics_2025_v1/images/train/image1194.jpg,/root/autodl-tmp/datasets/derived/construction_ppe3_canonical_v1_20260804_172437/images/all/train__image1194.jpg,/root/autodl-tmp/datasets/derived/construction_ppe3_canonical_v1_20260804_172437/labels/all/train__image1194.txt,1,0,0,False,614955657173b2f1,hardlink,hardlink
reviewed_group_0011,train,20,/root/autodl-tmp/datasets/sources/construction-ppe_ultralytics_2025_v1/images/train/image1195.jpg,/root/autodl-tmp/datasets/derived/construction_ppe3_canonical_v1_20260804_172437/images/all/train__image1195.jpg,/root/autodl-tmp/datasets/derived/construction_ppe3_canonical_v1_20260804_172437/labels/all/train__image1195.txt,1,0,0,False,2673793c69290901,hardlink,hardlink
reviewed_group_0011,train,20,/root/autodl-tmp/datasets/sources/construction-ppe_ultralytics_2025_v1/images/train/image1196.jpg,/root/autodl-tmp/datasets/derived/construction_ppe3_canonical_v1_20260804_172437/images/all/train__image1196.jpg,/root/autodl-tmp/datasets/derived/construction_ppe3_canonical_v1_20260804_172437/labels/all/train__image1196.txt,2,0,0,False,64716de5ef8fe476,hardlink,hardlink
reviewed_group_0011,train,20,/root/autodl-tmp/datasets/sources/construction-ppe_ultralytics_2025_v1/images/train/image1197.jpg,/root/autodl-tmp/datasets/derived/construction_ppe3_canonical_v1_20260804_172437/images/all/train__image1197.jpg,/root/autodl-tmp/datasets/derived/construction_ppe3_canonical_v1_20260804_172437/labels/all/train__image1197.txt,3,0,0,False,e0e0f4cce8e8d8d8,hardlink,hardlink
reviewed_group_0011,train,20,/root/autodl-tmp/datasets/sources/construction-ppe_ultralytics_2025_v1/images/train/image1198.jpg,/root/autodl-tmp/datasets/derived/construction_ppe3_canonical_v1_20260804_172437/images/all/train__image1198.jpg,/root/autodl-tmp/datasets/derived/construction_ppe3_canonical_v1_20260804_172437/labels/all/train__image1198.txt,2,0,0,False,b3352d3c79793160,hardlink,hardlink
reviewed_group_0011,train,20,/root/autodl-tmp/datasets/sources/construction-ppe_ultralytics_2025_v1/images/train/image1199.jpg,/root/autodl-tmp/datasets/derived/construction_ppe3_canonical_v1_20260804_172437/images/all/train__image1199.jpg,/root/autodl-tmp/datasets/derived/construction_ppe3_canonical_v1_20260804_172437/labels/all/train__image1199.txt,4,0,0,False,73f39bb55d393165,hardlink,hardlink
reviewed_group_0011,train,20,/root/autodl-tmp/datasets/sources/construction-ppe_ultralytics_2025_v1/images/val/image1183.jpg,/root/autodl-tmp/datasets/derived/construction_ppe3_canonical_v1_20260804_172437/images/all/val__image1183.jpg,/root/autodl-tmp/datasets/derived/construction_ppe3_canonical_v1_20260804_172437/labels/all/val__image1183.txt,2,0,0,False,32d1d5f8d5cdccc6,hardlink,hardlink
reviewed_group_0011,train,20,/root/autodl-tmp/datasets/sources/construction-ppe_ultralytics_2025_v1/images/val/image1190.jpg,/root/autodl-tmp/datasets/derived/construction_ppe3_canonical_v1_20260804_172437/images/all/val__image1190.jpg,/root/autodl-tmp/datasets/derived/construction_ppe3_canonical_v1_20260804_172437/labels/all/val__image1190.txt,1,0,0,False,8f8f8f8e9ac7662e,hardlink,hardlink
reviewed_group_0011,train,20,/root/autodl-tmp/datasets/sources/construction-ppe_ultralytics_2025_v1/images/val/image1193.jpg,/root/autodl-tmp/datasets/derived/construction_ppe3_canonical_v1_20260804_172437/images/all/val__image1193.jpg,/root/autodl-tmp/datasets/derived/construction_ppe3_canonical_v1_20260804_172437/labels/all/val__image1193.txt,2,0,0,False,676765eb6c7d6767,hardlink,hardlink
reviewed_group_0012,val,20,/root/autodl-tmp/datasets/sources/construction-ppe_ultralytics_2025_v1/images/train/image120.jpg,/root/autodl-tmp/datasets/derived/construction_ppe3_canonical_v1_20260804_172437/images/all/train__image120.jpg,/root/autodl-tmp/datasets/derived/construction_ppe3_canonical_v1_20260804_172437/labels/all/train__image120.txt,1,1,1,False,03031b1a9a0f0e0e,hardlink,hardlink
reviewed_group_0012,val,20,/root/autodl-tmp/datasets/sources/construction-ppe_ultralytics_2025_v1/images/train/image121.jpg,/root/autodl-tmp/datasets/derived/construction_ppe3_canonical_v1_20260804_172437/images/all/train__image121.jpg,/root/autodl-tmp/datasets/derived/construction_ppe3_canonical_v1_20260804_172437/labels/all/train__image121.txt,4,4,4,False,00b8f8a4a5869200,hardlink,hardlink
reviewed_group_0012,val,20,/root/autodl-tmp/datasets/sources/construction-ppe_ultralytics_2025_v1/images/train/image123.jpg,/root/autodl-tmp/datasets/derived/construction_ppe3_canonical_v1_20260804_172437/images/all/train__image123.jpg,/root/autodl-tmp/datasets/derived/construction_ppe3_canonical_v1_20260804_172437/labels/all/train__image123.txt,1,1,1,False,110313129a8f0e0e,hardlink,hardlink
reviewed_group_0012,val,20,/root/autodl-tmp/datasets/sources/construction-ppe_ultralytics_2025_v1/images/train/image124.jpg,/root/autodl-tmp/datasets/derived/construction_ppe3_canonical_v1_20260804_172437/images/all/train__image124.jpg,/root/autodl-tmp/datasets/derived/construction_ppe3_canonical_v1_20260804_172437/labels/all/train__image124.txt,2,2,2,False,003000b2b2003000,hardlink,hardlink
reviewed_group_0012,val,20,/root/autodl-tmp/datasets/sources/construction-ppe_ultralytics_2025_v1/images/train/image125.jpg,/root/autodl-tmp/datasets/derived/construction_ppe3_canonical_v1_20260804_172437/images/all/train__image125.jpg,/root/autodl-tmp/datasets/derived/construction_ppe3_canonical_v1_20260804_172437/labels/all/train__image125.txt,5,6,2,False,62703596cee78724,hardlink,hardlink
reviewed_group_0012,val,20,/root/autodl-tmp/datasets/sources/construction-ppe_ultralytics_2025_v1/images/train/image126.jpg,/root/autodl-tmp/datasets/derived/construction_ppe3_canonical_v1_20260804_172437/images/all/train__image126.jpg,/root/autodl-tmp/datasets/derived/construction_ppe3_canonical_v1_20260804_172437/labels/all/train__image126.txt,5,5,5,False,002931298c4bdb00,hardlink,hardlink
reviewed_group_0012,val,20,/root/autodl-tmp/datasets/sources/construction-ppe_ultralytics_2025_v1/images/train/image127.jpg,/root/autodl-tmp/datasets/derived/construction_ppe3_canonical_v1_20260804_172437/images/all/train__image127.jpg,/root/autodl-tmp/datasets/derived/construction_ppe3_canonical_v1_20260804_172437/labels/all/train__image127.txt,3,3,3,False,00fefedecebed800,hardlink,hardlink
reviewed_group_0012,val,20,/root/autodl-tmp/datasets/sources/construction-ppe_ultralytics_2025_v1/images/train/image128.jpg,/root/autodl-tmp/datasets/derived/construction_ppe3_canonical_v1_20260804_172437/images/all/train__image128.jpg,/root/autodl-tmp/datasets/derived/construction_ppe3_canonical_v1_20260804_172437/labels/all/train__image128.txt,11,15,11,False,00f0d2f091cccc00,hardlink,hardlink
reviewed_group_0012,val,20,/root/autodl-tmp/datasets/sources/construction-ppe_ultralytics_2025_v1/images/train/image129.jpg,/root/autodl-tmp/datasets/derived/construction_ppe3_canonical_v1_20260804_172437/images/all/train__image129.jpg,/root/autodl-tmp/datasets/derived/construction_ppe3_canonical_v1_20260804_172437/labels/all/train__image129.txt,7,0,5,False,fce4d1a9ec4627f5,hardlink,hardlink
reviewed_group_0012,val,20,/root/autodl-tmp/datasets/sources/construction-ppe_ultralytics_2025_v1/images/train/image131.jpg,/root/autodl-tmp/datasets/derived/construction_ppe3_canonical_v1_20260804_172437/images/all/train__image131.jpg,/root/autodl-tmp/datasets/derived/construction_ppe3_canonical_v1_20260804_172437/labels/all/train__image131.txt,4,4,2,False,706c4d4fc717525a,hardlink,hardlink
reviewed_group_0012,val,20,/root/autodl-tmp/datasets/sources/construction-ppe_ultralytics_2025_v1/images/train/image133.jpeg,/root/autodl-tmp/datasets/derived/construction_ppe3_canonical_v1_20260804_172437/images/all/train__image133.jpeg,/root/autodl-tmp/datasets/derived/construction_ppe3_canonical_v1_20260804_172437/labels/all/train__image133.txt,1,1,1,False,c4ccf0f0f0eccccc,hardlink,hardlink
reviewed_group_0012,val,20,/root/autodl-tmp/datasets/sources/construction-ppe_ultralytics_2025_v1/images/train/image134.jpg,/root/autodl-tmp/datasets/derived/construction_ppe3_canonical_v1_20260804_172437/images/all/train__image134.jpg,/root/autodl-tmp/datasets/derived/construction_ppe3_canonical_v1_20260804_172437/labels/all/train__image134.txt,3,3,3,False,00c8e4d694acac00,hardlink,hardlink
reviewed_group_0012,val,20,/root/autodl-tmp/datasets/sources/construction-ppe_ultralytics_2025_v1/images/train/image135.jpg,/root/autodl-tmp/datasets/derived/construction_ppe3_canonical_v1_20260804_172437/images/all/train__image135.jpg,/root/autodl-tmp/datasets/derived/construction_ppe3_canonical_v1_20260804_172437/labels/all/train__image135.txt,3,4,3,False,d4d4c4ccccccccd8,hardlink,hardlink
reviewed_group_0012,val,20,/root/autodl-tmp/datasets/sources/construction-ppe_ultralytics_2025_v1/images/train/image136.jpg,/root/autodl-tmp/datasets/derived/construction_ppe3_canonical_v1_20260804_172437/images/all/train__image136.jpg,/root/autodl-tmp/datasets/derived/construction_ppe3_canonical_v1_20260804_172437/labels/all/train__image136.txt,8,9,6,False,00a880a284b8b200,hardlink,hardlink
reviewed_group_0012,val,20,/root/autodl-tmp/datasets/sources/construction-ppe_ultralytics_2025_v1/images/train/image138.jpg,/root/autodl-tmp/datasets/derived/construction_ppe3_canonical_v1_20260804_172437/images/all/train__image138.jpg,/root/autodl-tmp/datasets/derived/construction_ppe3_canonical_v1_20260804_172437/labels/all/train__image138.txt,1,0,1,False,343c1816162c2830,hardlink,hardlink
reviewed_group_0012,val,20,/root/autodl-tmp/datasets/sources/construction-ppe_ultralytics_2025_v1/images/train/image139.jpg,/root/autodl-tmp/datasets/derived/construction_ppe3_canonical_v1_20260804_172437/images/all/train__image139.jpg,/root/autodl-tmp/datasets/derived/construction_ppe3_canonical_v1_20260804_172437/labels/all/train__image139.txt,1,1,1,False,c000d8c0d0d000d0,hardlink,hardlink
reviewed_group_0012,val,20,/root/autodl-tmp/datasets/sources/construction-ppe_ultralytics_2025_v1/images/val/image130.jpg,/root/autodl-tmp/datasets/derived/construction_ppe3_canonical_v1_20260804_172437/images/all/val__image130.jpg,/root/autodl-tmp/datasets/derived/construction_ppe3_canonical_v1_20260804_172437/labels/all/val__image130.txt,4,5,3,False,d4f8d8d8da9edccc,hardlink,hardlink
reviewed_group_0012,val,20,/root/autodl-tmp/datasets/sources/construction-ppe_ultralytics_2025_v1/images/val/image132.jpg,/root/autodl-tmp/datasets/derived/construction_ppe3_canonical_v1_20260804_172437/images/all/val__image132.jpg,/root/autodl-tmp/datasets/derived/construction_ppe3_canonical_v1_20260804_172437/labels/all/val__image132.txt,3,3,3,False,004d7e6f2775ec00,hardlink,hardlink
reviewed_group_0012,val,20,/root/autodl-tmp/datasets/sources/construction-ppe_ultralytics_2025_v1/images/val/image137.jpg,/root/autodl-tmp/datasets/derived/construction_ppe3_canonical_v1_20260804_172437/images/all/val__image137.jpg,/root/autodl-tmp/datasets/derived/construction_ppe3_canonical_v1_20260804_172437/labels/all/val__image137.txt,2,3,2,False,0000024763a41600,hardlink,hardlink
reviewed_group_0012,val,20,/root/autodl-tmp/datasets/sources/construction-ppe_ultralytics_2025_v1/images/test/image122.jpeg,/root/autodl-tmp/datasets/derived/construction_ppe3_canonical_v1_20260804_172437/images/all/test__image122.jpeg,/root/autodl-tmp/datasets/derived/construction_ppe3_canonical_v1_20260804_172437/labels/all/test__image122.txt,1,1,1,False,cccce4e0d898f0f0,hardlink,hardlink
reviewed_group_0013,train,20,/root/autodl-tmp/datasets/sources/construction-ppe_ultralytics_2025_v1/images/train/image1200.jpg,/root/autodl-tmp/datasets/derived/construction_ppe3_canonical_v1_20260804_172437/images/all/train__image1200.jpg,/root/autodl-tmp/datasets/derived/construction_ppe3_canonical_v1_20260804_172437/labels/all/train__image1200.txt,1,0,0,False,068686e7d3f96074,hardlink,hardlink
reviewed_group_0013,train,20,/root/autodl-tmp/datasets/sources/construction-ppe_ultralytics_2025_v1/images/train/image1201.jpg,/root/autodl-tmp/datasets/derived/construction_ppe3_canonical_v1_20260804_172437/images/all/train__image1201.jpg,/root/autodl-tmp/datasets/derived/construction_ppe3_canonical_v1_20260804_172437/labels/all/train__image1201.txt,1,0,0,False,a6d2c98ca6264eca,hardlink,hardlink
reviewed_group_0013,train,20,/root/autodl-tmp/datasets/sources/construction-ppe_ultralytics_2025_v1/images/train/image1202.jpg,/root/autodl-tmp/datasets/derived/construction_ppe3_canonical_v1_20260804_172437/images/all/train__image1202.jpg,/root/autodl-tmp/datasets/derived/construction_ppe3_canonical_v1_20260804_172437/labels/all/train__image1202.txt,1,0,0,False,23030933a7e5e1c9,hardlink,hardlink
reviewed_group_0013,train,20,/root/autodl-tmp/datasets/sources/construction-ppe_ultralytics_2025_v1/images/train/image1204.jpg,/root/autodl-tmp/datasets/derived/construction_ppe3_canonical_v1_20260804_172437/images/all/train__image1204.jpg,/root/autodl-tmp/datasets/derived/construction_ppe3_canonical_v1_20260804_172437/labels/all/train__image1204.txt,2,0,0,False,b331310b2db4f0d2,hardlink,hardlink
reviewed_group_0013,train,20,/root/autodl-tmp/datasets/sources/construction-ppe_ultralytics_2025_v1/images/train/image1206.jpg,/root/autodl-tmp/datasets/derived/construction_ppe3_canonical_v1_20260804_172437/images/all/train__image1206.jpg,/root/autodl-tmp/datasets/derived/construction_ppe3_canonical_v1_20260804_172437/labels/all/train__image1206.txt,4,0,0,False,9c9696746b54c10b,hardlink,hardlink
reviewed_group_0013,train,20,/root/autodl-tmp/datasets/sources/construction-ppe_ultralytics_2025_v1/images/train/image1207.jpg,/root/autodl-tmp/datasets/derived/construction_ppe3_canonical_v1_20260804_172437/images/all/train__image1207.jpg,/root/autodl-tmp/datasets/derived/construction_ppe3_canonical_v1_20260804_172437/labels/all/train__image1207.txt,2,0,0,False,7c6b1633658c8c14,hardlink,hardlink
reviewed_group_0013,train,20,/root/autodl-tmp/datasets/sources/construction-ppe_ultralytics_2025_v1/images/train/image1208.jpg,/root/autodl-tmp/datasets/derived/construction_ppe3_canonical_v1_20260804_172437/images/all/train__image1208.jpg,/root/autodl-tmp/datasets/derived/construction_ppe3_canonical_v1_20260804_172437/labels/all/train__image1208.txt,1,0,0,False,30b6b7bb347d73f2,hardlink,hardlink
reviewed_group_0013,train,20,/root/autodl-tmp/datasets/sources/construction-ppe_ultralytics_2025_v1/images/train/image1209.jpg,/root/autodl-tmp/datasets/derived/construction_ppe3_canonical_v1_20260804_172437/images/all/train__image1209.jpg,/root/autodl-tmp/datasets/derived/construction_ppe3_canonical_v1_20260804_172437/labels/all/train__image1209.txt,1,0,0,False,d0c8e6669464b0b0,hardlink,hardlink
reviewed_group_0013,train,20,/root/autodl-tmp/datasets/sources/construction-ppe_ultralytics_2025_v1/images/train/image1210.jpg,/root/autodl-tmp/datasets/derived/construction_ppe3_canonical_v1_20260804_172437/images/all/train__image1210.jpg,/root/autodl-tmp/datasets/derived/construction_ppe3_canonical_v1_20260804_172437/labels/all/train__image1210.txt,1,0,0,False,5226cbe98998656c,hardlink,hardlink
reviewed_group_0013,train,20,/root/autodl-tmp/datasets/sources/construction-ppe_ultralytics_2025_v1/images/train/image1212.jpg,/root/autodl-tmp/datasets/derived/construction_ppe3_canonical_v1_20260804_172437/images/all/train__image1212.jpg,/root/autodl-tmp/datasets/derived/construction_ppe3_canonical_v1_20260804_172437/labels/all/train__image1212.txt,2,0,0,False,0ca332dc92068c6c,hardlink,hardlink
reviewed_group_0013,train,20,/root/autodl-tmp/datasets/sources/construction-ppe_ultralytics_2025_v1/images/train/image1213.jpg,/root/autodl-tmp/datasets/derived/construction_ppe3_canonical_v1_20260804_172437/images/all/train__image1213.jpg,/root/autodl-tmp/datasets/derived/construction_ppe3_canonical_v1_20260804_172437/labels/all/train__image1213.txt,1,0,0,False,98b8f0d0d1a9b31e,hardlink,hardlink
reviewed_group_0013,train,20,/root/autodl-tmp/datasets/sources/construction-ppe_ultralytics_2025_v1/images/train/image1214.jpg,/root/autodl-tmp/datasets/derived/construction_ppe3_canonical_v1_20260804_172437/images/all/train__image1214.jpg,/root/autodl-tmp/datasets/derived/construction_ppe3_canonical_v1_20260804_172437/labels/all/train__image1214.txt,1,0,0,False,b9d8dccc5c6c0c8e,hardlink,hardlink
reviewed_group_0013,train,20,/root/autodl-tmp/datasets/sources/construction-ppe_ultralytics_2025_v1/images/train/image1216.jpg,/root/autodl-tmp/datasets/derived/construction_ppe3_canonical_v1_20260804_172437/images/all/train__image1216.jpg,/root/autodl-tmp/datasets/derived/construction_ppe3_canonical_v1_20260804_172437/labels/all/train__image1216.txt,3,3,0,False,584951246c4899b1,hardlink,hardlink
reviewed_group_0013,train,20,/root/autodl-tmp/datasets/sources/construction-ppe_ultralytics_2025_v1/images/train/image1218.jpg,/root/autodl-tmp/datasets/derived/construction_ppe3_canonical_v1_20260804_172437/images/all/train__image1218.jpg,/root/autodl-tmp/datasets/derived/construction_ppe3_canonical_v1_20260804_172437/labels/all/train__image1218.txt,9,0,0,False,dada4b4d3b535958,hardlink,hardlink
reviewed_group_0013,train,20,/root/autodl-tmp/datasets/sources/construction-ppe_ultralytics_2025_v1/images/train/image1219.jpg,/root/autodl-tmp/datasets/derived/construction_ppe3_canonical_v1_20260804_172437/images/all/train__image1219.jpg,/root/autodl-tmp/datasets/derived/construction_ppe3_canonical_v1_20260804_172437/labels/all/train__image1219.txt,1,0,0,False,62929292aa26b63f,hardlink,hardlink
reviewed_group_0013,train,20,/root/autodl-tmp/datasets/sources/construction-ppe_ultralytics_2025_v1/images/val/image1203.jpg,/root/autodl-tmp/datasets/derived/construction_ppe3_canonical_v1_20260804_172437/images/all/val__image1203.jpg,/root/autodl-tmp/datasets/derived/construction_ppe3_canonical_v1_20260804_172437/labels/all/val__image1203.txt,2,0,0,False,9094745672666462,hardlink,hardlink
reviewed_group_0013,train,20,/root/autodl-tmp/datasets/sources/construction-ppe_ultralytics_2025_v1/images/val/image1211.jpg,/root/autodl-tmp/datasets/derived/construction_ppe3_canonical_v1_20260804_172437/images/all/val__image1211.jpg,/root/autodl-tmp/datasets/derived/construction_ppe3_canonical_v1_20260804_172437/labels/all/val__image1211.txt,2,0,0,False,b898b2b696b6b6b6,hardlink,hardlink
reviewed_group_0013,train,20,/root/autodl-tmp/datasets/sources/construction-ppe_ultralytics_2025_v1/images/val/image1215.jpg,/root/autodl-tmp/datasets/derived/construction_ppe3_canonical_v1_20260804_172437/images/all/val__image1215.jpg,/root/autodl-tmp/datasets/derived/construction_ppe3_canonical_v1_20260804_172437/labels/all/val__image1215.txt,2,0,0,False,6171737b2d290921,hardlink,hardlink
reviewed_group_0013,train,20,/root/autodl-tmp/datasets/sources/construction-ppe_ultralytics_2025_v1/images/val/image1217.jpg,/root/autodl-tmp/datasets/derived/construction_ppe3_canonical_v1_20260804_172437/images/all/val__image1217.jpg,/root/autodl-tmp/datasets/derived/construction_ppe3_canonical_v1_20260804_172437/labels/all/val__image1217.txt,4,0,0,False,ce29697276363269,hardlink,hardlink
reviewed_group_0013,train,20,/root/autodl-tmp/datasets/sources/construction-ppe_ultralytics_2025_v1/images/test/image1205.jpg,/root/autodl-tmp/datasets/derived/construction_ppe3_canonical_v1_20260804_172437/images/all/test__image1205.jpg,/root/autodl-tmp/datasets/derived/construction_ppe3_canonical_v1_20260804_172437/labels/all/test__image1205.txt,3,0,0,False,32adeced88d9fbc6,hardlink,hardlink
reviewed_group_0014,train,20,/root/autodl-tmp/datasets/sources/construction-ppe_ultralytics_2025_v1/images/train/image1220.jpg,/root/autodl-tmp/datasets/derived/construction_ppe3_canonical_v1_20260804_172437/images/all/train__image1220.jpg,/root/autodl-tmp/datasets/derived/construction_ppe3_canonical_v1_20260804_172437/labels/all/train__image1220.txt,1,0,0,False,f9f0ec4ad8d8dc4c,hardlink,hardlink
reviewed_group_0014,train,20,/root/autodl-tmp/datasets/sources/construction-ppe_ultralytics_2025_v1/images/train/image1221.jpg,/root/autodl-tmp/datasets/derived/construction_ppe3_canonical_v1_20260804_172437/images/all/train__image1221.jpg,/root/autodl-tmp/datasets/derived/construction_ppe3_canonical_v1_20260804_172437/labels/all/train__image1221.txt,1,0,0,False,988d961c291e2f2f,hardlink,hardlink
reviewed_group_0014,train,20,/root/autodl-tmp/datasets/sources/construction-ppe_ultralytics_2025_v1/images/train/image1222.jpg,/root/autodl-tmp/datasets/derived/construction_ppe3_canonical_v1_20260804_172437/images/all/train__image1222.jpg,/root/autodl-tmp/datasets/derived/construction_ppe3_canonical_v1_20260804_172437/labels/all/train__image1222.txt,1,0,0,False,c5d68287a7830363,hardlink,hardlink
reviewed_group_0014,train,20,/root/autodl-tmp/datasets/sources/construction-ppe_ultralytics_2025_v1/images/train/image1224.jpg,/root/autodl-tmp/datasets/derived/construction_ppe3_canonical_v1_20260804_172437/images/all/train__image1224.jpg,/root/autodl-tmp/datasets/derived/construction_ppe3_canonical_v1_20260804_172437/labels/all/train__image1224.txt,1,0,0,False,694d45656d6c270f,hardlink,hardlink
reviewed_group_0014,train,20,/root/autodl-tmp/datasets/sources/construction-ppe_ultralytics_2025_v1/images/train/image1225.jpg,/root/autodl-tmp/datasets/derived/construction_ppe3_canonical_v1_20260804_172437/images/all/train__image1225.jpg,/root/autodl-tmp/datasets/derived/construction_ppe3_canonical_v1_20260804_172437/labels/all/train__image1225.txt,1,0,0,False,065664707070b030,hardlink,hardlink
reviewed_group_0014,train,20,/root/autodl-tmp/datasets/sources/construction-ppe_ultralytics_2025_v1/images/train/image1226.jpg,/root/autodl-tmp/datasets/derived/construction_ppe3_canonical_v1_20260804_172437/images/all/train__image1226.jpg,/root/autodl-tmp/datasets/derived/construction_ppe3_canonical_v1_20260804_172437/labels/all/train__image1226.txt,1,0,0,False,72727a2a2a1e1232,hardlink,hardlink
reviewed_group_0014,train,20,/root/autodl-tmp/datasets/sources/construction-ppe_ultralytics_2025_v1/images/train/image1227.jpg,/root/autodl-tmp/datasets/derived/construction_ppe3_canonical_v1_20260804_172437/images/all/train__image1227.jpg,/root/autodl-tmp/datasets/derived/construction_ppe3_canonical_v1_20260804_172437/labels/all/train__image1227.txt,1,0,0,False,9ea4f6f99d1d6d65,hardlink,hardlink
reviewed_group_0014,train,20,/root/autodl-tmp/datasets/sources/construction-ppe_ultralytics_2025_v1/images/train/image1228.jpg,/root/autodl-tmp/datasets/derived/construction_ppe3_canonical_v1_20260804_172437/images/all/train__image1228.jpg,/root/autodl-tmp/datasets/derived/construction_ppe3_canonical_v1_20260804_172437/labels/all/train__image1228.txt,1,0,0,False,504848c1d1c2e1f5,hardlink,hardlink
reviewed_group_0014,train,20,/root/autodl-tmp/datasets/sources/construction-ppe_ultralytics_2025_v1/images/train/image1230.jpg,/root/autodl-tmp/datasets/derived/construction_ppe3_canonical_v1_20260804_172437/images/all/train__image1230.jpg,/root/autodl-tmp/datasets/derived/construction_ppe3_canonical_v1_20260804_172437/labels/all/train__image1230.txt,1,0,0,False,9298313276061b1b,hardlink,hardlink
reviewed_group_0014,train,20,/root/autodl-tmp/datasets/sources/construction-ppe_ultralytics_2025_v1/images/train/image1232.jpg,/root/autodl-tmp/datasets/derived/construction_ppe3_canonical_v1_20260804_172437/images/all/train__image1232.jpg,/root/autodl-tmp/datasets/derived/construction_ppe3_canonical_v1_20260804_172437/labels/all/train__image1232.txt,1,0,0,False,d6727233b195bbe9,hardlink,hardlink
reviewed_group_0014,train,20,/root/autodl-tmp/datasets/sources/construction-ppe_ultralytics_2025_v1/images/train/image1233.jpg,/root/autodl-tmp/datasets/derived/construction_ppe3_canonical_v1_20260804_172437/images/all/train__image1233.jpg,/root/autodl-tmp/datasets/derived/construction_ppe3_canonical_v1_20260804_172437/labels/all/train__image1233.txt,4,0,0,False,ccc733743239596b,hardlink,hardlink
reviewed_group_0014,train,20,/root/autodl-tmp/datasets/sources/construction-ppe_ultralytics_2025_v1/images/train/image1236.jpg,/root/autodl-tmp/datasets/derived/construction_ppe3_canonical_v1_20260804_172437/images/all/train__image1236.jpg,/root/autodl-tmp/datasets/derived/construction_ppe3_canonical_v1_20260804_172437/labels/all/train__image1236.txt,1,0,0,False,ecf0b931626cd832,hardlink,hardlink
reviewed_group_0014,train,20,/root/autodl-tmp/datasets/sources/construction-ppe_ultralytics_2025_v1/images/train/image1237.jpg,/root/autodl-tmp/datasets/derived/construction_ppe3_canonical_v1_20260804_172437/images/all/train__image1237.jpg,/root/autodl-tmp/datasets/derived/construction_ppe3_canonical_v1_20260804_172437/labels/all/train__image1237.txt,3,0,0,False,f0b8b88c9494181b,hardlink,hardlink
reviewed_group_0014,train,20,/root/autodl-tmp/datasets/sources/construction-ppe_ultralytics_2025_v1/images/train/image1238.jpg,/root/autodl-tmp/datasets/derived/construction_ppe3_canonical_v1_20260804_172437/images/all/train__image1238.jpg,/root/autodl-tmp/datasets/derived/construction_ppe3_canonical_v1_20260804_172437/labels/all/train__image1238.txt,1,0,0,False,4943c14d65674727,hardlink,hardlink
reviewed_group_0014,train,20,/root/autodl-tmp/datasets/sources/construction-ppe_ultralytics_2025_v1/images/val/image1223.jpg,/root/autodl-tmp/datasets/derived/construction_ppe3_canonical_v1_20260804_172437/images/all/val__image1223.jpg,/root/autodl-tmp/datasets/derived/construction_ppe3_canonical_v1_20260804_172437/labels/all/val__image1223.txt,1,0,0,False,623a3252725b7b77,hardlink,hardlink
reviewed_group_0014,train,20,/root/autodl-tmp/datasets/sources/construction-ppe_ultralytics_2025_v1/images/val/image1234.jpg,/root/autodl-tmp/datasets/derived/construction_ppe3_canonical_v1_20260804_172437/images/all/val__image1234.jpg,/root/autodl-tmp/datasets/derived/construction_ppe3_canonical_v1_20260804_172437/labels/all/val__image1234.txt,3,0,0,False,676c4cc4cae8d8da,hardlink,hardlink
reviewed_group_0014,train,20,/root/autodl-tmp/datasets/sources/construction-ppe_ultralytics_2025_v1/images/test/image1229.jpg,/root/autodl-tmp/datasets/derived/construction_ppe3_canonical_v1_20260804_172437/images/all/test__image1229.jpg,/root/autodl-tmp/datasets/derived/construction_ppe3_canonical_v1_20260804_172437/labels/all/test__image1229.txt,1,0,0,False,380810184b4b0d74,hardlink,hardlink
reviewed_group_0014,train,20,/root/autodl-tmp/datasets/sources/construction-ppe_ultralytics_2025_v1/images/test/image1231.jpg,/root/autodl-tmp/datasets/derived/construction_ppe3_canonical_v1_20260804_172437/images/all/test__image1231.jpg,/root/autodl-tmp/datasets/derived/construction_ppe3_canonical_v1_20260804_172437/labels/all/test__image1231.txt,2,0,0,False,6664696264a8b161,hardlink,hardlink
reviewed_group_0014,train,20,/root/autodl-tmp/datasets/sources/construction-ppe_ultralytics_2025_v1/images/test/image1235.jpg,/root/autodl-tmp/datasets/derived/construction_ppe3_canonical_v1_20260804_172437/images/all/test__image1235.jpg,/root/autodl-tmp/datasets/derived/construction_ppe3_canonical_v1_20260804_172437/labels/all/test__image1235.txt,2,0,0,False,8e381858c0545580,hardlink,hardlink
reviewed_group_0014,train,20,/root/autodl-tmp/datasets/sources/construction-ppe_ultralytics_2025_v1/images/test/image1239.jpg,/root/autodl-tmp/datasets/derived/construction_ppe3_canonical_v1_20260804_172437/images/all/test__image1239.jpg,/root/autodl-tmp/datasets/derived/construction_ppe3_canonical_v1_20260804_172437/labels/all/test__image1239.txt,3,0,0,False,e0c36327f6b6d2c0,hardlink,hardlink
reviewed_group_0015,test,20,/root/autodl-tmp/datasets/sources/construction-ppe_ultralytics_2025_v1/images/train/image1240.jpg,/root/autodl-tmp/datasets/derived/construction_ppe3_canonical_v1_20260804_172437/images/all/train__image1240.jpg,/root/autodl-tmp/datasets/derived/construction_ppe3_canonical_v1_20260804_172437/labels/all/train__image1240.txt,1,0,0,False,34383cd478763a1a,hardlink,hardlink
reviewed_group_0015,test,20,/root/autodl-tmp/datasets/sources/construction-ppe_ultralytics_2025_v1/images/train/image1241.jpg,/root/autodl-tmp/datasets/derived/construction_ppe3_canonical_v1_20260804_172437/images/all/train__image1241.jpg,/root/autodl-tmp/datasets/derived/construction_ppe3_canonical_v1_20260804_172437/labels/all/train__image1241.txt,1,0,0,False,e6e59c961c1697d3,hardlink,hardlink
reviewed_group_0015,test,20,/root/autodl-tmp/datasets/sources/construction-ppe_ultralytics_2025_v1/images/train/image1242.jpg,/root/autodl-tmp/datasets/derived/construction_ppe3_canonical_v1_20260804_172437/images/all/train__image1242.jpg,/root/autodl-tmp/datasets/derived/construction_ppe3_canonical_v1_20260804_172437/labels/all/train__image1242.txt,1,0,0,False,e460c48c34961f4e,hardlink,hardlink
reviewed_group_0015,test,20,/root/autodl-tmp/datasets/sources/construction-ppe_ultralytics_2025_v1/images/train/image1243.jpg,/root/autodl-tmp/datasets/derived/construction_ppe3_canonical_v1_20260804_172437/images/all/train__image1243.jpg,/root/autodl-tmp/datasets/derived/construction_ppe3_canonical_v1_20260804_172437/labels/all/train__image1243.txt,1,0,0,False,80c0272955b7360e,hardlink,hardlink
reviewed_group_0015,test,20,/root/autodl-tmp/datasets/sources/construction-ppe_ultralytics_2025_v1/images/train/image1244.jpg,/root/autodl-tmp/datasets/derived/construction_ppe3_canonical_v1_20260804_172437/images/all/train__image1244.jpg,/root/autodl-tmp/datasets/derived/construction_ppe3_canonical_v1_20260804_172437/labels/all/train__image1244.txt,1,1,0,False,e4b03030f55c9b33,hardlink,hardlink
reviewed_group_0015,test,20,/root/autodl-tmp/datasets/sources/construction-ppe_ultralytics_2025_v1/images/train/image1245.jpg,/root/autodl-tmp/datasets/derived/construction_ppe3_canonical_v1_20260804_172437/images/all/train__image1245.jpg,/root/autodl-tmp/datasets/derived/construction_ppe3_canonical_v1_20260804_172437/labels/all/train__image1245.txt,1,0,0,False,6764604d98988908,hardlink,hardlink
reviewed_group_0015,test,20,/root/autodl-tmp/datasets/sources/construction-ppe_ultralytics_2025_v1/images/train/image1246.jpg,/root/autodl-tmp/datasets/derived/construction_ppe3_canonical_v1_20260804_172437/images/all/train__image1246.jpg,/root/autodl-tmp/datasets/derived/construction_ppe3_canonical_v1_20260804_172437/labels/all/train__image1246.txt,1,0,0,False,4266664613c666cc,hardlink,hardlink
reviewed_group_0015,test,20,/root/autodl-tmp/datasets/sources/construction-ppe_ultralytics_2025_v1/images/train/image1247.jpg,/root/autodl-tmp/datasets/derived/construction_ppe3_canonical_v1_20260804_172437/images/all/train__image1247.jpg,/root/autodl-tmp/datasets/derived/construction_ppe3_canonical_v1_20260804_172437/labels/all/train__image1247.txt,1,0,0,False,ca69e8c5a2b1e4b0,hardlink,hardlink
reviewed_group_0015,test,20,/root/autodl-tmp/datasets/sources/construction-ppe_ultralytics_2025_v1/images/train/image1249.jpg,/root/autodl-tmp/datasets/derived/construction_ppe3_canonical_v1_20260804_172437/images/all/train__image1249.jpg,/root/autodl-tmp/datasets/derived/construction_ppe3_canonical_v1_20260804_172437/labels/all/train__image1249.txt,2,0,0,False,ad9b50bab3ce9e92,hardlink,hardlink
reviewed_group_0015,test,20,/root/autodl-tmp/datasets/sources/construction-ppe_ultralytics_2025_v1/images/train/image1250.jpg,/root/autodl-tmp/datasets/derived/construction_ppe3_canonical_v1_20260804_172437/images/all/train__image1250.jpg,/root/autodl-tmp/datasets/derived/construction_ppe3_canonical_v1_20260804_172437/labels/all/train__image1250.txt,1,0,0,False,dacace92c4295998,hardlink,hardlink
reviewed_group_0015,test,20,/root/autodl-tmp/datasets/sources/construction-ppe_ultralytics_2025_v1/images/train/image1251.jpg,/root/autodl-tmp/datasets/derived/construction_ppe3_canonical_v1_20260804_172437/images/all/train__image1251.jpg,/root/autodl-tmp/datasets/derived/construction_ppe3_canonical_v1_20260804_172437/labels/all/train__image1251.txt,1,0,0,False,e11c34349c9859da,hardlink,hardlink
reviewed_group_0015,test,20,/root/autodl-tmp/datasets/sources/construction-ppe_ultralytics_2025_v1/images/train/image1253.jpg,/root/autodl-tmp/datasets/derived/construction_ppe3_canonical_v1_20260804_172437/images/all/train__image1253.jpg,/root/autodl-tmp/datasets/derived/construction_ppe3_canonical_v1_20260804_172437/labels/all/train__image1253.txt,1,0,0,False,d2f4b692387858f8,hardlink,hardlink
reviewed_group_0015,test,20,/root/autodl-tmp/datasets/sources/construction-ppe_ultralytics_2025_v1/images/train/image1254.jpg,/root/autodl-tmp/datasets/derived/construction_ppe3_canonical_v1_20260804_172437/images/all/train__image1254.jpg,/root/autodl-tmp/datasets/derived/construction_ppe3_canonical_v1_20260804_172437/labels/all/train__image1254.txt,1,0,0,False,0c1233c7264d8fe0,hardlink,hardlink
reviewed_group_0015,test,20,/root/autodl-tmp/datasets/sources/construction-ppe_ultralytics_2025_v1/images/train/image1255.jpg,/root/autodl-tmp/datasets/derived/construction_ppe3_canonical_v1_20260804_172437/images/all/train__image1255.jpg,/root/autodl-tmp/datasets/derived/construction_ppe3_canonical_v1_20260804_172437/labels/all/train__image1255.txt,1,0,0,False,a74157768fd85f7f,hardlink,hardlink
reviewed_group_0015,test,20,/root/autodl-tmp/datasets/sources/construction-ppe_ultralytics_2025_v1/images/train/image1257.jpg,/root/autodl-tmp/datasets/derived/construction_ppe3_canonical_v1_20260804_172437/images/all/train__image1257.jpg,/root/autodl-tmp/datasets/derived/construction_ppe3_canonical_v1_20260804_172437/labels/all/train__image1257.txt,1,0,0,False,2ab2a2861cac2812,hardlink,hardlink
reviewed_group_0015,test,20,/root/autodl-tmp/datasets/sources/construction-ppe_ultralytics_2025_v1/images/train/image1258.jpg,/root/autodl-tmp/datasets/derived/construction_ppe3_canonical_v1_20260804_172437/images/all/train__image1258.jpg,/root/autodl-tmp/datasets/derived/construction_ppe3_canonical_v1_20260804_172437/labels/all/train__image1258.txt,3,0,0,False,2064e46c4c6d3929,hardlink,hardlink
reviewed_group_0015,test,20,/root/autodl-tmp/datasets/sources/construction-ppe_ultralytics_2025_v1/images/train/image1259.jpg,/root/autodl-tmp/datasets/derived/construction_ppe3_canonical_v1_20260804_172437/images/all/train__image1259.jpg,/root/autodl-tmp/datasets/derived/construction_ppe3_canonical_v1_20260804_172437/labels/all/train__image1259.txt,3,0,0,False,4aa636f6d682b7e5,hardlink,hardlink
reviewed_group_0015,test,20,/root/autodl-tmp/datasets/sources/construction-ppe_ultralytics_2025_v1/images/val/image1248.jpg,/root/autodl-tmp/datasets/derived/construction_ppe3_canonical_v1_20260804_172437/images/all/val__image1248.jpg,/root/autodl-tmp/datasets/derived/construction_ppe3_canonical_v1_20260804_172437/labels/all/val__image1248.txt,1,0,0,False,726cbdc97322ca8c,hardlink,hardlink
reviewed_group_0015,test,20,/root/autodl-tmp/datasets/sources/construction-ppe_ultralytics_2025_v1/images/test/image1252.jpg,/root/autodl-tmp/datasets/derived/construction_ppe3_canonical_v1_20260804_172437/images/all/test__image1252.jpg,/root/autodl-tmp/datasets/derived/construction_ppe3_canonical_v1_20260804_172437/labels/all/test__image1252.txt,1,0,0,False,3c300834114a460d,hardlink,hardlink
reviewed_group_0015,test,20,/root/autodl-tmp/datasets/sources/construction-ppe_ultralytics_2025_v1/images/test/image1256.jpg,/root/autodl-tmp/datasets/derived/construction_ppe3_canonical_v1_20260804_172437/images/all/test__image1256.jpg,/root/autodl-tmp/datasets/derived/construction_ppe3_canonical_v1_20260804_172437/labels/all/test__image1256.txt,3,0,0,False,7976d2d2512d2d6d,hardlink,hardlink
reviewed_group_0016,train,20,/root/autodl-tmp/datasets/sources/construction-ppe_ultralytics_2025_v1/images/train/image1260.jpg,/root/autodl-tmp/datasets/derived/construction_ppe3_canonical_v1_20260804_172437/images/all/train__image1260.jpg,/root/autodl-tmp/datasets/derived/construction_ppe3_canonical_v1_20260804_172437/labels/all/train__image1260.txt,2,0,0,False,e56464e7c78b9b4a,hardlink,hardlink
reviewed_group_0016,train,20,/root/autodl-tmp/datasets/sources/construction-ppe_ultralytics_2025_v1/images/train/image1261.jpg,/root/autodl-tmp/datasets/derived/construction_ppe3_canonical_v1_20260804_172437/images/all/train__image1261.jpg,/root/autodl-tmp/datasets/derived/construction_ppe3_canonical_v1_20260804_172437/labels/all/train__image1261.txt,2,0,0,False,e6f6a4b131313139,hardlink,hardlink
reviewed_group_0016,train,20,/root/autodl-tmp/datasets/sources/construction-ppe_ultralytics_2025_v1/images/train/image1262.jpg,/root/autodl-tmp/datasets/derived/construction_ppe3_canonical_v1_20260804_172437/images/all/train__image1262.jpg,/root/autodl-tmp/datasets/derived/construction_ppe3_canonical_v1_20260804_172437/labels/all/train__image1262.txt,1,0,0,False,fcfcfcfcfefefce8,hardlink,hardlink
reviewed_group_0016,train,20,/root/autodl-tmp/datasets/sources/construction-ppe_ultralytics_2025_v1/images/train/image1263.jpg,/root/autodl-tmp/datasets/derived/construction_ppe3_canonical_v1_20260804_172437/images/all/train__image1263.jpg,/root/autodl-tmp/datasets/derived/construction_ppe3_canonical_v1_20260804_172437/labels/all/train__image1263.txt,1,0,0,False,4e626af8b89aa671,hardlink,hardlink
reviewed_group_0016,train,20,/root/autodl-tmp/datasets/sources/construction-ppe_ultralytics_2025_v1/images/train/image1265.jpg,/root/autodl-tmp/datasets/derived/construction_ppe3_canonical_v1_20260804_172437/images/all/train__image1265.jpg,/root/autodl-tmp/datasets/derived/construction_ppe3_canonical_v1_20260804_172437/labels/all/train__image1265.txt,1,0,0,False,39292934303a383a,hardlink,hardlink
reviewed_group_0016,train,20,/root/autodl-tmp/datasets/sources/construction-ppe_ultralytics_2025_v1/images/train/image1266.jpg,/root/autodl-tmp/datasets/derived/construction_ppe3_canonical_v1_20260804_172437/images/all/train__image1266.jpg,/root/autodl-tmp/datasets/derived/construction_ppe3_canonical_v1_20260804_172437/labels/all/train__image1266.txt,1,0,0,False,3130663735c4c6e3,hardlink,hardlink
reviewed_group_0016,train,20,/root/autodl-tmp/datasets/sources/construction-ppe_ultralytics_2025_v1/images/train/image1267.jpg,/root/autodl-tmp/datasets/derived/construction_ppe3_canonical_v1_20260804_172437/images/all/train__image1267.jpg,/root/autodl-tmp/datasets/derived/construction_ppe3_canonical_v1_20260804_172437/labels/all/train__image1267.txt,1,0,0,False,feb9393c94939397,hardlink,hardlink
reviewed_group_0016,train,20,/root/autodl-tmp/datasets/sources/construction-ppe_ultralytics_2025_v1/images/train/image1268.jpg,/root/autodl-tmp/datasets/derived/construction_ppe3_canonical_v1_20260804_172437/images/all/train__image1268.jpg,/root/autodl-tmp/datasets/derived/construction_ppe3_canonical_v1_20260804_172437/labels/all/train__image1268.txt,1,0,0,False,d898da493a1879e9,hardlink,hardlink
reviewed_group_0016,train,20,/root/autodl-tmp/datasets/sources/construction-ppe_ultralytics_2025_v1/images/train/image1269.jpg,/root/autodl-tmp/datasets/derived/construction_ppe3_canonical_v1_20260804_172437/images/all/train__image1269.jpg,/root/autodl-tmp/datasets/derived/construction_ppe3_canonical_v1_20260804_172437/labels/all/train__image1269.txt,2,1,0,False,8309c866b6969b93,hardlink,hardlink
reviewed_group_0016,train,20,/root/autodl-tmp/datasets/sources/construction-ppe_ultralytics_2025_v1/images/train/image1271.jpg,/root/autodl-tmp/datasets/derived/construction_ppe3_canonical_v1_20260804_172437/images/all/train__image1271.jpg,/root/autodl-tmp/datasets/derived/construction_ppe3_canonical_v1_20260804_172437/labels/all/train__image1271.txt,1,0,0,False,2d2b332b2bababe9,hardlink,hardlink
reviewed_group_0016,train,20,/root/autodl-tmp/datasets/sources/construction-ppe_ultralytics_2025_v1/images/train/image1272.jpg,/root/autodl-tmp/datasets/derived/construction_ppe3_canonical_v1_20260804_172437/images/all/train__image1272.jpg,/root/autodl-tmp/datasets/derived/construction_ppe3_canonical_v1_20260804_172437/labels/all/train__image1272.txt,1,0,0,False,32b1b89e3e7eccdc,hardlink,hardlink
reviewed_group_0016,train,20,/root/autodl-tmp/datasets/sources/construction-ppe_ultralytics_2025_v1/images/train/image1274.jpg,/root/autodl-tmp/datasets/derived/construction_ppe3_canonical_v1_20260804_172437/images/all/train__image1274.jpg,/root/autodl-tmp/datasets/derived/construction_ppe3_canonical_v1_20260804_172437/labels/all/train__image1274.txt,3,0,0,False,eea627f97c39ada6,hardlink,hardlink
reviewed_group_0016,train,20,/root/autodl-tmp/datasets/sources/construction-ppe_ultralytics_2025_v1/images/train/image1275.jpg,/root/autodl-tmp/datasets/derived/construction_ppe3_canonical_v1_20260804_172437/images/all/train__image1275.jpg,/root/autodl-tmp/datasets/derived/construction_ppe3_canonical_v1_20260804_172437/labels/all/train__image1275.txt,3,0,0,False,2f73f1d4d4242401,hardlink,hardlink
reviewed_group_0016,train,20,/root/autodl-tmp/datasets/sources/construction-ppe_ultralytics_2025_v1/images/train/image1277.jpg,/root/autodl-tmp/datasets/derived/construction_ppe3_canonical_v1_20260804_172437/images/all/train__image1277.jpg,/root/autodl-tmp/datasets/derived/construction_ppe3_canonical_v1_20260804_172437/labels/all/train__image1277.txt,1,0,0,False,da1c1f9a9b9cb0d1,hardlink,hardlink
reviewed_group_0016,train,20,/root/autodl-tmp/datasets/sources/construction-ppe_ultralytics_2025_v1/images/train/image1278.jpg,/root/autodl-tmp/datasets/derived/construction_ppe3_canonical_v1_20260804_172437/images/all/train__image1278.jpg,/root/autodl-tmp/datasets/derived/construction_ppe3_canonical_v1_20260804_172437/labels/all/train__image1278.txt,2,0,0,False,4a0c9e0c25272f8e,hardlink,hardlink
reviewed_group_0016,train,20,/root/autodl-tmp/datasets/sources/construction-ppe_ultralytics_2025_v1/images/train/image1279.jpg,/root/autodl-tmp/datasets/derived/construction_ppe3_canonical_v1_20260804_172437/images/all/train__image1279.jpg,/root/autodl-tmp/datasets/derived/construction_ppe3_canonical_v1_20260804_172437/labels/all/train__image1279.txt,2,0,0,False,484adcc666a768c8,hardlink,hardlink
reviewed_group_0016,train,20,/root/autodl-tmp/datasets/sources/construction-ppe_ultralytics_2025_v1/images/val/image1273.jpg,/root/autodl-tmp/datasets/derived/construction_ppe3_canonical_v1_20260804_172437/images/all/val__image1273.jpg,/root/autodl-tmp/datasets/derived/construction_ppe3_canonical_v1_20260804_172437/labels/all/val__image1273.txt,1,0,0,False,edaccf9b95377373,hardlink,hardlink
reviewed_group_0016,train,20,/root/autodl-tmp/datasets/sources/construction-ppe_ultralytics_2025_v1/images/test/image1264.jpg,/root/autodl-tmp/datasets/derived/construction_ppe3_canonical_v1_20260804_172437/images/all/test__image1264.jpg,/root/autodl-tmp/datasets/derived/construction_ppe3_canonical_v1_20260804_172437/labels/all/test__image1264.txt,5,0,0,False,941b333b3b3e3830,hardlink,hardlink
reviewed_group_0016,train,20,/root/autodl-tmp/datasets/sources/construction-ppe_ultralytics_2025_v1/images/test/image1270.jpg,/root/autodl-tmp/datasets/derived/construction_ppe3_canonical_v1_20260804_172437/images/all/test__image1270.jpg,/root/autodl-tmp/datasets/derived/construction_ppe3_canonical_v1_20260804_172437/labels/all/test__image1270.txt,3,0,0,False,a4ce062c0f07069e,hardlink,hardlink
reviewed_group_0016,train,20,/root/autodl-tmp/datasets/sources/construction-ppe_ultralytics_2025_v1/images/test/image1276.jpg,/root/autodl-tmp/datasets/derived/construction_ppe3_canonical_v1_20260804_172437/images/all/test__image1276.jpg,/root/autodl-tmp/datasets/derived/construction_ppe3_canonical_v1_20260804_172437/labels/all/test__image1276.txt,1,0,0,False,9ed6c467694986c0,hardlink,hardlink
reviewed_group_0017,train,20,/root/autodl-tmp/datasets/sources/construction-ppe_ultralytics_2025_v1/images/train/image1280.jpg,/root/autodl-tmp/datasets/derived/construction_ppe3_canonical_v1_20260804_172437/images/all/train__image1280.jpg,/root/autodl-tmp/datasets/derived/construction_ppe3_canonical_v1_20260804_172437/labels/all/train__image1280.txt,3,0,0,False,b534646990901c9c,hardlink,hardlink
reviewed_group_0017,train,20,/root/autodl-tmp/datasets/sources/construction-ppe_ultralytics_2025_v1/images/train/image1281.jpg,/root/autodl-tmp/datasets/derived/construction_ppe3_canonical_v1_20260804_172437/images/all/train__image1281.jpg,/root/autodl-tmp/datasets/derived/construction_ppe3_canonical_v1_20260804_172437/labels/all/train__image1281.txt,1,0,0,False,e0f0e9ac27335134,hardlink,hardlink
reviewed_group_0017,train,20,/root/autodl-tmp/datasets/sources/construction-ppe_ultralytics_2025_v1/images/train/image1282.jpg,/root/autodl-tmp/datasets/derived/construction_ppe3_canonical_v1_20260804_172437/images/all/train__image1282.jpg,/root/autodl-tmp/datasets/derived/construction_ppe3_canonical_v1_20260804_172437/labels/all/train__image1282.txt,1,0,0,False,f9c991b3b391c9e5,hardlink,hardlink
reviewed_group_0017,train,20,/root/autodl-tmp/datasets/sources/construction-ppe_ultralytics_2025_v1/images/train/image1283.jpg,/root/autodl-tmp/datasets/derived/construction_ppe3_canonical_v1_20260804_172437/images/all/train__image1283.jpg,/root/autodl-tmp/datasets/derived/construction_ppe3_canonical_v1_20260804_172437/labels/all/train__image1283.txt,1,0,0,False,30303e3f1b1b9c8c,hardlink,hardlink
reviewed_group_0017,train,20,/root/autodl-tmp/datasets/sources/construction-ppe_ultralytics_2025_v1/images/train/image1284.jpg,/root/autodl-tmp/datasets/derived/construction_ppe3_canonical_v1_20260804_172437/images/all/train__image1284.jpg,/root/autodl-tmp/datasets/derived/construction_ppe3_canonical_v1_20260804_172437/labels/all/train__image1284.txt,2,0,0,False,364e4fb162690e5a,hardlink,hardlink
reviewed_group_0017,train,20,/root/autodl-tmp/datasets/sources/construction-ppe_ultralytics_2025_v1/images/train/image1285.jpg,/root/autodl-tmp/datasets/derived/construction_ppe3_canonical_v1_20260804_172437/images/all/train__image1285.jpg,/root/autodl-tmp/datasets/derived/construction_ppe3_canonical_v1_20260804_172437/labels/all/train__image1285.txt,3,0,0,False,da1939b896c6cecc,hardlink,hardlink
reviewed_group_0017,train,20,/root/autodl-tmp/datasets/sources/construction-ppe_ultralytics_2025_v1/images/train/image1286.jpg,/root/autodl-tmp/datasets/derived/construction_ppe3_canonical_v1_20260804_172437/images/all/train__image1286.jpg,/root/autodl-tmp/datasets/derived/construction_ppe3_canonical_v1_20260804_172437/labels/all/train__image1286.txt,1,0,0,False,cf14280c8dcdcfca,hardlink,hardlink
reviewed_group_0017,train,20,/root/autodl-tmp/datasets/sources/construction-ppe_ultralytics_2025_v1/images/train/image1287.jpg,/root/autodl-tmp/datasets/derived/construction_ppe3_canonical_v1_20260804_172437/images/all/train__image1287.jpg,/root/autodl-tmp/datasets/derived/construction_ppe3_canonical_v1_20260804_172437/labels/all/train__image1287.txt,1,0,0,False,3230312b61f9f3b1,hardlink,hardlink
reviewed_group_0017,train,20,/root/autodl-tmp/datasets/sources/construction-ppe_ultralytics_2025_v1/images/train/image1288.jpg,/root/autodl-tmp/datasets/derived/construction_ppe3_canonical_v1_20260804_172437/images/all/train__image1288.jpg,/root/autodl-tmp/datasets/derived/construction_ppe3_canonical_v1_20260804_172437/labels/all/train__image1288.txt,2,0,0,False,7d1977ce4e14e149,hardlink,hardlink
reviewed_group_0017,train,20,/root/autodl-tmp/datasets/sources/construction-ppe_ultralytics_2025_v1/images/train/image1289.jpg,/root/autodl-tmp/datasets/derived/construction_ppe3_canonical_v1_20260804_172437/images/all/train__image1289.jpg,/root/autodl-tmp/datasets/derived/construction_ppe3_canonical_v1_20260804_172437/labels/all/train__image1289.txt,4,1,0,False,e98bcbb3336be9d5,hardlink,hardlink
reviewed_group_0017,train,20,/root/autodl-tmp/datasets/sources/construction-ppe_ultralytics_2025_v1/images/train/image1291.jpg,/root/autodl-tmp/datasets/derived/construction_ppe3_canonical_v1_20260804_172437/images/all/train__image1291.jpg,/root/autodl-tmp/datasets/derived/construction_ppe3_canonical_v1_20260804_172437/labels/all/train__image1291.txt,1,0,0,False,e4b9e9b2b4b2b99d,hardlink,hardlink
reviewed_group_0017,train,20,/root/autodl-tmp/datasets/sources/construction-ppe_ultralytics_2025_v1/images/train/image1294.jpg,/root/autodl-tmp/datasets/derived/construction_ppe3_canonical_v1_20260804_172437/images/all/train__image1294.jpg,/root/autodl-tmp/datasets/derived/construction_ppe3_canonical_v1_20260804_172437/labels/all/train__image1294.txt,2,0,0,False,e2a968d8d8989cac,hardlink,hardlink
reviewed_group_0017,train,20,/root/autodl-tmp/datasets/sources/construction-ppe_ultralytics_2025_v1/images/train/image1295.jpg,/root/autodl-tmp/datasets/derived/construction_ppe3_canonical_v1_20260804_172437/images/all/train__image1295.jpg,/root/autodl-tmp/datasets/derived/construction_ppe3_canonical_v1_20260804_172437/labels/all/train__image1295.txt,1,0,0,False,d2d2f8fceceeecce,hardlink,hardlink
reviewed_group_0017,train,20,/root/autodl-tmp/datasets/sources/construction-ppe_ultralytics_2025_v1/images/train/image1296.jpg,/root/autodl-tmp/datasets/derived/construction_ppe3_canonical_v1_20260804_172437/images/all/train__image1296.jpg,/root/autodl-tmp/datasets/derived/construction_ppe3_canonical_v1_20260804_172437/labels/all/train__image1296.txt,3,0,0,False,2ce6f6648db595e2,hardlink,hardlink
reviewed_group_0017,train,20,/root/autodl-tmp/datasets/sources/construction-ppe_ultralytics_2025_v1/images/train/image1297.jpg,/root/autodl-tmp/datasets/derived/construction_ppe3_canonical_v1_20260804_172437/images/all/train__image1297.jpg,/root/autodl-tmp/datasets/derived/construction_ppe3_canonical_v1_20260804_172437/labels/all/train__image1297.txt,3,0,0,False,2c1a46426be9c9d0,hardlink,hardlink
reviewed_group_0017,train,20,/root/autodl-tmp/datasets/sources/construction-ppe_ultralytics_2025_v1/images/train/image1298.jpg,/root/autodl-tmp/datasets/derived/construction_ppe3_canonical_v1_20260804_172437/images/all/train__image1298.jpg,/root/autodl-tmp/datasets/derived/construction_ppe3_canonical_v1_20260804_172437/labels/all/train__image1298.txt,1,0,0,False,6b6762b9f930b0b4,hardlink,hardlink
reviewed_group_0017,train,20,/root/autodl-tmp/datasets/sources/construction-ppe_ultralytics_2025_v1/images/train/image1299.jpg,/root/autodl-tmp/datasets/derived/construction_ppe3_canonical_v1_20260804_172437/images/all/train__image1299.jpg,/root/autodl-tmp/datasets/derived/construction_ppe3_canonical_v1_20260804_172437/labels/all/train__image1299.txt,1,1,0,False,26b2e2675299999b,hardlink,hardlink
reviewed_group_0017,train,20,/root/autodl-tmp/datasets/sources/construction-ppe_ultralytics_2025_v1/images/val/image1290.jpg,/root/autodl-tmp/datasets/derived/construction_ppe3_canonical_v1_20260804_172437/images/all/val__image1290.jpg,/root/autodl-tmp/datasets/derived/construction_ppe3_canonical_v1_20260804_172437/labels/all/val__image1290.txt,1,0,0,False,41e1871630f636c6,hardlink,hardlink
reviewed_group_0017,train,20,/root/autodl-tmp/datasets/sources/construction-ppe_ultralytics_2025_v1/images/test/image1292.jpg,/root/autodl-tmp/datasets/derived/construction_ppe3_canonical_v1_20260804_172437/images/all/test__image1292.jpg,/root/autodl-tmp/datasets/derived/construction_ppe3_canonical_v1_20260804_172437/labels/all/test__image1292.txt,1,0,0,False,cccc9c9ecececeec,hardlink,hardlink
reviewed_group_0017,train,20,/root/autodl-tmp/datasets/sources/construction-ppe_ultralytics_2025_v1/images/test/image1293.jpg,/root/autodl-tmp/datasets/derived/construction_ppe3_canonical_v1_20260804_172437/images/all/test__image1293.jpg,/root/autodl-tmp/datasets/derived/construction_ppe3_canonical_v1_20260804_172437/labels/all/test__image1293.txt,1,0,0,False,fff33b395cfe6c6c,hardlink,hardlink
reviewed_group_0018,train,20,/root/autodl-tmp/datasets/sources/construction-ppe_ultralytics_2025_v1/images/train/image1300.jpg,/root/autodl-tmp/datasets/derived/construction_ppe3_canonical_v1_20260804_172437/images/all/train__image1300.jpg,/root/autodl-tmp/datasets/derived/construction_ppe3_canonical_v1_20260804_172437/labels/all/train__image1300.txt,1,0,0,False,f4b3f7fdfb6bdbdb,hardlink,hardlink
reviewed_group_0018,train,20,/root/autodl-tmp/datasets/sources/construction-ppe_ultralytics_2025_v1/images/train/image1302.jpg,/root/autodl-tmp/datasets/derived/construction_ppe3_canonical_v1_20260804_172437/images/all/train__image1302.jpg,/root/autodl-tmp/datasets/derived/construction_ppe3_canonical_v1_20260804_172437/labels/all/train__image1302.txt,2,0,0,False,c0e3af666727b62b,hardlink,hardlink
reviewed_group_0018,train,20,/root/autodl-tmp/datasets/sources/construction-ppe_ultralytics_2025_v1/images/train/image1303.jpg,/root/autodl-tmp/datasets/derived/construction_ppe3_canonical_v1_20260804_172437/images/all/train__image1303.jpg,/root/autodl-tmp/datasets/derived/construction_ppe3_canonical_v1_20260804_172437/labels/all/train__image1303.txt,1,0,0,False,1587ebba3273a513,hardlink,hardlink
reviewed_group_0018,train,20,/root/autodl-tmp/datasets/sources/construction-ppe_ultralytics_2025_v1/images/train/image1304.jpg,/root/autodl-tmp/datasets/derived/construction_ppe3_canonical_v1_20260804_172437/images/all/train__image1304.jpg,/root/autodl-tmp/datasets/derived/construction_ppe3_canonical_v1_20260804_172437/labels/all/train__image1304.txt,1,0,0,False,c1f3f3f0c9e3e3b2,hardlink,hardlink
reviewed_group_0018,train,20,/root/autodl-tmp/datasets/sources/construction-ppe_ultralytics_2025_v1/images/train/image1305.jpg,/root/autodl-tmp/datasets/derived/construction_ppe3_canonical_v1_20260804_172437/images/all/train__image1305.jpg,/root/autodl-tmp/datasets/derived/construction_ppe3_canonical_v1_20260804_172437/labels/all/train__image1305.txt,1,0,0,False,8c8c4d6948484062,hardlink,hardlink
reviewed_group_0018,train,20,/root/autodl-tmp/datasets/sources/construction-ppe_ultralytics_2025_v1/images/train/image1307.jpg,/root/autodl-tmp/datasets/derived/construction_ppe3_canonical_v1_20260804_172437/images/all/train__image1307.jpg,/root/autodl-tmp/datasets/derived/construction_ppe3_canonical_v1_20260804_172437/labels/all/train__image1307.txt,1,0,0,False,921c89a4ad8d8d8f,hardlink,hardlink
reviewed_group_0018,train,20,/root/autodl-tmp/datasets/sources/construction-ppe_ultralytics_2025_v1/images/train/image1308.jpg,/root/autodl-tmp/datasets/derived/construction_ppe3_canonical_v1_20260804_172437/images/all/train__image1308.jpg,/root/autodl-tmp/datasets/derived/construction_ppe3_canonical_v1_20260804_172437/labels/all/train__image1308.txt,1,0,0,False,393443de583959d9,hardlink,hardlink
reviewed_group_0018,train,20,/root/autodl-tmp/datasets/sources/construction-ppe_ultralytics_2025_v1/images/train/image1309.jpg,/root/autodl-tmp/datasets/derived/construction_ppe3_canonical_v1_20260804_172437/images/all/train__image1309.jpg,/root/autodl-tmp/datasets/derived/construction_ppe3_canonical_v1_20260804_172437/labels/all/train__image1309.txt,3,0,0,False,ddd1dcbc91326b69,hardlink,hardlink
reviewed_group_0018,train,20,/root/autodl-tmp/datasets/sources/construction-ppe_ultralytics_2025_v1/images/train/image1310.jpg,/root/autodl-tmp/datasets/derived/construction_ppe3_canonical_v1_20260804_172437/images/all/train__image1310.jpg,/root/autodl-tmp/datasets/derived/construction_ppe3_canonical_v1_20260804_172437/labels/all/train__image1310.txt,1,0,0,False,cd9c9e8dc9a1e1a3,hardlink,hardlink
reviewed_group_0018,train,20,/root/autodl-tmp/datasets/sources/construction-ppe_ultralytics_2025_v1/images/train/image1311.jpg,/root/autodl-tmp/datasets/derived/construction_ppe3_canonical_v1_20260804_172437/images/all/train__image1311.jpg,/root/autodl-tmp/datasets/derived/construction_ppe3_canonical_v1_20260804_172437/labels/all/train__image1311.txt,1,0,0,False,ff9f9f9f9b973054,hardlink,hardlink
reviewed_group_0018,train,20,/root/autodl-tmp/datasets/sources/construction-ppe_ultralytics_2025_v1/images/train/image1312.jpg,/root/autodl-tmp/datasets/derived/construction_ppe3_canonical_v1_20260804_172437/images/all/train__image1312.jpg,/root/autodl-tmp/datasets/derived/construction_ppe3_canonical_v1_20260804_172437/labels/all/train__image1312.txt,1,0,0,False,0f0d9637332f0696,hardlink,hardlink
reviewed_group_0018,train,20,/root/autodl-tmp/datasets/sources/construction-ppe_ultralytics_2025_v1/images/train/image1313.jpg,/root/autodl-tmp/datasets/derived/construction_ppe3_canonical_v1_20260804_172437/images/all/train__image1313.jpg,/root/autodl-tmp/datasets/derived/construction_ppe3_canonical_v1_20260804_172437/labels/all/train__image1313.txt,1,0,0,False,cd8b8dad2b9b93e3,hardlink,hardlink
reviewed_group_0018,train,20,/root/autodl-tmp/datasets/sources/construction-ppe_ultralytics_2025_v1/images/train/image1314.jpg,/root/autodl-tmp/datasets/derived/construction_ppe3_canonical_v1_20260804_172437/images/all/train__image1314.jpg,/root/autodl-tmp/datasets/derived/construction_ppe3_canonical_v1_20260804_172437/labels/all/train__image1314.txt,2,0,0,False,4ac54a4e4c5c3890,hardlink,hardlink
reviewed_group_0018,train,20,/root/autodl-tmp/datasets/sources/construction-ppe_ultralytics_2025_v1/images/train/image1315.jpg,/root/autodl-tmp/datasets/derived/construction_ppe3_canonical_v1_20260804_172437/images/all/train__image1315.jpg,/root/autodl-tmp/datasets/derived/construction_ppe3_canonical_v1_20260804_172437/labels/all/train__image1315.txt,2,0,0,False,1c19293839393036,hardlink,hardlink
reviewed_group_0018,train,20,/root/autodl-tmp/datasets/sources/construction-ppe_ultralytics_2025_v1/images/train/image1316.jpg,/root/autodl-tmp/datasets/derived/construction_ppe3_canonical_v1_20260804_172437/images/all/train__image1316.jpg,/root/autodl-tmp/datasets/derived/construction_ppe3_canonical_v1_20260804_172437/labels/all/train__image1316.txt,1,0,0,False,40c4d4c0c6cbceec,hardlink,hardlink
reviewed_group_0018,train,20,/root/autodl-tmp/datasets/sources/construction-ppe_ultralytics_2025_v1/images/train/image1317.jpg,/root/autodl-tmp/datasets/derived/construction_ppe3_canonical_v1_20260804_172437/images/all/train__image1317.jpg,/root/autodl-tmp/datasets/derived/construction_ppe3_canonical_v1_20260804_172437/labels/all/train__image1317.txt,1,0,0,False,06e68622e3ccceec,hardlink,hardlink
reviewed_group_0018,train,20,/root/autodl-tmp/datasets/sources/construction-ppe_ultralytics_2025_v1/images/train/image1318.jpg,/root/autodl-tmp/datasets/derived/construction_ppe3_canonical_v1_20260804_172437/images/all/train__image1318.jpg,/root/autodl-tmp/datasets/derived/construction_ppe3_canonical_v1_20260804_172437/labels/all/train__image1318.txt,1,0,0,False,9c9736e6d8e1e8e8,hardlink,hardlink
reviewed_group_0018,train,20,/root/autodl-tmp/datasets/sources/construction-ppe_ultralytics_2025_v1/images/train/image1319.jpg,/root/autodl-tmp/datasets/derived/construction_ppe3_canonical_v1_20260804_172437/images/all/train__image1319.jpg,/root/autodl-tmp/datasets/derived/construction_ppe3_canonical_v1_20260804_172437/labels/all/train__image1319.txt,4,0,0,False,4c48f44d6d5a4cb6,hardlink,hardlink
reviewed_group_0018,train,20,/root/autodl-tmp/datasets/sources/construction-ppe_ultralytics_2025_v1/images/val/image1301.jpg,/root/autodl-tmp/datasets/derived/construction_ppe3_canonical_v1_20260804_172437/images/all/val__image1301.jpg,/root/autodl-tmp/datasets/derived/construction_ppe3_canonical_v1_20260804_172437/labels/all/val__image1301.txt,1,0,0,False,c8a4a4c4d8b06696,hardlink,hardlink
reviewed_group_0018,train,20,/root/autodl-tmp/datasets/sources/construction-ppe_ultralytics_2025_v1/images/test/image1306.jpg,/root/autodl-tmp/datasets/derived/construction_ppe3_canonical_v1_20260804_172437/images/all/test__image1306.jpg,/root/autodl-tmp/datasets/derived/construction_ppe3_canonical_v1_20260804_172437/labels/all/test__image1306.txt,2,0,0,False,fffef3c34d2f9b00,hardlink,hardlink
reviewed_group_0019,train,20,/root/autodl-tmp/datasets/sources/construction-ppe_ultralytics_2025_v1/images/train/image1320.jpg,/root/autodl-tmp/datasets/derived/construction_ppe3_canonical_v1_20260804_172437/images/all/train__image1320.jpg,/root/autodl-tmp/datasets/derived/construction_ppe3_canonical_v1_20260804_172437/labels/all/train__image1320.txt,1,0,0,False,e4ce9b1198daf6b7,hardlink,hardlink
reviewed_group_0019,train,20,/root/autodl-tmp/datasets/sources/construction-ppe_ultralytics_2025_v1/images/train/image1321.jpg,/root/autodl-tmp/datasets/derived/construction_ppe3_canonical_v1_20260804_172437/images/all/train__image1321.jpg,/root/autodl-tmp/datasets/derived/construction_ppe3_canonical_v1_20260804_172437/labels/all/train__image1321.txt,3,0,0,False,454eb734389be222,hardlink,hardlink
reviewed_group_0019,train,20,/root/autodl-tmp/datasets/sources/construction-ppe_ultralytics_2025_v1/images/train/image1322.jpg,/root/autodl-tmp/datasets/derived/construction_ppe3_canonical_v1_20260804_172437/images/all/train__image1322.jpg,/root/autodl-tmp/datasets/derived/construction_ppe3_canonical_v1_20260804_172437/labels/all/train__image1322.txt,1,0,0,False,d0dcec440141ccd9,hardlink,hardlink
reviewed_group_0019,train,20,/root/autodl-tmp/datasets/sources/construction-ppe_ultralytics_2025_v1/images/train/image1323.jpg,/root/autodl-tmp/datasets/derived/construction_ppe3_canonical_v1_20260804_172437/images/all/train__image1323.jpg,/root/autodl-tmp/datasets/derived/construction_ppe3_canonical_v1_20260804_172437/labels/all/train__image1323.txt,1,0,0,False,691b852bcbcad121,hardlink,hardlink
reviewed_group_0019,train,20,/root/autodl-tmp/datasets/sources/construction-ppe_ultralytics_2025_v1/images/train/image1324.jpg,/root/autodl-tmp/datasets/derived/construction_ppe3_canonical_v1_20260804_172437/images/all/train__image1324.jpg,/root/autodl-tmp/datasets/derived/construction_ppe3_canonical_v1_20260804_172437/labels/all/train__image1324.txt,2,0,0,False,955ca8b79318083b,hardlink,hardlink
reviewed_group_0019,train,20,/root/autodl-tmp/datasets/sources/construction-ppe_ultralytics_2025_v1/images/train/image1325.jpg,/root/autodl-tmp/datasets/derived/construction_ppe3_canonical_v1_20260804_172437/images/all/train__image1325.jpg,/root/autodl-tmp/datasets/derived/construction_ppe3_canonical_v1_20260804_172437/labels/all/train__image1325.txt,1,0,0,False,3c76676663676362,hardlink,hardlink
reviewed_group_0019,train,20,/root/autodl-tmp/datasets/sources/construction-ppe_ultralytics_2025_v1/images/train/image1326.jpg,/root/autodl-tmp/datasets/derived/construction_ppe3_canonical_v1_20260804_172437/images/all/train__image1326.jpg,/root/autodl-tmp/datasets/derived/construction_ppe3_canonical_v1_20260804_172437/labels/all/train__image1326.txt,3,0,0,False,5276262a2a23332b,hardlink,hardlink
reviewed_group_0019,train,20,/root/autodl-tmp/datasets/sources/construction-ppe_ultralytics_2025_v1/images/train/image1327.jpg,/root/autodl-tmp/datasets/derived/construction_ppe3_canonical_v1_20260804_172437/images/all/train__image1327.jpg,/root/autodl-tmp/datasets/derived/construction_ppe3_canonical_v1_20260804_172437/labels/all/train__image1327.txt,1,0,0,False,9245e1f0f2e3e1a7,hardlink,hardlink
reviewed_group_0019,train,20,/root/autodl-tmp/datasets/sources/construction-ppe_ultralytics_2025_v1/images/train/image1328.jpg,/root/autodl-tmp/datasets/derived/construction_ppe3_canonical_v1_20260804_172437/images/all/train__image1328.jpg,/root/autodl-tmp/datasets/derived/construction_ppe3_canonical_v1_20260804_172437/labels/all/train__image1328.txt,3,0,0,False,b0b2ea6a948ccc8c,hardlink,hardlink
reviewed_group_0019,train,20,/root/autodl-tmp/datasets/sources/construction-ppe_ultralytics_2025_v1/images/train/image1329.jpg,/root/autodl-tmp/datasets/derived/construction_ppe3_canonical_v1_20260804_172437/images/all/train__image1329.jpg,/root/autodl-tmp/datasets/derived/construction_ppe3_canonical_v1_20260804_172437/labels/all/train__image1329.txt,2,0,0,False,c533317666c6d0f1,hardlink,hardlink
reviewed_group_0019,train,20,/root/autodl-tmp/datasets/sources/construction-ppe_ultralytics_2025_v1/images/train/image1334.jpg,/root/autodl-tmp/datasets/derived/construction_ppe3_canonical_v1_20260804_172437/images/all/train__image1334.jpg,/root/autodl-tmp/datasets/derived/construction_ppe3_canonical_v1_20260804_172437/labels/all/train__image1334.txt,1,0,0,False,052624060b333313,hardlink,hardlink
reviewed_group_0019,train,20,/root/autodl-tmp/datasets/sources/construction-ppe_ultralytics_2025_v1/images/train/image1335.jpg,/root/autodl-tmp/datasets/derived/construction_ppe3_canonical_v1_20260804_172437/images/all/train__image1335.jpg,/root/autodl-tmp/datasets/derived/construction_ppe3_canonical_v1_20260804_172437/labels/all/train__image1335.txt,1,0,0,False,7890f146e6f6e6cb,hardlink,hardlink
reviewed_group_0019,train,20,/root/autodl-tmp/datasets/sources/construction-ppe_ultralytics_2025_v1/images/train/image1336.jpg,/root/autodl-tmp/datasets/derived/construction_ppe3_canonical_v1_20260804_172437/images/all/train__image1336.jpg,/root/autodl-tmp/datasets/derived/construction_ppe3_canonical_v1_20260804_172437/labels/all/train__image1336.txt,4,0,0,False,a4b0f2e064a5b3b3,hardlink,hardlink
reviewed_group_0019,train,20,/root/autodl-tmp/datasets/sources/construction-ppe_ultralytics_2025_v1/images/train/image1337.jpg,/root/autodl-tmp/datasets/derived/construction_ppe3_canonical_v1_20260804_172437/images/all/train__image1337.jpg,/root/autodl-tmp/datasets/derived/construction_ppe3_canonical_v1_20260804_172437/labels/all/train__image1337.txt,1,0,0,False,383850ccccd4d6f6,hardlink,hardlink
reviewed_group_0019,train,20,/root/autodl-tmp/datasets/sources/construction-ppe_ultralytics_2025_v1/images/train/image1338.jpg,/root/autodl-tmp/datasets/derived/construction_ppe3_canonical_v1_20260804_172437/images/all/train__image1338.jpg,/root/autodl-tmp/datasets/derived/construction_ppe3_canonical_v1_20260804_172437/labels/all/train__image1338.txt,1,0,0,False,a862a6e747c6c686,hardlink,hardlink
reviewed_group_0019,train,20,/root/autodl-tmp/datasets/sources/construction-ppe_ultralytics_2025_v1/images/train/image1339.jpg,/root/autodl-tmp/datasets/derived/construction_ppe3_canonical_v1_20260804_172437/images/all/train__image1339.jpg,/root/autodl-tmp/datasets/derived/construction_ppe3_canonical_v1_20260804_172437/labels/all/train__image1339.txt,2,0,0,False,e6272627755386c6,hardlink,hardlink
reviewed_group_0019,train,20,/root/autodl-tmp/datasets/sources/construction-ppe_ultralytics_2025_v1/images/val/image1333.jpg,/root/autodl-tmp/datasets/derived/construction_ppe3_canonical_v1_20260804_172437/images/all/val__image1333.jpg,/root/autodl-tmp/datasets/derived/construction_ppe3_canonical_v1_20260804_172437/labels/all/val__image1333.txt,1,0,0,False,e686924646c6c4cc,hardlink,hardlink
reviewed_group_0019,train,20,/root/autodl-tmp/datasets/sources/construction-ppe_ultralytics_2025_v1/images/test/image1330.jpg,/root/autodl-tmp/datasets/derived/construction_ppe3_canonical_v1_20260804_172437/images/all/test__image1330.jpg,/root/autodl-tmp/datasets/derived/construction_ppe3_canonical_v1_20260804_172437/labels/all/test__image1330.txt,1,0,0,False,ccb2b23168f0b832,hardlink,hardlink
reviewed_group_0019,train,20,/root/autodl-tmp/datasets/sources/construction-ppe_ultralytics_2025_v1/images/test/image1331.jpg,/root/autodl-tmp/datasets/derived/construction_ppe3_canonical_v1_20260804_172437/images/all/test__image1331.jpg,/root/autodl-tmp/datasets/derived/construction_ppe3_canonical_v1_20260804_172437/labels/all/test__image1331.txt,1,0,0,False,2830b2b262e89081,hardlink,hardlink
reviewed_group_0019,train,20,/root/autodl-tmp/datasets/sources/construction-ppe_ultralytics_2025_v1/images/test/image1332.jpg,/root/autodl-tmp/datasets/derived/construction_ppe3_canonical_v1_20260804_172437/images/all/test__image1332.jpg,/root/autodl-tmp/datasets/derived/construction_ppe3_canonical_v1_20260804_172437/labels/all/test__image1332.txt,1,0,0,False,f31f47330f170f36,hardlink,hardlink
reviewed_group_0020,train,20,/root/autodl-tmp/datasets/sources/construction-ppe_ultralytics_2025_v1/images/train/image1340.jpg,/root/autodl-tmp/datasets/derived/construction_ppe3_canonical_v1_20260804_172437/images/all/train__image1340.jpg,/root/autodl-tmp/datasets/derived/construction_ppe3_canonical_v1_20260804_172437/labels/all/train__image1340.txt,1,0,0,False,b7bc7f736373ce07,hardlink,hardlink
reviewed_group_0020,train,20,/root/autodl-tmp/datasets/sources/construction-ppe_ultralytics_2025_v1/images/train/image1343.jpg,/root/autodl-tmp/datasets/derived/construction_ppe3_canonical_v1_20260804_172437/images/all/train__image1343.jpg,/root/autodl-tmp/datasets/derived/construction_ppe3_canonical_v1_20260804_172437/labels/all/train__image1343.txt,1,0,0,False,e0b49e97b3b3b3b1,hardlink,hardlink
reviewed_group_0020,train,20,/root/autodl-tmp/datasets/sources/construction-ppe_ultralytics_2025_v1/images/train/image1345.jpg,/root/autodl-tmp/datasets/derived/construction_ppe3_canonical_v1_20260804_172437/images/all/train__image1345.jpg,/root/autodl-tmp/datasets/derived/construction_ppe3_canonical_v1_20260804_172437/labels/all/train__image1345.txt,1,0,0,False,dcda2939183c3519,hardlink,hardlink
reviewed_group_0020,train,20,/root/autodl-tmp/datasets/sources/construction-ppe_ultralytics_2025_v1/images/train/image1347.jpg,/root/autodl-tmp/datasets/derived/construction_ppe3_canonical_v1_20260804_172437/images/all/train__image1347.jpg,/root/autodl-tmp/datasets/derived/construction_ppe3_canonical_v1_20260804_172437/labels/all/train__image1347.txt,3,0,0,False,2a2a2f1ddffe26e6,hardlink,hardlink
reviewed_group_0020,train,20,/root/autodl-tmp/datasets/sources/construction-ppe_ultralytics_2025_v1/images/train/image1348.jpg,/root/autodl-tmp/datasets/derived/construction_ppe3_canonical_v1_20260804_172437/images/all/train__image1348.jpg,/root/autodl-tmp/datasets/derived/construction_ppe3_canonical_v1_20260804_172437/labels/all/train__image1348.txt,1,0,0,False,c25a5a72f870f0b0,hardlink,hardlink
reviewed_group_0020,train,20,/root/autodl-tmp/datasets/sources/construction-ppe_ultralytics_2025_v1/images/train/image1349.jpg,/root/autodl-tmp/datasets/derived/construction_ppe3_canonical_v1_20260804_172437/images/all/train__image1349.jpg,/root/autodl-tmp/datasets/derived/construction_ppe3_canonical_v1_20260804_172437/labels/all/train__image1349.txt,1,0,0,False,c8c452b28d8f8f8b,hardlink,hardlink
reviewed_group_0020,train,20,/root/autodl-tmp/datasets/sources/construction-ppe_ultralytics_2025_v1/images/train/image1350.jpg,/root/autodl-tmp/datasets/derived/construction_ppe3_canonical_v1_20260804_172437/images/all/train__image1350.jpg,/root/autodl-tmp/datasets/derived/construction_ppe3_canonical_v1_20260804_172437/labels/all/train__image1350.txt,1,0,0,False,9c9d98ce96878787,hardlink,hardlink
reviewed_group_0020,train,20,/root/autodl-tmp/datasets/sources/construction-ppe_ultralytics_2025_v1/images/train/image1351.jpg,/root/autodl-tmp/datasets/derived/construction_ppe3_canonical_v1_20260804_172437/images/all/train__image1351.jpg,/root/autodl-tmp/datasets/derived/construction_ppe3_canonical_v1_20260804_172437/labels/all/train__image1351.txt,2,0,0,False,fbccc6032bcd4c70,hardlink,hardlink
reviewed_group_0020,train,20,/root/autodl-tmp/datasets/sources/construction-ppe_ultralytics_2025_v1/images/train/image1352.jpg,/root/autodl-tmp/datasets/derived/construction_ppe3_canonical_v1_20260804_172437/images/all/train__image1352.jpg,/root/autodl-tmp/datasets/derived/construction_ppe3_canonical_v1_20260804_172437/labels/all/train__image1352.txt,1,0,0,False,6d4446969b25351a,hardlink,hardlink
reviewed_group_0020,train,20,/root/autodl-tmp/datasets/sources/construction-ppe_ultralytics_2025_v1/images/train/image1353.jpg,/root/autodl-tmp/datasets/derived/construction_ppe3_canonical_v1_20260804_172437/images/all/train__image1353.jpg,/root/autodl-tmp/datasets/derived/construction_ppe3_canonical_v1_20260804_172437/labels/all/train__image1353.txt,1,0,0,False,468582b2b25a387c,hardlink,hardlink
reviewed_group_0020,train,20,/root/autodl-tmp/datasets/sources/construction-ppe_ultralytics_2025_v1/images/train/image1355.jpg,/root/autodl-tmp/datasets/derived/construction_ppe3_canonical_v1_20260804_172437/images/all/train__image1355.jpg,/root/autodl-tmp/datasets/derived/construction_ppe3_canonical_v1_20260804_172437/labels/all/train__image1355.txt,3,0,0,False,24602849e0f8f8f8,hardlink,hardlink
reviewed_group_0020,train,20,/root/autodl-tmp/datasets/sources/construction-ppe_ultralytics_2025_v1/images/train/image1356.jpg,/root/autodl-tmp/datasets/derived/construction_ppe3_canonical_v1_20260804_172437/images/all/train__image1356.jpg,/root/autodl-tmp/datasets/derived/construction_ppe3_canonical_v1_20260804_172437/labels/all/train__image1356.txt,1,0,0,False,0e8ac2e249d869c9,hardlink,hardlink
reviewed_group_0020,train,20,/root/autodl-tmp/datasets/sources/construction-ppe_ultralytics_2025_v1/images/train/image1357.jpg,/root/autodl-tmp/datasets/derived/construction_ppe3_canonical_v1_20260804_172437/images/all/train__image1357.jpg,/root/autodl-tmp/datasets/derived/construction_ppe3_canonical_v1_20260804_172437/labels/all/train__image1357.txt,3,3,0,False,6443c4114750388e,hardlink,hardlink
reviewed_group_0020,train,20,/root/autodl-tmp/datasets/sources/construction-ppe_ultralytics_2025_v1/images/train/image1358.jpg,/root/autodl-tmp/datasets/derived/construction_ppe3_canonical_v1_20260804_172437/images/all/train__image1358.jpg,/root/autodl-tmp/datasets/derived/construction_ppe3_canonical_v1_20260804_172437/labels/all/train__image1358.txt,2,1,0,False,26a7df7d79797b7b,hardlink,hardlink
reviewed_group_0020,train,20,/root/autodl-tmp/datasets/sources/construction-ppe_ultralytics_2025_v1/images/train/image1359.jpg,/root/autodl-tmp/datasets/derived/construction_ppe3_canonical_v1_20260804_172437/images/all/train__image1359.jpg,/root/autodl-tmp/datasets/derived/construction_ppe3_canonical_v1_20260804_172437/labels/all/train__image1359.txt,9,0,0,False,c393b372f0d1d7d7,hardlink,hardlink
reviewed_group_0020,train,20,/root/autodl-tmp/datasets/sources/construction-ppe_ultralytics_2025_v1/images/val/image1341.jpg,/root/autodl-tmp/datasets/derived/construction_ppe3_canonical_v1_20260804_172437/images/all/val__image1341.jpg,/root/autodl-tmp/datasets/derived/construction_ppe3_canonical_v1_20260804_172437/labels/all/val__image1341.txt,2,0,0,False,0c79d984ccd8bce4,hardlink,hardlink
reviewed_group_0020,train,20,/root/autodl-tmp/datasets/sources/construction-ppe_ultralytics_2025_v1/images/val/image1342.jpg,/root/autodl-tmp/datasets/derived/construction_ppe3_canonical_v1_20260804_172437/images/all/val__image1342.jpg,/root/autodl-tmp/datasets/derived/construction_ppe3_canonical_v1_20260804_172437/labels/all/val__image1342.txt,1,0,0,False,4ab4b290b42d8c8c,hardlink,hardlink
reviewed_group_0020,train,20,/root/autodl-tmp/datasets/sources/construction-ppe_ultralytics_2025_v1/images/val/image1346.jpg,/root/autodl-tmp/datasets/derived/construction_ppe3_canonical_v1_20260804_172437/images/all/val__image1346.jpg,/root/autodl-tmp/datasets/derived/construction_ppe3_canonical_v1_20260804_172437/labels/all/val__image1346.txt,2,0,0,False,37b9099eca66f606,hardlink,hardlink
reviewed_group_0020,train,20,/root/autodl-tmp/datasets/sources/construction-ppe_ultralytics_2025_v1/images/test/image1344.jpg,/root/autodl-tmp/datasets/derived/construction_ppe3_canonical_v1_20260804_172437/images/all/test__image1344.jpg,/root/autodl-tmp/datasets/derived/construction_ppe3_canonical_v1_20260804_172437/labels/all/test__image1344.txt,1,0,0,False,9b0c8713293d2707,hardlink,hardlink
reviewed_group_0020,train,20,/root/autodl-tmp/datasets/sources/construction-ppe_ultralytics_2025_v1/images/test/image1354.jpg,/root/autodl-tmp/datasets/derived/construction_ppe3_canonical_v1_20260804_172437/images/all/test__image1354.jpg,/root/autodl-tmp/datasets/derived/construction_ppe3_canonical_v1_20260804_172437/labels/all/test__image1354.txt,3,3,1,False,6249dddcd4ddcc93,hardlink,hardlink
reviewed_group_0021,train,20,/root/autodl-tmp/datasets/sources/construction-ppe_ultralytics_2025_v1/images/train/image1360.jpg,/root/autodl-tmp/datasets/derived/construction_ppe3_canonical_v1_20260804_172437/images/all/train__image1360.jpg,/root/autodl-tmp/datasets/derived/construction_ppe3_canonical_v1_20260804_172437/labels/all/train__image1360.txt,2,0,0,False,1918ec981818240a,hardlink,hardlink
reviewed_group_0021,train,20,/root/autodl-tmp/datasets/sources/construction-ppe_ultralytics_2025_v1/images/train/image1361.jpg,/root/autodl-tmp/datasets/derived/construction_ppe3_canonical_v1_20260804_172437/images/all/train__image1361.jpg,/root/autodl-tmp/datasets/derived/construction_ppe3_canonical_v1_20260804_172437/labels/all/train__image1361.txt,1,0,0,False,c0a8e444a460449c,hardlink,hardlink
reviewed_group_0021,train,20,/root/autodl-tmp/datasets/sources/construction-ppe_ultralytics_2025_v1/images/train/image1362.jpg,/root/autodl-tmp/datasets/derived/construction_ppe3_canonical_v1_20260804_172437/images/all/train__image1362.jpg,/root/autodl-tmp/datasets/derived/construction_ppe3_canonical_v1_20260804_172437/labels/all/train__image1362.txt,1,0,0,False,6d71cfa5e1c54404,hardlink,hardlink
reviewed_group_0021,train,20,/root/autodl-tmp/datasets/sources/construction-ppe_ultralytics_2025_v1/images/train/image1363.jpg,/root/autodl-tmp/datasets/derived/construction_ppe3_canonical_v1_20260804_172437/images/all/train__image1363.jpg,/root/autodl-tmp/datasets/derived/construction_ppe3_canonical_v1_20260804_172437/labels/all/train__image1363.txt,1,0,0,False,b199db8d8c8d9d93,hardlink,hardlink
reviewed_group_0021,train,20,/root/autodl-tmp/datasets/sources/construction-ppe_ultralytics_2025_v1/images/train/image1364.jpg,/root/autodl-tmp/datasets/derived/construction_ppe3_canonical_v1_20260804_172437/images/all/train__image1364.jpg,/root/autodl-tmp/datasets/derived/construction_ppe3_canonical_v1_20260804_172437/labels/all/train__image1364.txt,1,0,0,False,0c1c333b77797536,hardlink,hardlink
reviewed_group_0021,train,20,/root/autodl-tmp/datasets/sources/construction-ppe_ultralytics_2025_v1/images/train/image1365.jpg,/root/autodl-tmp/datasets/derived/construction_ppe3_canonical_v1_20260804_172437/images/all/train__image1365.jpg,/root/autodl-tmp/datasets/derived/construction_ppe3_canonical_v1_20260804_172437/labels/all/train__image1365.txt,1,0,0,False,a4c6d69c98989c98,hardlink,hardlink
reviewed_group_0021,train,20,/root/autodl-tmp/datasets/sources/construction-ppe_ultralytics_2025_v1/images/train/image1366.jpg,/root/autodl-tmp/datasets/derived/construction_ppe3_canonical_v1_20260804_172437/images/all/train__image1366.jpg,/root/autodl-tmp/datasets/derived/construction_ppe3_canonical_v1_20260804_172437/labels/all/train__image1366.txt,1,0,0,False,596cb0941b2d6ae2,hardlink,hardlink
reviewed_group_0021,train,20,/root/autodl-tmp/datasets/sources/construction-ppe_ultralytics_2025_v1/images/train/image1367.jpg,/root/autodl-tmp/datasets/derived/construction_ppe3_canonical_v1_20260804_172437/images/all/train__image1367.jpg,/root/autodl-tmp/datasets/derived/construction_ppe3_canonical_v1_20260804_172437/labels/all/train__image1367.txt,2,0,0,False,f9347c7c6c56362c,hardlink,hardlink
reviewed_group_0021,train,20,/root/autodl-tmp/datasets/sources/construction-ppe_ultralytics_2025_v1/images/train/image1368.jpg,/root/autodl-tmp/datasets/derived/construction_ppe3_canonical_v1_20260804_172437/images/all/train__image1368.jpg,/root/autodl-tmp/datasets/derived/construction_ppe3_canonical_v1_20260804_172437/labels/all/train__image1368.txt,6,0,0,False,43d7f19534149496,hardlink,hardlink
reviewed_group_0021,train,20,/root/autodl-tmp/datasets/sources/construction-ppe_ultralytics_2025_v1/images/train/image1370.jpg,/root/autodl-tmp/datasets/derived/construction_ppe3_canonical_v1_20260804_172437/images/all/train__image1370.jpg,/root/autodl-tmp/datasets/derived/construction_ppe3_canonical_v1_20260804_172437/labels/all/train__image1370.txt,1,0,0,False,f434f4d8ccf0726b,hardlink,hardlink
reviewed_group_0021,train,20,/root/autodl-tmp/datasets/sources/construction-ppe_ultralytics_2025_v1/images/train/image1371.jpg,/root/autodl-tmp/datasets/derived/construction_ppe3_canonical_v1_20260804_172437/images/all/train__image1371.jpg,/root/autodl-tmp/datasets/derived/construction_ppe3_canonical_v1_20260804_172437/labels/all/train__image1371.txt,1,0,0,False,f4c7cb9333210bcb,hardlink,hardlink
reviewed_group_0021,train,20,/root/autodl-tmp/datasets/sources/construction-ppe_ultralytics_2025_v1/images/train/image1372.jpg,/root/autodl-tmp/datasets/derived/construction_ppe3_canonical_v1_20260804_172437/images/all/train__image1372.jpg,/root/autodl-tmp/datasets/derived/construction_ppe3_canonical_v1_20260804_172437/labels/all/train__image1372.txt,1,0,0,False,be2f297430383232,hardlink,hardlink
reviewed_group_0021,train,20,/root/autodl-tmp/datasets/sources/construction-ppe_ultralytics_2025_v1/images/train/image1373.jpg,/root/autodl-tmp/datasets/derived/construction_ppe3_canonical_v1_20260804_172437/images/all/train__image1373.jpg,/root/autodl-tmp/datasets/derived/construction_ppe3_canonical_v1_20260804_172437/labels/all/train__image1373.txt,1,0,0,False,f2e3cbc3d3129ab2,hardlink,hardlink
reviewed_group_0021,train,20,/root/autodl-tmp/datasets/sources/construction-ppe_ultralytics_2025_v1/images/train/image1374.jpg,/root/autodl-tmp/datasets/derived/construction_ppe3_canonical_v1_20260804_172437/images/all/train__image1374.jpg,/root/autodl-tmp/datasets/derived/construction_ppe3_canonical_v1_20260804_172437/labels/all/train__image1374.txt,4,0,0,False,cf8d8cd375e6e2e6,hardlink,hardlink
reviewed_group_0021,train,20,/root/autodl-tmp/datasets/sources/construction-ppe_ultralytics_2025_v1/images/train/image1376.jpg,/root/autodl-tmp/datasets/derived/construction_ppe3_canonical_v1_20260804_172437/images/all/train__image1376.jpg,/root/autodl-tmp/datasets/derived/construction_ppe3_canonical_v1_20260804_172437/labels/all/train__image1376.txt,1,0,0,False,6cacbea6a2b2d0b0,hardlink,hardlink
reviewed_group_0021,train,20,/root/autodl-tmp/datasets/sources/construction-ppe_ultralytics_2025_v1/images/train/image1378.jpg,/root/autodl-tmp/datasets/derived/construction_ppe3_canonical_v1_20260804_172437/images/all/train__image1378.jpg,/root/autodl-tmp/datasets/derived/construction_ppe3_canonical_v1_20260804_172437/labels/all/train__image1378.txt,0,0,0,True,94b0d0d6f6c4c5e0,hardlink,hardlink
reviewed_group_0021,train,20,/root/autodl-tmp/datasets/sources/construction-ppe_ultralytics_2025_v1/images/train/image1379.jpg,/root/autodl-tmp/datasets/derived/construction_ppe3_canonical_v1_20260804_172437/images/all/train__image1379.jpg,/root/autodl-tmp/datasets/derived/construction_ppe3_canonical_v1_20260804_172437/labels/all/train__image1379.txt,1,0,0,False,64b47461f4b6b3e0,hardlink,hardlink
reviewed_group_0021,train,20,/root/autodl-tmp/datasets/sources/construction-ppe_ultralytics_2025_v1/images/val/image1369.jpg,/root/autodl-tmp/datasets/derived/construction_ppe3_canonical_v1_20260804_172437/images/all/val__image1369.jpg,/root/autodl-tmp/datasets/derived/construction_ppe3_canonical_v1_20260804_172437/labels/all/val__image1369.txt,4,0,0,False,f050585a3878b2b2,hardlink,hardlink
reviewed_group_0021,train,20,/root/autodl-tmp/datasets/sources/construction-ppe_ultralytics_2025_v1/images/val/image1375.jpg,/root/autodl-tmp/datasets/derived/construction_ppe3_canonical_v1_20260804_172437/images/all/val__image1375.jpg,/root/autodl-tmp/datasets/derived/construction_ppe3_canonical_v1_20260804_172437/labels/all/val__image1375.txt,1,0,0,False,293355541537333b,hardlink,hardlink
reviewed_group_0021,train,20,/root/autodl-tmp/datasets/sources/construction-ppe_ultralytics_2025_v1/images/val/image1377.jpg,/root/autodl-tmp/datasets/derived/construction_ppe3_canonical_v1_20260804_172437/images/all/val__image1377.jpg,/root/autodl-tmp/datasets/derived/construction_ppe3_canonical_v1_20260804_172437/labels/all/val__image1377.txt,1,0,0,False,eda9b1d87031b1b0,hardlink,hardlink
reviewed_group_0022,test,20,/root/autodl-tmp/datasets/sources/construction-ppe_ultralytics_2025_v1/images/train/image1380.jpg,/root/autodl-tmp/datasets/derived/construction_ppe3_canonical_v1_20260804_172437/images/all/train__image1380.jpg,/root/autodl-tmp/datasets/derived/construction_ppe3_canonical_v1_20260804_172437/labels/all/train__image1380.txt,1,0,0,False,b0bcb0323d9dd48c,hardlink,hardlink
reviewed_group_0022,test,20,/root/autodl-tmp/datasets/sources/construction-ppe_ultralytics_2025_v1/images/train/image1381.jpg,/root/autodl-tmp/datasets/derived/construction_ppe3_canonical_v1_20260804_172437/images/all/train__image1381.jpg,/root/autodl-tmp/datasets/derived/construction_ppe3_canonical_v1_20260804_172437/labels/all/train__image1381.txt,1,0,0,False,cbd5d5c9cbe1e0cc,hardlink,hardlink
reviewed_group_0022,test,20,/root/autodl-tmp/datasets/sources/construction-ppe_ultralytics_2025_v1/images/train/image1382.jpg,/root/autodl-tmp/datasets/derived/construction_ppe3_canonical_v1_20260804_172437/images/all/train__image1382.jpg,/root/autodl-tmp/datasets/derived/construction_ppe3_canonical_v1_20260804_172437/labels/all/train__image1382.txt,1,0,0,False,5767c29291d9395b,hardlink,hardlink
reviewed_group_0022,test,20,/root/autodl-tmp/datasets/sources/construction-ppe_ultralytics_2025_v1/images/train/image1383.jpg,/root/autodl-tmp/datasets/derived/construction_ppe3_canonical_v1_20260804_172437/images/all/train__image1383.jpg,/root/autodl-tmp/datasets/derived/construction_ppe3_canonical_v1_20260804_172437/labels/all/train__image1383.txt,1,0,0,False,343cccc8730f4ffc,hardlink,hardlink
reviewed_group_0022,test,20,/root/autodl-tmp/datasets/sources/construction-ppe_ultralytics_2025_v1/images/train/image1384.jpg,/root/autodl-tmp/datasets/derived/construction_ppe3_canonical_v1_20260804_172437/images/all/train__image1384.jpg,/root/autodl-tmp/datasets/derived/construction_ppe3_canonical_v1_20260804_172437/labels/all/train__image1384.txt,2,0,0,False,50f2c4b2ec9653da,hardlink,hardlink
reviewed_group_0022,test,20,/root/autodl-tmp/datasets/sources/construction-ppe_ultralytics_2025_v1/images/train/image1385.jpg,/root/autodl-tmp/datasets/derived/construction_ppe3_canonical_v1_20260804_172437/images/all/train__image1385.jpg,/root/autodl-tmp/datasets/derived/construction_ppe3_canonical_v1_20260804_172437/labels/all/train__image1385.txt,1,0,0,False,7d1b72616d6d657b,hardlink,hardlink
reviewed_group_0022,test,20,/root/autodl-tmp/datasets/sources/construction-ppe_ultralytics_2025_v1/images/train/image1386.jpg,/root/autodl-tmp/datasets/derived/construction_ppe3_canonical_v1_20260804_172437/images/all/train__image1386.jpg,/root/autodl-tmp/datasets/derived/construction_ppe3_canonical_v1_20260804_172437/labels/all/train__image1386.txt,1,0,0,False,cc96c6b63604c1c8,hardlink,hardlink
reviewed_group_0022,test,20,/root/autodl-tmp/datasets/sources/construction-ppe_ultralytics_2025_v1/images/train/image1387.jpg,/root/autodl-tmp/datasets/derived/construction_ppe3_canonical_v1_20260804_172437/images/all/train__image1387.jpg,/root/autodl-tmp/datasets/derived/construction_ppe3_canonical_v1_20260804_172437/labels/all/train__image1387.txt,1,0,0,False,d9fbbc725e1cf80c,hardlink,hardlink
reviewed_group_0022,test,20,/root/autodl-tmp/datasets/sources/construction-ppe_ultralytics_2025_v1/images/train/image1388.jpg,/root/autodl-tmp/datasets/derived/construction_ppe3_canonical_v1_20260804_172437/images/all/train__image1388.jpg,/root/autodl-tmp/datasets/derived/construction_ppe3_canonical_v1_20260804_172437/labels/all/train__image1388.txt,1,0,0,False,f0c8aa2b2b0a4cc8,hardlink,hardlink
reviewed_group_0022,test,20,/root/autodl-tmp/datasets/sources/construction-ppe_ultralytics_2025_v1/images/train/image1389.jpg,/root/autodl-tmp/datasets/derived/construction_ppe3_canonical_v1_20260804_172437/images/all/train__image1389.jpg,/root/autodl-tmp/datasets/derived/construction_ppe3_canonical_v1_20260804_172437/labels/all/train__image1389.txt,1,0,0,False,cfcdc7a5bdbeaccd,hardlink,hardlink
reviewed_group_0022,test,20,/root/autodl-tmp/datasets/sources/construction-ppe_ultralytics_2025_v1/images/train/image1390.jpg,/root/autodl-tmp/datasets/derived/construction_ppe3_canonical_v1_20260804_172437/images/all/train__image1390.jpg,/root/autodl-tmp/datasets/derived/construction_ppe3_canonical_v1_20260804_172437/labels/all/train__image1390.txt,1,0,0,False,3032f1f4b0b8e8e8,hardlink,hardlink
reviewed_group_0022,test,20,/root/autodl-tmp/datasets/sources/construction-ppe_ultralytics_2025_v1/images/train/image1391.jpg,/root/autodl-tmp/datasets/derived/construction_ppe3_canonical_v1_20260804_172437/images/all/train__image1391.jpg,/root/autodl-tmp/datasets/derived/construction_ppe3_canonical_v1_20260804_172437/labels/all/train__image1391.txt,1,0,0,False,ecccccce0f2b4fcc,hardlink,hardlink
reviewed_group_0022,test,20,/root/autodl-tmp/datasets/sources/construction-ppe_ultralytics_2025_v1/images/train/image1393.jpg,/root/autodl-tmp/datasets/derived/construction_ppe3_canonical_v1_20260804_172437/images/all/train__image1393.jpg,/root/autodl-tmp/datasets/derived/construction_ppe3_canonical_v1_20260804_172437/labels/all/train__image1393.txt,1,0,0,False,3a32b0ec4c44b38e,hardlink,hardlink
reviewed_group_0022,test,20,/root/autodl-tmp/datasets/sources/construction-ppe_ultralytics_2025_v1/images/train/image1394.jpg,/root/autodl-tmp/datasets/derived/construction_ppe3_canonical_v1_20260804_172437/images/all/train__image1394.jpg,/root/autodl-tmp/datasets/derived/construction_ppe3_canonical_v1_20260804_172437/labels/all/train__image1394.txt,1,0,0,False,1a90b4d094cf8a8a,hardlink,hardlink
reviewed_group_0022,test,20,/root/autodl-tmp/datasets/sources/construction-ppe_ultralytics_2025_v1/images/train/image1395.jpg,/root/autodl-tmp/datasets/derived/construction_ppe3_canonical_v1_20260804_172437/images/all/train__image1395.jpg,/root/autodl-tmp/datasets/derived/construction_ppe3_canonical_v1_20260804_172437/labels/all/train__image1395.txt,2,0,0,False,0705957416064e56,hardlink,hardlink
reviewed_group_0022,test,20,/root/autodl-tmp/datasets/sources/construction-ppe_ultralytics_2025_v1/images/train/image1396.jpg,/root/autodl-tmp/datasets/derived/construction_ppe3_canonical_v1_20260804_172437/images/all/train__image1396.jpg,/root/autodl-tmp/datasets/derived/construction_ppe3_canonical_v1_20260804_172437/labels/all/train__image1396.txt,1,0,0,False,cec0cda4666a74d0,hardlink,hardlink
reviewed_group_0022,test,20,/root/autodl-tmp/datasets/sources/construction-ppe_ultralytics_2025_v1/images/train/image1398.jpg,/root/autodl-tmp/datasets/derived/construction_ppe3_canonical_v1_20260804_172437/images/all/train__image1398.jpg,/root/autodl-tmp/datasets/derived/construction_ppe3_canonical_v1_20260804_172437/labels/all/train__image1398.txt,1,0,0,False,82d9d99199c71b93,hardlink,hardlink
reviewed_group_0022,test,20,/root/autodl-tmp/datasets/sources/construction-ppe_ultralytics_2025_v1/images/train/image1399.jpg,/root/autodl-tmp/datasets/derived/construction_ppe3_canonical_v1_20260804_172437/images/all/train__image1399.jpg,/root/autodl-tmp/datasets/derived/construction_ppe3_canonical_v1_20260804_172437/labels/all/train__image1399.txt,1,0,0,False,36e0f3921a59db3b,hardlink,hardlink
reviewed_group_0022,test,20,/root/autodl-tmp/datasets/sources/construction-ppe_ultralytics_2025_v1/images/val/image1392.jpg,/root/autodl-tmp/datasets/derived/construction_ppe3_canonical_v1_20260804_172437/images/all/val__image1392.jpg,/root/autodl-tmp/datasets/derived/construction_ppe3_canonical_v1_20260804_172437/labels/all/val__image1392.txt,1,0,0,False,746c2cbe8abafaf0,hardlink,hardlink
reviewed_group_0022,test,20,/root/autodl-tmp/datasets/sources/construction-ppe_ultralytics_2025_v1/images/val/image1397.jpg,/root/autodl-tmp/datasets/derived/construction_ppe3_canonical_v1_20260804_172437/images/all/val__image1397.jpg,/root/autodl-tmp/datasets/derived/construction_ppe3_canonical_v1_20260804_172437/labels/all/val__image1397.txt,1,0,0,False,ccdd4d2d71712313,hardlink,hardlink
reviewed_group_0023,train,20,/root/autodl-tmp/datasets/sources/construction-ppe_ultralytics_2025_v1/images/train/image142.jpg,/root/autodl-tmp/datasets/derived/construction_ppe3_canonical_v1_20260804_172437/images/all/train__image142.jpg,/root/autodl-tmp/datasets/derived/construction_ppe3_canonical_v1_20260804_172437/labels/all/train__image142.txt,1,1,1,False,05131716928b0e0e,hardlink,hardlink
reviewed_group_0023,train,20,/root/autodl-tmp/datasets/sources/construction-ppe_ultralytics_2025_v1/images/train/image143.jpg,/root/autodl-tmp/datasets/derived/construction_ppe3_canonical_v1_20260804_172437/images/all/train__image143.jpg,/root/autodl-tmp/datasets/derived/construction_ppe3_canonical_v1_20260804_172437/labels/all/train__image143.txt,5,4,5,False,900492d0e8f40040,hardlink,hardlink
reviewed_group_0023,train,20,/root/autodl-tmp/datasets/sources/construction-ppe_ultralytics_2025_v1/images/train/image145.jpg,/root/autodl-tmp/datasets/derived/construction_ppe3_canonical_v1_20260804_172437/images/all/train__image145.jpg,/root/autodl-tmp/datasets/derived/construction_ppe3_canonical_v1_20260804_172437/labels/all/train__image145.txt,4,4,4,False,00ec5541aa595900,hardlink,hardlink
reviewed_group_0023,train,20,/root/autodl-tmp/datasets/sources/construction-ppe_ultralytics_2025_v1/images/train/image146.jpg,/root/autodl-tmp/datasets/derived/construction_ppe3_canonical_v1_20260804_172437/images/all/train__image146.jpg,/root/autodl-tmp/datasets/derived/construction_ppe3_canonical_v1_20260804_172437/labels/all/train__image146.txt,7,11,8,False,00b6f0da969e9200,hardlink,hardlink
reviewed_group_0023,train,20,/root/autodl-tmp/datasets/sources/construction-ppe_ultralytics_2025_v1/images/train/image147.jpg,/root/autodl-tmp/datasets/derived/construction_ppe3_canonical_v1_20260804_172437/images/all/train__image147.jpg,/root/autodl-tmp/datasets/derived/construction_ppe3_canonical_v1_20260804_172437/labels/all/train__image147.txt,3,4,2,False,00e3b3ca8aafce00,hardlink,hardlink
reviewed_group_0023,train,20,/root/autodl-tmp/datasets/sources/construction-ppe_ultralytics_2025_v1/images/train/image148.jpg,/root/autodl-tmp/datasets/derived/construction_ppe3_canonical_v1_20260804_172437/images/all/train__image148.jpg,/root/autodl-tmp/datasets/derived/construction_ppe3_canonical_v1_20260804_172437/labels/all/train__image148.txt,3,4,3,False,00e6969efaf6f200,hardlink,hardlink
reviewed_group_0023,train,20,/root/autodl-tmp/datasets/sources/construction-ppe_ultralytics_2025_v1/images/train/image152.jpeg,/root/autodl-tmp/datasets/derived/construction_ppe3_canonical_v1_20260804_172437/images/all/train__image152.jpeg,/root/autodl-tmp/datasets/derived/construction_ppe3_canonical_v1_20260804_172437/labels/all/train__image152.txt,2,2,2,False,f4dcd8d0c4ccc4dc,hardlink,hardlink
reviewed_group_0023,train,20,/root/autodl-tmp/datasets/sources/construction-ppe_ultralytics_2025_v1/images/train/image153.jpg,/root/autodl-tmp/datasets/derived/construction_ppe3_canonical_v1_20260804_172437/images/all/train__image153.jpg,/root/autodl-tmp/datasets/derived/construction_ppe3_canonical_v1_20260804_172437/labels/all/train__image153.txt,1,1,1,False,0b0b0b0c8a07060e,hardlink,hardlink
reviewed_group_0023,train,20,/root/autodl-tmp/datasets/sources/construction-ppe_ultralytics_2025_v1/images/train/image154.jpg,/root/autodl-tmp/datasets/derived/construction_ppe3_canonical_v1_20260804_172437/images/all/train__image154.jpg,/root/autodl-tmp/datasets/derived/construction_ppe3_canonical_v1_20260804_172437/labels/all/train__image154.txt,11,18,15,False,b846440d89470380,hardlink,hardlink
reviewed_group_0023,train,20,/root/autodl-tmp/datasets/sources/construction-ppe_ultralytics_2025_v1/images/train/image155.jpeg,/root/autodl-tmp/datasets/derived/construction_ppe3_canonical_v1_20260804_172437/images/all/train__image155.jpeg,/root/autodl-tmp/datasets/derived/construction_ppe3_canonical_v1_20260804_172437/labels/all/train__image155.txt,2,2,2,False,f0ccccc4ccccc0d4,hardlink,hardlink
reviewed_group_0023,train,20,/root/autodl-tmp/datasets/sources/construction-ppe_ultralytics_2025_v1/images/train/image156.jpg,/root/autodl-tmp/datasets/derived/construction_ppe3_canonical_v1_20260804_172437/images/all/train__image156.jpg,/root/autodl-tmp/datasets/derived/construction_ppe3_canonical_v1_20260804_172437/labels/all/train__image156.txt,1,1,1,False,05131716968b1e1e,hardlink,hardlink
reviewed_group_0023,train,20,/root/autodl-tmp/datasets/sources/construction-ppe_ultralytics_2025_v1/images/train/image157.jpeg,/root/autodl-tmp/datasets/derived/construction_ppe3_canonical_v1_20260804_172437/images/all/train__image157.jpeg,/root/autodl-tmp/datasets/derived/construction_ppe3_canonical_v1_20260804_172437/labels/all/train__image157.txt,3,2,3,False,0643d6e223d33363,hardlink,hardlink
reviewed_group_0023,train,20,/root/autodl-tmp/datasets/sources/construction-ppe_ultralytics_2025_v1/images/train/image158.jpeg,/root/autodl-tmp/datasets/derived/construction_ppe3_canonical_v1_20260804_172437/images/all/train__image158.jpeg,/root/autodl-tmp/datasets/derived/construction_ppe3_canonical_v1_20260804_172437/labels/all/train__image158.txt,1,1,1,False,d4ccd8c4c8ccccc4,hardlink,hardlink
reviewed_group_0023,train,20,/root/autodl-tmp/datasets/sources/construction-ppe_ultralytics_2025_v1/images/train/image159.jpeg,/root/autodl-tmp/datasets/derived/construction_ppe3_canonical_v1_20260804_172437/images/all/train__image159.jpeg,/root/autodl-tmp/datasets/derived/construction_ppe3_canonical_v1_20260804_172437/labels/all/train__image159.txt,1,1,0,False,00cd4d6474687800,hardlink,hardlink
reviewed_group_0023,train,20,/root/autodl-tmp/datasets/sources/construction-ppe_ultralytics_2025_v1/images/val/image141.jpeg,/root/autodl-tmp/datasets/derived/construction_ppe3_canonical_v1_20260804_172437/images/all/val__image141.jpeg,/root/autodl-tmp/datasets/derived/construction_ppe3_canonical_v1_20260804_172437/labels/all/val__image141.txt,2,2,2,False,29a9b0d81c9cbc70,hardlink,hardlink
reviewed_group_0023,train,20,/root/autodl-tmp/datasets/sources/construction-ppe_ultralytics_2025_v1/images/val/image144.jpg,/root/autodl-tmp/datasets/derived/construction_ppe3_canonical_v1_20260804_172437/images/all/val__image144.jpg,/root/autodl-tmp/datasets/derived/construction_ppe3_canonical_v1_20260804_172437/labels/all/val__image144.txt,5,11,4,False,00d2c6ecc4cacc00,hardlink,hardlink
reviewed_group_0023,train,20,/root/autodl-tmp/datasets/sources/construction-ppe_ultralytics_2025_v1/images/val/image151.jpg,/root/autodl-tmp/datasets/derived/construction_ppe3_canonical_v1_20260804_172437/images/all/val__image151.jpg,/root/autodl-tmp/datasets/derived/construction_ppe3_canonical_v1_20260804_172437/labels/all/val__image151.txt,4,4,3,False,009a988c8c949400,hardlink,hardlink
reviewed_group_0023,train,20,/root/autodl-tmp/datasets/sources/construction-ppe_ultralytics_2025_v1/images/test/image140.jpg,/root/autodl-tmp/datasets/derived/construction_ppe3_canonical_v1_20260804_172437/images/all/test__image140.jpg,/root/autodl-tmp/datasets/derived/construction_ppe3_canonical_v1_20260804_172437/labels/all/test__image140.txt,2,2,2,False,300030b2b2300030,hardlink,hardlink
reviewed_group_0023,train,20,/root/autodl-tmp/datasets/sources/construction-ppe_ultralytics_2025_v1/images/test/image149.jpg,/root/autodl-tmp/datasets/derived/construction_ppe3_canonical_v1_20260804_172437/images/all/test__image149.jpg,/root/autodl-tmp/datasets/derived/construction_ppe3_canonical_v1_20260804_172437/labels/all/test__image149.txt,3,4,4,False,fccceed0d49496d6,hardlink,hardlink
reviewed_group_0023,train,20,/root/autodl-tmp/datasets/sources/construction-ppe_ultralytics_2025_v1/images/test/image150.jpg,/root/autodl-tmp/datasets/derived/construction_ppe3_canonical_v1_20260804_172437/images/all/test__image150.jpg,/root/autodl-tmp/datasets/derived/construction_ppe3_canonical_v1_20260804_172437/labels/all/test__image150.txt,2,2,2,False,00fcd683b3f65200,hardlink,hardlink
reviewed_group_0024,train,20,/root/autodl-tmp/datasets/sources/construction-ppe_ultralytics_2025_v1/images/train/image181.jpg,/root/autodl-tmp/datasets/derived/construction_ppe3_canonical_v1_20260804_172437/images/all/train__image181.jpg,/root/autodl-tmp/datasets/derived/construction_ppe3_canonical_v1_20260804_172437/labels/all/train__image181.txt,2,1,1,False,9f9e1777662f2f2d,hardlink,hardlink
reviewed_group_0024,train,20,/root/autodl-tmp/datasets/sources/construction-ppe_ultralytics_2025_v1/images/train/image183.jpg,/root/autodl-tmp/datasets/derived/construction_ppe3_canonical_v1_20260804_172437/images/all/train__image183.jpg,/root/autodl-tmp/datasets/derived/construction_ppe3_canonical_v1_20260804_172437/labels/all/train__image183.txt,2,1,1,False,619c995a5a727223,hardlink,hardlink
reviewed_group_0024,train,20,/root/autodl-tmp/datasets/sources/construction-ppe_ultralytics_2025_v1/images/train/image184.jpg,/root/autodl-tmp/datasets/derived/construction_ppe3_canonical_v1_20260804_172437/images/all/train__image184.jpg,/root/autodl-tmp/datasets/derived/construction_ppe3_canonical_v1_20260804_172437/labels/all/train__image184.txt,6,3,3,False,b2f2a2b05979b179,hardlink,hardlink
reviewed_group_0024,train,20,/root/autodl-tmp/datasets/sources/construction-ppe_ultralytics_2025_v1/images/train/image185.jpg,/root/autodl-tmp/datasets/derived/construction_ppe3_canonical_v1_20260804_172437/images/all/train__image185.jpg,/root/autodl-tmp/datasets/derived/construction_ppe3_canonical_v1_20260804_172437/labels/all/train__image185.txt,16,10,9,False,f938d9db36e5c5e5,hardlink,hardlink
reviewed_group_0024,train,20,/root/autodl-tmp/datasets/sources/construction-ppe_ultralytics_2025_v1/images/train/image186.jpg,/root/autodl-tmp/datasets/derived/construction_ppe3_canonical_v1_20260804_172437/images/all/train__image186.jpg,/root/autodl-tmp/datasets/derived/construction_ppe3_canonical_v1_20260804_172437/labels/all/train__image186.txt,2,1,1,False,b39f9b0f2f276129,hardlink,hardlink
reviewed_group_0024,train,20,/root/autodl-tmp/datasets/sources/construction-ppe_ultralytics_2025_v1/images/train/image187.jpg,/root/autodl-tmp/datasets/derived/construction_ppe3_canonical_v1_20260804_172437/images/all/train__image187.jpg,/root/autodl-tmp/datasets/derived/construction_ppe3_canonical_v1_20260804_172437/labels/all/train__image187.txt,3,1,1,False,1902126c6c411f0e,hardlink,hardlink
reviewed_group_0024,train,20,/root/autodl-tmp/datasets/sources/construction-ppe_ultralytics_2025_v1/images/train/image188.jpg,/root/autodl-tmp/datasets/derived/construction_ppe3_canonical_v1_20260804_172437/images/all/train__image188.jpg,/root/autodl-tmp/datasets/derived/construction_ppe3_canonical_v1_20260804_172437/labels/all/train__image188.txt,6,3,6,False,880868694848098c,hardlink,hardlink
reviewed_group_0024,train,20,/root/autodl-tmp/datasets/sources/construction-ppe_ultralytics_2025_v1/images/train/image189.jpg,/root/autodl-tmp/datasets/derived/construction_ppe3_canonical_v1_20260804_172437/images/all/train__image189.jpg,/root/autodl-tmp/datasets/derived/construction_ppe3_canonical_v1_20260804_172437/labels/all/train__image189.txt,4,2,2,False,2b2b6b7171633333,hardlink,hardlink
reviewed_group_0024,train,20,/root/autodl-tmp/datasets/sources/construction-ppe_ultralytics_2025_v1/images/train/image191.jpg,/root/autodl-tmp/datasets/derived/construction_ppe3_canonical_v1_20260804_172437/images/all/train__image191.jpg,/root/autodl-tmp/datasets/derived/construction_ppe3_canonical_v1_20260804_172437/labels/all/train__image191.txt,2,1,1,False,d0a5c91296971a94,hardlink,hardlink
reviewed_group_0024,train,20,/root/autodl-tmp/datasets/sources/construction-ppe_ultralytics_2025_v1/images/train/image192.jpg,/root/autodl-tmp/datasets/derived/construction_ppe3_canonical_v1_20260804_172437/images/all/train__image192.jpg,/root/autodl-tmp/datasets/derived/construction_ppe3_canonical_v1_20260804_172437/labels/all/train__image192.txt,2,1,1,False,e6871b9f8e2bcae4,hardlink,hardlink
reviewed_group_0024,train,20,/root/autodl-tmp/datasets/sources/construction-ppe_ultralytics_2025_v1/images/train/image193.jpg,/root/autodl-tmp/datasets/derived/construction_ppe3_canonical_v1_20260804_172437/images/all/train__image193.jpg,/root/autodl-tmp/datasets/derived/construction_ppe3_canonical_v1_20260804_172437/labels/all/train__image193.txt,2,1,1,False,07031716860f0e1e,hardlink,hardlink
reviewed_group_0024,train,20,/root/autodl-tmp/datasets/sources/construction-ppe_ultralytics_2025_v1/images/train/image194.jpg,/root/autodl-tmp/datasets/derived/construction_ppe3_canonical_v1_20260804_172437/images/all/train__image194.jpg,/root/autodl-tmp/datasets/derived/construction_ppe3_canonical_v1_20260804_172437/labels/all/train__image194.txt,2,1,1,False,4caf23378c2b19c4,hardlink,hardlink
reviewed_group_0024,train,20,/root/autodl-tmp/datasets/sources/construction-ppe_ultralytics_2025_v1/images/train/image195.jpg,/root/autodl-tmp/datasets/derived/construction_ppe3_canonical_v1_20260804_172437/images/all/train__image195.jpg,/root/autodl-tmp/datasets/derived/construction_ppe3_canonical_v1_20260804_172437/labels/all/train__image195.txt,2,1,1,False,c887862c6de3331e,hardlink,hardlink
reviewed_group_0024,train,20,/root/autodl-tmp/datasets/sources/construction-ppe_ultralytics_2025_v1/images/train/image196.jpg,/root/autodl-tmp/datasets/derived/construction_ppe3_canonical_v1_20260804_172437/images/all/train__image196.jpg,/root/autodl-tmp/datasets/derived/construction_ppe3_canonical_v1_20260804_172437/labels/all/train__image196.txt,2,1,1,False,dca48b6c646858d2,hardlink,hardlink
reviewed_group_0024,train,20,/root/autodl-tmp/datasets/sources/construction-ppe_ultralytics_2025_v1/images/train/image197.jpg,/root/autodl-tmp/datasets/derived/construction_ppe3_canonical_v1_20260804_172437/images/all/train__image197.jpg,/root/autodl-tmp/datasets/derived/construction_ppe3_canonical_v1_20260804_172437/labels/all/train__image197.txt,2,1,1,False,de6e6e2c8f8e8f82,hardlink,hardlink
reviewed_group_0024,train,20,/root/autodl-tmp/datasets/sources/construction-ppe_ultralytics_2025_v1/images/train/image198.jpg,/root/autodl-tmp/datasets/derived/construction_ppe3_canonical_v1_20260804_172437/images/all/train__image198.jpg,/root/autodl-tmp/datasets/derived/construction_ppe3_canonical_v1_20260804_172437/labels/all/train__image198.txt,2,1,1,False,828b8b9312161e1e,hardlink,hardlink
reviewed_group_0024,train,20,/root/autodl-tmp/datasets/sources/construction-ppe_ultralytics_2025_v1/images/val/image199.jpg,/root/autodl-tmp/datasets/derived/construction_ppe3_canonical_v1_20260804_172437/images/all/val__image199.jpg,/root/autodl-tmp/datasets/derived/construction_ppe3_canonical_v1_20260804_172437/labels/all/val__image199.txt,2,1,1,False,c0cf8f4fcea5a7ea,hardlink,hardlink
reviewed_group_0024,train,20,/root/autodl-tmp/datasets/sources/construction-ppe_ultralytics_2025_v1/images/test/image180.jpg,/root/autodl-tmp/datasets/derived/construction_ppe3_canonical_v1_20260804_172437/images/all/test__image180.jpg,/root/autodl-tmp/datasets/derived/construction_ppe3_canonical_v1_20260804_172437/labels/all/test__image180.txt,2,1,1,False,0e4e8e2b0b1f9e16,hardlink,hardlink
reviewed_group_0024,train,20,/root/autodl-tmp/datasets/sources/construction-ppe_ultralytics_2025_v1/images/test/image182.jpg,/root/autodl-tmp/datasets/derived/construction_ppe3_canonical_v1_20260804_172437/images/all/test__image182.jpg,/root/autodl-tmp/datasets/derived/construction_ppe3_canonical_v1_20260804_172437/labels/all/test__image182.txt,13,14,6,False,2c5638cb4a6a4a40,hardlink,hardlink
reviewed_group_0024,train,20,/root/autodl-tmp/datasets/sources/construction-ppe_ultralytics_2025_v1/images/test/image190.jpg,/root/autodl-tmp/datasets/derived/construction_ppe3_canonical_v1_20260804_172437/images/all/test__image190.jpg,/root/autodl-tmp/datasets/derived/construction_ppe3_canonical_v1_20260804_172437/labels/all/test__image190.txt,2,1,1,False,f4de6e679697d3c8,hardlink,hardlink
reviewed_group_0025,train,20,/root/autodl-tmp/datasets/sources/construction-ppe_ultralytics_2025_v1/images/train/image200.jpg,/root/autodl-tmp/datasets/derived/construction_ppe3_canonical_v1_20260804_172437/images/all/train__image200.jpg,/root/autodl-tmp/datasets/derived/construction_ppe3_canonical_v1_20260804_172437/labels/all/train__image200.txt,2,1,1,False,42636b3617cb0f00,hardlink,hardlink
reviewed_group_0025,train,20,/root/autodl-tmp/datasets/sources/construction-ppe_ultralytics_2025_v1/images/train/image201.jpg,/root/autodl-tmp/datasets/derived/construction_ppe3_canonical_v1_20260804_172437/images/all/train__image201.jpg,/root/autodl-tmp/datasets/derived/construction_ppe3_canonical_v1_20260804_172437/labels/all/train__image201.txt,6,3,1,False,b89ad2532533a1a4,hardlink,hardlink
reviewed_group_0025,train,20,/root/autodl-tmp/datasets/sources/construction-ppe_ultralytics_2025_v1/images/train/image203.jpg,/root/autodl-tmp/datasets/derived/construction_ppe3_canonical_v1_20260804_172437/images/all/train__image203.jpg,/root/autodl-tmp/datasets/derived/construction_ppe3_canonical_v1_20260804_172437/labels/all/train__image203.txt,4,2,2,False,e494cd51d40c66e6,hardlink,hardlink
reviewed_group_0025,train,20,/root/autodl-tmp/datasets/sources/construction-ppe_ultralytics_2025_v1/images/train/image204.jpg,/root/autodl-tmp/datasets/derived/construction_ppe3_canonical_v1_20260804_172437/images/all/train__image204.jpg,/root/autodl-tmp/datasets/derived/construction_ppe3_canonical_v1_20260804_172437/labels/all/train__image204.txt,2,1,1,False,0505060e8e0b0616,hardlink,hardlink
reviewed_group_0025,train,20,/root/autodl-tmp/datasets/sources/construction-ppe_ultralytics_2025_v1/images/train/image205.jpg,/root/autodl-tmp/datasets/derived/construction_ppe3_canonical_v1_20260804_172437/images/all/train__image205.jpg,/root/autodl-tmp/datasets/derived/construction_ppe3_canonical_v1_20260804_172437/labels/all/train__image205.txt,2,1,1,False,d4a4bd670f3938f0,hardlink,hardlink
reviewed_group_0025,train,20,/root/autodl-tmp/datasets/sources/construction-ppe_ultralytics_2025_v1/images/train/image206.jpg,/root/autodl-tmp/datasets/derived/construction_ppe3_canonical_v1_20260804_172437/images/all/train__image206.jpg,/root/autodl-tmp/datasets/derived/construction_ppe3_canonical_v1_20260804_172437/labels/all/train__image206.txt,8,4,4,False,60b6a5e42d6b6aae,hardlink,hardlink
reviewed_group_0025,train,20,/root/autodl-tmp/datasets/sources/construction-ppe_ultralytics_2025_v1/images/train/image208.jpeg,/root/autodl-tmp/datasets/derived/construction_ppe3_canonical_v1_20260804_172437/images/all/train__image208.jpeg,/root/autodl-tmp/datasets/derived/construction_ppe3_canonical_v1_20260804_172437/labels/all/train__image208.txt,2,1,1,False,c0b4ace8b0b6cccc,hardlink,hardlink
reviewed_group_0025,train,20,/root/autodl-tmp/datasets/sources/construction-ppe_ultralytics_2025_v1/images/train/image209.jpg,/root/autodl-tmp/datasets/derived/construction_ppe3_canonical_v1_20260804_172437/images/all/train__image209.jpg,/root/autodl-tmp/datasets/derived/construction_ppe3_canonical_v1_20260804_172437/labels/all/train__image209.txt,2,1,1,False,838098181b82f23e,hardlink,hardlink
reviewed_group_0025,train,20,/root/autodl-tmp/datasets/sources/construction-ppe_ultralytics_2025_v1/images/train/image210.jpg,/root/autodl-tmp/datasets/derived/construction_ppe3_canonical_v1_20260804_172437/images/all/train__image210.jpg,/root/autodl-tmp/datasets/derived/construction_ppe3_canonical_v1_20260804_172437/labels/all/train__image210.txt,1,1,1,False,b175268611a520e2,hardlink,hardlink
reviewed_group_0025,train,20,/root/autodl-tmp/datasets/sources/construction-ppe_ultralytics_2025_v1/images/train/image211.jpeg,/root/autodl-tmp/datasets/derived/construction_ppe3_canonical_v1_20260804_172437/images/all/train__image211.jpeg,/root/autodl-tmp/datasets/derived/construction_ppe3_canonical_v1_20260804_172437/labels/all/train__image211.txt,1,1,1,False,f8d8d8e6c6c8e871,hardlink,hardlink
reviewed_group_0025,train,20,/root/autodl-tmp/datasets/sources/construction-ppe_ultralytics_2025_v1/images/train/image213.jpg,/root/autodl-tmp/datasets/derived/construction_ppe3_canonical_v1_20260804_172437/images/all/train__image213.jpg,/root/autodl-tmp/datasets/derived/construction_ppe3_canonical_v1_20260804_172437/labels/all/train__image213.txt,1,0,1,False,be8bd1132d484ada,hardlink,hardlink
reviewed_group_0025,train,20,/root/autodl-tmp/datasets/sources/construction-ppe_ultralytics_2025_v1/images/train/image214.jpeg,/root/autodl-tmp/datasets/derived/construction_ppe3_canonical_v1_20260804_172437/images/all/train__image214.jpeg,/root/autodl-tmp/datasets/derived/construction_ppe3_canonical_v1_20260804_172437/labels/all/train__image214.txt,1,0,1,False,f29089808adbe2a0,hardlink,hardlink
reviewed_group_0025,train,20,/root/autodl-tmp/datasets/sources/construction-ppe_ultralytics_2025_v1/images/train/image215.jpeg,/root/autodl-tmp/datasets/derived/construction_ppe3_canonical_v1_20260804_172437/images/all/train__image215.jpeg,/root/autodl-tmp/datasets/derived/construction_ppe3_canonical_v1_20260804_172437/labels/all/train__image215.txt,1,0,1,False,00e66645d4b42900,hardlink,hardlink
reviewed_group_0025,train,20,/root/autodl-tmp/datasets/sources/construction-ppe_ultralytics_2025_v1/images/train/image216.jpg,/root/autodl-tmp/datasets/derived/construction_ppe3_canonical_v1_20260804_172437/images/all/train__image216.jpg,/root/autodl-tmp/datasets/derived/construction_ppe3_canonical_v1_20260804_172437/labels/all/train__image216.txt,1,1,1,False,00003ed6f7e8fc0e,hardlink,hardlink
reviewed_group_0025,train,20,/root/autodl-tmp/datasets/sources/construction-ppe_ultralytics_2025_v1/images/train/image217.jpg,/root/autodl-tmp/datasets/derived/construction_ppe3_canonical_v1_20260804_172437/images/all/train__image217.jpg,/root/autodl-tmp/datasets/derived/construction_ppe3_canonical_v1_20260804_172437/labels/all/train__image217.txt,1,1,1,False,3989887393936373,hardlink,hardlink
reviewed_group_0025,train,20,/root/autodl-tmp/datasets/sources/construction-ppe_ultralytics_2025_v1/images/train/image218.jpg,/root/autodl-tmp/datasets/derived/construction_ppe3_canonical_v1_20260804_172437/images/all/train__image218.jpg,/root/autodl-tmp/datasets/derived/construction_ppe3_canonical_v1_20260804_172437/labels/all/train__image218.txt,1,1,1,False,e2d05362b38c8fe6,hardlink,hardlink
reviewed_group_0025,train,20,/root/autodl-tmp/datasets/sources/construction-ppe_ultralytics_2025_v1/images/train/image219.jpg,/root/autodl-tmp/datasets/derived/construction_ppe3_canonical_v1_20260804_172437/images/all/train__image219.jpg,/root/autodl-tmp/datasets/derived/construction_ppe3_canonical_v1_20260804_172437/labels/all/train__image219.txt,1,1,1,False,b03c2d333198baba,hardlink,hardlink
reviewed_group_0025,train,20,/root/autodl-tmp/datasets/sources/construction-ppe_ultralytics_2025_v1/images/val/image202.jpg,/root/autodl-tmp/datasets/derived/construction_ppe3_canonical_v1_20260804_172437/images/all/val__image202.jpg,/root/autodl-tmp/datasets/derived/construction_ppe3_canonical_v1_20260804_172437/labels/all/val__image202.txt,6,3,3,False,80242da9a9283636,hardlink,hardlink
reviewed_group_0025,train,20,/root/autodl-tmp/datasets/sources/construction-ppe_ultralytics_2025_v1/images/val/image212.jpg,/root/autodl-tmp/datasets/derived/construction_ppe3_canonical_v1_20260804_172437/images/all/val__image212.jpg,/root/autodl-tmp/datasets/derived/construction_ppe3_canonical_v1_20260804_172437/labels/all/val__image212.txt,3,3,3,False,84989696bccae41e,hardlink,hardlink
reviewed_group_0025,train,20,/root/autodl-tmp/datasets/sources/construction-ppe_ultralytics_2025_v1/images/test/image207.jpg,/root/autodl-tmp/datasets/derived/construction_ppe3_canonical_v1_20260804_172437/images/all/test__image207.jpg,/root/autodl-tmp/datasets/derived/construction_ppe3_canonical_v1_20260804_172437/labels/all/test__image207.txt,2,1,1,False,e7643c4916c484ee,hardlink,hardlink
reviewed_group_0026,train,20,/root/autodl-tmp/datasets/sources/construction-ppe_ultralytics_2025_v1/images/train/image220.jpg,/root/autodl-tmp/datasets/derived/construction_ppe3_canonical_v1_20260804_172437/images/all/train__image220.jpg,/root/autodl-tmp/datasets/derived/construction_ppe3_canonical_v1_20260804_172437/labels/all/train__image220.txt,1,1,1,False,040780ff770bc8f6,hardlink,hardlink
reviewed_group_0026,train,20,/root/autodl-tmp/datasets/sources/construction-ppe_ultralytics_2025_v1/images/train/image221.jpg,/root/autodl-tmp/datasets/derived/construction_ppe3_canonical_v1_20260804_172437/images/all/train__image221.jpg,/root/autodl-tmp/datasets/derived/construction_ppe3_canonical_v1_20260804_172437/labels/all/train__image221.txt,1,1,1,False,a3f37377f8672dfe,hardlink,hardlink
reviewed_group_0026,train,20,/root/autodl-tmp/datasets/sources/construction-ppe_ultralytics_2025_v1/images/train/image222.jpg,/root/autodl-tmp/datasets/derived/construction_ppe3_canonical_v1_20260804_172437/images/all/train__image222.jpg,/root/autodl-tmp/datasets/derived/construction_ppe3_canonical_v1_20260804_172437/labels/all/train__image222.txt,4,4,4,False,aa19391a61a3a9e4,hardlink,hardlink
reviewed_group_0026,train,20,/root/autodl-tmp/datasets/sources/construction-ppe_ultralytics_2025_v1/images/train/image223.jpg,/root/autodl-tmp/datasets/derived/construction_ppe3_canonical_v1_20260804_172437/images/all/train__image223.jpg,/root/autodl-tmp/datasets/derived/construction_ppe3_canonical_v1_20260804_172437/labels/all/train__image223.txt,1,0,1,False,46f63024d2d7e5e1,hardlink,hardlink
reviewed_group_0026,train,20,/root/autodl-tmp/datasets/sources/construction-ppe_ultralytics_2025_v1/images/train/image224.jpg,/root/autodl-tmp/datasets/derived/construction_ppe3_canonical_v1_20260804_172437/images/all/train__image224.jpg,/root/autodl-tmp/datasets/derived/construction_ppe3_canonical_v1_20260804_172437/labels/all/train__image224.txt,1,1,1,False,90515a9c2e383838,hardlink,hardlink
reviewed_group_0026,train,20,/root/autodl-tmp/datasets/sources/construction-ppe_ultralytics_2025_v1/images/train/image226.jpg,/root/autodl-tmp/datasets/derived/construction_ppe3_canonical_v1_20260804_172437/images/all/train__image226.jpg,/root/autodl-tmp/datasets/derived/construction_ppe3_canonical_v1_20260804_172437/labels/all/train__image226.txt,5,6,5,False,008b9b9bee8f8400,hardlink,hardlink
reviewed_group_0026,train,20,/root/autodl-tmp/datasets/sources/construction-ppe_ultralytics_2025_v1/images/train/image227.jpg,/root/autodl-tmp/datasets/derived/construction_ppe3_canonical_v1_20260804_172437/images/all/train__image227.jpg,/root/autodl-tmp/datasets/derived/construction_ppe3_canonical_v1_20260804_172437/labels/all/train__image227.txt,1,1,1,False,9cdc8c890c1430b0,hardlink,hardlink
reviewed_group_0026,train,20,/root/autodl-tmp/datasets/sources/construction-ppe_ultralytics_2025_v1/images/train/image228.jpg,/root/autodl-tmp/datasets/derived/construction_ppe3_canonical_v1_20260804_172437/images/all/train__image228.jpg,/root/autodl-tmp/datasets/derived/construction_ppe3_canonical_v1_20260804_172437/labels/all/train__image228.txt,1,0,1,False,aeaa9f0d7430b0e8,hardlink,hardlink
reviewed_group_0026,train,20,/root/autodl-tmp/datasets/sources/construction-ppe_ultralytics_2025_v1/images/train/image229.jpg,/root/autodl-tmp/datasets/derived/construction_ppe3_canonical_v1_20260804_172437/images/all/train__image229.jpg,/root/autodl-tmp/datasets/derived/construction_ppe3_canonical_v1_20260804_172437/labels/all/train__image229.txt,1,0,1,False,9cdc059434381970,hardlink,hardlink
reviewed_group_0026,train,20,/root/autodl-tmp/datasets/sources/construction-ppe_ultralytics_2025_v1/images/train/image232.jpg,/root/autodl-tmp/datasets/derived/construction_ppe3_canonical_v1_20260804_172437/images/all/train__image232.jpg,/root/autodl-tmp/datasets/derived/construction_ppe3_canonical_v1_20260804_172437/labels/all/train__image232.txt,1,1,1,False,28761b49b4bdb9f0,hardlink,hardlink
reviewed_group_0026,train,20,/root/autodl-tmp/datasets/sources/construction-ppe_ultralytics_2025_v1/images/train/image233.jpg,/root/autodl-tmp/datasets/derived/construction_ppe3_canonical_v1_20260804_172437/images/all/train__image233.jpg,/root/autodl-tmp/datasets/derived/construction_ppe3_canonical_v1_20260804_172437/labels/all/train__image233.txt,1,1,1,False,7c48f89aa4ccd8bc,hardlink,hardlink
reviewed_group_0026,train,20,/root/autodl-tmp/datasets/sources/construction-ppe_ultralytics_2025_v1/images/train/image234.jpg,/root/autodl-tmp/datasets/derived/construction_ppe3_canonical_v1_20260804_172437/images/all/train__image234.jpg,/root/autodl-tmp/datasets/derived/construction_ppe3_canonical_v1_20260804_172437/labels/all/train__image234.txt,1,1,1,False,7878f29994349993,hardlink,hardlink
reviewed_group_0026,train,20,/root/autodl-tmp/datasets/sources/construction-ppe_ultralytics_2025_v1/images/train/image235.jpg,/root/autodl-tmp/datasets/derived/construction_ppe3_canonical_v1_20260804_172437/images/all/train__image235.jpg,/root/autodl-tmp/datasets/derived/construction_ppe3_canonical_v1_20260804_172437/labels/all/train__image235.txt,1,1,1,False,a21f1f8defe686a8,hardlink,hardlink
reviewed_group_0026,train,20,/root/autodl-tmp/datasets/sources/construction-ppe_ultralytics_2025_v1/images/train/image236.jpg,/root/autodl-tmp/datasets/derived/construction_ppe3_canonical_v1_20260804_172437/images/all/train__image236.jpg,/root/autodl-tmp/datasets/derived/construction_ppe3_canonical_v1_20260804_172437/labels/all/train__image236.txt,1,1,1,False,f01687044c4c0af4,hardlink,hardlink
reviewed_group_0026,train,20,/root/autodl-tmp/datasets/sources/construction-ppe_ultralytics_2025_v1/images/train/image237.jpg,/root/autodl-tmp/datasets/derived/construction_ppe3_canonical_v1_20260804_172437/images/all/train__image237.jpg,/root/autodl-tmp/datasets/derived/construction_ppe3_canonical_v1_20260804_172437/labels/all/train__image237.txt,1,1,1,False,bb83a286a4ac0cac,hardlink,hardlink
reviewed_group_0026,train,20,/root/autodl-tmp/datasets/sources/construction-ppe_ultralytics_2025_v1/images/train/image239.jpg,/root/autodl-tmp/datasets/derived/construction_ppe3_canonical_v1_20260804_172437/images/all/train__image239.jpg,/root/autodl-tmp/datasets/derived/construction_ppe3_canonical_v1_20260804_172437/labels/all/train__image239.txt,1,1,1,False,fc1c9a9f4c4d4fb0,hardlink,hardlink
reviewed_group_0026,train,20,/root/autodl-tmp/datasets/sources/construction-ppe_ultralytics_2025_v1/images/val/image230.jpg,/root/autodl-tmp/datasets/derived/construction_ppe3_canonical_v1_20260804_172437/images/all/val__image230.jpg,/root/autodl-tmp/datasets/derived/construction_ppe3_canonical_v1_20260804_172437/labels/all/val__image230.txt,1,1,1,False,e031a34f871a9cac,hardlink,hardlink
reviewed_group_0026,train,20,/root/autodl-tmp/datasets/sources/construction-ppe_ultralytics_2025_v1/images/val/image238.jpg,/root/autodl-tmp/datasets/derived/construction_ppe3_canonical_v1_20260804_172437/images/all/val__image238.jpg,/root/autodl-tmp/datasets/derived/construction_ppe3_canonical_v1_20260804_172437/labels/all/val__image238.txt,1,1,1,False,c6062f2f1f99ceec,hardlink,hardlink
reviewed_group_0026,train,20,/root/autodl-tmp/datasets/sources/construction-ppe_ultralytics_2025_v1/images/test/image225.jpg,/root/autodl-tmp/datasets/derived/construction_ppe3_canonical_v1_20260804_172437/images/all/test__image225.jpg,/root/autodl-tmp/datasets/derived/construction_ppe3_canonical_v1_20260804_172437/labels/all/test__image225.txt,1,1,1,False,50515a1c1a1818b8,hardlink,hardlink
reviewed_group_0026,train,20,/root/autodl-tmp/datasets/sources/construction-ppe_ultralytics_2025_v1/images/test/image231.jpg,/root/autodl-tmp/datasets/derived/construction_ppe3_canonical_v1_20260804_172437/images/all/test__image231.jpg,/root/autodl-tmp/datasets/derived/construction_ppe3_canonical_v1_20260804_172437/labels/all/test__image231.txt,1,1,1,False,f292044ad0c362e0,hardlink,hardlink
reviewed_group_0027,train,20,/root/autodl-tmp/datasets/sources/construction-ppe_ultralytics_2025_v1/images/train/image240.jpg,/root/autodl-tmp/datasets/derived/construction_ppe3_canonical_v1_20260804_172437/images/all/train__image240.jpg,/root/autodl-tmp/datasets/derived/construction_ppe3_canonical_v1_20260804_172437/labels/all/train__image240.txt,1,1,1,False,dacdc7cfce260798,hardlink,hardlink
reviewed_group_0027,train,20,/root/autodl-tmp/datasets/sources/construction-ppe_ultralytics_2025_v1/images/train/image242.jpg,/root/autodl-tmp/datasets/derived/construction_ppe3_canonical_v1_20260804_172437/images/all/train__image242.jpg,/root/autodl-tmp/datasets/derived/construction_ppe3_canonical_v1_20260804_172437/labels/all/train__image242.txt,1,1,1,False,d416160c9c9a9ee6,hardlink,hardlink
reviewed_group_0027,train,20,/root/autodl-tmp/datasets/sources/construction-ppe_ultralytics_2025_v1/images/train/image243.jpg,/root/autodl-tmp/datasets/derived/construction_ppe3_canonical_v1_20260804_172437/images/all/train__image243.jpg,/root/autodl-tmp/datasets/derived/construction_ppe3_canonical_v1_20260804_172437/labels/all/train__image243.txt,1,1,1,False,c02a3f5c989d9cc0,hardlink,hardlink
reviewed_group_0027,train,20,/root/autodl-tmp/datasets/sources/construction-ppe_ultralytics_2025_v1/images/train/image244.jpg,/root/autodl-tmp/datasets/derived/construction_ppe3_canonical_v1_20260804_172437/images/all/train__image244.jpg,/root/autodl-tmp/datasets/derived/construction_ppe3_canonical_v1_20260804_172437/labels/all/train__image244.txt,1,1,1,False,80f6c709068606ce,hardlink,hardlink
reviewed_group_0027,train,20,/root/autodl-tmp/datasets/sources/construction-ppe_ultralytics_2025_v1/images/train/image245.jpg,/root/autodl-tmp/datasets/derived/construction_ppe3_canonical_v1_20260804_172437/images/all/train__image245.jpg,/root/autodl-tmp/datasets/derived/construction_ppe3_canonical_v1_20260804_172437/labels/all/train__image245.txt,1,1,1,False,b6070be6042d4d8c,hardlink,hardlink
reviewed_group_0027,train,20,/root/autodl-tmp/datasets/sources/construction-ppe_ultralytics_2025_v1/images/train/image246.jpg,/root/autodl-tmp/datasets/derived/construction_ppe3_canonical_v1_20260804_172437/images/all/train__image246.jpg,/root/autodl-tmp/datasets/derived/construction_ppe3_canonical_v1_20260804_172437/labels/all/train__image246.txt,1,1,1,False,f893834686246eca,hardlink,hardlink
reviewed_group_0027,train,20,/root/autodl-tmp/datasets/sources/construction-ppe_ultralytics_2025_v1/images/train/image247.jpg,/root/autodl-tmp/datasets/derived/construction_ppe3_canonical_v1_20260804_172437/images/all/train__image247.jpg,/root/autodl-tmp/datasets/derived/construction_ppe3_canonical_v1_20260804_172437/labels/all/train__image247.txt,1,1,1,False,07030706860f1e1e,hardlink,hardlink
reviewed_group_0027,train,20,/root/autodl-tmp/datasets/sources/construction-ppe_ultralytics_2025_v1/images/train/image248.jpg,/root/autodl-tmp/datasets/derived/construction_ppe3_canonical_v1_20260804_172437/images/all/train__image248.jpg,/root/autodl-tmp/datasets/derived/construction_ppe3_canonical_v1_20260804_172437/labels/all/train__image248.txt,1,1,1,False,f07c6f0780c836b6,hardlink,hardlink
reviewed_group_0027,train,20,/root/autodl-tmp/datasets/sources/construction-ppe_ultralytics_2025_v1/images/train/image249.jpg,/root/autodl-tmp/datasets/derived/construction_ppe3_canonical_v1_20260804_172437/images/all/train__image249.jpg,/root/autodl-tmp/datasets/derived/construction_ppe3_canonical_v1_20260804_172437/labels/all/train__image249.txt,1,1,1,False,c0001f1fecc5a9a8,hardlink,hardlink
reviewed_group_0027,train,20,/root/autodl-tmp/datasets/sources/construction-ppe_ultralytics_2025_v1/images/train/image250.jpg,/root/autodl-tmp/datasets/derived/construction_ppe3_canonical_v1_20260804_172437/images/all/train__image250.jpg,/root/autodl-tmp/datasets/derived/construction_ppe3_canonical_v1_20260804_172437/labels/all/train__image250.txt,1,1,1,False,e0000f4fe8865b8c,hardlink,hardlink
reviewed_group_0027,train,20,/root/autodl-tmp/datasets/sources/construction-ppe_ultralytics_2025_v1/images/train/image251.jpg,/root/autodl-tmp/datasets/derived/construction_ppe3_canonical_v1_20260804_172437/images/all/train__image251.jpg,/root/autodl-tmp/datasets/derived/construction_ppe3_canonical_v1_20260804_172437/labels/all/train__image251.txt,1,1,1,False,e0080cefec129388,hardlink,hardlink
reviewed_group_0027,train,20,/root/autodl-tmp/datasets/sources/construction-ppe_ultralytics_2025_v1/images/train/image252.jpg,/root/autodl-tmp/datasets/derived/construction_ppe3_canonical_v1_20260804_172437/images/all/train__image252.jpg,/root/autodl-tmp/datasets/derived/construction_ppe3_canonical_v1_20260804_172437/labels/all/train__image252.txt,1,1,1,False,f0f6276dcc620efa,hardlink,hardlink
reviewed_group_0027,train,20,/root/autodl-tmp/datasets/sources/construction-ppe_ultralytics_2025_v1/images/train/image254.jpg,/root/autodl-tmp/datasets/derived/construction_ppe3_canonical_v1_20260804_172437/images/all/train__image254.jpg,/root/autodl-tmp/datasets/derived/construction_ppe3_canonical_v1_20260804_172437/labels/all/train__image254.txt,1,1,1,False,800a1cc98c4e4ca2,hardlink,hardlink
reviewed_group_0027,train,20,/root/autodl-tmp/datasets/sources/construction-ppe_ultralytics_2025_v1/images/train/image255.jpg,/root/autodl-tmp/datasets/derived/construction_ppe3_canonical_v1_20260804_172437/images/all/train__image255.jpg,/root/autodl-tmp/datasets/derived/construction_ppe3_canonical_v1_20260804_172437/labels/all/train__image255.txt,1,1,1,False,a0cf0d0c4c5a6864,hardlink,hardlink
reviewed_group_0027,train,20,/root/autodl-tmp/datasets/sources/construction-ppe_ultralytics_2025_v1/images/train/image256.jpg,/root/autodl-tmp/datasets/derived/construction_ppe3_canonical_v1_20260804_172437/images/all/train__image256.jpg,/root/autodl-tmp/datasets/derived/construction_ppe3_canonical_v1_20260804_172437/labels/all/train__image256.txt,1,1,1,False,e0cf9dd8d81d9932,hardlink,hardlink
reviewed_group_0027,train,20,/root/autodl-tmp/datasets/sources/construction-ppe_ultralytics_2025_v1/images/train/image258.jpg,/root/autodl-tmp/datasets/derived/construction_ppe3_canonical_v1_20260804_172437/images/all/train__image258.jpg,/root/autodl-tmp/datasets/derived/construction_ppe3_canonical_v1_20260804_172437/labels/all/train__image258.txt,1,1,1,False,ec1717151c189ee6,hardlink,hardlink
reviewed_group_0027,train,20,/root/autodl-tmp/datasets/sources/construction-ppe_ultralytics_2025_v1/images/val/image253.jpg,/root/autodl-tmp/datasets/derived/construction_ppe3_canonical_v1_20260804_172437/images/all/val__image253.jpg,/root/autodl-tmp/datasets/derived/construction_ppe3_canonical_v1_20260804_172437/labels/all/val__image253.txt,1,1,1,False,c0180dcd8cccaeb0,hardlink,hardlink
reviewed_group_0027,train,20,/root/autodl-tmp/datasets/sources/construction-ppe_ultralytics_2025_v1/images/val/image259.jpg,/root/autodl-tmp/datasets/derived/construction_ppe3_canonical_v1_20260804_172437/images/all/val__image259.jpg,/root/autodl-tmp/datasets/derived/construction_ppe3_canonical_v1_20260804_172437/labels/all/val__image259.txt,1,1,1,False,a78703068e4c8dcd,hardlink,hardlink
reviewed_group_0027,train,20,/root/autodl-tmp/datasets/sources/construction-ppe_ultralytics_2025_v1/images/test/image241.jpg,/root/autodl-tmp/datasets/derived/construction_ppe3_canonical_v1_20260804_172437/images/all/test__image241.jpg,/root/autodl-tmp/datasets/derived/construction_ppe3_canonical_v1_20260804_172437/labels/all/test__image241.txt,1,1,1,False,585a3d9d1c9a9b1a,hardlink,hardlink
reviewed_group_0027,train,20,/root/autodl-tmp/datasets/sources/construction-ppe_ultralytics_2025_v1/images/test/image257.jpg,/root/autodl-tmp/datasets/derived/construction_ppe3_canonical_v1_20260804_172437/images/all/test__image257.jpg,/root/autodl-tmp/datasets/derived/construction_ppe3_canonical_v1_20260804_172437/labels/all/test__image257.txt,1,1,1,False,cdee87840fc81ee2,hardlink,hardlink
reviewed_group_0028,train,20,/root/autodl-tmp/datasets/sources/construction-ppe_ultralytics_2025_v1/images/train/image300.jpeg,/root/autodl-tmp/datasets/derived/construction_ppe3_canonical_v1_20260804_172437/images/all/train__image300.jpeg,/root/autodl-tmp/datasets/derived/construction_ppe3_canonical_v1_20260804_172437/labels/all/train__image300.txt,3,0,3,False,80c0e0b42d6cfe0f,hardlink,hardlink
reviewed_group_0028,train,20,/root/autodl-tmp/datasets/sources/construction-ppe_ultralytics_2025_v1/images/train/image301.jpg,/root/autodl-tmp/datasets/derived/construction_ppe3_canonical_v1_20260804_172437/images/all/train__image301.jpg,/root/autodl-tmp/datasets/derived/construction_ppe3_canonical_v1_20260804_172437/labels/all/train__image301.txt,1,1,1,False,03031b1a8a070e0e,hardlink,hardlink
reviewed_group_0028,train,20,/root/autodl-tmp/datasets/sources/construction-ppe_ultralytics_2025_v1/images/train/image302.jpg,/root/autodl-tmp/datasets/derived/construction_ppe3_canonical_v1_20260804_172437/images/all/train__image302.jpg,/root/autodl-tmp/datasets/derived/construction_ppe3_canonical_v1_20260804_172437/labels/all/train__image302.txt,1,1,1,False,9885094e040c65f4,hardlink,hardlink
reviewed_group_0028,train,20,/root/autodl-tmp/datasets/sources/construction-ppe_ultralytics_2025_v1/images/train/image303.jpg,/root/autodl-tmp/datasets/derived/construction_ppe3_canonical_v1_20260804_172437/images/all/train__image303.jpg,/root/autodl-tmp/datasets/derived/construction_ppe3_canonical_v1_20260804_172437/labels/all/train__image303.txt,1,1,1,False,8b931f4c8d9532f2,hardlink,hardlink
reviewed_group_0028,train,20,/root/autodl-tmp/datasets/sources/construction-ppe_ultralytics_2025_v1/images/train/image304.jpg,/root/autodl-tmp/datasets/derived/construction_ppe3_canonical_v1_20260804_172437/images/all/train__image304.jpg,/root/autodl-tmp/datasets/derived/construction_ppe3_canonical_v1_20260804_172437/labels/all/train__image304.txt,4,0,4,False,d898491158c88ccc,hardlink,hardlink
reviewed_group_0028,train,20,/root/autodl-tmp/datasets/sources/construction-ppe_ultralytics_2025_v1/images/train/image305.jpg,/root/autodl-tmp/datasets/derived/construction_ppe3_canonical_v1_20260804_172437/images/all/train__image305.jpg,/root/autodl-tmp/datasets/derived/construction_ppe3_canonical_v1_20260804_172437/labels/all/train__image305.txt,3,4,3,False,c8cf9b99b5edcaba,hardlink,hardlink
reviewed_group_0028,train,20,/root/autodl-tmp/datasets/sources/construction-ppe_ultralytics_2025_v1/images/train/image306.jpg,/root/autodl-tmp/datasets/derived/construction_ppe3_canonical_v1_20260804_172437/images/all/train__image306.jpg,/root/autodl-tmp/datasets/derived/construction_ppe3_canonical_v1_20260804_172437/labels/all/train__image306.txt,5,9,7,False,84c0689cdcec7c9e,hardlink,hardlink
reviewed_group_0028,train,20,/root/autodl-tmp/datasets/sources/construction-ppe_ultralytics_2025_v1/images/train/image307.jpg,/root/autodl-tmp/datasets/derived/construction_ppe3_canonical_v1_20260804_172437/images/all/train__image307.jpg,/root/autodl-tmp/datasets/derived/construction_ppe3_canonical_v1_20260804_172437/labels/all/train__image307.txt,7,0,5,False,c2f0b965c94c46c2,hardlink,hardlink
reviewed_group_0028,train,20,/root/autodl-tmp/datasets/sources/construction-ppe_ultralytics_2025_v1/images/train/image308.jpg,/root/autodl-tmp/datasets/derived/construction_ppe3_canonical_v1_20260804_172437/images/all/train__image308.jpg,/root/autodl-tmp/datasets/derived/construction_ppe3_canonical_v1_20260804_172437/labels/all/train__image308.txt,6,6,5,False,06f440204c999005,hardlink,hardlink
reviewed_group_0028,train,20,/root/autodl-tmp/datasets/sources/construction-ppe_ultralytics_2025_v1/images/train/image309.jpg,/root/autodl-tmp/datasets/derived/construction_ppe3_canonical_v1_20260804_172437/images/all/train__image309.jpg,/root/autodl-tmp/datasets/derived/construction_ppe3_canonical_v1_20260804_172437/labels/all/train__image309.txt,6,10,0,False,c4c0d8dc29dd3819,hardlink,hardlink
reviewed_group_0028,train,20,/root/autodl-tmp/datasets/sources/construction-ppe_ultralytics_2025_v1/images/train/image310.jpg,/root/autodl-tmp/datasets/derived/construction_ppe3_canonical_v1_20260804_172437/images/all/train__image310.jpg,/root/autodl-tmp/datasets/derived/construction_ppe3_canonical_v1_20260804_172437/labels/all/train__image310.txt,1,1,1,False,8e8f1e73737b293b,hardlink,hardlink
reviewed_group_0028,train,20,/root/autodl-tmp/datasets/sources/construction-ppe_ultralytics_2025_v1/images/train/image311.jpg,/root/autodl-tmp/datasets/derived/construction_ppe3_canonical_v1_20260804_172437/images/all/train__image311.jpg,/root/autodl-tmp/datasets/derived/construction_ppe3_canonical_v1_20260804_172437/labels/all/train__image311.txt,1,1,1,False,fe4e6f2ea78fc7c7,hardlink,hardlink
reviewed_group_0028,train,20,/root/autodl-tmp/datasets/sources/construction-ppe_ultralytics_2025_v1/images/train/image312.jpg,/root/autodl-tmp/datasets/derived/construction_ppe3_canonical_v1_20260804_172437/images/all/train__image312.jpg,/root/autodl-tmp/datasets/derived/construction_ppe3_canonical_v1_20260804_172437/labels/all/train__image312.txt,1,1,1,False,e7e7842d237332ae,hardlink,hardlink
reviewed_group_0028,train,20,/root/autodl-tmp/datasets/sources/construction-ppe_ultralytics_2025_v1/images/train/image313.jpg,/root/autodl-tmp/datasets/derived/construction_ppe3_canonical_v1_20260804_172437/images/all/train__image313.jpg,/root/autodl-tmp/datasets/derived/construction_ppe3_canonical_v1_20260804_172437/labels/all/train__image313.txt,1,1,1,False,262e31be1a9d9596,hardlink,hardlink
reviewed_group_0028,train,20,/root/autodl-tmp/datasets/sources/construction-ppe_ultralytics_2025_v1/images/train/image314.jpg,/root/autodl-tmp/datasets/derived/construction_ppe3_canonical_v1_20260804_172437/images/all/train__image314.jpg,/root/autodl-tmp/datasets/derived/construction_ppe3_canonical_v1_20260804_172437/labels/all/train__image314.txt,1,1,1,False,8499193337270e94,hardlink,hardlink
reviewed_group_0028,train,20,/root/autodl-tmp/datasets/sources/construction-ppe_ultralytics_2025_v1/images/train/image315.jpg,/root/autodl-tmp/datasets/derived/construction_ppe3_canonical_v1_20260804_172437/images/all/train__image315.jpg,/root/autodl-tmp/datasets/derived/construction_ppe3_canonical_v1_20260804_172437/labels/all/train__image315.txt,2,2,2,False,d373637172727139,hardlink,hardlink
reviewed_group_0028,train,20,/root/autodl-tmp/datasets/sources/construction-ppe_ultralytics_2025_v1/images/train/image316.jpg,/root/autodl-tmp/datasets/derived/construction_ppe3_canonical_v1_20260804_172437/images/all/train__image316.jpg,/root/autodl-tmp/datasets/derived/construction_ppe3_canonical_v1_20260804_172437/labels/all/train__image316.txt,1,1,1,False,c0a3db938f9614fc,hardlink,hardlink
reviewed_group_0028,train,20,/root/autodl-tmp/datasets/sources/construction-ppe_ultralytics_2025_v1/images/train/image317.jpg,/root/autodl-tmp/datasets/derived/construction_ppe3_canonical_v1_20260804_172437/images/all/train__image317.jpg,/root/autodl-tmp/datasets/derived/construction_ppe3_canonical_v1_20260804_172437/labels/all/train__image317.txt,1,1,1,False,82039787069636be,hardlink,hardlink
reviewed_group_0028,train,20,/root/autodl-tmp/datasets/sources/construction-ppe_ultralytics_2025_v1/images/train/image319.jpg,/root/autodl-tmp/datasets/derived/construction_ppe3_canonical_v1_20260804_172437/images/all/train__image319.jpg,/root/autodl-tmp/datasets/derived/construction_ppe3_canonical_v1_20260804_172437/labels/all/train__image319.txt,1,1,1,False,848b9b17272638f8,hardlink,hardlink
reviewed_group_0028,train,20,/root/autodl-tmp/datasets/sources/construction-ppe_ultralytics_2025_v1/images/val/image318.jpg,/root/autodl-tmp/datasets/derived/construction_ppe3_canonical_v1_20260804_172437/images/all/val__image318.jpg,/root/autodl-tmp/datasets/derived/construction_ppe3_canonical_v1_20260804_172437/labels/all/val__image318.txt,1,1,1,False,948b9b77373e1c1e,hardlink,hardlink
reviewed_group_0029,train,20,/root/autodl-tmp/datasets/sources/construction-ppe_ultralytics_2025_v1/images/train/image320.jpg,/root/autodl-tmp/datasets/derived/construction_ppe3_canonical_v1_20260804_172437/images/all/train__image320.jpg,/root/autodl-tmp/datasets/derived/construction_ppe3_canonical_v1_20260804_172437/labels/all/train__image320.txt,5,5,5,False,e01a0eecd97aab86,hardlink,hardlink
reviewed_group_0029,train,20,/root/autodl-tmp/datasets/sources/construction-ppe_ultralytics_2025_v1/images/train/image321.jpg,/root/autodl-tmp/datasets/derived/construction_ppe3_canonical_v1_20260804_172437/images/all/train__image321.jpg,/root/autodl-tmp/datasets/derived/construction_ppe3_canonical_v1_20260804_172437/labels/all/train__image321.txt,4,4,5,False,b01d8fe5a464b6ec,hardlink,hardlink
reviewed_group_0029,train,20,/root/autodl-tmp/datasets/sources/construction-ppe_ultralytics_2025_v1/images/train/image322.jpg,/root/autodl-tmp/datasets/derived/construction_ppe3_canonical_v1_20260804_172437/images/all/train__image322.jpg,/root/autodl-tmp/datasets/derived/construction_ppe3_canonical_v1_20260804_172437/labels/all/train__image322.txt,5,6,6,False,80b9b080281c1616,hardlink,hardlink
reviewed_group_0029,train,20,/root/autodl-tmp/datasets/sources/construction-ppe_ultralytics_2025_v1/images/train/image323.jpg,/root/autodl-tmp/datasets/derived/construction_ppe3_canonical_v1_20260804_172437/images/all/train__image323.jpg,/root/autodl-tmp/datasets/derived/construction_ppe3_canonical_v1_20260804_172437/labels/all/train__image323.txt,3,3,3,False,e0a4a496ca6b6b45,hardlink,hardlink
reviewed_group_0029,train,20,/root/autodl-tmp/datasets/sources/construction-ppe_ultralytics_2025_v1/images/train/image325.jpg,/root/autodl-tmp/datasets/derived/construction_ppe3_canonical_v1_20260804_172437/images/all/train__image325.jpg,/root/autodl-tmp/datasets/derived/construction_ppe3_canonical_v1_20260804_172437/labels/all/train__image325.txt,1,1,1,False,4fc568099616c4a4,hardlink,hardlink
reviewed_group_0029,train,20,/root/autodl-tmp/datasets/sources/construction-ppe_ultralytics_2025_v1/images/train/image326.jpg,/root/autodl-tmp/datasets/derived/construction_ppe3_canonical_v1_20260804_172437/images/all/train__image326.jpg,/root/autodl-tmp/datasets/derived/construction_ppe3_canonical_v1_20260804_172437/labels/all/train__image326.txt,1,1,1,False,0d4ceb37dedfc88c,hardlink,hardlink
reviewed_group_0029,train,20,/root/autodl-tmp/datasets/sources/construction-ppe_ultralytics_2025_v1/images/train/image327.jpeg,/root/autodl-tmp/datasets/derived/construction_ppe3_canonical_v1_20260804_172437/images/all/train__image327.jpeg,/root/autodl-tmp/datasets/derived/construction_ppe3_canonical_v1_20260804_172437/labels/all/train__image327.txt,1,1,1,False,f4ccccd4c4c4c4d4,hardlink,hardlink
reviewed_group_0029,train,20,/root/autodl-tmp/datasets/sources/construction-ppe_ultralytics_2025_v1/images/train/image328.jpeg,/root/autodl-tmp/datasets/derived/construction_ppe3_canonical_v1_20260804_172437/images/all/train__image328.jpeg,/root/autodl-tmp/datasets/derived/construction_ppe3_canonical_v1_20260804_172437/labels/all/train__image328.txt,1,1,1,False,eae4c6cacad4d494,hardlink,hardlink
reviewed_group_0029,train,20,/root/autodl-tmp/datasets/sources/construction-ppe_ultralytics_2025_v1/images/train/image331.jpg,/root/autodl-tmp/datasets/derived/construction_ppe3_canonical_v1_20260804_172437/images/all/train__image331.jpg,/root/autodl-tmp/datasets/derived/construction_ppe3_canonical_v1_20260804_172437/labels/all/train__image331.txt,1,0,1,False,91b637cb18121292,hardlink,hardlink
reviewed_group_0029,train,20,/root/autodl-tmp/datasets/sources/construction-ppe_ultralytics_2025_v1/images/train/image332.jpg,/root/autodl-tmp/datasets/derived/construction_ppe3_canonical_v1_20260804_172437/images/all/train__image332.jpg,/root/autodl-tmp/datasets/derived/construction_ppe3_canonical_v1_20260804_172437/labels/all/train__image332.txt,1,1,1,False,0703073696070e0e,hardlink,hardlink
reviewed_group_0029,train,20,/root/autodl-tmp/datasets/sources/construction-ppe_ultralytics_2025_v1/images/train/image333.jpg,/root/autodl-tmp/datasets/derived/construction_ppe3_canonical_v1_20260804_172437/images/all/train__image333.jpg,/root/autodl-tmp/datasets/derived/construction_ppe3_canonical_v1_20260804_172437/labels/all/train__image333.txt,1,1,1,False,c6e611291d9d989e,hardlink,hardlink
reviewed_group_0029,train,20,/root/autodl-tmp/datasets/sources/construction-ppe_ultralytics_2025_v1/images/train/image334.jpg,/root/autodl-tmp/datasets/derived/construction_ppe3_canonical_v1_20260804_172437/images/all/train__image334.jpg,/root/autodl-tmp/datasets/derived/construction_ppe3_canonical_v1_20260804_172437/labels/all/train__image334.txt,1,1,1,False,16067766641e9e1e,hardlink,hardlink
reviewed_group_0029,train,20,/root/autodl-tmp/datasets/sources/construction-ppe_ultralytics_2025_v1/images/train/image335.jpg,/root/autodl-tmp/datasets/derived/construction_ppe3_canonical_v1_20260804_172437/images/all/train__image335.jpg,/root/autodl-tmp/datasets/derived/construction_ppe3_canonical_v1_20260804_172437/labels/all/train__image335.txt,1,1,1,False,e0b2932766ecc092,hardlink,hardlink
reviewed_group_0029,train,20,/root/autodl-tmp/datasets/sources/construction-ppe_ultralytics_2025_v1/images/train/image336.jpg,/root/autodl-tmp/datasets/derived/construction_ppe3_canonical_v1_20260804_172437/images/all/train__image336.jpg,/root/autodl-tmp/datasets/derived/construction_ppe3_canonical_v1_20260804_172437/labels/all/train__image336.txt,2,2,2,False,d606663212aa4cac,hardlink,hardlink
reviewed_group_0029,train,20,/root/autodl-tmp/datasets/sources/construction-ppe_ultralytics_2025_v1/images/train/image338.jpg,/root/autodl-tmp/datasets/derived/construction_ppe3_canonical_v1_20260804_172437/images/all/train__image338.jpg,/root/autodl-tmp/datasets/derived/construction_ppe3_canonical_v1_20260804_172437/labels/all/train__image338.txt,1,1,1,False,dada4a6ecbb3f3f3,hardlink,hardlink
reviewed_group_0029,train,20,/root/autodl-tmp/datasets/sources/construction-ppe_ultralytics_2025_v1/images/train/image339.jpg,/root/autodl-tmp/datasets/derived/construction_ppe3_canonical_v1_20260804_172437/images/all/train__image339.jpg,/root/autodl-tmp/datasets/derived/construction_ppe3_canonical_v1_20260804_172437/labels/all/train__image339.txt,1,1,1,False,a4b46d292c36b0a9,hardlink,hardlink
reviewed_group_0029,train,20,/root/autodl-tmp/datasets/sources/construction-ppe_ultralytics_2025_v1/images/val/image329.jpeg,/root/autodl-tmp/datasets/derived/construction_ppe3_canonical_v1_20260804_172437/images/all/val__image329.jpeg,/root/autodl-tmp/datasets/derived/construction_ppe3_canonical_v1_20260804_172437/labels/all/val__image329.txt,1,1,1,False,d8d8c2a6e6c8e4b8,hardlink,hardlink
reviewed_group_0029,train,20,/root/autodl-tmp/datasets/sources/construction-ppe_ultralytics_2025_v1/images/val/image330.jpg,/root/autodl-tmp/datasets/derived/construction_ppe3_canonical_v1_20260804_172437/images/all/val__image330.jpg,/root/autodl-tmp/datasets/derived/construction_ppe3_canonical_v1_20260804_172437/labels/all/val__image330.txt,1,1,1,False,72d29b36d7d273b2,hardlink,hardlink
reviewed_group_0029,train,20,/root/autodl-tmp/datasets/sources/construction-ppe_ultralytics_2025_v1/images/val/image337.jpg,/root/autodl-tmp/datasets/derived/construction_ppe3_canonical_v1_20260804_172437/images/all/val__image337.jpg,/root/autodl-tmp/datasets/derived/construction_ppe3_canonical_v1_20260804_172437/labels/all/val__image337.txt,1,1,1,False,cbcbeaefc3d373ea,hardlink,hardlink
reviewed_group_0029,train,20,/root/autodl-tmp/datasets/sources/construction-ppe_ultralytics_2025_v1/images/test/image324.jpg,/root/autodl-tmp/datasets/derived/construction_ppe3_canonical_v1_20260804_172437/images/all/test__image324.jpg,/root/autodl-tmp/datasets/derived/construction_ppe3_canonical_v1_20260804_172437/labels/all/test__image324.txt,6,3,6,False,3f4c6d4656966622,hardlink,hardlink
reviewed_group_0030,test,20,/root/autodl-tmp/datasets/sources/construction-ppe_ultralytics_2025_v1/images/train/image340.jpg,/root/autodl-tmp/datasets/derived/construction_ppe3_canonical_v1_20260804_172437/images/all/train__image340.jpg,/root/autodl-tmp/datasets/derived/construction_ppe3_canonical_v1_20260804_172437/labels/all/train__image340.txt,1,1,1,False,e4944b67c1d9f8fc,hardlink,hardlink
reviewed_group_0030,test,20,/root/autodl-tmp/datasets/sources/construction-ppe_ultralytics_2025_v1/images/train/image341.jpg,/root/autodl-tmp/datasets/derived/construction_ppe3_canonical_v1_20260804_172437/images/all/train__image341.jpg,/root/autodl-tmp/datasets/derived/construction_ppe3_canonical_v1_20260804_172437/labels/all/train__image341.txt,1,1,1,False,96f40d0934606968,hardlink,hardlink
reviewed_group_0030,test,20,/root/autodl-tmp/datasets/sources/construction-ppe_ultralytics_2025_v1/images/train/image342.jpg,/root/autodl-tmp/datasets/derived/construction_ppe3_canonical_v1_20260804_172437/images/all/train__image342.jpg,/root/autodl-tmp/datasets/derived/construction_ppe3_canonical_v1_20260804_172437/labels/all/train__image342.txt,1,1,1,False,72b4c50b824c8eac,hardlink,hardlink
reviewed_group_0030,test,20,/root/autodl-tmp/datasets/sources/construction-ppe_ultralytics_2025_v1/images/train/image343.jpeg,/root/autodl-tmp/datasets/derived/construction_ppe3_canonical_v1_20260804_172437/images/all/train__image343.jpeg,/root/autodl-tmp/datasets/derived/construction_ppe3_canonical_v1_20260804_172437/labels/all/train__image343.txt,4,4,4,False,c4d4e8ba9292d0e0,hardlink,hardlink
reviewed_group_0030,test,20,/root/autodl-tmp/datasets/sources/construction-ppe_ultralytics_2025_v1/images/train/image344.jpg,/root/autodl-tmp/datasets/derived/construction_ppe3_canonical_v1_20260804_172437/images/all/train__image344.jpg,/root/autodl-tmp/datasets/derived/construction_ppe3_canonical_v1_20260804_172437/labels/all/train__image344.txt,1,1,1,False,3c391b4cb4cc189c,hardlink,hardlink
reviewed_group_0030,test,20,/root/autodl-tmp/datasets/sources/construction-ppe_ultralytics_2025_v1/images/train/image346.jpg,/root/autodl-tmp/datasets/derived/construction_ppe3_canonical_v1_20260804_172437/images/all/train__image346.jpg,/root/autodl-tmp/datasets/derived/construction_ppe3_canonical_v1_20260804_172437/labels/all/train__image346.txt,1,1,1,False,315358bc769c8c9c,hardlink,hardlink
reviewed_group_0030,test,20,/root/autodl-tmp/datasets/sources/construction-ppe_ultralytics_2025_v1/images/train/image348.jpg,/root/autodl-tmp/datasets/derived/construction_ppe3_canonical_v1_20260804_172437/images/all/train__image348.jpg,/root/autodl-tmp/datasets/derived/construction_ppe3_canonical_v1_20260804_172437/labels/all/train__image348.txt,1,1,1,False,cecddc0c8335c184,hardlink,hardlink
reviewed_group_0030,test,20,/root/autodl-tmp/datasets/sources/construction-ppe_ultralytics_2025_v1/images/train/image349.jpg,/root/autodl-tmp/datasets/derived/construction_ppe3_canonical_v1_20260804_172437/images/all/train__image349.jpg,/root/autodl-tmp/datasets/derived/construction_ppe3_canonical_v1_20260804_172437/labels/all/train__image349.txt,5,0,5,False,7e469a9ad4466c30,hardlink,hardlink
reviewed_group_0030,test,20,/root/autodl-tmp/datasets/sources/construction-ppe_ultralytics_2025_v1/images/train/image351.jpg,/root/autodl-tmp/datasets/derived/construction_ppe3_canonical_v1_20260804_172437/images/all/train__image351.jpg,/root/autodl-tmp/datasets/derived/construction_ppe3_canonical_v1_20260804_172437/labels/all/train__image351.txt,1,1,1,False,fcf7030b4c8c2d86,hardlink,hardlink
reviewed_group_0030,test,20,/root/autodl-tmp/datasets/sources/construction-ppe_ultralytics_2025_v1/images/train/image352.jpg,/root/autodl-tmp/datasets/derived/construction_ppe3_canonical_v1_20260804_172437/images/all/train__image352.jpg,/root/autodl-tmp/datasets/derived/construction_ppe3_canonical_v1_20260804_172437/labels/all/train__image352.txt,2,2,2,False,8090969eb959969e,hardlink,hardlink
reviewed_group_0030,test,20,/root/autodl-tmp/datasets/sources/construction-ppe_ultralytics_2025_v1/images/train/image353.jpg,/root/autodl-tmp/datasets/derived/construction_ppe3_canonical_v1_20260804_172437/images/all/train__image353.jpg,/root/autodl-tmp/datasets/derived/construction_ppe3_canonical_v1_20260804_172437/labels/all/train__image353.txt,1,1,1,False,a03a2e1c9c1d9e88,hardlink,hardlink
reviewed_group_0030,test,20,/root/autodl-tmp/datasets/sources/construction-ppe_ultralytics_2025_v1/images/train/image354.jpg,/root/autodl-tmp/datasets/derived/construction_ppe3_canonical_v1_20260804_172437/images/all/train__image354.jpg,/root/autodl-tmp/datasets/derived/construction_ppe3_canonical_v1_20260804_172437/labels/all/train__image354.txt,1,1,1,False,00179f37a7606281,hardlink,hardlink
reviewed_group_0030,test,20,/root/autodl-tmp/datasets/sources/construction-ppe_ultralytics_2025_v1/images/train/image356.jpg,/root/autodl-tmp/datasets/derived/construction_ppe3_canonical_v1_20260804_172437/images/all/train__image356.jpg,/root/autodl-tmp/datasets/derived/construction_ppe3_canonical_v1_20260804_172437/labels/all/train__image356.txt,1,1,1,False,120d2f1e4c0d1b4c,hardlink,hardlink
reviewed_group_0030,test,20,/root/autodl-tmp/datasets/sources/construction-ppe_ultralytics_2025_v1/images/train/image357.jpg,/root/autodl-tmp/datasets/derived/construction_ppe3_canonical_v1_20260804_172437/images/all/train__image357.jpg,/root/autodl-tmp/datasets/derived/construction_ppe3_canonical_v1_20260804_172437/labels/all/train__image357.txt,1,1,1,False,f0099b47e6068590,hardlink,hardlink
reviewed_group_0030,test,20,/root/autodl-tmp/datasets/sources/construction-ppe_ultralytics_2025_v1/images/train/image358.jpg,/root/autodl-tmp/datasets/derived/construction_ppe3_canonical_v1_20260804_172437/images/all/train__image358.jpg,/root/autodl-tmp/datasets/derived/construction_ppe3_canonical_v1_20260804_172437/labels/all/train__image358.txt,1,1,1,False,d0189e9e8d4d8ea0,hardlink,hardlink
reviewed_group_0030,test,20,/root/autodl-tmp/datasets/sources/construction-ppe_ultralytics_2025_v1/images/train/image359.jpg,/root/autodl-tmp/datasets/derived/construction_ppe3_canonical_v1_20260804_172437/images/all/train__image359.jpg,/root/autodl-tmp/datasets/derived/construction_ppe3_canonical_v1_20260804_172437/labels/all/train__image359.txt,1,1,1,False,880dcdcf4c868ca8,hardlink,hardlink
reviewed_group_0030,test,20,/root/autodl-tmp/datasets/sources/construction-ppe_ultralytics_2025_v1/images/val/image347.jpg,/root/autodl-tmp/datasets/derived/construction_ppe3_canonical_v1_20260804_172437/images/all/val__image347.jpg,/root/autodl-tmp/datasets/derived/construction_ppe3_canonical_v1_20260804_172437/labels/all/val__image347.txt,1,1,1,False,d2e5e1a0949898cd,hardlink,hardlink
reviewed_group_0030,test,20,/root/autodl-tmp/datasets/sources/construction-ppe_ultralytics_2025_v1/images/val/image355.jpg,/root/autodl-tmp/datasets/derived/construction_ppe3_canonical_v1_20260804_172437/images/all/val__image355.jpg,/root/autodl-tmp/datasets/derived/construction_ppe3_canonical_v1_20260804_172437/labels/all/val__image355.txt,1,1,1,False,c808968fcd4c8624,hardlink,hardlink
reviewed_group_0030,test,20,/root/autodl-tmp/datasets/sources/construction-ppe_ultralytics_2025_v1/images/test/image345.jpg,/root/autodl-tmp/datasets/derived/construction_ppe3_canonical_v1_20260804_172437/images/all/test__image345.jpg,/root/autodl-tmp/datasets/derived/construction_ppe3_canonical_v1_20260804_172437/labels/all/test__image345.txt,1,1,1,False,f07191c782c3cec6,hardlink,hardlink
reviewed_group_0030,test,20,/root/autodl-tmp/datasets/sources/construction-ppe_ultralytics_2025_v1/images/test/image350.jpg,/root/autodl-tmp/datasets/derived/construction_ppe3_canonical_v1_20260804_172437/images/all/test__image350.jpg,/root/autodl-tmp/datasets/derived/construction_ppe3_canonical_v1_20260804_172437/labels/all/test__image350.txt,1,1,1,False,f8af1716cc8f2dee,hardlink,hardlink
reviewed_group_0031,train,20,/root/autodl-tmp/datasets/sources/construction-ppe_ultralytics_2025_v1/images/train/image380.jpg,/root/autodl-tmp/datasets/derived/construction_ppe3_canonical_v1_20260804_172437/images/all/train__image380.jpg,/root/autodl-tmp/datasets/derived/construction_ppe3_canonical_v1_20260804_172437/labels/all/train__image380.txt,1,1,1,False,ac8f0f99182a8ef4,hardlink,hardlink
reviewed_group_0031,train,20,/root/autodl-tmp/datasets/sources/construction-ppe_ultralytics_2025_v1/images/train/image382.jpg,/root/autodl-tmp/datasets/derived/construction_ppe3_canonical_v1_20260804_172437/images/all/train__image382.jpg,/root/autodl-tmp/datasets/derived/construction_ppe3_canonical_v1_20260804_172437/labels/all/train__image382.txt,1,1,1,False,d0103f2f9cca4e8c,hardlink,hardlink
reviewed_group_0031,train,20,/root/autodl-tmp/datasets/sources/construction-ppe_ultralytics_2025_v1/images/train/image383.jpg,/root/autodl-tmp/datasets/derived/construction_ppe3_canonical_v1_20260804_172437/images/all/train__image383.jpg,/root/autodl-tmp/datasets/derived/construction_ppe3_canonical_v1_20260804_172437/labels/all/train__image383.txt,1,1,1,False,84070bc3d31343a3,hardlink,hardlink
reviewed_group_0031,train,20,/root/autodl-tmp/datasets/sources/construction-ppe_ultralytics_2025_v1/images/train/image384.jpg,/root/autodl-tmp/datasets/derived/construction_ppe3_canonical_v1_20260804_172437/images/all/train__image384.jpg,/root/autodl-tmp/datasets/derived/construction_ppe3_canonical_v1_20260804_172437/labels/all/train__image384.txt,1,1,1,False,c013afeced6336b0,hardlink,hardlink
reviewed_group_0031,train,20,/root/autodl-tmp/datasets/sources/construction-ppe_ultralytics_2025_v1/images/train/image385.jpg,/root/autodl-tmp/datasets/derived/construction_ppe3_canonical_v1_20260804_172437/images/all/train__image385.jpg,/root/autodl-tmp/datasets/derived/construction_ppe3_canonical_v1_20260804_172437/labels/all/train__image385.txt,1,1,1,False,08478f6f6fe6b6ac,hardlink,hardlink
reviewed_group_0031,train,20,/root/autodl-tmp/datasets/sources/construction-ppe_ultralytics_2025_v1/images/train/image386.jpg,/root/autodl-tmp/datasets/derived/construction_ppe3_canonical_v1_20260804_172437/images/all/train__image386.jpg,/root/autodl-tmp/datasets/derived/construction_ppe3_canonical_v1_20260804_172437/labels/all/train__image386.txt,1,1,1,False,bc2647cbc8941ae4,hardlink,hardlink
reviewed_group_0031,train,20,/root/autodl-tmp/datasets/sources/construction-ppe_ultralytics_2025_v1/images/train/image387.jpg,/root/autodl-tmp/datasets/derived/construction_ppe3_canonical_v1_20260804_172437/images/all/train__image387.jpg,/root/autodl-tmp/datasets/derived/construction_ppe3_canonical_v1_20260804_172437/labels/all/train__image387.txt,1,1,1,False,e08a1d6ce686a6d8,hardlink,hardlink
reviewed_group_0031,train,20,/root/autodl-tmp/datasets/sources/construction-ppe_ultralytics_2025_v1/images/train/image388.jpg,/root/autodl-tmp/datasets/derived/construction_ppe3_canonical_v1_20260804_172437/images/all/train__image388.jpg,/root/autodl-tmp/datasets/derived/construction_ppe3_canonical_v1_20260804_172437/labels/all/train__image388.txt,1,1,1,False,eecd1a4ccc8cda4c,hardlink,hardlink
reviewed_group_0031,train,20,/root/autodl-tmp/datasets/sources/construction-ppe_ultralytics_2025_v1/images/train/image390.jpg,/root/autodl-tmp/datasets/derived/construction_ppe3_canonical_v1_20260804_172437/images/all/train__image390.jpg,/root/autodl-tmp/datasets/derived/construction_ppe3_canonical_v1_20260804_172437/labels/all/train__image390.txt,1,1,1,False,c0081f748fef873c,hardlink,hardlink
reviewed_group_0031,train,20,/root/autodl-tmp/datasets/sources/construction-ppe_ultralytics_2025_v1/images/train/image394.jpg,/root/autodl-tmp/datasets/derived/construction_ppe3_canonical_v1_20260804_172437/images/all/train__image394.jpg,/root/autodl-tmp/datasets/derived/construction_ppe3_canonical_v1_20260804_172437/labels/all/train__image394.txt,1,1,1,False,c0ab9f86171e8f94,hardlink,hardlink
reviewed_group_0031,train,20,/root/autodl-tmp/datasets/sources/construction-ppe_ultralytics_2025_v1/images/train/image397.jpg,/root/autodl-tmp/datasets/derived/construction_ppe3_canonical_v1_20260804_172437/images/all/train__image397.jpg,/root/autodl-tmp/datasets/derived/construction_ppe3_canonical_v1_20260804_172437/labels/all/train__image397.txt,1,1,1,False,0303139a9a0f0e0e,hardlink,hardlink
reviewed_group_0031,train,20,/root/autodl-tmp/datasets/sources/construction-ppe_ultralytics_2025_v1/images/train/image398.jpg,/root/autodl-tmp/datasets/derived/construction_ppe3_canonical_v1_20260804_172437/images/all/train__image398.jpg,/root/autodl-tmp/datasets/derived/construction_ppe3_canonical_v1_20260804_172437/labels/all/train__image398.txt,1,1,1,False,b687230c0f4c82ca,hardlink,hardlink
reviewed_group_0031,train,20,/root/autodl-tmp/datasets/sources/construction-ppe_ultralytics_2025_v1/images/train/image399.jpg,/root/autodl-tmp/datasets/derived/construction_ppe3_canonical_v1_20260804_172437/images/all/train__image399.jpg,/root/autodl-tmp/datasets/derived/construction_ppe3_canonical_v1_20260804_172437/labels/all/train__image399.txt,1,1,1,False,c68c1d8dcc8fafca,hardlink,hardlink
reviewed_group_0031,train,20,/root/autodl-tmp/datasets/sources/construction-ppe_ultralytics_2025_v1/images/val/image391.jpg,/root/autodl-tmp/datasets/derived/construction_ppe3_canonical_v1_20260804_172437/images/all/val__image391.jpg,/root/autodl-tmp/datasets/derived/construction_ppe3_canonical_v1_20260804_172437/labels/all/val__image391.txt,1,1,1,False,200c4c148e4d8ee6,hardlink,hardlink
reviewed_group_0031,train,20,/root/autodl-tmp/datasets/sources/construction-ppe_ultralytics_2025_v1/images/val/image392.jpg,/root/autodl-tmp/datasets/derived/construction_ppe3_canonical_v1_20260804_172437/images/all/val__image392.jpg,/root/autodl-tmp/datasets/derived/construction_ppe3_canonical_v1_20260804_172437/labels/all/val__image392.txt,1,1,1,False,fc260f071e8e18d8,hardlink,hardlink
reviewed_group_0031,train,20,/root/autodl-tmp/datasets/sources/construction-ppe_ultralytics_2025_v1/images/val/image395.jpg,/root/autodl-tmp/datasets/derived/construction_ppe3_canonical_v1_20260804_172437/images/all/val__image395.jpg,/root/autodl-tmp/datasets/derived/construction_ppe3_canonical_v1_20260804_172437/labels/all/val__image395.txt,1,1,1,False,f6376706078424e6,hardlink,hardlink
reviewed_group_0031,train,20,/root/autodl-tmp/datasets/sources/construction-ppe_ultralytics_2025_v1/images/val/image396.jpg,/root/autodl-tmp/datasets/derived/construction_ppe3_canonical_v1_20260804_172437/images/all/val__image396.jpg,/root/autodl-tmp/datasets/derived/construction_ppe3_canonical_v1_20260804_172437/labels/all/val__image396.txt,1,1,1,False,c8cf050c880e29a4,hardlink,hardlink
reviewed_group_0031,train,20,/root/autodl-tmp/datasets/sources/construction-ppe_ultralytics_2025_v1/images/test/image381.jpg,/root/autodl-tmp/datasets/derived/construction_ppe3_canonical_v1_20260804_172437/images/all/test__image381.jpg,/root/autodl-tmp/datasets/derived/construction_ppe3_canonical_v1_20260804_172437/labels/all/test__image381.txt,1,1,1,False,e0920f0767e585c8,hardlink,hardlink
reviewed_group_0031,train,20,/root/autodl-tmp/datasets/sources/construction-ppe_ultralytics_2025_v1/images/test/image389.jpg,/root/autodl-tmp/datasets/derived/construction_ppe3_canonical_v1_20260804_172437/images/all/test__image389.jpg,/root/autodl-tmp/datasets/derived/construction_ppe3_canonical_v1_20260804_172437/labels/all/test__image389.txt,1,1,1,False,8c0c54c4cd8c5e90,hardlink,hardlink
reviewed_group_0031,train,20,/root/autodl-tmp/datasets/sources/construction-ppe_ultralytics_2025_v1/images/test/image393.jpg,/root/autodl-tmp/datasets/derived/construction_ppe3_canonical_v1_20260804_172437/images/all/test__image393.jpg,/root/autodl-tmp/datasets/derived/construction_ppe3_canonical_v1_20260804_172437/labels/all/test__image393.txt,1,1,1,False,c60c173707060bae,hardlink,hardlink
reviewed_group_0032,train,20,/root/autodl-tmp/datasets/sources/construction-ppe_ultralytics_2025_v1/images/train/image400.jpg,/root/autodl-tmp/datasets/derived/construction_ppe3_canonical_v1_20260804_172437/images/all/train__image400.jpg,/root/autodl-tmp/datasets/derived/construction_ppe3_canonical_v1_20260804_172437/labels/all/train__image400.txt,1,1,1,False,c40e3d8f4dcf8fa4,hardlink,hardlink
reviewed_group_0032,train,20,/root/autodl-tmp/datasets/sources/construction-ppe_ultralytics_2025_v1/images/train/image402.jpg,/root/autodl-tmp/datasets/derived/construction_ppe3_canonical_v1_20260804_172437/images/all/train__image402.jpg,/root/autodl-tmp/datasets/derived/construction_ppe3_canonical_v1_20260804_172437/labels/all/train__image402.txt,1,1,1,False,f6a32303c60616e2,hardlink,hardlink
reviewed_group_0032,train,20,/root/autodl-tmp/datasets/sources/construction-ppe_ultralytics_2025_v1/images/train/image403.jpg,/root/autodl-tmp/datasets/derived/construction_ppe3_canonical_v1_20260804_172437/images/all/train__image403.jpg,/root/autodl-tmp/datasets/derived/construction_ppe3_canonical_v1_20260804_172437/labels/all/train__image403.txt,1,1,1,False,e4c7c726c783a7a6,hardlink,hardlink
reviewed_group_0032,train,20,/root/autodl-tmp/datasets/sources/construction-ppe_ultralytics_2025_v1/images/train/image404.jpg,/root/autodl-tmp/datasets/derived/construction_ppe3_canonical_v1_20260804_172437/images/all/train__image404.jpg,/root/autodl-tmp/datasets/derived/construction_ppe3_canonical_v1_20260804_172437/labels/all/train__image404.txt,1,1,1,False,ba93910d67460dea,hardlink,hardlink
reviewed_group_0032,train,20,/root/autodl-tmp/datasets/sources/construction-ppe_ultralytics_2025_v1/images/train/image405.jpg,/root/autodl-tmp/datasets/derived/construction_ppe3_canonical_v1_20260804_172437/images/all/train__image405.jpg,/root/autodl-tmp/datasets/derived/construction_ppe3_canonical_v1_20260804_172437/labels/all/train__image405.txt,1,1,1,False,9cbc261f889a0ef2,hardlink,hardlink
reviewed_group_0032,train,20,/root/autodl-tmp/datasets/sources/construction-ppe_ultralytics_2025_v1/images/train/image406.jpg,/root/autodl-tmp/datasets/derived/construction_ppe3_canonical_v1_20260804_172437/images/all/train__image406.jpg,/root/autodl-tmp/datasets/derived/construction_ppe3_canonical_v1_20260804_172437/labels/all/train__image406.txt,1,1,1,False,dc3c2c3e2c2a0ee6,hardlink,hardlink
reviewed_group_0032,train,20,/root/autodl-tmp/datasets/sources/construction-ppe_ultralytics_2025_v1/images/train/image408.jpg,/root/autodl-tmp/datasets/derived/construction_ppe3_canonical_v1_20260804_172437/images/all/train__image408.jpg,/root/autodl-tmp/datasets/derived/construction_ppe3_canonical_v1_20260804_172437/labels/all/train__image408.txt,1,1,1,False,0303139e8a0f0e0e,hardlink,hardlink
reviewed_group_0032,train,20,/root/autodl-tmp/datasets/sources/construction-ppe_ultralytics_2025_v1/images/train/image409.jpg,/root/autodl-tmp/datasets/derived/construction_ppe3_canonical_v1_20260804_172437/images/all/train__image409.jpg,/root/autodl-tmp/datasets/derived/construction_ppe3_canonical_v1_20260804_172437/labels/all/train__image409.txt,1,1,1,False,2c170b9f8c1a5dec,hardlink,hardlink
reviewed_group_0032,train,20,/root/autodl-tmp/datasets/sources/construction-ppe_ultralytics_2025_v1/images/train/image410.jpg,/root/autodl-tmp/datasets/derived/construction_ppe3_canonical_v1_20260804_172437/images/all/train__image410.jpg,/root/autodl-tmp/datasets/derived/construction_ppe3_canonical_v1_20260804_172437/labels/all/train__image410.txt,1,0,1,False,923b134bcd2d4e90,hardlink,hardlink
reviewed_group_0032,train,20,/root/autodl-tmp/datasets/sources/construction-ppe_ultralytics_2025_v1/images/train/image412.jpg,/root/autodl-tmp/datasets/derived/construction_ppe3_canonical_v1_20260804_172437/images/all/train__image412.jpg,/root/autodl-tmp/datasets/derived/construction_ppe3_canonical_v1_20260804_172437/labels/all/train__image412.txt,1,1,1,False,931737a78f8f8f9a,hardlink,hardlink
reviewed_group_0032,train,20,/root/autodl-tmp/datasets/sources/construction-ppe_ultralytics_2025_v1/images/train/image413.jpg,/root/autodl-tmp/datasets/derived/construction_ppe3_canonical_v1_20260804_172437/images/all/train__image413.jpg,/root/autodl-tmp/datasets/derived/construction_ppe3_canonical_v1_20260804_172437/labels/all/train__image413.txt,1,1,1,False,921637b6c68eaf84,hardlink,hardlink
reviewed_group_0032,train,20,/root/autodl-tmp/datasets/sources/construction-ppe_ultralytics_2025_v1/images/train/image414.jpg,/root/autodl-tmp/datasets/derived/construction_ppe3_canonical_v1_20260804_172437/images/all/train__image414.jpg,/root/autodl-tmp/datasets/derived/construction_ppe3_canonical_v1_20260804_172437/labels/all/train__image414.txt,1,1,1,False,b69712129c8c0a9a,hardlink,hardlink
reviewed_group_0032,train,20,/root/autodl-tmp/datasets/sources/construction-ppe_ultralytics_2025_v1/images/train/image415.jpg,/root/autodl-tmp/datasets/derived/construction_ppe3_canonical_v1_20260804_172437/images/all/train__image415.jpg,/root/autodl-tmp/datasets/derived/construction_ppe3_canonical_v1_20260804_172437/labels/all/train__image415.txt,1,1,1,False,cf8f23271c9f1adc,hardlink,hardlink
reviewed_group_0032,train,20,/root/autodl-tmp/datasets/sources/construction-ppe_ultralytics_2025_v1/images/train/image416.jpg,/root/autodl-tmp/datasets/derived/construction_ppe3_canonical_v1_20260804_172437/images/all/train__image416.jpg,/root/autodl-tmp/datasets/derived/construction_ppe3_canonical_v1_20260804_172437/labels/all/train__image416.txt,1,1,1,False,b41715139c8e1a8c,hardlink,hardlink
reviewed_group_0032,train,20,/root/autodl-tmp/datasets/sources/construction-ppe_ultralytics_2025_v1/images/train/image417.jpg,/root/autodl-tmp/datasets/derived/construction_ppe3_canonical_v1_20260804_172437/images/all/train__image417.jpg,/root/autodl-tmp/datasets/derived/construction_ppe3_canonical_v1_20260804_172437/labels/all/train__image417.txt,1,1,1,False,868703131c0d0dda,hardlink,hardlink
reviewed_group_0032,train,20,/root/autodl-tmp/datasets/sources/construction-ppe_ultralytics_2025_v1/images/train/image418.jpg,/root/autodl-tmp/datasets/derived/construction_ppe3_canonical_v1_20260804_172437/images/all/train__image418.jpg,/root/autodl-tmp/datasets/derived/construction_ppe3_canonical_v1_20260804_172437/labels/all/train__image418.txt,1,1,1,False,8f0e1f17c60687a4,hardlink,hardlink
reviewed_group_0032,train,20,/root/autodl-tmp/datasets/sources/construction-ppe_ultralytics_2025_v1/images/val/image407.jpg,/root/autodl-tmp/datasets/derived/construction_ppe3_canonical_v1_20260804_172437/images/all/val__image407.jpg,/root/autodl-tmp/datasets/derived/construction_ppe3_canonical_v1_20260804_172437/labels/all/val__image407.txt,1,1,1,False,c4cb9b03cb4a1fb8,hardlink,hardlink
reviewed_group_0032,train,20,/root/autodl-tmp/datasets/sources/construction-ppe_ultralytics_2025_v1/images/val/image411.jpg,/root/autodl-tmp/datasets/derived/construction_ppe3_canonical_v1_20260804_172437/images/all/val__image411.jpg,/root/autodl-tmp/datasets/derived/construction_ppe3_canonical_v1_20260804_172437/labels/all/val__image411.txt,1,1,1,False,828f9b93e7d7e2d0,hardlink,hardlink
reviewed_group_0032,train,20,/root/autodl-tmp/datasets/sources/construction-ppe_ultralytics_2025_v1/images/val/image419.jpg,/root/autodl-tmp/datasets/derived/construction_ppe3_canonical_v1_20260804_172437/images/all/val__image419.jpg,/root/autodl-tmp/datasets/derived/construction_ppe3_canonical_v1_20260804_172437/labels/all/val__image419.txt,1,1,1,False,9c0c9f16c6a6a7d2,hardlink,hardlink
reviewed_group_0032,train,20,/root/autodl-tmp/datasets/sources/construction-ppe_ultralytics_2025_v1/images/test/image401.jpg,/root/autodl-tmp/datasets/derived/construction_ppe3_canonical_v1_20260804_172437/images/all/test__image401.jpg,/root/autodl-tmp/datasets/derived/construction_ppe3_canonical_v1_20260804_172437/labels/all/test__image401.txt,1,1,1,False,30498b968e4e0edd,hardlink,hardlink
reviewed_group_0033,train,20,/root/autodl-tmp/datasets/sources/construction-ppe_ultralytics_2025_v1/images/train/image420.jpg,/root/autodl-tmp/datasets/derived/construction_ppe3_canonical_v1_20260804_172437/images/all/train__image420.jpg,/root/autodl-tmp/datasets/derived/construction_ppe3_canonical_v1_20260804_172437/labels/all/train__image420.txt,1,1,1,False,9c189d16c626a7a6,hardlink,hardlink
reviewed_group_0033,train,20,/root/autodl-tmp/datasets/sources/construction-ppe_ultralytics_2025_v1/images/train/image421.jpg,/root/autodl-tmp/datasets/derived/construction_ppe3_canonical_v1_20260804_172437/images/all/train__image421.jpg,/root/autodl-tmp/datasets/derived/construction_ppe3_canonical_v1_20260804_172437/labels/all/train__image421.txt,1,1,1,False,fc3a9b37c7c62786,hardlink,hardlink
reviewed_group_0033,train,20,/root/autodl-tmp/datasets/sources/construction-ppe_ultralytics_2025_v1/images/train/image422.jpg,/root/autodl-tmp/datasets/derived/construction_ppe3_canonical_v1_20260804_172437/images/all/train__image422.jpg,/root/autodl-tmp/datasets/derived/construction_ppe3_canonical_v1_20260804_172437/labels/all/train__image422.txt,1,1,1,False,b68726064c4c1aea,hardlink,hardlink
reviewed_group_0033,train,20,/root/autodl-tmp/datasets/sources/construction-ppe_ultralytics_2025_v1/images/train/image424.jpg,/root/autodl-tmp/datasets/derived/construction_ppe3_canonical_v1_20260804_172437/images/all/train__image424.jpg,/root/autodl-tmp/datasets/derived/construction_ppe3_canonical_v1_20260804_172437/labels/all/train__image424.txt,1,1,1,False,d01e2d874ec62684,hardlink,hardlink
reviewed_group_0033,train,20,/root/autodl-tmp/datasets/sources/construction-ppe_ultralytics_2025_v1/images/train/image425.jpg,/root/autodl-tmp/datasets/derived/construction_ppe3_canonical_v1_20260804_172437/images/all/train__image425.jpg,/root/autodl-tmp/datasets/derived/construction_ppe3_canonical_v1_20260804_172437/labels/all/train__image425.txt,1,1,1,False,e00e06c726e6b386,hardlink,hardlink
reviewed_group_0033,train,20,/root/autodl-tmp/datasets/sources/construction-ppe_ultralytics_2025_v1/images/train/image426.jpg,/root/autodl-tmp/datasets/derived/construction_ppe3_canonical_v1_20260804_172437/images/all/train__image426.jpg,/root/autodl-tmp/datasets/derived/construction_ppe3_canonical_v1_20260804_172437/labels/all/train__image426.txt,1,1,1,False,0a0f4607c6264690,hardlink,hardlink
reviewed_group_0033,train,20,/root/autodl-tmp/datasets/sources/construction-ppe_ultralytics_2025_v1/images/train/image427.jpg,/root/autodl-tmp/datasets/derived/construction_ppe3_canonical_v1_20260804_172437/images/all/train__image427.jpg,/root/autodl-tmp/datasets/derived/construction_ppe3_canonical_v1_20260804_172437/labels/all/train__image427.txt,1,1,1,False,42470b0be6a667c2,hardlink,hardlink
reviewed_group_0033,train,20,/root/autodl-tmp/datasets/sources/construction-ppe_ultralytics_2025_v1/images/train/image428.jpg,/root/autodl-tmp/datasets/derived/construction_ppe3_canonical_v1_20260804_172437/images/all/train__image428.jpg,/root/autodl-tmp/datasets/derived/construction_ppe3_canonical_v1_20260804_172437/labels/all/train__image428.txt,1,1,1,False,8c9f371c3930fef4,hardlink,hardlink
reviewed_group_0033,train,20,/root/autodl-tmp/datasets/sources/construction-ppe_ultralytics_2025_v1/images/train/image429.jpg,/root/autodl-tmp/datasets/derived/construction_ppe3_canonical_v1_20260804_172437/images/all/train__image429.jpg,/root/autodl-tmp/datasets/derived/construction_ppe3_canonical_v1_20260804_172437/labels/all/train__image429.txt,1,1,1,False,07030b96960f0e1e,hardlink,hardlink
reviewed_group_0033,train,20,/root/autodl-tmp/datasets/sources/construction-ppe_ultralytics_2025_v1/images/train/image432.jpg,/root/autodl-tmp/datasets/derived/construction_ppe3_canonical_v1_20260804_172437/images/all/train__image432.jpg,/root/autodl-tmp/datasets/derived/construction_ppe3_canonical_v1_20260804_172437/labels/all/train__image432.txt,1,1,1,False,aa9f141e9d1a9ae4,hardlink,hardlink
reviewed_group_0033,train,20,/root/autodl-tmp/datasets/sources/construction-ppe_ultralytics_2025_v1/images/train/image433.jpg,/root/autodl-tmp/datasets/derived/construction_ppe3_canonical_v1_20260804_172437/images/all/train__image433.jpg,/root/autodl-tmp/datasets/derived/construction_ppe3_canonical_v1_20260804_172437/labels/all/train__image433.txt,1,1,1,False,c617178667f797c8,hardlink,hardlink
reviewed_group_0033,train,20,/root/autodl-tmp/datasets/sources/construction-ppe_ultralytics_2025_v1/images/train/image434.jpg,/root/autodl-tmp/datasets/derived/construction_ppe3_canonical_v1_20260804_172437/images/all/train__image434.jpg,/root/autodl-tmp/datasets/derived/construction_ppe3_canonical_v1_20260804_172437/labels/all/train__image434.txt,1,1,1,False,ce4b9343c72765b0,hardlink,hardlink
reviewed_group_0033,train,20,/root/autodl-tmp/datasets/sources/construction-ppe_ultralytics_2025_v1/images/train/image435.jpg,/root/autodl-tmp/datasets/derived/construction_ppe3_canonical_v1_20260804_172437/images/all/train__image435.jpg,/root/autodl-tmp/datasets/derived/construction_ppe3_canonical_v1_20260804_172437/labels/all/train__image435.txt,1,1,1,False,1c956d2e1e9b0c9d,hardlink,hardlink
reviewed_group_0033,train,20,/root/autodl-tmp/datasets/sources/construction-ppe_ultralytics_2025_v1/images/train/image436.jpg,/root/autodl-tmp/datasets/derived/construction_ppe3_canonical_v1_20260804_172437/images/all/train__image436.jpg,/root/autodl-tmp/datasets/derived/construction_ppe3_canonical_v1_20260804_172437/labels/all/train__image436.txt,1,1,1,False,062e2e24838f8b0b,hardlink,hardlink
reviewed_group_0033,train,20,/root/autodl-tmp/datasets/sources/construction-ppe_ultralytics_2025_v1/images/train/image437.jpg,/root/autodl-tmp/datasets/derived/construction_ppe3_canonical_v1_20260804_172437/images/all/train__image437.jpg,/root/autodl-tmp/datasets/derived/construction_ppe3_canonical_v1_20260804_172437/labels/all/train__image437.txt,1,1,1,False,aa9f9bd3b61e1f1f,hardlink,hardlink
reviewed_group_0033,train,20,/root/autodl-tmp/datasets/sources/construction-ppe_ultralytics_2025_v1/images/train/image438.jpg,/root/autodl-tmp/datasets/derived/construction_ppe3_canonical_v1_20260804_172437/images/all/train__image438.jpg,/root/autodl-tmp/datasets/derived/construction_ppe3_canonical_v1_20260804_172437/labels/all/train__image438.txt,1,1,1,False,838b5bd3ce0a9e96,hardlink,hardlink
reviewed_group_0033,train,20,/root/autodl-tmp/datasets/sources/construction-ppe_ultralytics_2025_v1/images/val/image430.jpg,/root/autodl-tmp/datasets/derived/construction_ppe3_canonical_v1_20260804_172437/images/all/val__image430.jpg,/root/autodl-tmp/datasets/derived/construction_ppe3_canonical_v1_20260804_172437/labels/all/val__image430.txt,1,1,1,False,e02e3e2f0d8c8dce,hardlink,hardlink
reviewed_group_0033,train,20,/root/autodl-tmp/datasets/sources/construction-ppe_ultralytics_2025_v1/images/val/image439.jpeg,/root/autodl-tmp/datasets/derived/construction_ppe3_canonical_v1_20260804_172437/images/all/val__image439.jpeg,/root/autodl-tmp/datasets/derived/construction_ppe3_canonical_v1_20260804_172437/labels/all/val__image439.txt,2,4,2,False,0080e08888c18a06,hardlink,hardlink
reviewed_group_0033,train,20,/root/autodl-tmp/datasets/sources/construction-ppe_ultralytics_2025_v1/images/test/image423.jpg,/root/autodl-tmp/datasets/derived/construction_ppe3_canonical_v1_20260804_172437/images/all/test__image423.jpg,/root/autodl-tmp/datasets/derived/construction_ppe3_canonical_v1_20260804_172437/labels/all/test__image423.txt,1,1,1,False,f7a7820646650dce,hardlink,hardlink
reviewed_group_0033,train,20,/root/autodl-tmp/datasets/sources/construction-ppe_ultralytics_2025_v1/images/test/image431.jpg,/root/autodl-tmp/datasets/derived/construction_ppe3_canonical_v1_20260804_172437/images/all/test__image431.jpg,/root/autodl-tmp/datasets/derived/construction_ppe3_canonical_v1_20260804_172437/labels/all/test__image431.txt,1,1,1,False,908657d746e7a784,hardlink,hardlink
reviewed_group_0034,val,20,/root/autodl-tmp/datasets/sources/construction-ppe_ultralytics_2025_v1/images/train/image440.jpg,/root/autodl-tmp/datasets/derived/construction_ppe3_canonical_v1_20260804_172437/images/all/train__image440.jpg,/root/autodl-tmp/datasets/derived/construction_ppe3_canonical_v1_20260804_172437/labels/all/train__image440.txt,1,1,0,False,82039396161a1ebe,hardlink,hardlink
reviewed_group_0034,val,20,/root/autodl-tmp/datasets/sources/construction-ppe_ultralytics_2025_v1/images/train/image442.jpg,/root/autodl-tmp/datasets/derived/construction_ppe3_canonical_v1_20260804_172437/images/all/train__image442.jpg,/root/autodl-tmp/datasets/derived/construction_ppe3_canonical_v1_20260804_172437/labels/all/train__image442.txt,1,1,1,False,8c97120ec69524e6,hardlink,hardlink
reviewed_group_0034,val,20,/root/autodl-tmp/datasets/sources/construction-ppe_ultralytics_2025_v1/images/train/image443.jpg,/root/autodl-tmp/datasets/derived/construction_ppe3_canonical_v1_20260804_172437/images/all/train__image443.jpg,/root/autodl-tmp/datasets/derived/construction_ppe3_canonical_v1_20260804_172437/labels/all/train__image443.txt,1,1,1,False,808293d78e8a1af6,hardlink,hardlink
reviewed_group_0034,val,20,/root/autodl-tmp/datasets/sources/construction-ppe_ultralytics_2025_v1/images/train/image445.jpg,/root/autodl-tmp/datasets/derived/construction_ppe3_canonical_v1_20260804_172437/images/all/train__image445.jpg,/root/autodl-tmp/datasets/derived/construction_ppe3_canonical_v1_20260804_172437/labels/all/train__image445.txt,1,1,1,False,8c9e0b0e468526e6,hardlink,hardlink
reviewed_group_0034,val,20,/root/autodl-tmp/datasets/sources/construction-ppe_ultralytics_2025_v1/images/train/image447.jpg,/root/autodl-tmp/datasets/derived/construction_ppe3_canonical_v1_20260804_172437/images/all/train__image447.jpg,/root/autodl-tmp/datasets/derived/construction_ppe3_canonical_v1_20260804_172437/labels/all/train__image447.txt,1,0,1,False,c8f3f2d658796d67,hardlink,hardlink
reviewed_group_0034,val,20,/root/autodl-tmp/datasets/sources/construction-ppe_ultralytics_2025_v1/images/train/image448.jpg,/root/autodl-tmp/datasets/derived/construction_ppe3_canonical_v1_20260804_172437/images/all/train__image448.jpg,/root/autodl-tmp/datasets/derived/construction_ppe3_canonical_v1_20260804_172437/labels/all/train__image448.txt,2,1,2,False,a16b09796373272c,hardlink,hardlink
reviewed_group_0034,val,20,/root/autodl-tmp/datasets/sources/construction-ppe_ultralytics_2025_v1/images/train/image449.jpg,/root/autodl-tmp/datasets/derived/construction_ppe3_canonical_v1_20260804_172437/images/all/train__image449.jpg,/root/autodl-tmp/datasets/derived/construction_ppe3_canonical_v1_20260804_172437/labels/all/train__image449.txt,1,1,1,False,3a1e17d7260e5d1c,hardlink,hardlink
reviewed_group_0034,val,20,/root/autodl-tmp/datasets/sources/construction-ppe_ultralytics_2025_v1/images/train/image451.jpg,/root/autodl-tmp/datasets/derived/construction_ppe3_canonical_v1_20260804_172437/images/all/train__image451.jpg,/root/autodl-tmp/datasets/derived/construction_ppe3_canonical_v1_20260804_172437/labels/all/train__image451.txt,1,1,1,False,12130b0c8a870706,hardlink,hardlink
reviewed_group_0034,val,20,/root/autodl-tmp/datasets/sources/construction-ppe_ultralytics_2025_v1/images/train/image452.jpg,/root/autodl-tmp/datasets/derived/construction_ppe3_canonical_v1_20260804_172437/images/all/train__image452.jpg,/root/autodl-tmp/datasets/derived/construction_ppe3_canonical_v1_20260804_172437/labels/all/train__image452.txt,1,1,1,False,c0891b92171332f6,hardlink,hardlink
reviewed_group_0034,val,20,/root/autodl-tmp/datasets/sources/construction-ppe_ultralytics_2025_v1/images/train/image453.jpg,/root/autodl-tmp/datasets/derived/construction_ppe3_canonical_v1_20260804_172437/images/all/train__image453.jpg,/root/autodl-tmp/datasets/derived/construction_ppe3_canonical_v1_20260804_172437/labels/all/train__image453.txt,1,1,1,False,e0e7c62e2d63333e,hardlink,hardlink
reviewed_group_0034,val,20,/root/autodl-tmp/datasets/sources/construction-ppe_ultralytics_2025_v1/images/train/image454.jpg,/root/autodl-tmp/datasets/derived/construction_ppe3_canonical_v1_20260804_172437/images/all/train__image454.jpg,/root/autodl-tmp/datasets/derived/construction_ppe3_canonical_v1_20260804_172437/labels/all/train__image454.txt,1,1,0,False,ca9b9393969606de,hardlink,hardlink
reviewed_group_0034,val,20,/root/autodl-tmp/datasets/sources/construction-ppe_ultralytics_2025_v1/images/train/image455.jpg,/root/autodl-tmp/datasets/derived/construction_ppe3_canonical_v1_20260804_172437/images/all/train__image455.jpg,/root/autodl-tmp/datasets/derived/construction_ppe3_canonical_v1_20260804_172437/labels/all/train__image455.txt,1,0,1,False,d81a0ad9c9e96da4,hardlink,hardlink
reviewed_group_0034,val,20,/root/autodl-tmp/datasets/sources/construction-ppe_ultralytics_2025_v1/images/train/image456.jpg,/root/autodl-tmp/datasets/derived/construction_ppe3_canonical_v1_20260804_172437/images/all/train__image456.jpg,/root/autodl-tmp/datasets/derived/construction_ppe3_canonical_v1_20260804_172437/labels/all/train__image456.txt,1,1,1,False,84030784868f9a9a,hardlink,hardlink
reviewed_group_0034,val,20,/root/autodl-tmp/datasets/sources/construction-ppe_ultralytics_2025_v1/images/train/image457.jpg,/root/autodl-tmp/datasets/derived/construction_ppe3_canonical_v1_20260804_172437/images/all/train__image457.jpg,/root/autodl-tmp/datasets/derived/construction_ppe3_canonical_v1_20260804_172437/labels/all/train__image457.txt,1,1,1,False,b693121a87878784,hardlink,hardlink
reviewed_group_0034,val,20,/root/autodl-tmp/datasets/sources/construction-ppe_ultralytics_2025_v1/images/train/image458.jpg,/root/autodl-tmp/datasets/derived/construction_ppe3_canonical_v1_20260804_172437/images/all/train__image458.jpg,/root/autodl-tmp/datasets/derived/construction_ppe3_canonical_v1_20260804_172437/labels/all/train__image458.txt,1,1,1,False,2e6f32b31b9f8793,hardlink,hardlink
reviewed_group_0034,val,20,/root/autodl-tmp/datasets/sources/construction-ppe_ultralytics_2025_v1/images/val/image446.jpg,/root/autodl-tmp/datasets/derived/construction_ppe3_canonical_v1_20260804_172437/images/all/val__image446.jpg,/root/autodl-tmp/datasets/derived/construction_ppe3_canonical_v1_20260804_172437/labels/all/val__image446.txt,1,1,1,False,9b35278f4d46d390,hardlink,hardlink
reviewed_group_0034,val,20,/root/autodl-tmp/datasets/sources/construction-ppe_ultralytics_2025_v1/images/test/image441.jpg,/root/autodl-tmp/datasets/derived/construction_ppe3_canonical_v1_20260804_172437/images/all/test__image441.jpg,/root/autodl-tmp/datasets/derived/construction_ppe3_canonical_v1_20260804_172437/labels/all/test__image441.txt,1,1,1,False,182737474e0e4bd9,hardlink,hardlink
reviewed_group_0034,val,20,/root/autodl-tmp/datasets/sources/construction-ppe_ultralytics_2025_v1/images/test/image444.jpg,/root/autodl-tmp/datasets/derived/construction_ppe3_canonical_v1_20260804_172437/images/all/test__image444.jpg,/root/autodl-tmp/datasets/derived/construction_ppe3_canonical_v1_20260804_172437/labels/all/test__image444.txt,1,1,1,False,4f17b78d4d9e9b19,hardlink,hardlink
reviewed_group_0034,val,20,/root/autodl-tmp/datasets/sources/construction-ppe_ultralytics_2025_v1/images/test/image450.jpg,/root/autodl-tmp/datasets/derived/construction_ppe3_canonical_v1_20260804_172437/images/all/test__image450.jpg,/root/autodl-tmp/datasets/derived/construction_ppe3_canonical_v1_20260804_172437/labels/all/test__image450.txt,4,4,0,False,708c90d0c8f47609,hardlink,hardlink
reviewed_group_0034,val,20,/root/autodl-tmp/datasets/sources/construction-ppe_ultralytics_2025_v1/images/test/image459.jpg,/root/autodl-tmp/datasets/derived/construction_ppe3_canonical_v1_20260804_172437/images/all/test__image459.jpg,/root/autodl-tmp/datasets/derived/construction_ppe3_canonical_v1_20260804_172437/labels/all/test__image459.txt,1,1,1,False,a0834b939616343c,hardlink,hardlink
reviewed_group_0035,train,20,/root/autodl-tmp/datasets/sources/construction-ppe_ultralytics_2025_v1/images/train/image461.jpg,/root/autodl-tmp/datasets/derived/construction_ppe3_canonical_v1_20260804_172437/images/all/train__image461.jpg,/root/autodl-tmp/datasets/derived/construction_ppe3_canonical_v1_20260804_172437/labels/all/train__image461.txt,1,1,1,False,98cced4ce41810d8,hardlink,hardlink
reviewed_group_0035,train,20,/root/autodl-tmp/datasets/sources/construction-ppe_ultralytics_2025_v1/images/train/image463.jpg,/root/autodl-tmp/datasets/derived/construction_ppe3_canonical_v1_20260804_172437/images/all/train__image463.jpg,/root/autodl-tmp/datasets/derived/construction_ppe3_canonical_v1_20260804_172437/labels/all/train__image463.txt,4,7,7,False,ea4893a2cc5cbeb8,hardlink,hardlink
reviewed_group_0035,train,20,/root/autodl-tmp/datasets/sources/construction-ppe_ultralytics_2025_v1/images/train/image465.jpg,/root/autodl-tmp/datasets/derived/construction_ppe3_canonical_v1_20260804_172437/images/all/train__image465.jpg,/root/autodl-tmp/datasets/derived/construction_ppe3_canonical_v1_20260804_172437/labels/all/train__image465.txt,5,6,6,False,00f9f3ebcfdfbb7c,hardlink,hardlink
reviewed_group_0035,train,20,/root/autodl-tmp/datasets/sources/construction-ppe_ultralytics_2025_v1/images/train/image466.jpg,/root/autodl-tmp/datasets/derived/construction_ppe3_canonical_v1_20260804_172437/images/all/train__image466.jpg,/root/autodl-tmp/datasets/derived/construction_ppe3_canonical_v1_20260804_172437/labels/all/train__image466.txt,4,4,5,False,b63766eeb6dc8cbc,hardlink,hardlink
reviewed_group_0035,train,20,/root/autodl-tmp/datasets/sources/construction-ppe_ultralytics_2025_v1/images/train/image467.jpg,/root/autodl-tmp/datasets/derived/construction_ppe3_canonical_v1_20260804_172437/images/all/train__image467.jpg,/root/autodl-tmp/datasets/derived/construction_ppe3_canonical_v1_20260804_172437/labels/all/train__image467.txt,2,2,2,False,9c8ca89a125056d6,hardlink,hardlink
reviewed_group_0035,train,20,/root/autodl-tmp/datasets/sources/construction-ppe_ultralytics_2025_v1/images/train/image468.jpg,/root/autodl-tmp/datasets/derived/construction_ppe3_canonical_v1_20260804_172437/images/all/train__image468.jpg,/root/autodl-tmp/datasets/derived/construction_ppe3_canonical_v1_20260804_172437/labels/all/train__image468.txt,4,4,2,False,f0a435b0d35969aa,hardlink,hardlink
reviewed_group_0035,train,20,/root/autodl-tmp/datasets/sources/construction-ppe_ultralytics_2025_v1/images/train/image469.jpg,/root/autodl-tmp/datasets/derived/construction_ppe3_canonical_v1_20260804_172437/images/all/train__image469.jpg,/root/autodl-tmp/datasets/derived/construction_ppe3_canonical_v1_20260804_172437/labels/all/train__image469.txt,3,8,0,False,406c262de4b9719e,hardlink,hardlink
reviewed_group_0035,train,20,/root/autodl-tmp/datasets/sources/construction-ppe_ultralytics_2025_v1/images/train/image471.jpg,/root/autodl-tmp/datasets/derived/construction_ppe3_canonical_v1_20260804_172437/images/all/train__image471.jpg,/root/autodl-tmp/datasets/derived/construction_ppe3_canonical_v1_20260804_172437/labels/all/train__image471.txt,1,1,1,False,78799936f6d27332,hardlink,hardlink
reviewed_group_0035,train,20,/root/autodl-tmp/datasets/sources/construction-ppe_ultralytics_2025_v1/images/train/image472.jpg,/root/autodl-tmp/datasets/derived/construction_ppe3_canonical_v1_20260804_172437/images/all/train__image472.jpg,/root/autodl-tmp/datasets/derived/construction_ppe3_canonical_v1_20260804_172437/labels/all/train__image472.txt,0,1,1,False,1c584b67cbcee486,hardlink,hardlink
reviewed_group_0035,train,20,/root/autodl-tmp/datasets/sources/construction-ppe_ultralytics_2025_v1/images/train/image473.jpg,/root/autodl-tmp/datasets/derived/construction_ppe3_canonical_v1_20260804_172437/images/all/train__image473.jpg,/root/autodl-tmp/datasets/derived/construction_ppe3_canonical_v1_20260804_172437/labels/all/train__image473.txt,1,1,1,False,38b8899f7656f2b2,hardlink,hardlink
reviewed_group_0035,train,20,/root/autodl-tmp/datasets/sources/construction-ppe_ultralytics_2025_v1/images/train/image474.jpeg,/root/autodl-tmp/datasets/derived/construction_ppe3_canonical_v1_20260804_172437/images/all/train__image474.jpeg,/root/autodl-tmp/datasets/derived/construction_ppe3_canonical_v1_20260804_172437/labels/all/train__image474.txt,1,1,1,False,8080c40f8814ee0e,hardlink,hardlink
reviewed_group_0035,train,20,/root/autodl-tmp/datasets/sources/construction-ppe_ultralytics_2025_v1/images/train/image475.jpg,/root/autodl-tmp/datasets/derived/construction_ppe3_canonical_v1_20260804_172437/images/all/train__image475.jpg,/root/autodl-tmp/datasets/derived/construction_ppe3_canonical_v1_20260804_172437/labels/all/train__image475.txt,0,0,1,False,c6e729090c9190b6,hardlink,hardlink
reviewed_group_0035,train,20,/root/autodl-tmp/datasets/sources/construction-ppe_ultralytics_2025_v1/images/train/image476.jpg,/root/autodl-tmp/datasets/derived/construction_ppe3_canonical_v1_20260804_172437/images/all/train__image476.jpg,/root/autodl-tmp/datasets/derived/construction_ppe3_canonical_v1_20260804_172437/labels/all/train__image476.txt,2,2,1,False,60ccf2f466e2d0fc,hardlink,hardlink
reviewed_group_0035,train,20,/root/autodl-tmp/datasets/sources/construction-ppe_ultralytics_2025_v1/images/train/image477.jpg,/root/autodl-tmp/datasets/derived/construction_ppe3_canonical_v1_20260804_172437/images/all/train__image477.jpg,/root/autodl-tmp/datasets/derived/construction_ppe3_canonical_v1_20260804_172437/labels/all/train__image477.txt,1,1,1,False,ce0a3373d38f4e26,hardlink,hardlink
reviewed_group_0035,train,20,/root/autodl-tmp/datasets/sources/construction-ppe_ultralytics_2025_v1/images/train/image478.jpg,/root/autodl-tmp/datasets/derived/construction_ppe3_canonical_v1_20260804_172437/images/all/train__image478.jpg,/root/autodl-tmp/datasets/derived/construction_ppe3_canonical_v1_20260804_172437/labels/all/train__image478.txt,1,1,1,False,a0ede973d19c8bcf,hardlink,hardlink
reviewed_group_0035,train,20,/root/autodl-tmp/datasets/sources/construction-ppe_ultralytics_2025_v1/images/train/image479.jpg,/root/autodl-tmp/datasets/derived/construction_ppe3_canonical_v1_20260804_172437/images/all/train__image479.jpg,/root/autodl-tmp/datasets/derived/construction_ppe3_canonical_v1_20260804_172437/labels/all/train__image479.txt,0,0,1,False,b868e83039ecbca8,hardlink,hardlink
reviewed_group_0035,train,20,/root/autodl-tmp/datasets/sources/construction-ppe_ultralytics_2025_v1/images/val/image464.jpg,/root/autodl-tmp/datasets/derived/construction_ppe3_canonical_v1_20260804_172437/images/all/val__image464.jpg,/root/autodl-tmp/datasets/derived/construction_ppe3_canonical_v1_20260804_172437/labels/all/val__image464.txt,4,4,5,False,a4f4ffd36dc98a24,hardlink,hardlink
reviewed_group_0035,train,20,/root/autodl-tmp/datasets/sources/construction-ppe_ultralytics_2025_v1/images/test/image460.jpg,/root/autodl-tmp/datasets/derived/construction_ppe3_canonical_v1_20260804_172437/images/all/test__image460.jpg,/root/autodl-tmp/datasets/derived/construction_ppe3_canonical_v1_20260804_172437/labels/all/test__image460.txt,1,1,1,False,88cc4d4ca61850d8,hardlink,hardlink
reviewed_group_0035,train,20,/root/autodl-tmp/datasets/sources/construction-ppe_ultralytics_2025_v1/images/test/image462.jpg,/root/autodl-tmp/datasets/derived/construction_ppe3_canonical_v1_20260804_172437/images/all/test__image462.jpg,/root/autodl-tmp/datasets/derived/construction_ppe3_canonical_v1_20260804_172437/labels/all/test__image462.txt,4,5,5,False,90e76cce7e30349e,hardlink,hardlink
reviewed_group_0035,train,20,/root/autodl-tmp/datasets/sources/construction-ppe_ultralytics_2025_v1/images/test/image470.jpeg,/root/autodl-tmp/datasets/derived/construction_ppe3_canonical_v1_20260804_172437/images/all/test__image470.jpeg,/root/autodl-tmp/datasets/derived/construction_ppe3_canonical_v1_20260804_172437/labels/all/test__image470.txt,1,0,1,False,00d6d63324323000,hardlink,hardlink
reviewed_group_0036,train,20,/root/autodl-tmp/datasets/sources/construction-ppe_ultralytics_2025_v1/images/train/image480.jpg,/root/autodl-tmp/datasets/derived/construction_ppe3_canonical_v1_20260804_172437/images/all/train__image480.jpg,/root/autodl-tmp/datasets/derived/construction_ppe3_canonical_v1_20260804_172437/labels/all/train__image480.txt,1,0,0,False,b2ab68f0e16966e0,hardlink,hardlink
reviewed_group_0036,train,20,/root/autodl-tmp/datasets/sources/construction-ppe_ultralytics_2025_v1/images/train/image482.jpg,/root/autodl-tmp/datasets/derived/construction_ppe3_canonical_v1_20260804_172437/images/all/train__image482.jpg,/root/autodl-tmp/datasets/derived/construction_ppe3_canonical_v1_20260804_172437/labels/all/train__image482.txt,0,0,0,True,f222e2f63c6c9494,hardlink,hardlink
reviewed_group_0036,train,20,/root/autodl-tmp/datasets/sources/construction-ppe_ultralytics_2025_v1/images/train/image483.jpg,/root/autodl-tmp/datasets/derived/construction_ppe3_canonical_v1_20260804_172437/images/all/train__image483.jpg,/root/autodl-tmp/datasets/derived/construction_ppe3_canonical_v1_20260804_172437/labels/all/train__image483.txt,1,1,1,False,a4bc6ca83c30b8b0,hardlink,hardlink
reviewed_group_0036,train,20,/root/autodl-tmp/datasets/sources/construction-ppe_ultralytics_2025_v1/images/train/image485.jpg,/root/autodl-tmp/datasets/derived/construction_ppe3_canonical_v1_20260804_172437/images/all/train__image485.jpg,/root/autodl-tmp/datasets/derived/construction_ppe3_canonical_v1_20260804_172437/labels/all/train__image485.txt,1,1,1,False,d868489c1e323498,hardlink,hardlink
reviewed_group_0036,train,20,/root/autodl-tmp/datasets/sources/construction-ppe_ultralytics_2025_v1/images/train/image486.jpg,/root/autodl-tmp/datasets/derived/construction_ppe3_canonical_v1_20260804_172437/images/all/train__image486.jpg,/root/autodl-tmp/datasets/derived/construction_ppe3_canonical_v1_20260804_172437/labels/all/train__image486.txt,1,1,1,False,90945d292c343030,hardlink,hardlink
reviewed_group_0036,train,20,/root/autodl-tmp/datasets/sources/construction-ppe_ultralytics_2025_v1/images/train/image488.jpg,/root/autodl-tmp/datasets/derived/construction_ppe3_canonical_v1_20260804_172437/images/all/train__image488.jpg,/root/autodl-tmp/datasets/derived/construction_ppe3_canonical_v1_20260804_172437/labels/all/train__image488.txt,1,1,1,False,38390b8cb298199c,hardlink,hardlink
reviewed_group_0036,train,20,/root/autodl-tmp/datasets/sources/construction-ppe_ultralytics_2025_v1/images/train/image489.jpg,/root/autodl-tmp/datasets/derived/construction_ppe3_canonical_v1_20260804_172437/images/all/train__image489.jpg,/root/autodl-tmp/datasets/derived/construction_ppe3_canonical_v1_20260804_172437/labels/all/train__image489.txt,1,1,1,False,cccc47dfcea3e3f3,hardlink,hardlink
reviewed_group_0036,train,20,/root/autodl-tmp/datasets/sources/construction-ppe_ultralytics_2025_v1/images/train/image490.jpg,/root/autodl-tmp/datasets/derived/construction_ppe3_canonical_v1_20260804_172437/images/all/train__image490.jpg,/root/autodl-tmp/datasets/derived/construction_ppe3_canonical_v1_20260804_172437/labels/all/train__image490.txt,1,1,1,False,e8bc973b6a7266e4,hardlink,hardlink
reviewed_group_0036,train,20,/root/autodl-tmp/datasets/sources/construction-ppe_ultralytics_2025_v1/images/train/image491.jpg,/root/autodl-tmp/datasets/derived/construction_ppe3_canonical_v1_20260804_172437/images/all/train__image491.jpg,/root/autodl-tmp/datasets/derived/construction_ppe3_canonical_v1_20260804_172437/labels/all/train__image491.txt,1,1,1,False,c8184c4bcd4c0fdc,hardlink,hardlink
reviewed_group_0036,train,20,/root/autodl-tmp/datasets/sources/construction-ppe_ultralytics_2025_v1/images/train/image492.jpg,/root/autodl-tmp/datasets/derived/construction_ppe3_canonical_v1_20260804_172437/images/all/train__image492.jpg,/root/autodl-tmp/datasets/derived/construction_ppe3_canonical_v1_20260804_172437/labels/all/train__image492.txt,1,1,1,False,0703078686071e1e,hardlink,hardlink
reviewed_group_0036,train,20,/root/autodl-tmp/datasets/sources/construction-ppe_ultralytics_2025_v1/images/train/image493.jpg,/root/autodl-tmp/datasets/derived/construction_ppe3_canonical_v1_20260804_172437/images/all/train__image493.jpg,/root/autodl-tmp/datasets/derived/construction_ppe3_canonical_v1_20260804_172437/labels/all/train__image493.txt,1,1,1,False,8c0ca4cda6a68698,hardlink,hardlink
reviewed_group_0036,train,20,/root/autodl-tmp/datasets/sources/construction-ppe_ultralytics_2025_v1/images/train/image494.jpg,/root/autodl-tmp/datasets/derived/construction_ppe3_canonical_v1_20260804_172437/images/all/train__image494.jpg,/root/autodl-tmp/datasets/derived/construction_ppe3_canonical_v1_20260804_172437/labels/all/train__image494.txt,1,1,1,False,1e1e6e6f9a9a9ed8,hardlink,hardlink
reviewed_group_0036,train,20,/root/autodl-tmp/datasets/sources/construction-ppe_ultralytics_2025_v1/images/train/image495.jpg,/root/autodl-tmp/datasets/derived/construction_ppe3_canonical_v1_20260804_172437/images/all/train__image495.jpg,/root/autodl-tmp/datasets/derived/construction_ppe3_canonical_v1_20260804_172437/labels/all/train__image495.txt,1,1,1,False,f49703cb4c8c8af4,hardlink,hardlink
reviewed_group_0036,train,20,/root/autodl-tmp/datasets/sources/construction-ppe_ultralytics_2025_v1/images/train/image496.jpg,/root/autodl-tmp/datasets/derived/construction_ppe3_canonical_v1_20260804_172437/images/all/train__image496.jpg,/root/autodl-tmp/datasets/derived/construction_ppe3_canonical_v1_20260804_172437/labels/all/train__image496.txt,1,0,0,False,b6079bce4c8dacf2,hardlink,hardlink
reviewed_group_0036,train,20,/root/autodl-tmp/datasets/sources/construction-ppe_ultralytics_2025_v1/images/train/image497.jpg,/root/autodl-tmp/datasets/derived/construction_ppe3_canonical_v1_20260804_172437/images/all/train__image497.jpg,/root/autodl-tmp/datasets/derived/construction_ppe3_canonical_v1_20260804_172437/labels/all/train__image497.txt,1,1,1,False,b0ef0f271c9c9b8e,hardlink,hardlink
reviewed_group_0036,train,20,/root/autodl-tmp/datasets/sources/construction-ppe_ultralytics_2025_v1/images/train/image498.jpg,/root/autodl-tmp/datasets/derived/construction_ppe3_canonical_v1_20260804_172437/images/all/train__image498.jpg,/root/autodl-tmp/datasets/derived/construction_ppe3_canonical_v1_20260804_172437/labels/all/train__image498.txt,4,4,4,False,000020e5994fc708,hardlink,hardlink
reviewed_group_0036,train,20,/root/autodl-tmp/datasets/sources/construction-ppe_ultralytics_2025_v1/images/train/image499.jpg,/root/autodl-tmp/datasets/derived/construction_ppe3_canonical_v1_20260804_172437/images/all/train__image499.jpg,/root/autodl-tmp/datasets/derived/construction_ppe3_canonical_v1_20260804_172437/labels/all/train__image499.txt,1,1,1,False,10182eded9cd89db,hardlink,hardlink
reviewed_group_0036,train,20,/root/autodl-tmp/datasets/sources/construction-ppe_ultralytics_2025_v1/images/val/image487.jpg,/root/autodl-tmp/datasets/derived/construction_ppe3_canonical_v1_20260804_172437/images/all/val__image487.jpg,/root/autodl-tmp/datasets/derived/construction_ppe3_canonical_v1_20260804_172437/labels/all/val__image487.txt,1,1,1,False,b4bca929ac723031,hardlink,hardlink
reviewed_group_0036,train,20,/root/autodl-tmp/datasets/sources/construction-ppe_ultralytics_2025_v1/images/test/image481.jpg,/root/autodl-tmp/datasets/derived/construction_ppe3_canonical_v1_20260804_172437/images/all/test__image481.jpg,/root/autodl-tmp/datasets/derived/construction_ppe3_canonical_v1_20260804_172437/labels/all/test__image481.txt,3,4,3,False,8b03577e744acbb5,hardlink,hardlink
reviewed_group_0036,train,20,/root/autodl-tmp/datasets/sources/construction-ppe_ultralytics_2025_v1/images/test/image484.jpg,/root/autodl-tmp/datasets/derived/construction_ppe3_canonical_v1_20260804_172437/images/all/test__image484.jpg,/root/autodl-tmp/datasets/derived/construction_ppe3_canonical_v1_20260804_172437/labels/all/test__image484.txt,1,1,1,False,f075a5c7a6e626c6,hardlink,hardlink
reviewed_group_0037,train,20,/root/autodl-tmp/datasets/sources/construction-ppe_ultralytics_2025_v1/images/train/image500.jpg,/root/autodl-tmp/datasets/derived/construction_ppe3_canonical_v1_20260804_172437/images/all/train__image500.jpg,/root/autodl-tmp/datasets/derived/construction_ppe3_canonical_v1_20260804_172437/labels/all/train__image500.txt,1,1,1,False,ef0f0f4ccc9c5ae8,hardlink,hardlink
reviewed_group_0037,train,20,/root/autodl-tmp/datasets/sources/construction-ppe_ultralytics_2025_v1/images/train/image501.jpg,/root/autodl-tmp/datasets/derived/construction_ppe3_canonical_v1_20260804_172437/images/all/train__image501.jpg,/root/autodl-tmp/datasets/derived/construction_ppe3_canonical_v1_20260804_172437/labels/all/train__image501.txt,0,1,1,False,e0b307060e1c9be6,hardlink,hardlink
reviewed_group_0037,train,20,/root/autodl-tmp/datasets/sources/construction-ppe_ultralytics_2025_v1/images/train/image503.jpg,/root/autodl-tmp/datasets/derived/construction_ppe3_canonical_v1_20260804_172437/images/all/train__image503.jpg,/root/autodl-tmp/datasets/derived/construction_ppe3_canonical_v1_20260804_172437/labels/all/train__image503.txt,1,1,1,False,07031b9a8e0f0e16,hardlink,hardlink
reviewed_group_0037,train,20,/root/autodl-tmp/datasets/sources/construction-ppe_ultralytics_2025_v1/images/train/image504.jpg,/root/autodl-tmp/datasets/derived/construction_ppe3_canonical_v1_20260804_172437/images/all/train__image504.jpg,/root/autodl-tmp/datasets/derived/construction_ppe3_canonical_v1_20260804_172437/labels/all/train__image504.txt,1,1,1,False,c48b8b1bcb4a0e93,hardlink,hardlink
reviewed_group_0037,train,20,/root/autodl-tmp/datasets/sources/construction-ppe_ultralytics_2025_v1/images/train/image506.jpg,/root/autodl-tmp/datasets/derived/construction_ppe3_canonical_v1_20260804_172437/images/all/train__image506.jpg,/root/autodl-tmp/datasets/derived/construction_ppe3_canonical_v1_20260804_172437/labels/all/train__image506.txt,1,1,1,False,4707b3978e4e4f9d,hardlink,hardlink
reviewed_group_0037,train,20,/root/autodl-tmp/datasets/sources/construction-ppe_ultralytics_2025_v1/images/train/image507.jpg,/root/autodl-tmp/datasets/derived/construction_ppe3_canonical_v1_20260804_172437/images/all/train__image507.jpg,/root/autodl-tmp/datasets/derived/construction_ppe3_canonical_v1_20260804_172437/labels/all/train__image507.txt,1,1,1,False,8104199b4383a38d,hardlink,hardlink
reviewed_group_0037,train,20,/root/autodl-tmp/datasets/sources/construction-ppe_ultralytics_2025_v1/images/train/image509.jpg,/root/autodl-tmp/datasets/derived/construction_ppe3_canonical_v1_20260804_172437/images/all/train__image509.jpg,/root/autodl-tmp/datasets/derived/construction_ppe3_canonical_v1_20260804_172437/labels/all/train__image509.txt,1,1,1,False,0c2e36160d4d9eac,hardlink,hardlink
reviewed_group_0037,train,20,/root/autodl-tmp/datasets/sources/construction-ppe_ultralytics_2025_v1/images/train/image510.jpg,/root/autodl-tmp/datasets/derived/construction_ppe3_canonical_v1_20260804_172437/images/all/train__image510.jpg,/root/autodl-tmp/datasets/derived/construction_ppe3_canonical_v1_20260804_172437/labels/all/train__image510.txt,1,1,1,False,181f26278f1d579a,hardlink,hardlink
reviewed_group_0037,train,20,/root/autodl-tmp/datasets/sources/construction-ppe_ultralytics_2025_v1/images/train/image511.jpg,/root/autodl-tmp/datasets/derived/construction_ppe3_canonical_v1_20260804_172437/images/all/train__image511.jpg,/root/autodl-tmp/datasets/derived/construction_ppe3_canonical_v1_20260804_172437/labels/all/train__image511.txt,1,1,1,False,8a0f26af0d4d0ca8,hardlink,hardlink
reviewed_group_0037,train,20,/root/autodl-tmp/datasets/sources/construction-ppe_ultralytics_2025_v1/images/train/image512.jpg,/root/autodl-tmp/datasets/derived/construction_ppe3_canonical_v1_20260804_172437/images/all/train__image512.jpg,/root/autodl-tmp/datasets/derived/construction_ppe3_canonical_v1_20260804_172437/labels/all/train__image512.txt,1,1,1,False,cc8e97174e4d4eca,hardlink,hardlink
reviewed_group_0037,train,20,/root/autodl-tmp/datasets/sources/construction-ppe_ultralytics_2025_v1/images/train/image513.jpg,/root/autodl-tmp/datasets/derived/construction_ppe3_canonical_v1_20260804_172437/images/all/train__image513.jpg,/root/autodl-tmp/datasets/derived/construction_ppe3_canonical_v1_20260804_172437/labels/all/train__image513.txt,1,1,1,False,0d0d9317c60687a7,hardlink,hardlink
reviewed_group_0037,train,20,/root/autodl-tmp/datasets/sources/construction-ppe_ultralytics_2025_v1/images/train/image514.jpg,/root/autodl-tmp/datasets/derived/construction_ppe3_canonical_v1_20260804_172437/images/all/train__image514.jpg,/root/autodl-tmp/datasets/derived/construction_ppe3_canonical_v1_20260804_172437/labels/all/train__image514.txt,1,1,1,False,9a85276f8d4e4f94,hardlink,hardlink
reviewed_group_0037,train,20,/root/autodl-tmp/datasets/sources/construction-ppe_ultralytics_2025_v1/images/train/image515.jpg,/root/autodl-tmp/datasets/derived/construction_ppe3_canonical_v1_20260804_172437/images/all/train__image515.jpg,/root/autodl-tmp/datasets/derived/construction_ppe3_canonical_v1_20260804_172437/labels/all/train__image515.txt,1,1,1,False,4c0c1ecf864c8ea6,hardlink,hardlink
reviewed_group_0037,train,20,/root/autodl-tmp/datasets/sources/construction-ppe_ultralytics_2025_v1/images/train/image516.jpg,/root/autodl-tmp/datasets/derived/construction_ppe3_canonical_v1_20260804_172437/images/all/train__image516.jpg,/root/autodl-tmp/datasets/derived/construction_ppe3_canonical_v1_20260804_172437/labels/all/train__image516.txt,1,1,1,False,fcc90d9fc686a6a6,hardlink,hardlink
reviewed_group_0037,train,20,/root/autodl-tmp/datasets/sources/construction-ppe_ultralytics_2025_v1/images/train/image518.jpg,/root/autodl-tmp/datasets/derived/construction_ppe3_canonical_v1_20260804_172437/images/all/train__image518.jpg,/root/autodl-tmp/datasets/derived/construction_ppe3_canonical_v1_20260804_172437/labels/all/train__image518.txt,1,1,1,False,bc0d2d2f9c9a19be,hardlink,hardlink
reviewed_group_0037,train,20,/root/autodl-tmp/datasets/sources/construction-ppe_ultralytics_2025_v1/images/train/image519.jpg,/root/autodl-tmp/datasets/derived/construction_ppe3_canonical_v1_20260804_172437/images/all/train__image519.jpg,/root/autodl-tmp/datasets/derived/construction_ppe3_canonical_v1_20260804_172437/labels/all/train__image519.txt,1,1,1,False,ec899fb78fcd8eae,hardlink,hardlink
reviewed_group_0037,train,20,/root/autodl-tmp/datasets/sources/construction-ppe_ultralytics_2025_v1/images/val/image505.jpg,/root/autodl-tmp/datasets/derived/construction_ppe3_canonical_v1_20260804_172437/images/all/val__image505.jpg,/root/autodl-tmp/datasets/derived/construction_ppe3_canonical_v1_20260804_172437/labels/all/val__image505.txt,1,1,1,False,de079f0f4f4edf98,hardlink,hardlink
reviewed_group_0037,train,20,/root/autodl-tmp/datasets/sources/construction-ppe_ultralytics_2025_v1/images/val/image508.jpg,/root/autodl-tmp/datasets/derived/construction_ppe3_canonical_v1_20260804_172437/images/all/val__image508.jpg,/root/autodl-tmp/datasets/derived/construction_ppe3_canonical_v1_20260804_172437/labels/all/val__image508.txt,1,1,1,False,8c4c36360c9d9f2e,hardlink,hardlink
reviewed_group_0037,train,20,/root/autodl-tmp/datasets/sources/construction-ppe_ultralytics_2025_v1/images/test/image502.jpg,/root/autodl-tmp/datasets/derived/construction_ppe3_canonical_v1_20260804_172437/images/all/test__image502.jpg,/root/autodl-tmp/datasets/derived/construction_ppe3_canonical_v1_20260804_172437/labels/all/test__image502.txt,0,1,1,False,4dc6468d0ece9bf9,hardlink,hardlink
reviewed_group_0037,train,20,/root/autodl-tmp/datasets/sources/construction-ppe_ultralytics_2025_v1/images/test/image517.jpg,/root/autodl-tmp/datasets/derived/construction_ppe3_canonical_v1_20260804_172437/images/all/test__image517.jpg,/root/autodl-tmp/datasets/derived/construction_ppe3_canonical_v1_20260804_172437/labels/all/test__image517.txt,1,1,1,False,484d2687e6e6a687,hardlink,hardlink
reviewed_group_0038,train,20,/root/autodl-tmp/datasets/sources/construction-ppe_ultralytics_2025_v1/images/train/image520.jpg,/root/autodl-tmp/datasets/derived/construction_ppe3_canonical_v1_20260804_172437/images/all/train__image520.jpg,/root/autodl-tmp/datasets/derived/construction_ppe3_canonical_v1_20260804_172437/labels/all/train__image520.txt,1,1,1,False,25cb934fc627c360,hardlink,hardlink
reviewed_group_0038,train,20,/root/autodl-tmp/datasets/sources/construction-ppe_ultralytics_2025_v1/images/train/image521.jpeg,/root/autodl-tmp/datasets/derived/construction_ppe3_canonical_v1_20260804_172437/images/all/train__image521.jpeg,/root/autodl-tmp/datasets/derived/construction_ppe3_canonical_v1_20260804_172437/labels/all/train__image521.txt,3,3,3,False,e6c4ccccacbca8b8,hardlink,hardlink
reviewed_group_0038,train,20,/root/autodl-tmp/datasets/sources/construction-ppe_ultralytics_2025_v1/images/train/image522.jpeg,/root/autodl-tmp/datasets/derived/construction_ppe3_canonical_v1_20260804_172437/images/all/train__image522.jpeg,/root/autodl-tmp/datasets/derived/construction_ppe3_canonical_v1_20260804_172437/labels/all/train__image522.txt,1,1,1,False,cc8c8c9c9cd8c8c8,hardlink,hardlink
reviewed_group_0038,train,20,/root/autodl-tmp/datasets/sources/construction-ppe_ultralytics_2025_v1/images/train/image523.jpg,/root/autodl-tmp/datasets/derived/construction_ppe3_canonical_v1_20260804_172437/images/all/train__image523.jpg,/root/autodl-tmp/datasets/derived/construction_ppe3_canonical_v1_20260804_172437/labels/all/train__image523.txt,1,1,1,False,8083139b9b1a2e0e,hardlink,hardlink
reviewed_group_0038,train,20,/root/autodl-tmp/datasets/sources/construction-ppe_ultralytics_2025_v1/images/train/image525.jpeg,/root/autodl-tmp/datasets/derived/construction_ppe3_canonical_v1_20260804_172437/images/all/train__image525.jpeg,/root/autodl-tmp/datasets/derived/construction_ppe3_canonical_v1_20260804_172437/labels/all/train__image525.txt,1,1,1,False,bc7d7be7ce9e3820,hardlink,hardlink
reviewed_group_0038,train,20,/root/autodl-tmp/datasets/sources/construction-ppe_ultralytics_2025_v1/images/train/image526.jpg,/root/autodl-tmp/datasets/derived/construction_ppe3_canonical_v1_20260804_172437/images/all/train__image526.jpg,/root/autodl-tmp/datasets/derived/construction_ppe3_canonical_v1_20260804_172437/labels/all/train__image526.txt,0,0,0,True,fafa6f6c269747c7,hardlink,hardlink
reviewed_group_0038,train,20,/root/autodl-tmp/datasets/sources/construction-ppe_ultralytics_2025_v1/images/train/image527.jpg,/root/autodl-tmp/datasets/derived/construction_ppe3_canonical_v1_20260804_172437/images/all/train__image527.jpg,/root/autodl-tmp/datasets/derived/construction_ppe3_canonical_v1_20260804_172437/labels/all/train__image527.txt,1,1,1,False,9f9696e6261e1d0d,hardlink,hardlink
reviewed_group_0038,train,20,/root/autodl-tmp/datasets/sources/construction-ppe_ultralytics_2025_v1/images/train/image528.jpg,/root/autodl-tmp/datasets/derived/construction_ppe3_canonical_v1_20260804_172437/images/all/train__image528.jpg,/root/autodl-tmp/datasets/derived/construction_ppe3_canonical_v1_20260804_172437/labels/all/train__image528.txt,1,1,1,False,9c8fcb5a321e1c9a,hardlink,hardlink
reviewed_group_0038,train,20,/root/autodl-tmp/datasets/sources/construction-ppe_ultralytics_2025_v1/images/train/image529.jpg,/root/autodl-tmp/datasets/derived/construction_ppe3_canonical_v1_20260804_172437/images/all/train__image529.jpg,/root/autodl-tmp/datasets/derived/construction_ppe3_canonical_v1_20260804_172437/labels/all/train__image529.txt,1,1,1,False,8387262413c787e6,hardlink,hardlink
reviewed_group_0038,train,20,/root/autodl-tmp/datasets/sources/construction-ppe_ultralytics_2025_v1/images/train/image530.jpg,/root/autodl-tmp/datasets/derived/construction_ppe3_canonical_v1_20260804_172437/images/all/train__image530.jpg,/root/autodl-tmp/datasets/derived/construction_ppe3_canonical_v1_20260804_172437/labels/all/train__image530.txt,1,1,1,False,3e361d9b360e0e4e,hardlink,hardlink
reviewed_group_0038,train,20,/root/autodl-tmp/datasets/sources/construction-ppe_ultralytics_2025_v1/images/train/image531.jpg,/root/autodl-tmp/datasets/derived/construction_ppe3_canonical_v1_20260804_172437/images/all/train__image531.jpg,/root/autodl-tmp/datasets/derived/construction_ppe3_canonical_v1_20260804_172437/labels/all/train__image531.txt,1,1,1,False,f4da6eb3b31bd3c1,hardlink,hardlink
reviewed_group_0038,train,20,/root/autodl-tmp/datasets/sources/construction-ppe_ultralytics_2025_v1/images/train/image534.jpg,/root/autodl-tmp/datasets/derived/construction_ppe3_canonical_v1_20260804_172437/images/all/train__image534.jpg,/root/autodl-tmp/datasets/derived/construction_ppe3_canonical_v1_20260804_172437/labels/all/train__image534.txt,1,1,1,False,1f3717b736360e0e,hardlink,hardlink
reviewed_group_0038,train,20,/root/autodl-tmp/datasets/sources/construction-ppe_ultralytics_2025_v1/images/train/image539.jpg,/root/autodl-tmp/datasets/derived/construction_ppe3_canonical_v1_20260804_172437/images/all/train__image539.jpg,/root/autodl-tmp/datasets/derived/construction_ppe3_canonical_v1_20260804_172437/labels/all/train__image539.txt,0,6,6,False,e0b0bc6369383cc8,hardlink,hardlink
reviewed_group_0038,train,20,/root/autodl-tmp/datasets/sources/construction-ppe_ultralytics_2025_v1/images/val/image524.jpeg,/root/autodl-tmp/datasets/derived/construction_ppe3_canonical_v1_20260804_172437/images/all/val__image524.jpeg,/root/autodl-tmp/datasets/derived/construction_ppe3_canonical_v1_20260804_172437/labels/all/val__image524.txt,5,5,5,False,c03fcb909d80f93b,hardlink,hardlink
reviewed_group_0038,train,20,/root/autodl-tmp/datasets/sources/construction-ppe_ultralytics_2025_v1/images/val/image532.jpeg,/root/autodl-tmp/datasets/derived/construction_ppe3_canonical_v1_20260804_172437/images/all/val__image532.jpeg,/root/autodl-tmp/datasets/derived/construction_ppe3_canonical_v1_20260804_172437/labels/all/val__image532.txt,1,0,1,False,90989a1bd9b3f37b,hardlink,hardlink
reviewed_group_0038,train,20,/root/autodl-tmp/datasets/sources/construction-ppe_ultralytics_2025_v1/images/test/image533.jpg,/root/autodl-tmp/datasets/derived/construction_ppe3_canonical_v1_20260804_172437/images/all/test__image533.jpg,/root/autodl-tmp/datasets/derived/construction_ppe3_canonical_v1_20260804_172437/labels/all/test__image533.txt,1,4,3,False,c07d2bd3f49cd6fe,hardlink,hardlink
reviewed_group_0038,train,20,/root/autodl-tmp/datasets/sources/construction-ppe_ultralytics_2025_v1/images/test/image535.jpg,/root/autodl-tmp/datasets/derived/construction_ppe3_canonical_v1_20260804_172437/images/all/test__image535.jpg,/root/autodl-tmp/datasets/derived/construction_ppe3_canonical_v1_20260804_172437/labels/all/test__image535.txt,2,1,1,False,dc8c26078d4a9aaa,hardlink,hardlink
reviewed_group_0038,train,20,/root/autodl-tmp/datasets/sources/construction-ppe_ultralytics_2025_v1/images/test/image536.jpg,/root/autodl-tmp/datasets/derived/construction_ppe3_canonical_v1_20260804_172437/images/all/test__image536.jpg,/root/autodl-tmp/datasets/derived/construction_ppe3_canonical_v1_20260804_172437/labels/all/test__image536.txt,7,5,5,False,9c77e6d2d36a62f6,hardlink,hardlink
reviewed_group_0038,train,20,/root/autodl-tmp/datasets/sources/construction-ppe_ultralytics_2025_v1/images/test/image537.jpg,/root/autodl-tmp/datasets/derived/construction_ppe3_canonical_v1_20260804_172437/images/all/test__image537.jpg,/root/autodl-tmp/datasets/derived/construction_ppe3_canonical_v1_20260804_172437/labels/all/test__image537.txt,4,4,4,False,fafeef79edcb74f0,hardlink,hardlink
reviewed_group_0038,train,20,/root/autodl-tmp/datasets/sources/construction-ppe_ultralytics_2025_v1/images/test/image538.jpg,/root/autodl-tmp/datasets/derived/construction_ppe3_canonical_v1_20260804_172437/images/all/test__image538.jpg,/root/autodl-tmp/datasets/derived/construction_ppe3_canonical_v1_20260804_172437/labels/all/test__image538.txt,0,4,4,False,d0de4ec135775d9a,hardlink,hardlink
reviewed_group_0039,test,20,/root/autodl-tmp/datasets/sources/construction-ppe_ultralytics_2025_v1/images/train/image540.jpg,/root/autodl-tmp/datasets/derived/construction_ppe3_canonical_v1_20260804_172437/images/all/train__image540.jpg,/root/autodl-tmp/datasets/derived/construction_ppe3_canonical_v1_20260804_172437/labels/all/train__image540.txt,1,0,1,False,f0f239bcec66b2d2,hardlink,hardlink
reviewed_group_0039,test,20,/root/autodl-tmp/datasets/sources/construction-ppe_ultralytics_2025_v1/images/train/image542.jpg,/root/autodl-tmp/datasets/derived/construction_ppe3_canonical_v1_20260804_172437/images/all/train__image542.jpg,/root/autodl-tmp/datasets/derived/construction_ppe3_canonical_v1_20260804_172437/labels/all/train__image542.txt,3,3,3,False,d8f396d6de5e3696,hardlink,hardlink
reviewed_group_0039,test,20,/root/autodl-tmp/datasets/sources/construction-ppe_ultralytics_2025_v1/images/train/image543.jpg,/root/autodl-tmp/datasets/derived/construction_ppe3_canonical_v1_20260804_172437/images/all/train__image543.jpg,/root/autodl-tmp/datasets/derived/construction_ppe3_canonical_v1_20260804_172437/labels/all/train__image543.txt,1,1,1,False,a00bd39316161c3c,hardlink,hardlink
reviewed_group_0039,test,20,/root/autodl-tmp/datasets/sources/construction-ppe_ultralytics_2025_v1/images/train/image544.jpg,/root/autodl-tmp/datasets/derived/construction_ppe3_canonical_v1_20260804_172437/images/all/train__image544.jpg,/root/autodl-tmp/datasets/derived/construction_ppe3_canonical_v1_20260804_172437/labels/all/train__image544.txt,1,1,1,False,3f1f9bdb1e0e0e0e,hardlink,hardlink
reviewed_group_0039,test,20,/root/autodl-tmp/datasets/sources/construction-ppe_ultralytics_2025_v1/images/train/image545.jpg,/root/autodl-tmp/datasets/derived/construction_ppe3_canonical_v1_20260804_172437/images/all/train__image545.jpg,/root/autodl-tmp/datasets/derived/construction_ppe3_canonical_v1_20260804_172437/labels/all/train__image545.txt,1,1,1,False,5a3e1f9b521e0f1c,hardlink,hardlink
reviewed_group_0039,test,20,/root/autodl-tmp/datasets/sources/construction-ppe_ultralytics_2025_v1/images/train/image546.jpg,/root/autodl-tmp/datasets/derived/construction_ppe3_canonical_v1_20260804_172437/images/all/train__image546.jpg,/root/autodl-tmp/datasets/derived/construction_ppe3_canonical_v1_20260804_172437/labels/all/train__image546.txt,1,1,1,False,5e3f17b7b6370f0f,hardlink,hardlink
reviewed_group_0039,test,20,/root/autodl-tmp/datasets/sources/construction-ppe_ultralytics_2025_v1/images/train/image549.jpg,/root/autodl-tmp/datasets/derived/construction_ppe3_canonical_v1_20260804_172437/images/all/train__image549.jpg,/root/autodl-tmp/datasets/derived/construction_ppe3_canonical_v1_20260804_172437/labels/all/train__image549.txt,3,3,3,False,fc6a69e785d558e6,hardlink,hardlink
reviewed_group_0039,test,20,/root/autodl-tmp/datasets/sources/construction-ppe_ultralytics_2025_v1/images/train/image551.jpg,/root/autodl-tmp/datasets/derived/construction_ppe3_canonical_v1_20260804_172437/images/all/train__image551.jpg,/root/autodl-tmp/datasets/derived/construction_ppe3_canonical_v1_20260804_172437/labels/all/train__image551.txt,1,1,1,False,c8a2a3171fa3f63c,hardlink,hardlink
reviewed_group_0039,test,20,/root/autodl-tmp/datasets/sources/construction-ppe_ultralytics_2025_v1/images/train/image552.jpg,/root/autodl-tmp/datasets/derived/construction_ppe3_canonical_v1_20260804_172437/images/all/train__image552.jpg,/root/autodl-tmp/datasets/derived/construction_ppe3_canonical_v1_20260804_172437/labels/all/train__image552.txt,1,1,1,False,a09b9c9b2e1b2b38,hardlink,hardlink
reviewed_group_0039,test,20,/root/autodl-tmp/datasets/sources/construction-ppe_ultralytics_2025_v1/images/train/image553.jpg,/root/autodl-tmp/datasets/derived/construction_ppe3_canonical_v1_20260804_172437/images/all/train__image553.jpg,/root/autodl-tmp/datasets/derived/construction_ppe3_canonical_v1_20260804_172437/labels/all/train__image553.txt,1,1,1,False,c81f5f989a1b5a5a,hardlink,hardlink
reviewed_group_0039,test,20,/root/autodl-tmp/datasets/sources/construction-ppe_ultralytics_2025_v1/images/train/image554.jpg,/root/autodl-tmp/datasets/derived/construction_ppe3_canonical_v1_20260804_172437/images/all/train__image554.jpg,/root/autodl-tmp/datasets/derived/construction_ppe3_canonical_v1_20260804_172437/labels/all/train__image554.txt,0,2,2,False,d23235e80c2e64e0,hardlink,hardlink
reviewed_group_0039,test,20,/root/autodl-tmp/datasets/sources/construction-ppe_ultralytics_2025_v1/images/train/image555.jpg,/root/autodl-tmp/datasets/derived/construction_ppe3_canonical_v1_20260804_172437/images/all/train__image555.jpg,/root/autodl-tmp/datasets/derived/construction_ppe3_canonical_v1_20260804_172437/labels/all/train__image555.txt,1,1,1,False,880646c5c9d992b6,hardlink,hardlink
reviewed_group_0039,test,20,/root/autodl-tmp/datasets/sources/construction-ppe_ultralytics_2025_v1/images/train/image556.jpg,/root/autodl-tmp/datasets/derived/construction_ppe3_canonical_v1_20260804_172437/images/all/train__image556.jpg,/root/autodl-tmp/datasets/derived/construction_ppe3_canonical_v1_20260804_172437/labels/all/train__image556.txt,0,10,0,False,d5d62b2dbd3b0bcb,hardlink,hardlink
reviewed_group_0039,test,20,/root/autodl-tmp/datasets/sources/construction-ppe_ultralytics_2025_v1/images/train/image557.jpg,/root/autodl-tmp/datasets/derived/construction_ppe3_canonical_v1_20260804_172437/images/all/train__image557.jpg,/root/autodl-tmp/datasets/derived/construction_ppe3_canonical_v1_20260804_172437/labels/all/train__image557.txt,1,1,1,False,eecc2f2d4d0c8c84,hardlink,hardlink
reviewed_group_0039,test,20,/root/autodl-tmp/datasets/sources/construction-ppe_ultralytics_2025_v1/images/train/image558.jpg,/root/autodl-tmp/datasets/derived/construction_ppe3_canonical_v1_20260804_172437/images/all/train__image558.jpg,/root/autodl-tmp/datasets/derived/construction_ppe3_canonical_v1_20260804_172437/labels/all/train__image558.txt,1,1,1,False,834313872697343c,hardlink,hardlink
reviewed_group_0039,test,20,/root/autodl-tmp/datasets/sources/construction-ppe_ultralytics_2025_v1/images/train/image559.jpg,/root/autodl-tmp/datasets/derived/construction_ppe3_canonical_v1_20260804_172437/images/all/train__image559.jpg,/root/autodl-tmp/datasets/derived/construction_ppe3_canonical_v1_20260804_172437/labels/all/train__image559.txt,0,1,1,False,7e6e2c26868fc7c0,hardlink,hardlink
reviewed_group_0039,test,20,/root/autodl-tmp/datasets/sources/construction-ppe_ultralytics_2025_v1/images/val/image547.jpg,/root/autodl-tmp/datasets/derived/construction_ppe3_canonical_v1_20260804_172437/images/all/val__image547.jpg,/root/autodl-tmp/datasets/derived/construction_ppe3_canonical_v1_20260804_172437/labels/all/val__image547.txt,4,3,1,False,40b6dbdfea4e4f00,hardlink,hardlink
reviewed_group_0039,test,20,/root/autodl-tmp/datasets/sources/construction-ppe_ultralytics_2025_v1/images/test/image541.jpg,/root/autodl-tmp/datasets/derived/construction_ppe3_canonical_v1_20260804_172437/images/all/test__image541.jpg,/root/autodl-tmp/datasets/derived/construction_ppe3_canonical_v1_20260804_172437/labels/all/test__image541.txt,2,2,2,False,ac6a776519b66466,hardlink,hardlink
reviewed_group_0039,test,20,/root/autodl-tmp/datasets/sources/construction-ppe_ultralytics_2025_v1/images/test/image548.jpg,/root/autodl-tmp/datasets/derived/construction_ppe3_canonical_v1_20260804_172437/images/all/test__image548.jpg,/root/autodl-tmp/datasets/derived/construction_ppe3_canonical_v1_20260804_172437/labels/all/test__image548.txt,3,3,3,False,6d9a9686b098906e,hardlink,hardlink
reviewed_group_0039,test,20,/root/autodl-tmp/datasets/sources/construction-ppe_ultralytics_2025_v1/images/test/image550.jpg,/root/autodl-tmp/datasets/derived/construction_ppe3_canonical_v1_20260804_172437/images/all/test__image550.jpg,/root/autodl-tmp/datasets/derived/construction_ppe3_canonical_v1_20260804_172437/labels/all/test__image550.txt,1,1,1,False,ee0cce0f238f8bc3,hardlink,hardlink
reviewed_group_0040,train,20,/root/autodl-tmp/datasets/sources/construction-ppe_ultralytics_2025_v1/images/train/image560.jpg,/root/autodl-tmp/datasets/derived/construction_ppe3_canonical_v1_20260804_172437/images/all/train__image560.jpg,/root/autodl-tmp/datasets/derived/construction_ppe3_canonical_v1_20260804_172437/labels/all/train__image560.txt,1,1,1,False,8f9e9e9e4c45d6d4,hardlink,hardlink
reviewed_group_0040,train,20,/root/autodl-tmp/datasets/sources/construction-ppe_ultralytics_2025_v1/images/train/image561.jpg,/root/autodl-tmp/datasets/derived/construction_ppe3_canonical_v1_20260804_172437/images/all/train__image561.jpg,/root/autodl-tmp/datasets/derived/construction_ppe3_canonical_v1_20260804_172437/labels/all/train__image561.txt,1,1,1,False,9dcc644ea6185ad8,hardlink,hardlink
reviewed_group_0040,train,20,/root/autodl-tmp/datasets/sources/construction-ppe_ultralytics_2025_v1/images/train/image562.jpg,/root/autodl-tmp/datasets/derived/construction_ppe3_canonical_v1_20260804_172437/images/all/train__image562.jpg,/root/autodl-tmp/datasets/derived/construction_ppe3_canonical_v1_20260804_172437/labels/all/train__image562.txt,0,6,6,False,ecd6c6d293c711c2,hardlink,hardlink
reviewed_group_0040,train,20,/root/autodl-tmp/datasets/sources/construction-ppe_ultralytics_2025_v1/images/train/image563.jpg,/root/autodl-tmp/datasets/derived/construction_ppe3_canonical_v1_20260804_172437/images/all/train__image563.jpg,/root/autodl-tmp/datasets/derived/construction_ppe3_canonical_v1_20260804_172437/labels/all/train__image563.txt,0,1,1,False,f252c98f73db79a8,hardlink,hardlink
reviewed_group_0040,train,20,/root/autodl-tmp/datasets/sources/construction-ppe_ultralytics_2025_v1/images/train/image564.jpg,/root/autodl-tmp/datasets/derived/construction_ppe3_canonical_v1_20260804_172437/images/all/train__image564.jpg,/root/autodl-tmp/datasets/derived/construction_ppe3_canonical_v1_20260804_172437/labels/all/train__image564.txt,1,1,1,False,0713171692130e0e,hardlink,hardlink
reviewed_group_0040,train,20,/root/autodl-tmp/datasets/sources/construction-ppe_ultralytics_2025_v1/images/train/image565.jpg,/root/autodl-tmp/datasets/derived/construction_ppe3_canonical_v1_20260804_172437/images/all/train__image565.jpg,/root/autodl-tmp/datasets/derived/construction_ppe3_canonical_v1_20260804_172437/labels/all/train__image565.txt,1,1,1,False,72519b3677d27bba,hardlink,hardlink
reviewed_group_0040,train,20,/root/autodl-tmp/datasets/sources/construction-ppe_ultralytics_2025_v1/images/train/image566.jpg,/root/autodl-tmp/datasets/derived/construction_ppe3_canonical_v1_20260804_172437/images/all/train__image566.jpg,/root/autodl-tmp/datasets/derived/construction_ppe3_canonical_v1_20260804_172437/labels/all/train__image566.txt,0,0,1,False,3839c36ecbece692,hardlink,hardlink
reviewed_group_0040,train,20,/root/autodl-tmp/datasets/sources/construction-ppe_ultralytics_2025_v1/images/train/image567.jpg,/root/autodl-tmp/datasets/derived/construction_ppe3_canonical_v1_20260804_172437/images/all/train__image567.jpg,/root/autodl-tmp/datasets/derived/construction_ppe3_canonical_v1_20260804_172437/labels/all/train__image567.txt,1,1,1,False,e26c6c9825040cec,hardlink,hardlink
reviewed_group_0040,train,20,/root/autodl-tmp/datasets/sources/construction-ppe_ultralytics_2025_v1/images/train/image568.jpg,/root/autodl-tmp/datasets/derived/construction_ppe3_canonical_v1_20260804_172437/images/all/train__image568.jpg,/root/autodl-tmp/datasets/derived/construction_ppe3_canonical_v1_20260804_172437/labels/all/train__image568.txt,1,1,1,False,f838290c0e8c8dcc,hardlink,hardlink
reviewed_group_0040,train,20,/root/autodl-tmp/datasets/sources/construction-ppe_ultralytics_2025_v1/images/train/image569.jpg,/root/autodl-tmp/datasets/derived/construction_ppe3_canonical_v1_20260804_172437/images/all/train__image569.jpg,/root/autodl-tmp/datasets/derived/construction_ppe3_canonical_v1_20260804_172437/labels/all/train__image569.txt,1,1,1,False,cede3d0d441a185c,hardlink,hardlink
reviewed_group_0040,train,20,/root/autodl-tmp/datasets/sources/construction-ppe_ultralytics_2025_v1/images/train/image570.jpg,/root/autodl-tmp/datasets/derived/construction_ppe3_canonical_v1_20260804_172437/images/all/train__image570.jpg,/root/autodl-tmp/datasets/derived/construction_ppe3_canonical_v1_20260804_172437/labels/all/train__image570.txt,1,1,1,False,c6c4455bcbd173ba,hardlink,hardlink
reviewed_group_0040,train,20,/root/autodl-tmp/datasets/sources/construction-ppe_ultralytics_2025_v1/images/train/image571.jpg,/root/autodl-tmp/datasets/derived/construction_ppe3_canonical_v1_20260804_172437/images/all/train__image571.jpg,/root/autodl-tmp/datasets/derived/construction_ppe3_canonical_v1_20260804_172437/labels/all/train__image571.txt,1,1,1,False,f07ce6c7c7c18cb4,hardlink,hardlink
reviewed_group_0040,train,20,/root/autodl-tmp/datasets/sources/construction-ppe_ultralytics_2025_v1/images/train/image572.jpg,/root/autodl-tmp/datasets/derived/construction_ppe3_canonical_v1_20260804_172437/images/all/train__image572.jpg,/root/autodl-tmp/datasets/derived/construction_ppe3_canonical_v1_20260804_172437/labels/all/train__image572.txt,1,1,1,False,d0b6df0db57479f2,hardlink,hardlink
reviewed_group_0040,train,20,/root/autodl-tmp/datasets/sources/construction-ppe_ultralytics_2025_v1/images/train/image574.jpg,/root/autodl-tmp/datasets/derived/construction_ppe3_canonical_v1_20260804_172437/images/all/train__image574.jpg,/root/autodl-tmp/datasets/derived/construction_ppe3_canonical_v1_20260804_172437/labels/all/train__image574.txt,1,1,1,False,d00f070d0c8f8f84,hardlink,hardlink
reviewed_group_0040,train,20,/root/autodl-tmp/datasets/sources/construction-ppe_ultralytics_2025_v1/images/train/image575.jpg,/root/autodl-tmp/datasets/derived/construction_ppe3_canonical_v1_20260804_172437/images/all/train__image575.jpg,/root/autodl-tmp/datasets/derived/construction_ppe3_canonical_v1_20260804_172437/labels/all/train__image575.txt,1,1,1,False,0e8e86865e1a31ab,hardlink,hardlink
reviewed_group_0040,train,20,/root/autodl-tmp/datasets/sources/construction-ppe_ultralytics_2025_v1/images/train/image577.jpg,/root/autodl-tmp/datasets/derived/construction_ppe3_canonical_v1_20260804_172437/images/all/train__image577.jpg,/root/autodl-tmp/datasets/derived/construction_ppe3_canonical_v1_20260804_172437/labels/all/train__image577.txt,1,1,1,False,c84a6dcdcf0d0fb1,hardlink,hardlink
reviewed_group_0040,train,20,/root/autodl-tmp/datasets/sources/construction-ppe_ultralytics_2025_v1/images/train/image578.jpg,/root/autodl-tmp/datasets/derived/construction_ppe3_canonical_v1_20260804_172437/images/all/train__image578.jpg,/root/autodl-tmp/datasets/derived/construction_ppe3_canonical_v1_20260804_172437/labels/all/train__image578.txt,1,1,1,False,d8189bcecd0d8da2,hardlink,hardlink
reviewed_group_0040,train,20,/root/autodl-tmp/datasets/sources/construction-ppe_ultralytics_2025_v1/images/train/image579.jpg,/root/autodl-tmp/datasets/derived/construction_ppe3_canonical_v1_20260804_172437/images/all/train__image579.jpg,/root/autodl-tmp/datasets/derived/construction_ppe3_canonical_v1_20260804_172437/labels/all/train__image579.txt,0,1,1,False,cc9e0b0ba626ccec,hardlink,hardlink
reviewed_group_0040,train,20,/root/autodl-tmp/datasets/sources/construction-ppe_ultralytics_2025_v1/images/val/image573.jpg,/root/autodl-tmp/datasets/derived/construction_ppe3_canonical_v1_20260804_172437/images/all/val__image573.jpg,/root/autodl-tmp/datasets/derived/construction_ppe3_canonical_v1_20260804_172437/labels/all/val__image573.txt,1,1,1,False,ac2c5cdac4e5c2b8,hardlink,hardlink
reviewed_group_0040,train,20,/root/autodl-tmp/datasets/sources/construction-ppe_ultralytics_2025_v1/images/val/image576.jpg,/root/autodl-tmp/datasets/derived/construction_ppe3_canonical_v1_20260804_172437/images/all/val__image576.jpg,/root/autodl-tmp/datasets/derived/construction_ppe3_canonical_v1_20260804_172437/labels/all/val__image576.txt,1,1,1,False,080f17efcd868583,hardlink,hardlink
reviewed_group_0041,train,20,/root/autodl-tmp/datasets/sources/construction-ppe_ultralytics_2025_v1/images/train/image580.jpg,/root/autodl-tmp/datasets/derived/construction_ppe3_canonical_v1_20260804_172437/images/all/train__image580.jpg,/root/autodl-tmp/datasets/derived/construction_ppe3_canonical_v1_20260804_172437/labels/all/train__image580.txt,1,1,1,False,6e6e667766b2939c,hardlink,hardlink
reviewed_group_0041,train,20,/root/autodl-tmp/datasets/sources/construction-ppe_ultralytics_2025_v1/images/train/image581.jpg,/root/autodl-tmp/datasets/derived/construction_ppe3_canonical_v1_20260804_172437/images/all/train__image581.jpg,/root/autodl-tmp/datasets/derived/construction_ppe3_canonical_v1_20260804_172437/labels/all/train__image581.txt,1,1,1,False,a46447140c4e1a1a,hardlink,hardlink
reviewed_group_0041,train,20,/root/autodl-tmp/datasets/sources/construction-ppe_ultralytics_2025_v1/images/train/image582.jpg,/root/autodl-tmp/datasets/derived/construction_ppe3_canonical_v1_20260804_172437/images/all/train__image582.jpg,/root/autodl-tmp/datasets/derived/construction_ppe3_canonical_v1_20260804_172437/labels/all/train__image582.txt,0,1,1,False,80c66603ce4c4d8a,hardlink,hardlink
reviewed_group_0041,train,20,/root/autodl-tmp/datasets/sources/construction-ppe_ultralytics_2025_v1/images/train/image583.jpg,/root/autodl-tmp/datasets/derived/construction_ppe3_canonical_v1_20260804_172437/images/all/train__image583.jpg,/root/autodl-tmp/datasets/derived/construction_ppe3_canonical_v1_20260804_172437/labels/all/train__image583.txt,1,1,1,False,0b1f278f9f8c8e88,hardlink,hardlink
reviewed_group_0041,train,20,/root/autodl-tmp/datasets/sources/construction-ppe_ultralytics_2025_v1/images/train/image584.jpg,/root/autodl-tmp/datasets/derived/construction_ppe3_canonical_v1_20260804_172437/images/all/train__image584.jpg,/root/autodl-tmp/datasets/derived/construction_ppe3_canonical_v1_20260804_172437/labels/all/train__image584.txt,1,1,1,False,490d378c9d9a1c80,hardlink,hardlink
reviewed_group_0041,train,20,/root/autodl-tmp/datasets/sources/construction-ppe_ultralytics_2025_v1/images/train/image586.jpg,/root/autodl-tmp/datasets/derived/construction_ppe3_canonical_v1_20260804_172437/images/all/train__image586.jpg,/root/autodl-tmp/datasets/derived/construction_ppe3_canonical_v1_20260804_172437/labels/all/train__image586.txt,1,1,1,False,0e8e86865e1a21ab,hardlink,hardlink
reviewed_group_0041,train,20,/root/autodl-tmp/datasets/sources/construction-ppe_ultralytics_2025_v1/images/train/image587.jpg,/root/autodl-tmp/datasets/derived/construction_ppe3_canonical_v1_20260804_172437/images/all/train__image587.jpg,/root/autodl-tmp/datasets/derived/construction_ppe3_canonical_v1_20260804_172437/labels/all/train__image587.txt,1,1,1,False,f447130c8c9a42e4,hardlink,hardlink
reviewed_group_0041,train,20,/root/autodl-tmp/datasets/sources/construction-ppe_ultralytics_2025_v1/images/train/image588.jpg,/root/autodl-tmp/datasets/derived/construction_ppe3_canonical_v1_20260804_172437/images/all/train__image588.jpg,/root/autodl-tmp/datasets/derived/construction_ppe3_canonical_v1_20260804_172437/labels/all/train__image588.txt,1,1,1,False,e80e1799189eb4f4,hardlink,hardlink
reviewed_group_0041,train,20,/root/autodl-tmp/datasets/sources/construction-ppe_ultralytics_2025_v1/images/train/image589.jpg,/root/autodl-tmp/datasets/derived/construction_ppe3_canonical_v1_20260804_172437/images/all/train__image589.jpg,/root/autodl-tmp/datasets/derived/construction_ppe3_canonical_v1_20260804_172437/labels/all/train__image589.txt,1,1,1,False,e0213f1c9d1cb7b2,hardlink,hardlink
reviewed_group_0041,train,20,/root/autodl-tmp/datasets/sources/construction-ppe_ultralytics_2025_v1/images/train/image590.jpg,/root/autodl-tmp/datasets/derived/construction_ppe3_canonical_v1_20260804_172437/images/all/train__image590.jpg,/root/autodl-tmp/datasets/derived/construction_ppe3_canonical_v1_20260804_172437/labels/all/train__image590.txt,1,1,1,False,a0efcc8c88ce16e4,hardlink,hardlink
reviewed_group_0041,train,20,/root/autodl-tmp/datasets/sources/construction-ppe_ultralytics_2025_v1/images/train/image591.jpg,/root/autodl-tmp/datasets/derived/construction_ppe3_canonical_v1_20260804_172437/images/all/train__image591.jpg,/root/autodl-tmp/datasets/derived/construction_ppe3_canonical_v1_20260804_172437/labels/all/train__image591.txt,1,1,1,False,f0000d0fcccc85a4,hardlink,hardlink
reviewed_group_0041,train,20,/root/autodl-tmp/datasets/sources/construction-ppe_ultralytics_2025_v1/images/train/image592.jpg,/root/autodl-tmp/datasets/derived/construction_ppe3_canonical_v1_20260804_172437/images/all/train__image592.jpg,/root/autodl-tmp/datasets/derived/construction_ppe3_canonical_v1_20260804_172437/labels/all/train__image592.txt,1,1,1,False,c0f6070b844452ea,hardlink,hardlink
reviewed_group_0041,train,20,/root/autodl-tmp/datasets/sources/construction-ppe_ultralytics_2025_v1/images/train/image593.jpg,/root/autodl-tmp/datasets/derived/construction_ppe3_canonical_v1_20260804_172437/images/all/train__image593.jpg,/root/autodl-tmp/datasets/derived/construction_ppe3_canonical_v1_20260804_172437/labels/all/train__image593.txt,1,1,1,False,f0003f2f58ccae94,hardlink,hardlink
reviewed_group_0041,train,20,/root/autodl-tmp/datasets/sources/construction-ppe_ultralytics_2025_v1/images/train/image594.jpg,/root/autodl-tmp/datasets/derived/construction_ppe3_canonical_v1_20260804_172437/images/all/train__image594.jpg,/root/autodl-tmp/datasets/derived/construction_ppe3_canonical_v1_20260804_172437/labels/all/train__image594.txt,1,1,1,False,80f4870b06e44c5a,hardlink,hardlink
reviewed_group_0041,train,20,/root/autodl-tmp/datasets/sources/construction-ppe_ultralytics_2025_v1/images/train/image595.jpg,/root/autodl-tmp/datasets/derived/construction_ppe3_canonical_v1_20260804_172437/images/all/train__image595.jpg,/root/autodl-tmp/datasets/derived/construction_ppe3_canonical_v1_20260804_172437/labels/all/train__image595.txt,1,1,1,False,e0080b17c6c383a4,hardlink,hardlink
reviewed_group_0041,train,20,/root/autodl-tmp/datasets/sources/construction-ppe_ultralytics_2025_v1/images/train/image596.jpg,/root/autodl-tmp/datasets/derived/construction_ppe3_canonical_v1_20260804_172437/images/all/train__image596.jpg,/root/autodl-tmp/datasets/derived/construction_ppe3_canonical_v1_20260804_172437/labels/all/train__image596.txt,1,1,1,False,be879f1e0e8f999c,hardlink,hardlink
reviewed_group_0041,train,20,/root/autodl-tmp/datasets/sources/construction-ppe_ultralytics_2025_v1/images/train/image597.jpeg,/root/autodl-tmp/datasets/derived/construction_ppe3_canonical_v1_20260804_172437/images/all/train__image597.jpeg,/root/autodl-tmp/datasets/derived/construction_ppe3_canonical_v1_20260804_172437/labels/all/train__image597.txt,1,1,1,False,00ede53367c6ee00,hardlink,hardlink
reviewed_group_0041,train,20,/root/autodl-tmp/datasets/sources/construction-ppe_ultralytics_2025_v1/images/train/image598.jpg,/root/autodl-tmp/datasets/derived/construction_ppe3_canonical_v1_20260804_172437/images/all/train__image598.jpg,/root/autodl-tmp/datasets/derived/construction_ppe3_canonical_v1_20260804_172437/labels/all/train__image598.txt,1,1,1,False,31994e4c648888ad,hardlink,hardlink
reviewed_group_0041,train,20,/root/autodl-tmp/datasets/sources/construction-ppe_ultralytics_2025_v1/images/train/image599.jpg,/root/autodl-tmp/datasets/derived/construction_ppe3_canonical_v1_20260804_172437/images/all/train__image599.jpg,/root/autodl-tmp/datasets/derived/construction_ppe3_canonical_v1_20260804_172437/labels/all/train__image599.txt,1,1,1,False,31994e4c648888ad,hardlink,hardlink
reviewed_group_0041,train,20,/root/autodl-tmp/datasets/sources/construction-ppe_ultralytics_2025_v1/images/test/image585.jpg,/root/autodl-tmp/datasets/derived/construction_ppe3_canonical_v1_20260804_172437/images/all/test__image585.jpg,/root/autodl-tmp/datasets/derived/construction_ppe3_canonical_v1_20260804_172437/labels/all/test__image585.txt,1,1,1,False,f0c617178c989a4a,hardlink,hardlink
reviewed_group_0042,train,20,/root/autodl-tmp/datasets/sources/construction-ppe_ultralytics_2025_v1/images/train/image600.jpg,/root/autodl-tmp/datasets/derived/construction_ppe3_canonical_v1_20260804_172437/images/all/train__image600.jpg,/root/autodl-tmp/datasets/derived/construction_ppe3_canonical_v1_20260804_172437/labels/all/train__image600.txt,5,5,5,False,01c4c889e5331608,hardlink,hardlink
reviewed_group_0042,train,20,/root/autodl-tmp/datasets/sources/construction-ppe_ultralytics_2025_v1/images/train/image601.jpg,/root/autodl-tmp/datasets/derived/construction_ppe3_canonical_v1_20260804_172437/images/all/train__image601.jpg,/root/autodl-tmp/datasets/derived/construction_ppe3_canonical_v1_20260804_172437/labels/all/train__image601.txt,4,7,6,False,91ddcdd24779fafe,hardlink,hardlink
reviewed_group_0042,train,20,/root/autodl-tmp/datasets/sources/construction-ppe_ultralytics_2025_v1/images/train/image602.jpg,/root/autodl-tmp/datasets/derived/construction_ppe3_canonical_v1_20260804_172437/images/all/train__image602.jpg,/root/autodl-tmp/datasets/derived/construction_ppe3_canonical_v1_20260804_172437/labels/all/train__image602.txt,6,6,6,False,cc8fc9f4e4aa3341,hardlink,hardlink
reviewed_group_0042,train,20,/root/autodl-tmp/datasets/sources/construction-ppe_ultralytics_2025_v1/images/train/image603.jpg,/root/autodl-tmp/datasets/derived/construction_ppe3_canonical_v1_20260804_172437/images/all/train__image603.jpg,/root/autodl-tmp/datasets/derived/construction_ppe3_canonical_v1_20260804_172437/labels/all/train__image603.txt,6,6,6,False,603f65c4126f5909,hardlink,hardlink
reviewed_group_0042,train,20,/root/autodl-tmp/datasets/sources/construction-ppe_ultralytics_2025_v1/images/train/image604.jpg,/root/autodl-tmp/datasets/derived/construction_ppe3_canonical_v1_20260804_172437/images/all/train__image604.jpg,/root/autodl-tmp/datasets/derived/construction_ppe3_canonical_v1_20260804_172437/labels/all/train__image604.txt,1,1,1,False,0f5b5f164f4d4d4b,hardlink,hardlink
reviewed_group_0042,train,20,/root/autodl-tmp/datasets/sources/construction-ppe_ultralytics_2025_v1/images/train/image605.jpg,/root/autodl-tmp/datasets/derived/construction_ppe3_canonical_v1_20260804_172437/images/all/train__image605.jpg,/root/autodl-tmp/datasets/derived/construction_ppe3_canonical_v1_20260804_172437/labels/all/train__image605.txt,1,1,1,False,6466ebb6964f018a,hardlink,hardlink
reviewed_group_0042,train,20,/root/autodl-tmp/datasets/sources/construction-ppe_ultralytics_2025_v1/images/train/image606.jpg,/root/autodl-tmp/datasets/derived/construction_ppe3_canonical_v1_20260804_172437/images/all/train__image606.jpg,/root/autodl-tmp/datasets/derived/construction_ppe3_canonical_v1_20260804_172437/labels/all/train__image606.txt,1,1,1,False,546467b6964a200a,hardlink,hardlink
reviewed_group_0042,train,20,/root/autodl-tmp/datasets/sources/construction-ppe_ultralytics_2025_v1/images/train/image609.jpeg,/root/autodl-tmp/datasets/derived/construction_ppe3_canonical_v1_20260804_172437/images/all/train__image609.jpeg,/root/autodl-tmp/datasets/derived/construction_ppe3_canonical_v1_20260804_172437/labels/all/train__image609.txt,1,1,1,False,6ce41353ccccccc8,hardlink,hardlink
reviewed_group_0042,train,20,/root/autodl-tmp/datasets/sources/construction-ppe_ultralytics_2025_v1/images/train/image610.jpg,/root/autodl-tmp/datasets/derived/construction_ppe3_canonical_v1_20260804_172437/images/all/train__image610.jpg,/root/autodl-tmp/datasets/derived/construction_ppe3_canonical_v1_20260804_172437/labels/all/train__image610.txt,4,3,4,False,a889cbea4b160017,hardlink,hardlink
reviewed_group_0042,train,20,/root/autodl-tmp/datasets/sources/construction-ppe_ultralytics_2025_v1/images/train/image613.jpg,/root/autodl-tmp/datasets/derived/construction_ppe3_canonical_v1_20260804_172437/images/all/train__image613.jpg,/root/autodl-tmp/datasets/derived/construction_ppe3_canonical_v1_20260804_172437/labels/all/train__image613.txt,5,5,5,False,2e293e2723ad8c9a,hardlink,hardlink
reviewed_group_0042,train,20,/root/autodl-tmp/datasets/sources/construction-ppe_ultralytics_2025_v1/images/train/image614.jpg,/root/autodl-tmp/datasets/derived/construction_ppe3_canonical_v1_20260804_172437/images/all/train__image614.jpg,/root/autodl-tmp/datasets/derived/construction_ppe3_canonical_v1_20260804_172437/labels/all/train__image614.txt,6,6,6,False,d0a0202804844360,hardlink,hardlink
reviewed_group_0042,train,20,/root/autodl-tmp/datasets/sources/construction-ppe_ultralytics_2025_v1/images/train/image617.jpg,/root/autodl-tmp/datasets/derived/construction_ppe3_canonical_v1_20260804_172437/images/all/train__image617.jpg,/root/autodl-tmp/datasets/derived/construction_ppe3_canonical_v1_20260804_172437/labels/all/train__image617.txt,1,1,1,False,f6cecd4c1e5c5c9c,hardlink,hardlink
reviewed_group_0042,train,20,/root/autodl-tmp/datasets/sources/construction-ppe_ultralytics_2025_v1/images/train/image618.jpg,/root/autodl-tmp/datasets/derived/construction_ppe3_canonical_v1_20260804_172437/images/all/train__image618.jpg,/root/autodl-tmp/datasets/derived/construction_ppe3_canonical_v1_20260804_172437/labels/all/train__image618.txt,1,1,1,False,6521240446c9d9cd,hardlink,hardlink
reviewed_group_0042,train,20,/root/autodl-tmp/datasets/sources/construction-ppe_ultralytics_2025_v1/images/val/image607.jpeg,/root/autodl-tmp/datasets/derived/construction_ppe3_canonical_v1_20260804_172437/images/all/val__image607.jpeg,/root/autodl-tmp/datasets/derived/construction_ppe3_canonical_v1_20260804_172437/labels/all/val__image607.txt,2,2,1,False,006463995cdc8b00,hardlink,hardlink
reviewed_group_0042,train,20,/root/autodl-tmp/datasets/sources/construction-ppe_ultralytics_2025_v1/images/val/image608.jpg,/root/autodl-tmp/datasets/derived/construction_ppe3_canonical_v1_20260804_172437/images/all/val__image608.jpg,/root/autodl-tmp/datasets/derived/construction_ppe3_canonical_v1_20260804_172437/labels/all/val__image608.txt,5,6,5,False,00325149cd693200,hardlink,hardlink
reviewed_group_0042,train,20,/root/autodl-tmp/datasets/sources/construction-ppe_ultralytics_2025_v1/images/val/image615.jpg,/root/autodl-tmp/datasets/derived/construction_ppe3_canonical_v1_20260804_172437/images/all/val__image615.jpg,/root/autodl-tmp/datasets/derived/construction_ppe3_canonical_v1_20260804_172437/labels/all/val__image615.txt,4,6,5,False,06f0000828161712,hardlink,hardlink
reviewed_group_0042,train,20,/root/autodl-tmp/datasets/sources/construction-ppe_ultralytics_2025_v1/images/test/image611.jpg,/root/autodl-tmp/datasets/derived/construction_ppe3_canonical_v1_20260804_172437/images/all/test__image611.jpg,/root/autodl-tmp/datasets/derived/construction_ppe3_canonical_v1_20260804_172437/labels/all/test__image611.txt,5,5,5,False,c8cb2530e8f89cc7,hardlink,hardlink
reviewed_group_0042,train,20,/root/autodl-tmp/datasets/sources/construction-ppe_ultralytics_2025_v1/images/test/image612.jpg,/root/autodl-tmp/datasets/derived/construction_ppe3_canonical_v1_20260804_172437/images/all/test__image612.jpg,/root/autodl-tmp/datasets/derived/construction_ppe3_canonical_v1_20260804_172437/labels/all/test__image612.txt,4,4,5,False,607b9f8cd0534b66,hardlink,hardlink
reviewed_group_0042,train,20,/root/autodl-tmp/datasets/sources/construction-ppe_ultralytics_2025_v1/images/test/image616.jpg,/root/autodl-tmp/datasets/derived/construction_ppe3_canonical_v1_20260804_172437/images/all/test__image616.jpg,/root/autodl-tmp/datasets/derived/construction_ppe3_canonical_v1_20260804_172437/labels/all/test__image616.txt,2,2,2,False,edd276a692946979,hardlink,hardlink
reviewed_group_0042,train,20,/root/autodl-tmp/datasets/sources/construction-ppe_ultralytics_2025_v1/images/test/image619.jpeg,/root/autodl-tmp/datasets/derived/construction_ppe3_canonical_v1_20260804_172437/images/all/test__image619.jpeg,/root/autodl-tmp/datasets/derived/construction_ppe3_canonical_v1_20260804_172437/labels/all/test__image619.txt,2,2,2,False,00e9cdadedfc3b00,hardlink,hardlink
reviewed_group_0043,test,20,/root/autodl-tmp/datasets/sources/construction-ppe_ultralytics_2025_v1/images/train/image620.jpg,/root/autodl-tmp/datasets/derived/construction_ppe3_canonical_v1_20260804_172437/images/all/train__image620.jpg,/root/autodl-tmp/datasets/derived/construction_ppe3_canonical_v1_20260804_172437/labels/all/train__image620.txt,3,5,3,False,c000c4c0c8dc00c0,hardlink,hardlink
reviewed_group_0043,test,20,/root/autodl-tmp/datasets/sources/construction-ppe_ultralytics_2025_v1/images/train/image621.jpg,/root/autodl-tmp/datasets/derived/construction_ppe3_canonical_v1_20260804_172437/images/all/train__image621.jpg,/root/autodl-tmp/datasets/derived/construction_ppe3_canonical_v1_20260804_172437/labels/all/train__image621.txt,2,2,1,False,0002051592cafcda,hardlink,hardlink
reviewed_group_0043,test,20,/root/autodl-tmp/datasets/sources/construction-ppe_ultralytics_2025_v1/images/train/image622.jpg,/root/autodl-tmp/datasets/derived/construction_ppe3_canonical_v1_20260804_172437/images/all/train__image622.jpg,/root/autodl-tmp/datasets/derived/construction_ppe3_canonical_v1_20260804_172437/labels/all/train__image622.txt,1,0,1,False,c06864983376defa,hardlink,hardlink
reviewed_group_0043,test,20,/root/autodl-tmp/datasets/sources/construction-ppe_ultralytics_2025_v1/images/train/image623.jpg,/root/autodl-tmp/datasets/derived/construction_ppe3_canonical_v1_20260804_172437/images/all/train__image623.jpg,/root/autodl-tmp/datasets/derived/construction_ppe3_canonical_v1_20260804_172437/labels/all/train__image623.txt,1,1,0,False,cdcecdc4acc6f6c6,hardlink,hardlink
reviewed_group_0043,test,20,/root/autodl-tmp/datasets/sources/construction-ppe_ultralytics_2025_v1/images/train/image624.jpg,/root/autodl-tmp/datasets/derived/construction_ppe3_canonical_v1_20260804_172437/images/all/train__image624.jpg,/root/autodl-tmp/datasets/derived/construction_ppe3_canonical_v1_20260804_172437/labels/all/train__image624.txt,1,0,1,False,c0c666606969c9e6,hardlink,hardlink
reviewed_group_0043,test,20,/root/autodl-tmp/datasets/sources/construction-ppe_ultralytics_2025_v1/images/train/image625.jpg,/root/autodl-tmp/datasets/derived/construction_ppe3_canonical_v1_20260804_172437/images/all/train__image625.jpg,/root/autodl-tmp/datasets/derived/construction_ppe3_canonical_v1_20260804_172437/labels/all/train__image625.txt,1,1,0,False,e8e0f0b8e0f22676,hardlink,hardlink
reviewed_group_0043,test,20,/root/autodl-tmp/datasets/sources/construction-ppe_ultralytics_2025_v1/images/train/image626.jpg,/root/autodl-tmp/datasets/derived/construction_ppe3_canonical_v1_20260804_172437/images/all/train__image626.jpg,/root/autodl-tmp/datasets/derived/construction_ppe3_canonical_v1_20260804_172437/labels/all/train__image626.txt,1,1,0,False,9941440403472626,hardlink,hardlink
reviewed_group_0043,test,20,/root/autodl-tmp/datasets/sources/construction-ppe_ultralytics_2025_v1/images/train/image629.jpg,/root/autodl-tmp/datasets/derived/construction_ppe3_canonical_v1_20260804_172437/images/all/train__image629.jpg,/root/autodl-tmp/datasets/derived/construction_ppe3_canonical_v1_20260804_172437/labels/all/train__image629.txt,0,2,2,False,606070706c163604,hardlink,hardlink
reviewed_group_0043,test,20,/root/autodl-tmp/datasets/sources/construction-ppe_ultralytics_2025_v1/images/train/image630.jpg,/root/autodl-tmp/datasets/derived/construction_ppe3_canonical_v1_20260804_172437/images/all/train__image630.jpg,/root/autodl-tmp/datasets/derived/construction_ppe3_canonical_v1_20260804_172437/labels/all/train__image630.txt,3,3,3,False,d8d2d64e6a6b5b6e,hardlink,hardlink
reviewed_group_0043,test,20,/root/autodl-tmp/datasets/sources/construction-ppe_ultralytics_2025_v1/images/train/image631.jpeg,/root/autodl-tmp/datasets/derived/construction_ppe3_canonical_v1_20260804_172437/images/all/train__image631.jpeg,/root/autodl-tmp/datasets/derived/construction_ppe3_canonical_v1_20260804_172437/labels/all/train__image631.txt,3,2,0,False,00ce5466d3119400,hardlink,hardlink
reviewed_group_0043,test,20,/root/autodl-tmp/datasets/sources/construction-ppe_ultralytics_2025_v1/images/train/image632.jpg,/root/autodl-tmp/datasets/derived/construction_ppe3_canonical_v1_20260804_172437/images/all/train__image632.jpg,/root/autodl-tmp/datasets/derived/construction_ppe3_canonical_v1_20260804_172437/labels/all/train__image632.txt,3,1,2,False,278db0b933363825,hardlink,hardlink
reviewed_group_0043,test,20,/root/autodl-tmp/datasets/sources/construction-ppe_ultralytics_2025_v1/images/train/image634.jpg,/root/autodl-tmp/datasets/derived/construction_ppe3_canonical_v1_20260804_172437/images/all/train__image634.jpg,/root/autodl-tmp/datasets/derived/construction_ppe3_canonical_v1_20260804_172437/labels/all/train__image634.txt,3,3,3,False,b4e6e6b4b4b0b0b4,hardlink,hardlink
reviewed_group_0043,test,20,/root/autodl-tmp/datasets/sources/construction-ppe_ultralytics_2025_v1/images/train/image635.jpg,/root/autodl-tmp/datasets/derived/construction_ppe3_canonical_v1_20260804_172437/images/all/train__image635.jpg,/root/autodl-tmp/datasets/derived/construction_ppe3_canonical_v1_20260804_172437/labels/all/train__image635.txt,1,1,1,False,b20c0c646d9c9c4c,hardlink,hardlink
reviewed_group_0043,test,20,/root/autodl-tmp/datasets/sources/construction-ppe_ultralytics_2025_v1/images/train/image636.jpg,/root/autodl-tmp/datasets/derived/construction_ppe3_canonical_v1_20260804_172437/images/all/train__image636.jpg,/root/autodl-tmp/datasets/derived/construction_ppe3_canonical_v1_20260804_172437/labels/all/train__image636.txt,1,1,0,False,1891e0a493e925a7,hardlink,hardlink
reviewed_group_0043,test,20,/root/autodl-tmp/datasets/sources/construction-ppe_ultralytics_2025_v1/images/train/image637.jpg,/root/autodl-tmp/datasets/derived/construction_ppe3_canonical_v1_20260804_172437/images/all/train__image637.jpg,/root/autodl-tmp/datasets/derived/construction_ppe3_canonical_v1_20260804_172437/labels/all/train__image637.txt,5,5,6,False,8f2e2426765e2626,hardlink,hardlink
reviewed_group_0043,test,20,/root/autodl-tmp/datasets/sources/construction-ppe_ultralytics_2025_v1/images/train/image638.jpg,/root/autodl-tmp/datasets/derived/construction_ppe3_canonical_v1_20260804_172437/images/all/train__image638.jpg,/root/autodl-tmp/datasets/derived/construction_ppe3_canonical_v1_20260804_172437/labels/all/train__image638.txt,6,6,0,False,ffffcb5c5e187cdc,hardlink,hardlink
reviewed_group_0043,test,20,/root/autodl-tmp/datasets/sources/construction-ppe_ultralytics_2025_v1/images/train/image639.jpg,/root/autodl-tmp/datasets/derived/construction_ppe3_canonical_v1_20260804_172437/images/all/train__image639.jpg,/root/autodl-tmp/datasets/derived/construction_ppe3_canonical_v1_20260804_172437/labels/all/train__image639.txt,6,12,0,False,253793472f2d1d1d,hardlink,hardlink
reviewed_group_0043,test,20,/root/autodl-tmp/datasets/sources/construction-ppe_ultralytics_2025_v1/images/val/image627.jpg,/root/autodl-tmp/datasets/derived/construction_ppe3_canonical_v1_20260804_172437/images/all/val__image627.jpg,/root/autodl-tmp/datasets/derived/construction_ppe3_canonical_v1_20260804_172437/labels/all/val__image627.txt,2,2,2,False,1c4e5e65399632b2,hardlink,hardlink
reviewed_group_0043,test,20,/root/autodl-tmp/datasets/sources/construction-ppe_ultralytics_2025_v1/images/val/image628.jpg,/root/autodl-tmp/datasets/derived/construction_ppe3_canonical_v1_20260804_172437/images/all/val__image628.jpg,/root/autodl-tmp/datasets/derived/construction_ppe3_canonical_v1_20260804_172437/labels/all/val__image628.txt,3,2,1,False,2d6d6b7363634b6e,hardlink,hardlink
reviewed_group_0043,test,20,/root/autodl-tmp/datasets/sources/construction-ppe_ultralytics_2025_v1/images/test/image633.jpg,/root/autodl-tmp/datasets/derived/construction_ppe3_canonical_v1_20260804_172437/images/all/test__image633.jpg,/root/autodl-tmp/datasets/derived/construction_ppe3_canonical_v1_20260804_172437/labels/all/test__image633.txt,1,2,1,False,19b8ec6ecd4f71b2,hardlink,hardlink
reviewed_group_0044,train,20,/root/autodl-tmp/datasets/sources/construction-ppe_ultralytics_2025_v1/images/train/image641.jpg,/root/autodl-tmp/datasets/derived/construction_ppe3_canonical_v1_20260804_172437/images/all/train__image641.jpg,/root/autodl-tmp/datasets/derived/construction_ppe3_canonical_v1_20260804_172437/labels/all/train__image641.txt,2,2,1,False,da5d6ce263272435,hardlink,hardlink
reviewed_group_0044,train,20,/root/autodl-tmp/datasets/sources/construction-ppe_ultralytics_2025_v1/images/train/image642.jpeg,/root/autodl-tmp/datasets/derived/construction_ppe3_canonical_v1_20260804_172437/images/all/train__image642.jpeg,/root/autodl-tmp/datasets/derived/construction_ppe3_canonical_v1_20260804_172437/labels/all/train__image642.txt,4,1,0,False,00f0e0e0f4f0c800,hardlink,hardlink
reviewed_group_0044,train,20,/root/autodl-tmp/datasets/sources/construction-ppe_ultralytics_2025_v1/images/train/image643.jpg,/root/autodl-tmp/datasets/derived/construction_ppe3_canonical_v1_20260804_172437/images/all/train__image643.jpg,/root/autodl-tmp/datasets/derived/construction_ppe3_canonical_v1_20260804_172437/labels/all/train__image643.txt,3,3,1,False,00a0c2f89e96aa00,hardlink,hardlink
reviewed_group_0044,train,20,/root/autodl-tmp/datasets/sources/construction-ppe_ultralytics_2025_v1/images/train/image645.jpg,/root/autodl-tmp/datasets/derived/construction_ppe3_canonical_v1_20260804_172437/images/all/train__image645.jpg,/root/autodl-tmp/datasets/derived/construction_ppe3_canonical_v1_20260804_172437/labels/all/train__image645.txt,8,8,5,False,a9cd32b3391c7566,hardlink,hardlink
reviewed_group_0044,train,20,/root/autodl-tmp/datasets/sources/construction-ppe_ultralytics_2025_v1/images/train/image646.jpg,/root/autodl-tmp/datasets/derived/construction_ppe3_canonical_v1_20260804_172437/images/all/train__image646.jpg,/root/autodl-tmp/datasets/derived/construction_ppe3_canonical_v1_20260804_172437/labels/all/train__image646.txt,9,14,0,False,e4cc98d9d8ccc346,hardlink,hardlink
reviewed_group_0044,train,20,/root/autodl-tmp/datasets/sources/construction-ppe_ultralytics_2025_v1/images/train/image647.jpg,/root/autodl-tmp/datasets/derived/construction_ppe3_canonical_v1_20260804_172437/images/all/train__image647.jpg,/root/autodl-tmp/datasets/derived/construction_ppe3_canonical_v1_20260804_172437/labels/all/train__image647.txt,2,2,2,False,7b337793e627a92b,hardlink,hardlink
reviewed_group_0044,train,20,/root/autodl-tmp/datasets/sources/construction-ppe_ultralytics_2025_v1/images/train/image648.jpg,/root/autodl-tmp/datasets/derived/construction_ppe3_canonical_v1_20260804_172437/images/all/train__image648.jpg,/root/autodl-tmp/datasets/derived/construction_ppe3_canonical_v1_20260804_172437/labels/all/train__image648.txt,1,1,0,False,dcd9df9faeb33333,hardlink,hardlink
reviewed_group_0044,train,20,/root/autodl-tmp/datasets/sources/construction-ppe_ultralytics_2025_v1/images/train/image649.jpg,/root/autodl-tmp/datasets/derived/construction_ppe3_canonical_v1_20260804_172437/images/all/train__image649.jpg,/root/autodl-tmp/datasets/derived/construction_ppe3_canonical_v1_20260804_172437/labels/all/train__image649.txt,1,1,1,False,80c8a68642c6dede,hardlink,hardlink
reviewed_group_0044,train,20,/root/autodl-tmp/datasets/sources/construction-ppe_ultralytics_2025_v1/images/train/image650.jpg,/root/autodl-tmp/datasets/derived/construction_ppe3_canonical_v1_20260804_172437/images/all/train__image650.jpg,/root/autodl-tmp/datasets/derived/construction_ppe3_canonical_v1_20260804_172437/labels/all/train__image650.txt,2,2,2,False,dedabad4cc5a3333,hardlink,hardlink
reviewed_group_0044,train,20,/root/autodl-tmp/datasets/sources/construction-ppe_ultralytics_2025_v1/images/train/image651.jpg,/root/autodl-tmp/datasets/derived/construction_ppe3_canonical_v1_20260804_172437/images/all/train__image651.jpg,/root/autodl-tmp/datasets/derived/construction_ppe3_canonical_v1_20260804_172437/labels/all/train__image651.txt,1,1,1,False,ebe1ebe7ecaeefef,hardlink,hardlink
reviewed_group_0044,train,20,/root/autodl-tmp/datasets/sources/construction-ppe_ultralytics_2025_v1/images/train/image652.jpg,/root/autodl-tmp/datasets/derived/construction_ppe3_canonical_v1_20260804_172437/images/all/train__image652.jpg,/root/autodl-tmp/datasets/derived/construction_ppe3_canonical_v1_20260804_172437/labels/all/train__image652.txt,3,3,3,False,c5cc978789973312,hardlink,hardlink
reviewed_group_0044,train,20,/root/autodl-tmp/datasets/sources/construction-ppe_ultralytics_2025_v1/images/train/image653.jpeg,/root/autodl-tmp/datasets/derived/construction_ppe3_canonical_v1_20260804_172437/images/all/train__image653.jpeg,/root/autodl-tmp/datasets/derived/construction_ppe3_canonical_v1_20260804_172437/labels/all/train__image653.txt,0,4,0,False,00c0c49ef8ced800,hardlink,hardlink
reviewed_group_0044,train,20,/root/autodl-tmp/datasets/sources/construction-ppe_ultralytics_2025_v1/images/train/image655.jpg,/root/autodl-tmp/datasets/derived/construction_ppe3_canonical_v1_20260804_172437/images/all/train__image655.jpg,/root/autodl-tmp/datasets/derived/construction_ppe3_canonical_v1_20260804_172437/labels/all/train__image655.txt,3,3,3,False,66c4d44ccec8cecc,hardlink,hardlink
reviewed_group_0044,train,20,/root/autodl-tmp/datasets/sources/construction-ppe_ultralytics_2025_v1/images/train/image657.jpg,/root/autodl-tmp/datasets/derived/construction_ppe3_canonical_v1_20260804_172437/images/all/train__image657.jpg,/root/autodl-tmp/datasets/derived/construction_ppe3_canonical_v1_20260804_172437/labels/all/train__image657.txt,2,2,2,False,f7cfb7bfe776a7e6,hardlink,hardlink
reviewed_group_0044,train,20,/root/autodl-tmp/datasets/sources/construction-ppe_ultralytics_2025_v1/images/train/image658.jpg,/root/autodl-tmp/datasets/derived/construction_ppe3_canonical_v1_20260804_172437/images/all/train__image658.jpg,/root/autodl-tmp/datasets/derived/construction_ppe3_canonical_v1_20260804_172437/labels/all/train__image658.txt,1,1,1,False,1a5a26274cd89c98,hardlink,hardlink
reviewed_group_0044,train,20,/root/autodl-tmp/datasets/sources/construction-ppe_ultralytics_2025_v1/images/train/image659.jpg,/root/autodl-tmp/datasets/derived/construction_ppe3_canonical_v1_20260804_172437/images/all/train__image659.jpg,/root/autodl-tmp/datasets/derived/construction_ppe3_canonical_v1_20260804_172437/labels/all/train__image659.txt,6,7,6,False,314f46820862034b,hardlink,hardlink
reviewed_group_0044,train,20,/root/autodl-tmp/datasets/sources/construction-ppe_ultralytics_2025_v1/images/val/image640.jpg,/root/autodl-tmp/datasets/derived/construction_ppe3_canonical_v1_20260804_172437/images/all/val__image640.jpg,/root/autodl-tmp/datasets/derived/construction_ppe3_canonical_v1_20260804_172437/labels/all/val__image640.txt,1,1,1,False,226127243c296942,hardlink,hardlink
reviewed_group_0044,train,20,/root/autodl-tmp/datasets/sources/construction-ppe_ultralytics_2025_v1/images/val/image644.jpg,/root/autodl-tmp/datasets/derived/construction_ppe3_canonical_v1_20260804_172437/images/all/val__image644.jpg,/root/autodl-tmp/datasets/derived/construction_ppe3_canonical_v1_20260804_172437/labels/all/val__image644.txt,7,4,1,False,8747525564642767,hardlink,hardlink
reviewed_group_0044,train,20,/root/autodl-tmp/datasets/sources/construction-ppe_ultralytics_2025_v1/images/val/image654.jpg,/root/autodl-tmp/datasets/derived/construction_ppe3_canonical_v1_20260804_172437/images/all/val__image654.jpg,/root/autodl-tmp/datasets/derived/construction_ppe3_canonical_v1_20260804_172437/labels/all/val__image654.txt,3,4,0,False,00d0dce8e0f0e800,hardlink,hardlink
reviewed_group_0044,train,20,/root/autodl-tmp/datasets/sources/construction-ppe_ultralytics_2025_v1/images/val/image656.jpg,/root/autodl-tmp/datasets/derived/construction_ppe3_canonical_v1_20260804_172437/images/all/val__image656.jpg,/root/autodl-tmp/datasets/derived/construction_ppe3_canonical_v1_20260804_172437/labels/all/val__image656.txt,1,0,1,False,b0e48e69292e0fdb,hardlink,hardlink
reviewed_group_0045,test,20,/root/autodl-tmp/datasets/sources/construction-ppe_ultralytics_2025_v1/images/train/image661.jpg,/root/autodl-tmp/datasets/derived/construction_ppe3_canonical_v1_20260804_172437/images/all/train__image661.jpg,/root/autodl-tmp/datasets/derived/construction_ppe3_canonical_v1_20260804_172437/labels/all/train__image661.txt,4,4,4,False,5c48da585155062b,hardlink,hardlink
reviewed_group_0045,test,20,/root/autodl-tmp/datasets/sources/construction-ppe_ultralytics_2025_v1/images/train/image662.jpg,/root/autodl-tmp/datasets/derived/construction_ppe3_canonical_v1_20260804_172437/images/all/train__image662.jpg,/root/autodl-tmp/datasets/derived/construction_ppe3_canonical_v1_20260804_172437/labels/all/train__image662.txt,1,1,1,False,0646060f4b134303,hardlink,hardlink
reviewed_group_0045,test,20,/root/autodl-tmp/datasets/sources/construction-ppe_ultralytics_2025_v1/images/train/image663.jpg,/root/autodl-tmp/datasets/derived/construction_ppe3_canonical_v1_20260804_172437/images/all/train__image663.jpg,/root/autodl-tmp/datasets/derived/construction_ppe3_canonical_v1_20260804_172437/labels/all/train__image663.txt,2,2,2,False,ecdcdaf2d2dab9d2,hardlink,hardlink
reviewed_group_0045,test,20,/root/autodl-tmp/datasets/sources/construction-ppe_ultralytics_2025_v1/images/train/image664.jpeg,/root/autodl-tmp/datasets/derived/construction_ppe3_canonical_v1_20260804_172437/images/all/train__image664.jpeg,/root/autodl-tmp/datasets/derived/construction_ppe3_canonical_v1_20260804_172437/labels/all/train__image664.txt,1,1,0,False,f0c8f0b0f0e0e4d2,hardlink,hardlink
reviewed_group_0045,test,20,/root/autodl-tmp/datasets/sources/construction-ppe_ultralytics_2025_v1/images/train/image665.jpg,/root/autodl-tmp/datasets/derived/construction_ppe3_canonical_v1_20260804_172437/images/all/train__image665.jpg,/root/autodl-tmp/datasets/derived/construction_ppe3_canonical_v1_20260804_172437/labels/all/train__image665.txt,2,2,2,False,99996064d898f2ea,hardlink,hardlink
reviewed_group_0045,test,20,/root/autodl-tmp/datasets/sources/construction-ppe_ultralytics_2025_v1/images/train/image667.jpg,/root/autodl-tmp/datasets/derived/construction_ppe3_canonical_v1_20260804_172437/images/all/train__image667.jpg,/root/autodl-tmp/datasets/derived/construction_ppe3_canonical_v1_20260804_172437/labels/all/train__image667.txt,1,1,1,False,c529291aded29292,hardlink,hardlink
reviewed_group_0045,test,20,/root/autodl-tmp/datasets/sources/construction-ppe_ultralytics_2025_v1/images/train/image668.jpg,/root/autodl-tmp/datasets/derived/construction_ppe3_canonical_v1_20260804_172437/images/all/train__image668.jpg,/root/autodl-tmp/datasets/derived/construction_ppe3_canonical_v1_20260804_172437/labels/all/train__image668.txt,1,1,1,False,93ae2e25c6c64fc6,hardlink,hardlink
reviewed_group_0045,test,20,/root/autodl-tmp/datasets/sources/construction-ppe_ultralytics_2025_v1/images/train/image671.jpeg,/root/autodl-tmp/datasets/derived/construction_ppe3_canonical_v1_20260804_172437/images/all/train__image671.jpeg,/root/autodl-tmp/datasets/derived/construction_ppe3_canonical_v1_20260804_172437/labels/all/train__image671.txt,1,1,0,False,c4c0f0f8dcd8b0f8,hardlink,hardlink
reviewed_group_0045,test,20,/root/autodl-tmp/datasets/sources/construction-ppe_ultralytics_2025_v1/images/train/image672.jpg,/root/autodl-tmp/datasets/derived/construction_ppe3_canonical_v1_20260804_172437/images/all/train__image672.jpg,/root/autodl-tmp/datasets/derived/construction_ppe3_canonical_v1_20260804_172437/labels/all/train__image672.txt,5,9,5,False,005c6ded32191900,hardlink,hardlink
reviewed_group_0045,test,20,/root/autodl-tmp/datasets/sources/construction-ppe_ultralytics_2025_v1/images/train/image673.jpg,/root/autodl-tmp/datasets/derived/construction_ppe3_canonical_v1_20260804_172437/images/all/train__image673.jpg,/root/autodl-tmp/datasets/derived/construction_ppe3_canonical_v1_20260804_172437/labels/all/train__image673.txt,1,1,1,False,866d6c5395971118,hardlink,hardlink
reviewed_group_0045,test,20,/root/autodl-tmp/datasets/sources/construction-ppe_ultralytics_2025_v1/images/train/image675.jpg,/root/autodl-tmp/datasets/derived/construction_ppe3_canonical_v1_20260804_172437/images/all/train__image675.jpg,/root/autodl-tmp/datasets/derived/construction_ppe3_canonical_v1_20260804_172437/labels/all/train__image675.txt,1,0,1,False,82ad2d315bd12191,hardlink,hardlink
reviewed_group_0045,test,20,/root/autodl-tmp/datasets/sources/construction-ppe_ultralytics_2025_v1/images/train/image676.jpg,/root/autodl-tmp/datasets/derived/construction_ppe3_canonical_v1_20260804_172437/images/all/train__image676.jpg,/root/autodl-tmp/datasets/derived/construction_ppe3_canonical_v1_20260804_172437/labels/all/train__image676.txt,1,0,1,False,83a62e2d4ecaad8c,hardlink,hardlink
reviewed_group_0045,test,20,/root/autodl-tmp/datasets/sources/construction-ppe_ultralytics_2025_v1/images/train/image677.jpeg,/root/autodl-tmp/datasets/derived/construction_ppe3_canonical_v1_20260804_172437/images/all/train__image677.jpeg,/root/autodl-tmp/datasets/derived/construction_ppe3_canonical_v1_20260804_172437/labels/all/train__image677.txt,1,1,0,False,c0d0d4d8ccccf8d4,hardlink,hardlink
reviewed_group_0045,test,20,/root/autodl-tmp/datasets/sources/construction-ppe_ultralytics_2025_v1/images/train/image678.jpg,/root/autodl-tmp/datasets/derived/construction_ppe3_canonical_v1_20260804_172437/images/all/train__image678.jpg,/root/autodl-tmp/datasets/derived/construction_ppe3_canonical_v1_20260804_172437/labels/all/train__image678.txt,4,4,0,False,660495a793a33c8d,hardlink,hardlink
reviewed_group_0045,test,20,/root/autodl-tmp/datasets/sources/construction-ppe_ultralytics_2025_v1/images/train/image679.jpeg,/root/autodl-tmp/datasets/derived/construction_ppe3_canonical_v1_20260804_172437/images/all/train__image679.jpeg,/root/autodl-tmp/datasets/derived/construction_ppe3_canonical_v1_20260804_172437/labels/all/train__image679.txt,1,1,0,False,f0d0f4e8f0d4ccdc,hardlink,hardlink
reviewed_group_0045,test,20,/root/autodl-tmp/datasets/sources/construction-ppe_ultralytics_2025_v1/images/val/image660.jpg,/root/autodl-tmp/datasets/derived/construction_ppe3_canonical_v1_20260804_172437/images/all/val__image660.jpg,/root/autodl-tmp/datasets/derived/construction_ppe3_canonical_v1_20260804_172437/labels/all/val__image660.txt,1,1,1,False,7ef4e4b5f4642c3d,hardlink,hardlink
reviewed_group_0045,test,20,/root/autodl-tmp/datasets/sources/construction-ppe_ultralytics_2025_v1/images/val/image666.jpg,/root/autodl-tmp/datasets/derived/construction_ppe3_canonical_v1_20260804_172437/images/all/val__image666.jpg,/root/autodl-tmp/datasets/derived/construction_ppe3_canonical_v1_20260804_172437/labels/all/val__image666.txt,1,1,1,False,20495b1e1d181898,hardlink,hardlink
reviewed_group_0045,test,20,/root/autodl-tmp/datasets/sources/construction-ppe_ultralytics_2025_v1/images/val/image669.jpg,/root/autodl-tmp/datasets/derived/construction_ppe3_canonical_v1_20260804_172437/images/all/val__image669.jpg,/root/autodl-tmp/datasets/derived/construction_ppe3_canonical_v1_20260804_172437/labels/all/val__image669.txt,1,1,1,False,83a62611dada1998,hardlink,hardlink
reviewed_group_0045,test,20,/root/autodl-tmp/datasets/sources/construction-ppe_ultralytics_2025_v1/images/val/image670.jpg,/root/autodl-tmp/datasets/derived/construction_ppe3_canonical_v1_20260804_172437/images/all/val__image670.jpg,/root/autodl-tmp/datasets/derived/construction_ppe3_canonical_v1_20260804_172437/labels/all/val__image670.txt,1,1,1,False,86756c1bcdcf4948,hardlink,hardlink
reviewed_group_0045,test,20,/root/autodl-tmp/datasets/sources/construction-ppe_ultralytics_2025_v1/images/val/image674.jpg,/root/autodl-tmp/datasets/derived/construction_ppe3_canonical_v1_20260804_172437/images/all/val__image674.jpg,/root/autodl-tmp/datasets/derived/construction_ppe3_canonical_v1_20260804_172437/labels/all/val__image674.txt,1,1,1,False,86656c139ddb1998,hardlink,hardlink
reviewed_group_0046,train,20,/root/autodl-tmp/datasets/sources/construction-ppe_ultralytics_2025_v1/images/train/image681.jpg,/root/autodl-tmp/datasets/derived/construction_ppe3_canonical_v1_20260804_172437/images/all/train__image681.jpg,/root/autodl-tmp/datasets/derived/construction_ppe3_canonical_v1_20260804_172437/labels/all/train__image681.txt,1,1,1,False,832626214aca4948,hardlink,hardlink
reviewed_group_0046,train,20,/root/autodl-tmp/datasets/sources/construction-ppe_ultralytics_2025_v1/images/train/image682.jpeg,/root/autodl-tmp/datasets/derived/construction_ppe3_canonical_v1_20260804_172437/images/all/train__image682.jpeg,/root/autodl-tmp/datasets/derived/construction_ppe3_canonical_v1_20260804_172437/labels/all/train__image682.txt,1,1,1,False,d4ccccd4ccccdcc4,hardlink,hardlink
reviewed_group_0046,train,20,/root/autodl-tmp/datasets/sources/construction-ppe_ultralytics_2025_v1/images/train/image683.jpg,/root/autodl-tmp/datasets/derived/construction_ppe3_canonical_v1_20260804_172437/images/all/train__image683.jpg,/root/autodl-tmp/datasets/derived/construction_ppe3_canonical_v1_20260804_172437/labels/all/train__image683.txt,1,1,1,False,00d6e2a2a6be9600,hardlink,hardlink
reviewed_group_0046,train,20,/root/autodl-tmp/datasets/sources/construction-ppe_ultralytics_2025_v1/images/train/image684.jpg,/root/autodl-tmp/datasets/derived/construction_ppe3_canonical_v1_20260804_172437/images/all/train__image684.jpg,/root/autodl-tmp/datasets/derived/construction_ppe3_canonical_v1_20260804_172437/labels/all/train__image684.txt,1,1,1,False,864d6c6395971918,hardlink,hardlink
reviewed_group_0046,train,20,/root/autodl-tmp/datasets/sources/construction-ppe_ultralytics_2025_v1/images/train/image685.jpg,/root/autodl-tmp/datasets/derived/construction_ppe3_canonical_v1_20260804_172437/images/all/train__image685.jpg,/root/autodl-tmp/datasets/derived/construction_ppe3_canonical_v1_20260804_172437/labels/all/train__image685.txt,1,1,1,False,866d6c6395971918,hardlink,hardlink
reviewed_group_0046,train,20,/root/autodl-tmp/datasets/sources/construction-ppe_ultralytics_2025_v1/images/train/image687.jpg,/root/autodl-tmp/datasets/derived/construction_ppe3_canonical_v1_20260804_172437/images/all/train__image687.jpg,/root/autodl-tmp/datasets/derived/construction_ppe3_canonical_v1_20260804_172437/labels/all/train__image687.txt,1,1,1,False,0298eaccccd4d800,hardlink,hardlink
reviewed_group_0046,train,20,/root/autodl-tmp/datasets/sources/construction-ppe_ultralytics_2025_v1/images/train/image688.jpeg,/root/autodl-tmp/datasets/derived/construction_ppe3_canonical_v1_20260804_172437/images/all/train__image688.jpeg,/root/autodl-tmp/datasets/derived/construction_ppe3_canonical_v1_20260804_172437/labels/all/train__image688.txt,1,1,1,False,d4ccccccccd4d4c4,hardlink,hardlink
reviewed_group_0046,train,20,/root/autodl-tmp/datasets/sources/construction-ppe_ultralytics_2025_v1/images/train/image689.jpg,/root/autodl-tmp/datasets/derived/construction_ppe3_canonical_v1_20260804_172437/images/all/train__image689.jpg,/root/autodl-tmp/datasets/derived/construction_ppe3_canonical_v1_20260804_172437/labels/all/train__image689.txt,1,1,1,False,00eeecbedee6ae00,hardlink,hardlink
reviewed_group_0046,train,20,/root/autodl-tmp/datasets/sources/construction-ppe_ultralytics_2025_v1/images/train/image690.jpg,/root/autodl-tmp/datasets/derived/construction_ppe3_canonical_v1_20260804_172437/images/all/train__image690.jpg,/root/autodl-tmp/datasets/derived/construction_ppe3_canonical_v1_20260804_172437/labels/all/train__image690.txt,1,1,1,False,83a626254aca4948,hardlink,hardlink
reviewed_group_0046,train,20,/root/autodl-tmp/datasets/sources/construction-ppe_ultralytics_2025_v1/images/train/image691.jpeg,/root/autodl-tmp/datasets/derived/construction_ppe3_canonical_v1_20260804_172437/images/all/train__image691.jpeg,/root/autodl-tmp/datasets/derived/construction_ppe3_canonical_v1_20260804_172437/labels/all/train__image691.txt,1,1,1,False,001c2c2c24341c00,hardlink,hardlink
reviewed_group_0046,train,20,/root/autodl-tmp/datasets/sources/construction-ppe_ultralytics_2025_v1/images/train/image692.jpg,/root/autodl-tmp/datasets/derived/construction_ppe3_canonical_v1_20260804_172437/images/all/train__image692.jpg,/root/autodl-tmp/datasets/derived/construction_ppe3_canonical_v1_20260804_172437/labels/all/train__image692.txt,1,1,0,False,00a68686838bce00,hardlink,hardlink
reviewed_group_0046,train,20,/root/autodl-tmp/datasets/sources/construction-ppe_ultralytics_2025_v1/images/train/image693.jpg,/root/autodl-tmp/datasets/derived/construction_ppe3_canonical_v1_20260804_172437/images/all/train__image693.jpg,/root/autodl-tmp/datasets/derived/construction_ppe3_canonical_v1_20260804_172437/labels/all/train__image693.txt,1,1,1,False,866d6c639ddb5958,hardlink,hardlink
reviewed_group_0046,train,20,/root/autodl-tmp/datasets/sources/construction-ppe_ultralytics_2025_v1/images/train/image695.jpg,/root/autodl-tmp/datasets/derived/construction_ppe3_canonical_v1_20260804_172437/images/all/train__image695.jpg,/root/autodl-tmp/datasets/derived/construction_ppe3_canonical_v1_20260804_172437/labels/all/train__image695.txt,1,1,0,False,c4c4ccccccccc4c4,hardlink,hardlink
reviewed_group_0046,train,20,/root/autodl-tmp/datasets/sources/construction-ppe_ultralytics_2025_v1/images/train/image697.jpeg,/root/autodl-tmp/datasets/derived/construction_ppe3_canonical_v1_20260804_172437/images/all/train__image697.jpeg,/root/autodl-tmp/datasets/derived/construction_ppe3_canonical_v1_20260804_172437/labels/all/train__image697.txt,1,1,1,False,d0f0e4e4ece4f4dc,hardlink,hardlink
reviewed_group_0046,train,20,/root/autodl-tmp/datasets/sources/construction-ppe_ultralytics_2025_v1/images/train/image699.jpg,/root/autodl-tmp/datasets/derived/construction_ppe3_canonical_v1_20260804_172437/images/all/train__image699.jpg,/root/autodl-tmp/datasets/derived/construction_ppe3_canonical_v1_20260804_172437/labels/all/train__image699.txt,1,1,1,False,866d6c6395961918,hardlink,hardlink
reviewed_group_0046,train,20,/root/autodl-tmp/datasets/sources/construction-ppe_ultralytics_2025_v1/images/val/image680.jpg,/root/autodl-tmp/datasets/derived/construction_ppe3_canonical_v1_20260804_172437/images/all/val__image680.jpg,/root/autodl-tmp/datasets/derived/construction_ppe3_canonical_v1_20260804_172437/labels/all/val__image680.txt,1,1,1,False,c0c0c294cccc9cd0,hardlink,hardlink
reviewed_group_0046,train,20,/root/autodl-tmp/datasets/sources/construction-ppe_ultralytics_2025_v1/images/val/image686.jpeg,/root/autodl-tmp/datasets/derived/construction_ppe3_canonical_v1_20260804_172437/images/all/val__image686.jpeg,/root/autodl-tmp/datasets/derived/construction_ppe3_canonical_v1_20260804_172437/labels/all/val__image686.txt,1,1,0,False,00e8c0f0fdf9f100,hardlink,hardlink
reviewed_group_0046,train,20,/root/autodl-tmp/datasets/sources/construction-ppe_ultralytics_2025_v1/images/val/image698.jpg,/root/autodl-tmp/datasets/derived/construction_ppe3_canonical_v1_20260804_172437/images/all/val__image698.jpg,/root/autodl-tmp/datasets/derived/construction_ppe3_canonical_v1_20260804_172437/labels/all/val__image698.txt,2,2,1,False,e4d0ccccccdcdcdc,hardlink,hardlink
reviewed_group_0046,train,20,/root/autodl-tmp/datasets/sources/construction-ppe_ultralytics_2025_v1/images/test/image694.jpeg,/root/autodl-tmp/datasets/derived/construction_ppe3_canonical_v1_20260804_172437/images/all/test__image694.jpeg,/root/autodl-tmp/datasets/derived/construction_ppe3_canonical_v1_20260804_172437/labels/all/test__image694.txt,1,1,1,False,24b86624662e27d3,hardlink,hardlink
reviewed_group_0046,train,20,/root/autodl-tmp/datasets/sources/construction-ppe_ultralytics_2025_v1/images/test/image696.jpg,/root/autodl-tmp/datasets/derived/construction_ppe3_canonical_v1_20260804_172437/images/all/test__image696.jpg,/root/autodl-tmp/datasets/derived/construction_ppe3_canonical_v1_20260804_172437/labels/all/test__image696.txt,2,1,1,False,c52979736f676769,hardlink,hardlink
reviewed_group_0047,train,20,/root/autodl-tmp/datasets/sources/construction-ppe_ultralytics_2025_v1/images/train/image701.jpg,/root/autodl-tmp/datasets/derived/construction_ppe3_canonical_v1_20260804_172437/images/all/train__image701.jpg,/root/autodl-tmp/datasets/derived/construction_ppe3_canonical_v1_20260804_172437/labels/all/train__image701.txt,4,3,2,False,214bcb9318ccc432,hardlink,hardlink
reviewed_group_0047,train,20,/root/autodl-tmp/datasets/sources/construction-ppe_ultralytics_2025_v1/images/train/image702.jpg,/root/autodl-tmp/datasets/derived/construction_ppe3_canonical_v1_20260804_172437/images/all/train__image702.jpg,/root/autodl-tmp/datasets/derived/construction_ppe3_canonical_v1_20260804_172437/labels/all/train__image702.txt,1,1,1,False,866d6c6395971918,hardlink,hardlink
reviewed_group_0047,train,20,/root/autodl-tmp/datasets/sources/construction-ppe_ultralytics_2025_v1/images/train/image703.jpeg,/root/autodl-tmp/datasets/derived/construction_ppe3_canonical_v1_20260804_172437/images/all/train__image703.jpeg,/root/autodl-tmp/datasets/derived/construction_ppe3_canonical_v1_20260804_172437/labels/all/train__image703.txt,1,1,0,False,00f8c5c94c15a400,hardlink,hardlink
reviewed_group_0047,train,20,/root/autodl-tmp/datasets/sources/construction-ppe_ultralytics_2025_v1/images/train/image704.jpg,/root/autodl-tmp/datasets/derived/construction_ppe3_canonical_v1_20260804_172437/images/all/train__image704.jpg,/root/autodl-tmp/datasets/derived/construction_ppe3_canonical_v1_20260804_172437/labels/all/train__image704.txt,3,5,0,False,008292b2b8fa8e00,hardlink,hardlink
reviewed_group_0047,train,20,/root/autodl-tmp/datasets/sources/construction-ppe_ultralytics_2025_v1/images/train/image706.jpeg,/root/autodl-tmp/datasets/derived/construction_ppe3_canonical_v1_20260804_172437/images/all/train__image706.jpeg,/root/autodl-tmp/datasets/derived/construction_ppe3_canonical_v1_20260804_172437/labels/all/train__image706.txt,1,1,0,False,f0d0d8ccdcdcdcdc,hardlink,hardlink
reviewed_group_0047,train,20,/root/autodl-tmp/datasets/sources/construction-ppe_ultralytics_2025_v1/images/train/image707.jpg,/root/autodl-tmp/datasets/derived/construction_ppe3_canonical_v1_20260804_172437/images/all/train__image707.jpg,/root/autodl-tmp/datasets/derived/construction_ppe3_canonical_v1_20260804_172437/labels/all/train__image707.txt,3,3,3,False,84383494bceae611,hardlink,hardlink
reviewed_group_0047,train,20,/root/autodl-tmp/datasets/sources/construction-ppe_ultralytics_2025_v1/images/train/image710.jpeg,/root/autodl-tmp/datasets/derived/construction_ppe3_canonical_v1_20260804_172437/images/all/train__image710.jpeg,/root/autodl-tmp/datasets/derived/construction_ppe3_canonical_v1_20260804_172437/labels/all/train__image710.txt,1,1,0,False,d4ccccd0d4d8d8d8,hardlink,hardlink
reviewed_group_0047,train,20,/root/autodl-tmp/datasets/sources/construction-ppe_ultralytics_2025_v1/images/train/image711.jpg,/root/autodl-tmp/datasets/derived/construction_ppe3_canonical_v1_20260804_172437/images/all/train__image711.jpg,/root/autodl-tmp/datasets/derived/construction_ppe3_canonical_v1_20260804_172437/labels/all/train__image711.txt,1,2,2,False,00acbccada96a400,hardlink,hardlink
reviewed_group_0047,train,20,/root/autodl-tmp/datasets/sources/construction-ppe_ultralytics_2025_v1/images/train/image712.jpg,/root/autodl-tmp/datasets/derived/construction_ppe3_canonical_v1_20260804_172437/images/all/train__image712.jpg,/root/autodl-tmp/datasets/derived/construction_ppe3_canonical_v1_20260804_172437/labels/all/train__image712.txt,1,1,1,False,866d6c6395971918,hardlink,hardlink
reviewed_group_0047,train,20,/root/autodl-tmp/datasets/sources/construction-ppe_ultralytics_2025_v1/images/train/image713.jpg,/root/autodl-tmp/datasets/derived/construction_ppe3_canonical_v1_20260804_172437/images/all/train__image713.jpg,/root/autodl-tmp/datasets/derived/construction_ppe3_canonical_v1_20260804_172437/labels/all/train__image713.txt,1,0,1,False,83ae6e255aca4948,hardlink,hardlink
reviewed_group_0047,train,20,/root/autodl-tmp/datasets/sources/construction-ppe_ultralytics_2025_v1/images/train/image715.jpg,/root/autodl-tmp/datasets/derived/construction_ppe3_canonical_v1_20260804_172437/images/all/train__image715.jpg,/root/autodl-tmp/datasets/derived/construction_ppe3_canonical_v1_20260804_172437/labels/all/train__image715.txt,2,2,1,False,00bad6c6c68e8600,hardlink,hardlink
reviewed_group_0047,train,20,/root/autodl-tmp/datasets/sources/construction-ppe_ultralytics_2025_v1/images/train/image716.jpg,/root/autodl-tmp/datasets/derived/construction_ppe3_canonical_v1_20260804_172437/images/all/train__image716.jpg,/root/autodl-tmp/datasets/derived/construction_ppe3_canonical_v1_20260804_172437/labels/all/train__image716.txt,2,1,1,False,c539797b6f27672d,hardlink,hardlink
reviewed_group_0047,train,20,/root/autodl-tmp/datasets/sources/construction-ppe_ultralytics_2025_v1/images/train/image717.jpeg,/root/autodl-tmp/datasets/derived/construction_ppe3_canonical_v1_20260804_172437/images/all/train__image717.jpeg,/root/autodl-tmp/datasets/derived/construction_ppe3_canonical_v1_20260804_172437/labels/all/train__image717.txt,1,1,1,False,00cc3a1ce4c9fa00,hardlink,hardlink
reviewed_group_0047,train,20,/root/autodl-tmp/datasets/sources/construction-ppe_ultralytics_2025_v1/images/val/image705.jpg,/root/autodl-tmp/datasets/derived/construction_ppe3_canonical_v1_20260804_172437/images/all/val__image705.jpg,/root/autodl-tmp/datasets/derived/construction_ppe3_canonical_v1_20260804_172437/labels/all/val__image705.txt,1,0,1,False,83ae6e0d4ecb498c,hardlink,hardlink
reviewed_group_0047,train,20,/root/autodl-tmp/datasets/sources/construction-ppe_ultralytics_2025_v1/images/val/image709.jpg,/root/autodl-tmp/datasets/derived/construction_ppe3_canonical_v1_20260804_172437/images/all/val__image709.jpg,/root/autodl-tmp/datasets/derived/construction_ppe3_canonical_v1_20260804_172437/labels/all/val__image709.txt,1,1,1,False,8625cc4b9dcb4948,hardlink,hardlink
reviewed_group_0047,train,20,/root/autodl-tmp/datasets/sources/construction-ppe_ultralytics_2025_v1/images/val/image719.jpg,/root/autodl-tmp/datasets/derived/construction_ppe3_canonical_v1_20260804_172437/images/all/val__image719.jpg,/root/autodl-tmp/datasets/derived/construction_ppe3_canonical_v1_20260804_172437/labels/all/val__image719.txt,1,0,1,False,83a6263556f667a6,hardlink,hardlink
reviewed_group_0047,train,20,/root/autodl-tmp/datasets/sources/construction-ppe_ultralytics_2025_v1/images/test/image700.jpeg,/root/autodl-tmp/datasets/derived/construction_ppe3_canonical_v1_20260804_172437/images/all/test__image700.jpeg,/root/autodl-tmp/datasets/derived/construction_ppe3_canonical_v1_20260804_172437/labels/all/test__image700.txt,1,1,1,False,b05dcece1e199b53,hardlink,hardlink
reviewed_group_0047,train,20,/root/autodl-tmp/datasets/sources/construction-ppe_ultralytics_2025_v1/images/test/image708.jpg,/root/autodl-tmp/datasets/derived/construction_ppe3_canonical_v1_20260804_172437/images/all/test__image708.jpg,/root/autodl-tmp/datasets/derived/construction_ppe3_canonical_v1_20260804_172437/labels/all/test__image708.txt,1,0,1,False,838e2e295ada4948,hardlink,hardlink
reviewed_group_0047,train,20,/root/autodl-tmp/datasets/sources/construction-ppe_ultralytics_2025_v1/images/test/image714.jpeg,/root/autodl-tmp/datasets/derived/construction_ppe3_canonical_v1_20260804_172437/images/all/test__image714.jpeg,/root/autodl-tmp/datasets/derived/construction_ppe3_canonical_v1_20260804_172437/labels/all/test__image714.txt,0,0,1,False,00b4ee4eb6a01800,hardlink,hardlink
reviewed_group_0047,train,20,/root/autodl-tmp/datasets/sources/construction-ppe_ultralytics_2025_v1/images/test/image718.jpg,/root/autodl-tmp/datasets/derived/construction_ppe3_canonical_v1_20260804_172437/images/all/test__image718.jpg,/root/autodl-tmp/datasets/derived/construction_ppe3_canonical_v1_20260804_172437/labels/all/test__image718.txt,1,1,1,False,00a89699d1c28800,hardlink,hardlink
reviewed_group_0048,train,20,/root/autodl-tmp/datasets/sources/construction-ppe_ultralytics_2025_v1/images/train/image720.jpeg,/root/autodl-tmp/datasets/derived/construction_ppe3_canonical_v1_20260804_172437/images/all/train__image720.jpeg,/root/autodl-tmp/datasets/derived/construction_ppe3_canonical_v1_20260804_172437/labels/all/train__image720.txt,0,0,0,True,003c96833126a600,hardlink,hardlink
reviewed_group_0048,train,20,/root/autodl-tmp/datasets/sources/construction-ppe_ultralytics_2025_v1/images/train/image721.jpg,/root/autodl-tmp/datasets/derived/construction_ppe3_canonical_v1_20260804_172437/images/all/train__image721.jpg,/root/autodl-tmp/datasets/derived/construction_ppe3_canonical_v1_20260804_172437/labels/all/train__image721.txt,4,5,3,False,00dcdc94c2a0b000,hardlink,hardlink
reviewed_group_0048,train,20,/root/autodl-tmp/datasets/sources/construction-ppe_ultralytics_2025_v1/images/train/image723.jpg,/root/autodl-tmp/datasets/derived/construction_ppe3_canonical_v1_20260804_172437/images/all/train__image723.jpg,/root/autodl-tmp/datasets/derived/construction_ppe3_canonical_v1_20260804_172437/labels/all/train__image723.txt,1,1,0,False,dcc8dcdcdcdcd0dc,hardlink,hardlink
reviewed_group_0048,train,20,/root/autodl-tmp/datasets/sources/construction-ppe_ultralytics_2025_v1/images/train/image724.jpg,/root/autodl-tmp/datasets/derived/construction_ppe3_canonical_v1_20260804_172437/images/all/train__image724.jpg,/root/autodl-tmp/datasets/derived/construction_ppe3_canonical_v1_20260804_172437/labels/all/train__image724.txt,1,1,1,False,864d6c6395979198,hardlink,hardlink
reviewed_group_0048,train,20,/root/autodl-tmp/datasets/sources/construction-ppe_ultralytics_2025_v1/images/train/image725.jpg,/root/autodl-tmp/datasets/derived/construction_ppe3_canonical_v1_20260804_172437/images/all/train__image725.jpg,/root/autodl-tmp/datasets/derived/construction_ppe3_canonical_v1_20260804_172437/labels/all/train__image725.txt,1,1,1,False,864d6c6b95979198,hardlink,hardlink
reviewed_group_0048,train,20,/root/autodl-tmp/datasets/sources/construction-ppe_ultralytics_2025_v1/images/train/image726.jpeg,/root/autodl-tmp/datasets/derived/construction_ppe3_canonical_v1_20260804_172437/images/all/train__image726.jpeg,/root/autodl-tmp/datasets/derived/construction_ppe3_canonical_v1_20260804_172437/labels/all/train__image726.txt,3,3,3,False,dcccccc4d0dcc0d0,hardlink,hardlink
reviewed_group_0048,train,20,/root/autodl-tmp/datasets/sources/construction-ppe_ultralytics_2025_v1/images/train/image727.jpg,/root/autodl-tmp/datasets/derived/construction_ppe3_canonical_v1_20260804_172437/images/all/train__image727.jpg,/root/autodl-tmp/datasets/derived/construction_ppe3_canonical_v1_20260804_172437/labels/all/train__image727.txt,2,2,1,False,00e09038b0b4a000,hardlink,hardlink
reviewed_group_0048,train,20,/root/autodl-tmp/datasets/sources/construction-ppe_ultralytics_2025_v1/images/train/image728.jpeg,/root/autodl-tmp/datasets/derived/construction_ppe3_canonical_v1_20260804_172437/images/all/train__image728.jpeg,/root/autodl-tmp/datasets/derived/construction_ppe3_canonical_v1_20260804_172437/labels/all/train__image728.txt,1,1,0,False,001c60ee74e6e700,hardlink,hardlink
reviewed_group_0048,train,20,/root/autodl-tmp/datasets/sources/construction-ppe_ultralytics_2025_v1/images/train/image729.jpg,/root/autodl-tmp/datasets/derived/construction_ppe3_canonical_v1_20260804_172437/images/all/train__image729.jpg,/root/autodl-tmp/datasets/derived/construction_ppe3_canonical_v1_20260804_172437/labels/all/train__image729.txt,4,3,1,False,00f2d699b8828a00,hardlink,hardlink
reviewed_group_0048,train,20,/root/autodl-tmp/datasets/sources/construction-ppe_ultralytics_2025_v1/images/train/image730.jpg,/root/autodl-tmp/datasets/derived/construction_ppe3_canonical_v1_20260804_172437/images/all/train__image730.jpg,/root/autodl-tmp/datasets/derived/construction_ppe3_canonical_v1_20260804_172437/labels/all/train__image730.txt,1,1,1,False,866d6c6395971918,hardlink,hardlink
reviewed_group_0048,train,20,/root/autodl-tmp/datasets/sources/construction-ppe_ultralytics_2025_v1/images/train/image731.jpg,/root/autodl-tmp/datasets/derived/construction_ppe3_canonical_v1_20260804_172437/images/all/train__image731.jpg,/root/autodl-tmp/datasets/derived/construction_ppe3_canonical_v1_20260804_172437/labels/all/train__image731.txt,1,0,1,False,864d6c1bcdcb4948,hardlink,hardlink
reviewed_group_0048,train,20,/root/autodl-tmp/datasets/sources/construction-ppe_ultralytics_2025_v1/images/train/image732.jpg,/root/autodl-tmp/datasets/derived/construction_ppe3_canonical_v1_20260804_172437/images/all/train__image732.jpg,/root/autodl-tmp/datasets/derived/construction_ppe3_canonical_v1_20260804_172437/labels/all/train__image732.txt,1,0,1,False,83a62e2dceee2dac,hardlink,hardlink
reviewed_group_0048,train,20,/root/autodl-tmp/datasets/sources/construction-ppe_ultralytics_2025_v1/images/train/image733.jpg,/root/autodl-tmp/datasets/derived/construction_ppe3_canonical_v1_20260804_172437/images/all/train__image733.jpg,/root/autodl-tmp/datasets/derived/construction_ppe3_canonical_v1_20260804_172437/labels/all/train__image733.txt,1,1,1,False,864d6c6b96d716a7,hardlink,hardlink
reviewed_group_0048,train,20,/root/autodl-tmp/datasets/sources/construction-ppe_ultralytics_2025_v1/images/train/image734.jpeg,/root/autodl-tmp/datasets/derived/construction_ppe3_canonical_v1_20260804_172437/images/all/train__image734.jpeg,/root/autodl-tmp/datasets/derived/construction_ppe3_canonical_v1_20260804_172437/labels/all/train__image734.txt,0,0,1,False,00622c4c369c3400,hardlink,hardlink
reviewed_group_0048,train,20,/root/autodl-tmp/datasets/sources/construction-ppe_ultralytics_2025_v1/images/train/image735.jpg,/root/autodl-tmp/datasets/derived/construction_ppe3_canonical_v1_20260804_172437/images/all/train__image735.jpg,/root/autodl-tmp/datasets/derived/construction_ppe3_canonical_v1_20260804_172437/labels/all/train__image735.txt,1,1,1,False,c8c0d4ccccc4ccc4,hardlink,hardlink
reviewed_group_0048,train,20,/root/autodl-tmp/datasets/sources/construction-ppe_ultralytics_2025_v1/images/train/image736.jpg,/root/autodl-tmp/datasets/derived/construction_ppe3_canonical_v1_20260804_172437/images/all/train__image736.jpg,/root/autodl-tmp/datasets/derived/construction_ppe3_canonical_v1_20260804_172437/labels/all/train__image736.txt,1,1,1,False,864c6c6591f109b1,hardlink,hardlink
reviewed_group_0048,train,20,/root/autodl-tmp/datasets/sources/construction-ppe_ultralytics_2025_v1/images/train/image737.jpg,/root/autodl-tmp/datasets/derived/construction_ppe3_canonical_v1_20260804_172437/images/all/train__image737.jpg,/root/autodl-tmp/datasets/derived/construction_ppe3_canonical_v1_20260804_172437/labels/all/train__image737.txt,1,0,1,False,82ad2c35d9d10188,hardlink,hardlink
reviewed_group_0048,train,20,/root/autodl-tmp/datasets/sources/construction-ppe_ultralytics_2025_v1/images/train/image738.jpg,/root/autodl-tmp/datasets/derived/construction_ppe3_canonical_v1_20260804_172437/images/all/train__image738.jpg,/root/autodl-tmp/datasets/derived/construction_ppe3_canonical_v1_20260804_172437/labels/all/train__image738.txt,1,0,1,False,83a62e31dad20090,hardlink,hardlink
reviewed_group_0048,train,20,/root/autodl-tmp/datasets/sources/construction-ppe_ultralytics_2025_v1/images/test/image722.jpeg,/root/autodl-tmp/datasets/derived/construction_ppe3_canonical_v1_20260804_172437/images/all/test__image722.jpeg,/root/autodl-tmp/datasets/derived/construction_ppe3_canonical_v1_20260804_172437/labels/all/test__image722.txt,1,1,0,False,00f1e1b0e0603f00,hardlink,hardlink
reviewed_group_0048,train,20,/root/autodl-tmp/datasets/sources/construction-ppe_ultralytics_2025_v1/images/test/image739.jpeg,/root/autodl-tmp/datasets/derived/construction_ppe3_canonical_v1_20260804_172437/images/all/test__image739.jpeg,/root/autodl-tmp/datasets/derived/construction_ppe3_canonical_v1_20260804_172437/labels/all/test__image739.txt,1,1,1,False,ccdcdcdcdcc4d4d4,hardlink,hardlink
reviewed_group_0049,val,20,/root/autodl-tmp/datasets/sources/construction-ppe_ultralytics_2025_v1/images/train/image740.jpg,/root/autodl-tmp/datasets/derived/construction_ppe3_canonical_v1_20260804_172437/images/all/train__image740.jpg,/root/autodl-tmp/datasets/derived/construction_ppe3_canonical_v1_20260804_172437/labels/all/train__image740.txt,1,1,1,False,f0dcccccd0c0c0d0,hardlink,hardlink
reviewed_group_0049,val,20,/root/autodl-tmp/datasets/sources/construction-ppe_ultralytics_2025_v1/images/train/image741.jpg,/root/autodl-tmp/datasets/derived/construction_ppe3_canonical_v1_20260804_172437/images/all/train__image741.jpg,/root/autodl-tmp/datasets/derived/construction_ppe3_canonical_v1_20260804_172437/labels/all/train__image741.txt,1,0,1,False,864d6c6595f50181,hardlink,hardlink
reviewed_group_0049,val,20,/root/autodl-tmp/datasets/sources/construction-ppe_ultralytics_2025_v1/images/train/image743.jpg,/root/autodl-tmp/datasets/derived/construction_ppe3_canonical_v1_20260804_172437/images/all/train__image743.jpg,/root/autodl-tmp/datasets/derived/construction_ppe3_canonical_v1_20260804_172437/labels/all/train__image743.txt,1,1,1,False,00ace8d988ba9a00,hardlink,hardlink
reviewed_group_0049,val,20,/root/autodl-tmp/datasets/sources/construction-ppe_ultralytics_2025_v1/images/train/image744.jpg,/root/autodl-tmp/datasets/derived/construction_ppe3_canonical_v1_20260804_172437/images/all/train__image744.jpg,/root/autodl-tmp/datasets/derived/construction_ppe3_canonical_v1_20260804_172437/labels/all/train__image744.txt,1,0,1,False,864c6c6294f600a0,hardlink,hardlink
reviewed_group_0049,val,20,/root/autodl-tmp/datasets/sources/construction-ppe_ultralytics_2025_v1/images/train/image745.jpg,/root/autodl-tmp/datasets/derived/construction_ppe3_canonical_v1_20260804_172437/images/all/train__image745.jpg,/root/autodl-tmp/datasets/derived/construction_ppe3_canonical_v1_20260804_172437/labels/all/train__image745.txt,1,0,0,False,864d6a6d93f30321,hardlink,hardlink
reviewed_group_0049,val,20,/root/autodl-tmp/datasets/sources/construction-ppe_ultralytics_2025_v1/images/train/image746.jpg,/root/autodl-tmp/datasets/derived/construction_ppe3_canonical_v1_20260804_172437/images/all/train__image746.jpg,/root/autodl-tmp/datasets/derived/construction_ppe3_canonical_v1_20260804_172437/labels/all/train__image746.txt,1,1,1,False,169bcee7cb6b7246,hardlink,hardlink
reviewed_group_0049,val,20,/root/autodl-tmp/datasets/sources/construction-ppe_ultralytics_2025_v1/images/train/image747.jpg,/root/autodl-tmp/datasets/derived/construction_ppe3_canonical_v1_20260804_172437/images/all/train__image747.jpg,/root/autodl-tmp/datasets/derived/construction_ppe3_canonical_v1_20260804_172437/labels/all/train__image747.txt,1,1,1,False,184c96969d4c4c04,hardlink,hardlink
reviewed_group_0049,val,20,/root/autodl-tmp/datasets/sources/construction-ppe_ultralytics_2025_v1/images/train/image748.jpeg,/root/autodl-tmp/datasets/derived/construction_ppe3_canonical_v1_20260804_172437/images/all/train__image748.jpeg,/root/autodl-tmp/datasets/derived/construction_ppe3_canonical_v1_20260804_172437/labels/all/train__image748.txt,1,1,0,False,ccccd0ccccccc4d0,hardlink,hardlink
reviewed_group_0049,val,20,/root/autodl-tmp/datasets/sources/construction-ppe_ultralytics_2025_v1/images/train/image750.jpg,/root/autodl-tmp/datasets/derived/construction_ppe3_canonical_v1_20260804_172437/images/all/train__image750.jpg,/root/autodl-tmp/datasets/derived/construction_ppe3_canonical_v1_20260804_172437/labels/all/train__image750.txt,1,1,1,False,a6c62e6afa8f6949,hardlink,hardlink
reviewed_group_0049,val,20,/root/autodl-tmp/datasets/sources/construction-ppe_ultralytics_2025_v1/images/train/image751.jpg,/root/autodl-tmp/datasets/derived/construction_ppe3_canonical_v1_20260804_172437/images/all/train__image751.jpg,/root/autodl-tmp/datasets/derived/construction_ppe3_canonical_v1_20260804_172437/labels/all/train__image751.txt,1,1,0,False,0405111311110110,hardlink,hardlink
reviewed_group_0049,val,20,/root/autodl-tmp/datasets/sources/construction-ppe_ultralytics_2025_v1/images/train/image752.jpg,/root/autodl-tmp/datasets/derived/construction_ppe3_canonical_v1_20260804_172437/images/all/train__image752.jpg,/root/autodl-tmp/datasets/derived/construction_ppe3_canonical_v1_20260804_172437/labels/all/train__image752.txt,2,1,1,False,9b8286868723c3c6,hardlink,hardlink
reviewed_group_0049,val,20,/root/autodl-tmp/datasets/sources/construction-ppe_ultralytics_2025_v1/images/train/image753.jpg,/root/autodl-tmp/datasets/derived/construction_ppe3_canonical_v1_20260804_172437/images/all/train__image753.jpg,/root/autodl-tmp/datasets/derived/construction_ppe3_canonical_v1_20260804_172437/labels/all/train__image753.txt,1,1,0,False,32b269e9870d6703,hardlink,hardlink
reviewed_group_0049,val,20,/root/autodl-tmp/datasets/sources/construction-ppe_ultralytics_2025_v1/images/train/image754.jpg,/root/autodl-tmp/datasets/derived/construction_ppe3_canonical_v1_20260804_172437/images/all/train__image754.jpg,/root/autodl-tmp/datasets/derived/construction_ppe3_canonical_v1_20260804_172437/labels/all/train__image754.txt,1,1,1,False,989892929aad9993,hardlink,hardlink
reviewed_group_0049,val,20,/root/autodl-tmp/datasets/sources/construction-ppe_ultralytics_2025_v1/images/train/image755.jpg,/root/autodl-tmp/datasets/derived/construction_ppe3_canonical_v1_20260804_172437/images/all/train__image755.jpg,/root/autodl-tmp/datasets/derived/construction_ppe3_canonical_v1_20260804_172437/labels/all/train__image755.txt,1,1,1,False,8c8c9061639a9a86,hardlink,hardlink
reviewed_group_0049,val,20,/root/autodl-tmp/datasets/sources/construction-ppe_ultralytics_2025_v1/images/train/image756.jpeg,/root/autodl-tmp/datasets/derived/construction_ppe3_canonical_v1_20260804_172437/images/all/train__image756.jpeg,/root/autodl-tmp/datasets/derived/construction_ppe3_canonical_v1_20260804_172437/labels/all/train__image756.txt,1,2,0,False,f4f4ecececfcf4d4,hardlink,hardlink
reviewed_group_0049,val,20,/root/autodl-tmp/datasets/sources/construction-ppe_ultralytics_2025_v1/images/train/image757.jpg,/root/autodl-tmp/datasets/derived/construction_ppe3_canonical_v1_20260804_172437/images/all/train__image757.jpg,/root/autodl-tmp/datasets/derived/construction_ppe3_canonical_v1_20260804_172437/labels/all/train__image757.txt,1,2,1,False,d4c4ccccccccc8c0,hardlink,hardlink
reviewed_group_0049,val,20,/root/autodl-tmp/datasets/sources/construction-ppe_ultralytics_2025_v1/images/val/image742.jpeg,/root/autodl-tmp/datasets/derived/construction_ppe3_canonical_v1_20260804_172437/images/all/val__image742.jpeg,/root/autodl-tmp/datasets/derived/construction_ppe3_canonical_v1_20260804_172437/labels/all/val__image742.txt,1,1,1,False,d4f0ccd4d4d4c0cc,hardlink,hardlink
reviewed_group_0049,val,20,/root/autodl-tmp/datasets/sources/construction-ppe_ultralytics_2025_v1/images/val/image749.jpg,/root/autodl-tmp/datasets/derived/construction_ppe3_canonical_v1_20260804_172437/images/all/val__image749.jpg,/root/autodl-tmp/datasets/derived/construction_ppe3_canonical_v1_20260804_172437/labels/all/val__image749.txt,2,2,1,False,dcdcc0d8d8f8f4d4,hardlink,hardlink
reviewed_group_0049,val,20,/root/autodl-tmp/datasets/sources/construction-ppe_ultralytics_2025_v1/images/val/image759.jpg,/root/autodl-tmp/datasets/derived/construction_ppe3_canonical_v1_20260804_172437/images/all/val__image759.jpg,/root/autodl-tmp/datasets/derived/construction_ppe3_canonical_v1_20260804_172437/labels/all/val__image759.txt,1,1,1,False,30808061639a9a9a,hardlink,hardlink
reviewed_group_0049,val,20,/root/autodl-tmp/datasets/sources/construction-ppe_ultralytics_2025_v1/images/test/image758.jpg,/root/autodl-tmp/datasets/derived/construction_ppe3_canonical_v1_20260804_172437/images/all/test__image758.jpg,/root/autodl-tmp/datasets/derived/construction_ppe3_canonical_v1_20260804_172437/labels/all/test__image758.txt,1,1,1,False,2d4d2b39d9cf0e67,hardlink,hardlink
reviewed_group_0050,train,20,/root/autodl-tmp/datasets/sources/construction-ppe_ultralytics_2025_v1/images/train/image760.jpg,/root/autodl-tmp/datasets/derived/construction_ppe3_canonical_v1_20260804_172437/images/all/train__image760.jpg,/root/autodl-tmp/datasets/derived/construction_ppe3_canonical_v1_20260804_172437/labels/all/train__image760.txt,1,1,1,False,ec4c28b24a4dcd25,hardlink,hardlink
reviewed_group_0050,train,20,/root/autodl-tmp/datasets/sources/construction-ppe_ultralytics_2025_v1/images/train/image761.jpg,/root/autodl-tmp/datasets/derived/construction_ppe3_canonical_v1_20260804_172437/images/all/train__image761.jpg,/root/autodl-tmp/datasets/derived/construction_ppe3_canonical_v1_20260804_172437/labels/all/train__image761.txt,1,1,1,False,0d4c3871f30fcf86,hardlink,hardlink
reviewed_group_0050,train,20,/root/autodl-tmp/datasets/sources/construction-ppe_ultralytics_2025_v1/images/train/image764.jpg,/root/autodl-tmp/datasets/derived/construction_ppe3_canonical_v1_20260804_172437/images/all/train__image764.jpg,/root/autodl-tmp/datasets/derived/construction_ppe3_canonical_v1_20260804_172437/labels/all/train__image764.txt,1,1,1,False,278a8323009c94d4,hardlink,hardlink
reviewed_group_0050,train,20,/root/autodl-tmp/datasets/sources/construction-ppe_ultralytics_2025_v1/images/train/image765.jpg,/root/autodl-tmp/datasets/derived/construction_ppe3_canonical_v1_20260804_172437/images/all/train__image765.jpg,/root/autodl-tmp/datasets/derived/construction_ppe3_canonical_v1_20260804_172437/labels/all/train__image765.txt,1,1,1,False,f36a0a3a12a7a786,hardlink,hardlink
reviewed_group_0050,train,20,/root/autodl-tmp/datasets/sources/construction-ppe_ultralytics_2025_v1/images/train/image766.jpeg,/root/autodl-tmp/datasets/derived/construction_ppe3_canonical_v1_20260804_172437/images/all/train__image766.jpeg,/root/autodl-tmp/datasets/derived/construction_ppe3_canonical_v1_20260804_172437/labels/all/train__image766.txt,1,1,0,False,c4e4ccccdcd4cccc,hardlink,hardlink
reviewed_group_0050,train,20,/root/autodl-tmp/datasets/sources/construction-ppe_ultralytics_2025_v1/images/train/image768.jpg,/root/autodl-tmp/datasets/derived/construction_ppe3_canonical_v1_20260804_172437/images/all/train__image768.jpg,/root/autodl-tmp/datasets/derived/construction_ppe3_canonical_v1_20260804_172437/labels/all/train__image768.txt,1,1,1,False,1a24041909062684,hardlink,hardlink
reviewed_group_0050,train,20,/root/autodl-tmp/datasets/sources/construction-ppe_ultralytics_2025_v1/images/train/image769.jpg,/root/autodl-tmp/datasets/derived/construction_ppe3_canonical_v1_20260804_172437/images/all/train__image769.jpg,/root/autodl-tmp/datasets/derived/construction_ppe3_canonical_v1_20260804_172437/labels/all/train__image769.txt,1,1,1,False,90d491b3d4d4d0d4,hardlink,hardlink
reviewed_group_0050,train,20,/root/autodl-tmp/datasets/sources/construction-ppe_ultralytics_2025_v1/images/train/image770.jpg,/root/autodl-tmp/datasets/derived/construction_ppe3_canonical_v1_20260804_172437/images/all/train__image770.jpg,/root/autodl-tmp/datasets/derived/construction_ppe3_canonical_v1_20260804_172437/labels/all/train__image770.txt,1,1,1,False,7c2c2d31b8cd0d0f,hardlink,hardlink
reviewed_group_0050,train,20,/root/autodl-tmp/datasets/sources/construction-ppe_ultralytics_2025_v1/images/train/image773.jpg,/root/autodl-tmp/datasets/derived/construction_ppe3_canonical_v1_20260804_172437/images/all/train__image773.jpg,/root/autodl-tmp/datasets/derived/construction_ppe3_canonical_v1_20260804_172437/labels/all/train__image773.txt,1,2,2,False,130c2d310e2d4d0f,hardlink,hardlink
reviewed_group_0050,train,20,/root/autodl-tmp/datasets/sources/construction-ppe_ultralytics_2025_v1/images/train/image774.jpeg,/root/autodl-tmp/datasets/derived/construction_ppe3_canonical_v1_20260804_172437/images/all/train__image774.jpeg,/root/autodl-tmp/datasets/derived/construction_ppe3_canonical_v1_20260804_172437/labels/all/train__image774.txt,3,6,6,False,00d88c9a930c8800,hardlink,hardlink
reviewed_group_0050,train,20,/root/autodl-tmp/datasets/sources/construction-ppe_ultralytics_2025_v1/images/train/image775.jpg,/root/autodl-tmp/datasets/derived/construction_ppe3_canonical_v1_20260804_172437/images/all/train__image775.jpg,/root/autodl-tmp/datasets/derived/construction_ppe3_canonical_v1_20260804_172437/labels/all/train__image775.txt,1,2,2,False,b2b2b89ce4d4dedc,hardlink,hardlink
reviewed_group_0050,train,20,/root/autodl-tmp/datasets/sources/construction-ppe_ultralytics_2025_v1/images/train/image776.jpg,/root/autodl-tmp/datasets/derived/construction_ppe3_canonical_v1_20260804_172437/images/all/train__image776.jpg,/root/autodl-tmp/datasets/derived/construction_ppe3_canonical_v1_20260804_172437/labels/all/train__image776.txt,1,2,2,False,c696d6a393d0d1d2,hardlink,hardlink
reviewed_group_0050,train,20,/root/autodl-tmp/datasets/sources/construction-ppe_ultralytics_2025_v1/images/train/image777.jpg,/root/autodl-tmp/datasets/derived/construction_ppe3_canonical_v1_20260804_172437/images/all/train__image777.jpg,/root/autodl-tmp/datasets/derived/construction_ppe3_canonical_v1_20260804_172437/labels/all/train__image777.txt,1,2,2,False,cad81193c3ccceca,hardlink,hardlink
reviewed_group_0050,train,20,/root/autodl-tmp/datasets/sources/construction-ppe_ultralytics_2025_v1/images/train/image778.jpg,/root/autodl-tmp/datasets/derived/construction_ppe3_canonical_v1_20260804_172437/images/all/train__image778.jpg,/root/autodl-tmp/datasets/derived/construction_ppe3_canonical_v1_20260804_172437/labels/all/train__image778.txt,1,2,2,False,1c0f2f57bba5e57b,hardlink,hardlink
reviewed_group_0050,train,20,/root/autodl-tmp/datasets/sources/construction-ppe_ultralytics_2025_v1/images/val/image762.jpg,/root/autodl-tmp/datasets/derived/construction_ppe3_canonical_v1_20260804_172437/images/all/val__image762.jpg,/root/autodl-tmp/datasets/derived/construction_ppe3_canonical_v1_20260804_172437/labels/all/val__image762.txt,1,1,1,False,438b1bd999078547,hardlink,hardlink
reviewed_group_0050,train,20,/root/autodl-tmp/datasets/sources/construction-ppe_ultralytics_2025_v1/images/val/image763.jpg,/root/autodl-tmp/datasets/derived/construction_ppe3_canonical_v1_20260804_172437/images/all/val__image763.jpg,/root/autodl-tmp/datasets/derived/construction_ppe3_canonical_v1_20260804_172437/labels/all/val__image763.txt,1,1,1,False,4c4e63732e26c4cc,hardlink,hardlink
reviewed_group_0050,train,20,/root/autodl-tmp/datasets/sources/construction-ppe_ultralytics_2025_v1/images/val/image767.jpg,/root/autodl-tmp/datasets/derived/construction_ppe3_canonical_v1_20260804_172437/images/all/val__image767.jpg,/root/autodl-tmp/datasets/derived/construction_ppe3_canonical_v1_20260804_172437/labels/all/val__image767.txt,1,1,1,False,629294962ecb9e3e,hardlink,hardlink
reviewed_group_0050,train,20,/root/autodl-tmp/datasets/sources/construction-ppe_ultralytics_2025_v1/images/val/image771.jpg,/root/autodl-tmp/datasets/derived/construction_ppe3_canonical_v1_20260804_172437/images/all/val__image771.jpg,/root/autodl-tmp/datasets/derived/construction_ppe3_canonical_v1_20260804_172437/labels/all/val__image771.txt,1,2,2,False,8d8c82b392cc0c2c,hardlink,hardlink
reviewed_group_0050,train,20,/root/autodl-tmp/datasets/sources/construction-ppe_ultralytics_2025_v1/images/test/image772.jpg,/root/autodl-tmp/datasets/derived/construction_ppe3_canonical_v1_20260804_172437/images/all/test__image772.jpg,/root/autodl-tmp/datasets/derived/construction_ppe3_canonical_v1_20260804_172437/labels/all/test__image772.txt,1,2,2,False,d4ecee32314d4d0f,hardlink,hardlink
reviewed_group_0050,train,20,/root/autodl-tmp/datasets/sources/construction-ppe_ultralytics_2025_v1/images/test/image779.jpg,/root/autodl-tmp/datasets/derived/construction_ppe3_canonical_v1_20260804_172437/images/all/test__image779.jpg,/root/autodl-tmp/datasets/derived/construction_ppe3_canonical_v1_20260804_172437/labels/all/test__image779.txt,1,2,2,False,eae2e4e2e4e4e4e5,hardlink,hardlink
reviewed_group_0051,train,20,/root/autodl-tmp/datasets/sources/construction-ppe_ultralytics_2025_v1/images/train/image780.jpg,/root/autodl-tmp/datasets/derived/construction_ppe3_canonical_v1_20260804_172437/images/all/train__image780.jpg,/root/autodl-tmp/datasets/derived/construction_ppe3_canonical_v1_20260804_172437/labels/all/train__image780.txt,1,1,1,False,e4e4e6e2e4e7c6c5,hardlink,hardlink
reviewed_group_0051,train,20,/root/autodl-tmp/datasets/sources/construction-ppe_ultralytics_2025_v1/images/train/image781.jpg,/root/autodl-tmp/datasets/derived/construction_ppe3_canonical_v1_20260804_172437/images/all/train__image781.jpg,/root/autodl-tmp/datasets/derived/construction_ppe3_canonical_v1_20260804_172437/labels/all/train__image781.txt,1,1,1,False,999991c1ebc3c3c9,hardlink,hardlink
reviewed_group_0051,train,20,/root/autodl-tmp/datasets/sources/construction-ppe_ultralytics_2025_v1/images/train/image782.jpg,/root/autodl-tmp/datasets/derived/construction_ppe3_canonical_v1_20260804_172437/images/all/train__image782.jpg,/root/autodl-tmp/datasets/derived/construction_ppe3_canonical_v1_20260804_172437/labels/all/train__image782.txt,1,1,1,False,d89891d1a1399908,hardlink,hardlink
reviewed_group_0051,train,20,/root/autodl-tmp/datasets/sources/construction-ppe_ultralytics_2025_v1/images/train/image783.jpeg,/root/autodl-tmp/datasets/derived/construction_ppe3_canonical_v1_20260804_172437/images/all/train__image783.jpeg,/root/autodl-tmp/datasets/derived/construction_ppe3_canonical_v1_20260804_172437/labels/all/train__image783.txt,3,0,2,False,a510d0b3e2e45c6d,hardlink,hardlink
reviewed_group_0051,train,20,/root/autodl-tmp/datasets/sources/construction-ppe_ultralytics_2025_v1/images/train/image784.jpg,/root/autodl-tmp/datasets/derived/construction_ppe3_canonical_v1_20260804_172437/images/all/train__image784.jpg,/root/autodl-tmp/datasets/derived/construction_ppe3_canonical_v1_20260804_172437/labels/all/train__image784.txt,6,10,7,False,c0cf5256eb69b894,hardlink,hardlink
reviewed_group_0051,train,20,/root/autodl-tmp/datasets/sources/construction-ppe_ultralytics_2025_v1/images/train/image785.jpeg,/root/autodl-tmp/datasets/derived/construction_ppe3_canonical_v1_20260804_172437/images/all/train__image785.jpeg,/root/autodl-tmp/datasets/derived/construction_ppe3_canonical_v1_20260804_172437/labels/all/train__image785.txt,1,1,0,False,0099606286e6c600,hardlink,hardlink
reviewed_group_0051,train,20,/root/autodl-tmp/datasets/sources/construction-ppe_ultralytics_2025_v1/images/train/image786.jpg,/root/autodl-tmp/datasets/derived/construction_ppe3_canonical_v1_20260804_172437/images/all/train__image786.jpg,/root/autodl-tmp/datasets/derived/construction_ppe3_canonical_v1_20260804_172437/labels/all/train__image786.txt,1,1,1,False,ccccccccc4ccccdc,hardlink,hardlink
reviewed_group_0051,train,20,/root/autodl-tmp/datasets/sources/construction-ppe_ultralytics_2025_v1/images/train/image788.jpg,/root/autodl-tmp/datasets/derived/construction_ppe3_canonical_v1_20260804_172437/images/all/train__image788.jpg,/root/autodl-tmp/datasets/derived/construction_ppe3_canonical_v1_20260804_172437/labels/all/train__image788.txt,1,1,1,False,80848c03b3899192,hardlink,hardlink
reviewed_group_0051,train,20,/root/autodl-tmp/datasets/sources/construction-ppe_ultralytics_2025_v1/images/train/image789.jpg,/root/autodl-tmp/datasets/derived/construction_ppe3_canonical_v1_20260804_172437/images/all/train__image789.jpg,/root/autodl-tmp/datasets/derived/construction_ppe3_canonical_v1_20260804_172437/labels/all/train__image789.txt,4,4,4,False,039119f923655753,hardlink,hardlink
reviewed_group_0051,train,20,/root/autodl-tmp/datasets/sources/construction-ppe_ultralytics_2025_v1/images/train/image790.jpg,/root/autodl-tmp/datasets/derived/construction_ppe3_canonical_v1_20260804_172437/images/all/train__image790.jpg,/root/autodl-tmp/datasets/derived/construction_ppe3_canonical_v1_20260804_172437/labels/all/train__image790.txt,1,0,1,False,cbd171f3b0287070,hardlink,hardlink
reviewed_group_0051,train,20,/root/autodl-tmp/datasets/sources/construction-ppe_ultralytics_2025_v1/images/train/image791.jpg,/root/autodl-tmp/datasets/derived/construction_ppe3_canonical_v1_20260804_172437/images/all/train__image791.jpg,/root/autodl-tmp/datasets/derived/construction_ppe3_canonical_v1_20260804_172437/labels/all/train__image791.txt,1,0,1,False,cfd171f3b0303070,hardlink,hardlink
reviewed_group_0051,train,20,/root/autodl-tmp/datasets/sources/construction-ppe_ultralytics_2025_v1/images/train/image792.jpg,/root/autodl-tmp/datasets/derived/construction_ppe3_canonical_v1_20260804_172437/images/all/train__image792.jpg,/root/autodl-tmp/datasets/derived/construction_ppe3_canonical_v1_20260804_172437/labels/all/train__image792.txt,1,0,1,False,cdc571f3c0c86170,hardlink,hardlink
reviewed_group_0051,train,20,/root/autodl-tmp/datasets/sources/construction-ppe_ultralytics_2025_v1/images/train/image793.jpg,/root/autodl-tmp/datasets/derived/construction_ppe3_canonical_v1_20260804_172437/images/all/train__image793.jpg,/root/autodl-tmp/datasets/derived/construction_ppe3_canonical_v1_20260804_172437/labels/all/train__image793.txt,1,0,1,False,cdd171f3a0a8c060,hardlink,hardlink
reviewed_group_0051,train,20,/root/autodl-tmp/datasets/sources/construction-ppe_ultralytics_2025_v1/images/train/image794.jpg,/root/autodl-tmp/datasets/derived/construction_ppe3_canonical_v1_20260804_172437/images/all/train__image794.jpg,/root/autodl-tmp/datasets/derived/construction_ppe3_canonical_v1_20260804_172437/labels/all/train__image794.txt,1,1,1,False,006375a4a2262400,hardlink,hardlink
reviewed_group_0051,train,20,/root/autodl-tmp/datasets/sources/construction-ppe_ultralytics_2025_v1/images/train/image795.jpeg,/root/autodl-tmp/datasets/derived/construction_ppe3_canonical_v1_20260804_172437/images/all/train__image795.jpeg,/root/autodl-tmp/datasets/derived/construction_ppe3_canonical_v1_20260804_172437/labels/all/train__image795.txt,2,2,2,False,dcd4e4ccd0d4c4d4,hardlink,hardlink
reviewed_group_0051,train,20,/root/autodl-tmp/datasets/sources/construction-ppe_ultralytics_2025_v1/images/train/image797.jpg,/root/autodl-tmp/datasets/derived/construction_ppe3_canonical_v1_20260804_172437/images/all/train__image797.jpg,/root/autodl-tmp/datasets/derived/construction_ppe3_canonical_v1_20260804_172437/labels/all/train__image797.txt,2,2,2,False,6c1a1396965466e7,hardlink,hardlink
reviewed_group_0051,train,20,/root/autodl-tmp/datasets/sources/construction-ppe_ultralytics_2025_v1/images/train/image799.jpg,/root/autodl-tmp/datasets/derived/construction_ppe3_canonical_v1_20260804_172437/images/all/train__image799.jpg,/root/autodl-tmp/datasets/derived/construction_ppe3_canonical_v1_20260804_172437/labels/all/train__image799.txt,3,3,3,False,1828464e2434361e,hardlink,hardlink
reviewed_group_0051,train,20,/root/autodl-tmp/datasets/sources/construction-ppe_ultralytics_2025_v1/images/val/image798.jpg,/root/autodl-tmp/datasets/derived/construction_ppe3_canonical_v1_20260804_172437/images/all/val__image798.jpg,/root/autodl-tmp/datasets/derived/construction_ppe3_canonical_v1_20260804_172437/labels/all/val__image798.txt,1,1,1,False,0416078726264a4a,hardlink,hardlink
reviewed_group_0051,train,20,/root/autodl-tmp/datasets/sources/construction-ppe_ultralytics_2025_v1/images/test/image787.jpg,/root/autodl-tmp/datasets/derived/construction_ppe3_canonical_v1_20260804_172437/images/all/test__image787.jpg,/root/autodl-tmp/datasets/derived/construction_ppe3_canonical_v1_20260804_172437/labels/all/test__image787.txt,1,1,1,False,320ecc34054c0c20,hardlink,hardlink
reviewed_group_0051,train,20,/root/autodl-tmp/datasets/sources/construction-ppe_ultralytics_2025_v1/images/test/image796.jpg,/root/autodl-tmp/datasets/derived/construction_ppe3_canonical_v1_20260804_172437/images/all/test__image796.jpg,/root/autodl-tmp/datasets/derived/construction_ppe3_canonical_v1_20260804_172437/labels/all/test__image796.txt,6,10,3,False,391a52a888a9a7a6,hardlink,hardlink
reviewed_group_0052,val,20,/root/autodl-tmp/datasets/sources/construction-ppe_ultralytics_2025_v1/images/train/image80.jpg,/root/autodl-tmp/datasets/derived/construction_ppe3_canonical_v1_20260804_172437/images/all/train__image80.jpg,/root/autodl-tmp/datasets/derived/construction_ppe3_canonical_v1_20260804_172437/labels/all/train__image80.txt,1,1,1,False,07032726860f0e0e,hardlink,hardlink
reviewed_group_0052,val,20,/root/autodl-tmp/datasets/sources/construction-ppe_ultralytics_2025_v1/images/train/image81.jpg,/root/autodl-tmp/datasets/derived/construction_ppe3_canonical_v1_20260804_172437/images/all/train__image81.jpg,/root/autodl-tmp/datasets/derived/construction_ppe3_canonical_v1_20260804_172437/labels/all/train__image81.txt,0,1,1,False,050327a4860f0e0e,hardlink,hardlink
reviewed_group_0052,val,20,/root/autodl-tmp/datasets/sources/construction-ppe_ultralytics_2025_v1/images/train/image82.jpg,/root/autodl-tmp/datasets/derived/construction_ppe3_canonical_v1_20260804_172437/images/all/train__image82.jpg,/root/autodl-tmp/datasets/derived/construction_ppe3_canonical_v1_20260804_172437/labels/all/train__image82.txt,0,1,1,False,070b1716860f0e0e,hardlink,hardlink
reviewed_group_0052,val,20,/root/autodl-tmp/datasets/sources/construction-ppe_ultralytics_2025_v1/images/train/image83.jpg,/root/autodl-tmp/datasets/derived/construction_ppe3_canonical_v1_20260804_172437/images/all/train__image83.jpg,/root/autodl-tmp/datasets/derived/construction_ppe3_canonical_v1_20260804_172437/labels/all/train__image83.txt,0,1,1,False,07030724a6170e0e,hardlink,hardlink
reviewed_group_0052,val,20,/root/autodl-tmp/datasets/sources/construction-ppe_ultralytics_2025_v1/images/train/image84.jpg,/root/autodl-tmp/datasets/derived/construction_ppe3_canonical_v1_20260804_172437/images/all/train__image84.jpg,/root/autodl-tmp/datasets/derived/construction_ppe3_canonical_v1_20260804_172437/labels/all/train__image84.txt,0,1,1,False,070b071292130e0e,hardlink,hardlink
reviewed_group_0052,val,20,/root/autodl-tmp/datasets/sources/construction-ppe_ultralytics_2025_v1/images/train/image85.jpg,/root/autodl-tmp/datasets/derived/construction_ppe3_canonical_v1_20260804_172437/images/all/train__image85.jpg,/root/autodl-tmp/datasets/derived/construction_ppe3_canonical_v1_20260804_172437/labels/all/train__image85.txt,0,1,1,False,9e849b4b0606c666,hardlink,hardlink
reviewed_group_0052,val,20,/root/autodl-tmp/datasets/sources/construction-ppe_ultralytics_2025_v1/images/train/image86.jpg,/root/autodl-tmp/datasets/derived/construction_ppe3_canonical_v1_20260804_172437/images/all/train__image86.jpg,/root/autodl-tmp/datasets/derived/construction_ppe3_canonical_v1_20260804_172437/labels/all/train__image86.txt,1,1,1,False,34051347074e8666,hardlink,hardlink
reviewed_group_0052,val,20,/root/autodl-tmp/datasets/sources/construction-ppe_ultralytics_2025_v1/images/train/image87.jpg,/root/autodl-tmp/datasets/derived/construction_ppe3_canonical_v1_20260804_172437/images/all/train__image87.jpg,/root/autodl-tmp/datasets/derived/construction_ppe3_canonical_v1_20260804_172437/labels/all/train__image87.txt,1,1,1,False,696313860e4e8666,hardlink,hardlink
reviewed_group_0052,val,20,/root/autodl-tmp/datasets/sources/construction-ppe_ultralytics_2025_v1/images/train/image88.jpg,/root/autodl-tmp/datasets/derived/construction_ppe3_canonical_v1_20260804_172437/images/all/train__image88.jpg,/root/autodl-tmp/datasets/derived/construction_ppe3_canonical_v1_20260804_172437/labels/all/train__image88.txt,1,1,1,False,c3c616870d4d8666,hardlink,hardlink
reviewed_group_0052,val,20,/root/autodl-tmp/datasets/sources/construction-ppe_ultralytics_2025_v1/images/train/image89.jpeg,/root/autodl-tmp/datasets/derived/construction_ppe3_canonical_v1_20260804_172437/images/all/train__image89.jpeg,/root/autodl-tmp/datasets/derived/construction_ppe3_canonical_v1_20260804_172437/labels/all/train__image89.txt,1,0,1,False,0097164616384c00,hardlink,hardlink
reviewed_group_0052,val,20,/root/autodl-tmp/datasets/sources/construction-ppe_ultralytics_2025_v1/images/train/image90.jpg,/root/autodl-tmp/datasets/derived/construction_ppe3_canonical_v1_20260804_172437/images/all/train__image90.jpg,/root/autodl-tmp/datasets/derived/construction_ppe3_canonical_v1_20260804_172437/labels/all/train__image90.txt,1,1,1,False,0103131a8a8f0e16,hardlink,hardlink
reviewed_group_0052,val,20,/root/autodl-tmp/datasets/sources/construction-ppe_ultralytics_2025_v1/images/train/image91.jpg,/root/autodl-tmp/datasets/derived/construction_ppe3_canonical_v1_20260804_172437/images/all/train__image91.jpg,/root/autodl-tmp/datasets/derived/construction_ppe3_canonical_v1_20260804_172437/labels/all/train__image91.txt,1,1,1,False,838e96170d4d8666,hardlink,hardlink
reviewed_group_0052,val,20,/root/autodl-tmp/datasets/sources/construction-ppe_ultralytics_2025_v1/images/train/image92.jpg,/root/autodl-tmp/datasets/derived/construction_ppe3_canonical_v1_20260804_172437/images/all/train__image92.jpg,/root/autodl-tmp/datasets/derived/construction_ppe3_canonical_v1_20260804_172437/labels/all/train__image92.txt,1,1,1,False,868c96160f4d8626,hardlink,hardlink
reviewed_group_0052,val,20,/root/autodl-tmp/datasets/sources/construction-ppe_ultralytics_2025_v1/images/train/image93.jpg,/root/autodl-tmp/datasets/derived/construction_ppe3_canonical_v1_20260804_172437/images/all/train__image93.jpg,/root/autodl-tmp/datasets/derived/construction_ppe3_canonical_v1_20260804_172437/labels/all/train__image93.txt,1,1,1,False,058c1206064ec293,hardlink,hardlink
reviewed_group_0052,val,20,/root/autodl-tmp/datasets/sources/construction-ppe_ultralytics_2025_v1/images/train/image94.jpg,/root/autodl-tmp/datasets/derived/construction_ppe3_canonical_v1_20260804_172437/images/all/train__image94.jpg,/root/autodl-tmp/datasets/derived/construction_ppe3_canonical_v1_20260804_172437/labels/all/train__image94.txt,1,1,1,False,0d1f12460f4fc2b3,hardlink,hardlink
reviewed_group_0052,val,20,/root/autodl-tmp/datasets/sources/construction-ppe_ultralytics_2025_v1/images/train/image95.jpg,/root/autodl-tmp/datasets/derived/construction_ppe3_canonical_v1_20260804_172437/images/all/train__image95.jpg,/root/autodl-tmp/datasets/derived/construction_ppe3_canonical_v1_20260804_172437/labels/all/train__image95.txt,1,1,1,False,9b3f37464f4f96b3,hardlink,hardlink
reviewed_group_0052,val,20,/root/autodl-tmp/datasets/sources/construction-ppe_ultralytics_2025_v1/images/train/image96.jpg,/root/autodl-tmp/datasets/derived/construction_ppe3_canonical_v1_20260804_172437/images/all/train__image96.jpg,/root/autodl-tmp/datasets/derived/construction_ppe3_canonical_v1_20260804_172437/labels/all/train__image96.txt,1,1,1,False,9b2f370e4dcf9633,hardlink,hardlink
reviewed_group_0052,val,20,/root/autodl-tmp/datasets/sources/construction-ppe_ultralytics_2025_v1/images/train/image97.jpg,/root/autodl-tmp/datasets/derived/construction_ppe3_canonical_v1_20260804_172437/images/all/train__image97.jpg,/root/autodl-tmp/datasets/derived/construction_ppe3_canonical_v1_20260804_172437/labels/all/train__image97.txt,1,1,1,False,1b2f270c1f8d2466,hardlink,hardlink
reviewed_group_0052,val,20,/root/autodl-tmp/datasets/sources/construction-ppe_ultralytics_2025_v1/images/train/image99.jpeg,/root/autodl-tmp/datasets/derived/construction_ppe3_canonical_v1_20260804_172437/images/all/train__image99.jpeg,/root/autodl-tmp/datasets/derived/construction_ppe3_canonical_v1_20260804_172437/labels/all/train__image99.txt,3,0,3,False,00c080a92f2cf000,hardlink,hardlink
reviewed_group_0052,val,20,/root/autodl-tmp/datasets/sources/construction-ppe_ultralytics_2025_v1/images/test/image98.jpg,/root/autodl-tmp/datasets/derived/construction_ppe3_canonical_v1_20260804_172437/images/all/test__image98.jpg,/root/autodl-tmp/datasets/derived/construction_ppe3_canonical_v1_20260804_172437/labels/all/test__image98.txt,1,1,1,False,9b2f250c0f8d2446,hardlink,hardlink
reviewed_group_0053,val,20,/root/autodl-tmp/datasets/sources/construction-ppe_ultralytics_2025_v1/images/train/image800.jpg,/root/autodl-tmp/datasets/derived/construction_ppe3_canonical_v1_20260804_172437/images/all/train__image800.jpg,/root/autodl-tmp/datasets/derived/construction_ppe3_canonical_v1_20260804_172437/labels/all/train__image800.txt,1,1,1,False,c6dab2d6dcd830b0,hardlink,hardlink
reviewed_group_0053,val,20,/root/autodl-tmp/datasets/sources/construction-ppe_ultralytics_2025_v1/images/train/image801.jpg,/root/autodl-tmp/datasets/derived/construction_ppe3_canonical_v1_20260804_172437/images/all/train__image801.jpg,/root/autodl-tmp/datasets/derived/construction_ppe3_canonical_v1_20260804_172437/labels/all/train__image801.txt,6,7,7,False,5089a9195264d1ac,hardlink,hardlink
reviewed_group_0053,val,20,/root/autodl-tmp/datasets/sources/construction-ppe_ultralytics_2025_v1/images/train/image802.jpg,/root/autodl-tmp/datasets/derived/construction_ppe3_canonical_v1_20260804_172437/images/all/train__image802.jpg,/root/autodl-tmp/datasets/derived/construction_ppe3_canonical_v1_20260804_172437/labels/all/train__image802.txt,1,1,1,False,58e871d8acab3ba0,hardlink,hardlink
reviewed_group_0053,val,20,/root/autodl-tmp/datasets/sources/construction-ppe_ultralytics_2025_v1/images/train/image803.jpg,/root/autodl-tmp/datasets/derived/construction_ppe3_canonical_v1_20260804_172437/images/all/train__image803.jpg,/root/autodl-tmp/datasets/derived/construction_ppe3_canonical_v1_20260804_172437/labels/all/train__image803.txt,2,2,2,False,8d9d63d193969716,hardlink,hardlink
reviewed_group_0053,val,20,/root/autodl-tmp/datasets/sources/construction-ppe_ultralytics_2025_v1/images/train/image806.jpg,/root/autodl-tmp/datasets/derived/construction_ppe3_canonical_v1_20260804_172437/images/all/train__image806.jpg,/root/autodl-tmp/datasets/derived/construction_ppe3_canonical_v1_20260804_172437/labels/all/train__image806.txt,0,1,2,False,b3cbf997923b3bc4,hardlink,hardlink
reviewed_group_0053,val,20,/root/autodl-tmp/datasets/sources/construction-ppe_ultralytics_2025_v1/images/train/image807.jpeg,/root/autodl-tmp/datasets/derived/construction_ppe3_canonical_v1_20260804_172437/images/all/train__image807.jpeg,/root/autodl-tmp/datasets/derived/construction_ppe3_canonical_v1_20260804_172437/labels/all/train__image807.txt,0,1,1,False,00488d844ecc0c00,hardlink,hardlink
reviewed_group_0053,val,20,/root/autodl-tmp/datasets/sources/construction-ppe_ultralytics_2025_v1/images/train/image809.jpg,/root/autodl-tmp/datasets/derived/construction_ppe3_canonical_v1_20260804_172437/images/all/train__image809.jpg,/root/autodl-tmp/datasets/derived/construction_ppe3_canonical_v1_20260804_172437/labels/all/train__image809.txt,0,2,2,False,e6e149521195a3a3,hardlink,hardlink
reviewed_group_0053,val,20,/root/autodl-tmp/datasets/sources/construction-ppe_ultralytics_2025_v1/images/train/image811.jpg,/root/autodl-tmp/datasets/derived/construction_ppe3_canonical_v1_20260804_172437/images/all/train__image811.jpg,/root/autodl-tmp/datasets/derived/construction_ppe3_canonical_v1_20260804_172437/labels/all/train__image811.txt,0,3,3,False,8e4d4d1a3b3196a9,hardlink,hardlink
reviewed_group_0053,val,20,/root/autodl-tmp/datasets/sources/construction-ppe_ultralytics_2025_v1/images/train/image812.jpg,/root/autodl-tmp/datasets/derived/construction_ppe3_canonical_v1_20260804_172437/images/all/train__image812.jpg,/root/autodl-tmp/datasets/derived/construction_ppe3_canonical_v1_20260804_172437/labels/all/train__image812.txt,0,3,3,False,dbf9b131f9919f95,hardlink,hardlink
reviewed_group_0053,val,20,/root/autodl-tmp/datasets/sources/construction-ppe_ultralytics_2025_v1/images/train/image813.jpg,/root/autodl-tmp/datasets/derived/construction_ppe3_canonical_v1_20260804_172437/images/all/train__image813.jpg,/root/autodl-tmp/datasets/derived/construction_ppe3_canonical_v1_20260804_172437/labels/all/train__image813.txt,0,1,1,False,58ec4cdcbe685bc9,hardlink,hardlink
reviewed_group_0053,val,20,/root/autodl-tmp/datasets/sources/construction-ppe_ultralytics_2025_v1/images/train/image814.jpg,/root/autodl-tmp/datasets/derived/construction_ppe3_canonical_v1_20260804_172437/images/all/train__image814.jpg,/root/autodl-tmp/datasets/derived/construction_ppe3_canonical_v1_20260804_172437/labels/all/train__image814.txt,0,1,1,False,ece96eeccaf3f3e7,hardlink,hardlink
reviewed_group_0053,val,20,/root/autodl-tmp/datasets/sources/construction-ppe_ultralytics_2025_v1/images/train/image815.jpg,/root/autodl-tmp/datasets/derived/construction_ppe3_canonical_v1_20260804_172437/images/all/train__image815.jpg,/root/autodl-tmp/datasets/derived/construction_ppe3_canonical_v1_20260804_172437/labels/all/train__image815.txt,0,1,1,False,edeb6aecc2f3f3d3,hardlink,hardlink
reviewed_group_0053,val,20,/root/autodl-tmp/datasets/sources/construction-ppe_ultralytics_2025_v1/images/train/image816.jpg,/root/autodl-tmp/datasets/derived/construction_ppe3_canonical_v1_20260804_172437/images/all/train__image816.jpg,/root/autodl-tmp/datasets/derived/construction_ppe3_canonical_v1_20260804_172437/labels/all/train__image816.txt,0,1,1,False,ede96beec2f3f3e7,hardlink,hardlink
reviewed_group_0053,val,20,/root/autodl-tmp/datasets/sources/construction-ppe_ultralytics_2025_v1/images/train/image817.jpg,/root/autodl-tmp/datasets/derived/construction_ppe3_canonical_v1_20260804_172437/images/all/train__image817.jpg,/root/autodl-tmp/datasets/derived/construction_ppe3_canonical_v1_20260804_172437/labels/all/train__image817.txt,0,1,1,False,edeb6befc2f3f3f5,hardlink,hardlink
reviewed_group_0053,val,20,/root/autodl-tmp/datasets/sources/construction-ppe_ultralytics_2025_v1/images/train/image818.jpeg,/root/autodl-tmp/datasets/derived/construction_ppe3_canonical_v1_20260804_172437/images/all/train__image818.jpeg,/root/autodl-tmp/datasets/derived/construction_ppe3_canonical_v1_20260804_172437/labels/all/train__image818.txt,0,0,0,True,0012834041c13000,hardlink,hardlink
reviewed_group_0053,val,20,/root/autodl-tmp/datasets/sources/construction-ppe_ultralytics_2025_v1/images/train/image819.jpg,/root/autodl-tmp/datasets/derived/construction_ppe3_canonical_v1_20260804_172437/images/all/train__image819.jpg,/root/autodl-tmp/datasets/derived/construction_ppe3_canonical_v1_20260804_172437/labels/all/train__image819.txt,0,1,1,False,8484ba3a763cf8f8,hardlink,hardlink
reviewed_group_0053,val,20,/root/autodl-tmp/datasets/sources/construction-ppe_ultralytics_2025_v1/images/val/image804.jpg,/root/autodl-tmp/datasets/derived/construction_ppe3_canonical_v1_20260804_172437/images/all/val__image804.jpg,/root/autodl-tmp/datasets/derived/construction_ppe3_canonical_v1_20260804_172437/labels/all/val__image804.txt,5,5,5,False,89448a88a0aaa281,hardlink,hardlink
reviewed_group_0053,val,20,/root/autodl-tmp/datasets/sources/construction-ppe_ultralytics_2025_v1/images/val/image808.jpg,/root/autodl-tmp/datasets/derived/construction_ppe3_canonical_v1_20260804_172437/images/all/val__image808.jpg,/root/autodl-tmp/datasets/derived/construction_ppe3_canonical_v1_20260804_172437/labels/all/val__image808.txt,0,3,3,False,4400d4d4dcc40044,hardlink,hardlink
reviewed_group_0053,val,20,/root/autodl-tmp/datasets/sources/construction-ppe_ultralytics_2025_v1/images/test/image805.jpg,/root/autodl-tmp/datasets/derived/construction_ppe3_canonical_v1_20260804_172437/images/all/test__image805.jpg,/root/autodl-tmp/datasets/derived/construction_ppe3_canonical_v1_20260804_172437/labels/all/test__image805.txt,0,2,1,False,b2d3975edaeb8b8e,hardlink,hardlink
reviewed_group_0053,val,20,/root/autodl-tmp/datasets/sources/construction-ppe_ultralytics_2025_v1/images/test/image810.jpg,/root/autodl-tmp/datasets/derived/construction_ppe3_canonical_v1_20260804_172437/images/all/test__image810.jpg,/root/autodl-tmp/datasets/derived/construction_ppe3_canonical_v1_20260804_172437/labels/all/test__image810.txt,0,1,1,False,f1143672e99d8434,hardlink,hardlink
reviewed_group_0054,train,20,/root/autodl-tmp/datasets/sources/construction-ppe_ultralytics_2025_v1/images/train/image820.jpg,/root/autodl-tmp/datasets/derived/construction_ppe3_canonical_v1_20260804_172437/images/all/train__image820.jpg,/root/autodl-tmp/datasets/derived/construction_ppe3_canonical_v1_20260804_172437/labels/all/train__image820.txt,0,1,1,False,e3e36ae7c6f3e3f2,hardlink,hardlink
reviewed_group_0054,train,20,/root/autodl-tmp/datasets/sources/construction-ppe_ultralytics_2025_v1/images/train/image821.jpg,/root/autodl-tmp/datasets/derived/construction_ppe3_canonical_v1_20260804_172437/images/all/train__image821.jpg,/root/autodl-tmp/datasets/derived/construction_ppe3_canonical_v1_20260804_172437/labels/all/train__image821.txt,0,1,1,False,ebeb6ee6c6f3f2f6,hardlink,hardlink
reviewed_group_0054,train,20,/root/autodl-tmp/datasets/sources/construction-ppe_ultralytics_2025_v1/images/train/image822.jpg,/root/autodl-tmp/datasets/derived/construction_ppe3_canonical_v1_20260804_172437/images/all/train__image822.jpg,/root/autodl-tmp/datasets/derived/construction_ppe3_canonical_v1_20260804_172437/labels/all/train__image822.txt,0,1,1,False,e7e666efc6e6e6e4,hardlink,hardlink
reviewed_group_0054,train,20,/root/autodl-tmp/datasets/sources/construction-ppe_ultralytics_2025_v1/images/train/image823.jpg,/root/autodl-tmp/datasets/derived/construction_ppe3_canonical_v1_20260804_172437/images/all/train__image823.jpg,/root/autodl-tmp/datasets/derived/construction_ppe3_canonical_v1_20260804_172437/labels/all/train__image823.txt,0,1,1,False,e3e262cec6e3e3e7,hardlink,hardlink
reviewed_group_0054,train,20,/root/autodl-tmp/datasets/sources/construction-ppe_ultralytics_2025_v1/images/train/image827.jpg,/root/autodl-tmp/datasets/derived/construction_ppe3_canonical_v1_20260804_172437/images/all/train__image827.jpg,/root/autodl-tmp/datasets/derived/construction_ppe3_canonical_v1_20260804_172437/labels/all/train__image827.txt,0,1,1,False,ebe362e9c6e7e7e6,hardlink,hardlink
reviewed_group_0054,train,20,/root/autodl-tmp/datasets/sources/construction-ppe_ultralytics_2025_v1/images/train/image828.jpg,/root/autodl-tmp/datasets/derived/construction_ppe3_canonical_v1_20260804_172437/images/all/train__image828.jpg,/root/autodl-tmp/datasets/derived/construction_ppe3_canonical_v1_20260804_172437/labels/all/train__image828.txt,0,1,1,False,e3e362eecee7e6e6,hardlink,hardlink
reviewed_group_0054,train,20,/root/autodl-tmp/datasets/sources/construction-ppe_ultralytics_2025_v1/images/train/image829.jpg,/root/autodl-tmp/datasets/derived/construction_ppe3_canonical_v1_20260804_172437/images/all/train__image829.jpg,/root/autodl-tmp/datasets/derived/construction_ppe3_canonical_v1_20260804_172437/labels/all/train__image829.txt,0,1,1,False,e7e666cddee7e6e6,hardlink,hardlink
reviewed_group_0054,train,20,/root/autodl-tmp/datasets/sources/construction-ppe_ultralytics_2025_v1/images/train/image830.jpeg,/root/autodl-tmp/datasets/derived/construction_ppe3_canonical_v1_20260804_172437/images/all/train__image830.jpeg,/root/autodl-tmp/datasets/derived/construction_ppe3_canonical_v1_20260804_172437/labels/all/train__image830.txt,0,1,1,False,009198c6e3929300,hardlink,hardlink
reviewed_group_0054,train,20,/root/autodl-tmp/datasets/sources/construction-ppe_ultralytics_2025_v1/images/train/image831.jpg,/root/autodl-tmp/datasets/derived/construction_ppe3_canonical_v1_20260804_172437/images/all/train__image831.jpg,/root/autodl-tmp/datasets/derived/construction_ppe3_canonical_v1_20260804_172437/labels/all/train__image831.txt,0,4,3,False,00d692ccec8c9c00,hardlink,hardlink
reviewed_group_0054,train,20,/root/autodl-tmp/datasets/sources/construction-ppe_ultralytics_2025_v1/images/train/image832.jpg,/root/autodl-tmp/datasets/derived/construction_ppe3_canonical_v1_20260804_172437/images/all/train__image832.jpg,/root/autodl-tmp/datasets/derived/construction_ppe3_canonical_v1_20260804_172437/labels/all/train__image832.txt,0,1,1,False,e6e666ced26766e6,hardlink,hardlink
reviewed_group_0054,train,20,/root/autodl-tmp/datasets/sources/construction-ppe_ultralytics_2025_v1/images/train/image833.jpg,/root/autodl-tmp/datasets/derived/construction_ppe3_canonical_v1_20260804_172437/images/all/train__image833.jpg,/root/autodl-tmp/datasets/derived/construction_ppe3_canonical_v1_20260804_172437/labels/all/train__image833.txt,0,1,1,False,e6c369e6d6e7e762,hardlink,hardlink
reviewed_group_0054,train,20,/root/autodl-tmp/datasets/sources/construction-ppe_ultralytics_2025_v1/images/train/image835.jpg,/root/autodl-tmp/datasets/derived/construction_ppe3_canonical_v1_20260804_172437/images/all/train__image835.jpg,/root/autodl-tmp/datasets/derived/construction_ppe3_canonical_v1_20260804_172437/labels/all/train__image835.txt,0,1,1,False,e6e666cbcee7e6e6,hardlink,hardlink
reviewed_group_0054,train,20,/root/autodl-tmp/datasets/sources/construction-ppe_ultralytics_2025_v1/images/train/image836.jpg,/root/autodl-tmp/datasets/derived/construction_ppe3_canonical_v1_20260804_172437/images/all/train__image836.jpg,/root/autodl-tmp/datasets/derived/construction_ppe3_canonical_v1_20260804_172437/labels/all/train__image836.txt,0,1,1,False,6349b3e640626464,hardlink,hardlink
reviewed_group_0054,train,20,/root/autodl-tmp/datasets/sources/construction-ppe_ultralytics_2025_v1/images/train/image837.jpg,/root/autodl-tmp/datasets/derived/construction_ppe3_canonical_v1_20260804_172437/images/all/train__image837.jpg,/root/autodl-tmp/datasets/derived/construction_ppe3_canonical_v1_20260804_172437/labels/all/train__image837.txt,0,1,1,False,6349a3e6d0626464,hardlink,hardlink
reviewed_group_0054,train,20,/root/autodl-tmp/datasets/sources/construction-ppe_ultralytics_2025_v1/images/train/image838.jpg,/root/autodl-tmp/datasets/derived/construction_ppe3_canonical_v1_20260804_172437/images/all/train__image838.jpg,/root/autodl-tmp/datasets/derived/construction_ppe3_canonical_v1_20260804_172437/labels/all/train__image838.txt,0,1,1,False,6b4db3e650626464,hardlink,hardlink
reviewed_group_0054,train,20,/root/autodl-tmp/datasets/sources/construction-ppe_ultralytics_2025_v1/images/train/image839.jpg,/root/autodl-tmp/datasets/derived/construction_ppe3_canonical_v1_20260804_172437/images/all/train__image839.jpg,/root/autodl-tmp/datasets/derived/construction_ppe3_canonical_v1_20260804_172437/labels/all/train__image839.txt,0,1,1,False,3564d1b268b0b232,hardlink,hardlink
reviewed_group_0054,train,20,/root/autodl-tmp/datasets/sources/construction-ppe_ultralytics_2025_v1/images/val/image824.jpg,/root/autodl-tmp/datasets/derived/construction_ppe3_canonical_v1_20260804_172437/images/all/val__image824.jpg,/root/autodl-tmp/datasets/derived/construction_ppe3_canonical_v1_20260804_172437/labels/all/val__image824.txt,0,1,1,False,e7e266cddbe7e7e2,hardlink,hardlink
reviewed_group_0054,train,20,/root/autodl-tmp/datasets/sources/construction-ppe_ultralytics_2025_v1/images/val/image826.jpg,/root/autodl-tmp/datasets/derived/construction_ppe3_canonical_v1_20260804_172437/images/all/val__image826.jpg,/root/autodl-tmp/datasets/derived/construction_ppe3_canonical_v1_20260804_172437/labels/all/val__image826.txt,0,1,1,False,e7c76fe6d6e6e6e6,hardlink,hardlink
reviewed_group_0054,train,20,/root/autodl-tmp/datasets/sources/construction-ppe_ultralytics_2025_v1/images/test/image825.jpg,/root/autodl-tmp/datasets/derived/construction_ppe3_canonical_v1_20260804_172437/images/all/test__image825.jpg,/root/autodl-tmp/datasets/derived/construction_ppe3_canonical_v1_20260804_172437/labels/all/test__image825.txt,0,1,1,False,e7e266cfc6e7c632,hardlink,hardlink
reviewed_group_0054,train,20,/root/autodl-tmp/datasets/sources/construction-ppe_ultralytics_2025_v1/images/test/image834.jpg,/root/autodl-tmp/datasets/derived/construction_ppe3_canonical_v1_20260804_172437/images/all/test__image834.jpg,/root/autodl-tmp/datasets/derived/construction_ppe3_canonical_v1_20260804_172437/labels/all/test__image834.txt,0,1,1,False,e6c369e6d6e7e762,hardlink,hardlink
reviewed_group_0055,val,20,/root/autodl-tmp/datasets/sources/construction-ppe_ultralytics_2025_v1/images/train/image840.jpeg,/root/autodl-tmp/datasets/derived/construction_ppe3_canonical_v1_20260804_172437/images/all/train__image840.jpeg,/root/autodl-tmp/datasets/derived/construction_ppe3_canonical_v1_20260804_172437/labels/all/train__image840.txt,0,1,1,False,00feb39e5b9e9c00,hardlink,hardlink
reviewed_group_0055,val,20,/root/autodl-tmp/datasets/sources/construction-ppe_ultralytics_2025_v1/images/train/image841.jpg,/root/autodl-tmp/datasets/derived/construction_ppe3_canonical_v1_20260804_172437/images/all/train__image841.jpg,/root/autodl-tmp/datasets/derived/construction_ppe3_canonical_v1_20260804_172437/labels/all/train__image841.txt,0,1,1,False,606848486868ccdc,hardlink,hardlink
reviewed_group_0055,val,20,/root/autodl-tmp/datasets/sources/construction-ppe_ultralytics_2025_v1/images/train/image842.jpg,/root/autodl-tmp/datasets/derived/construction_ppe3_canonical_v1_20260804_172437/images/all/train__image842.jpg,/root/autodl-tmp/datasets/derived/construction_ppe3_canonical_v1_20260804_172437/labels/all/train__image842.txt,0,1,1,False,7564d1b26830b232,hardlink,hardlink
reviewed_group_0055,val,20,/root/autodl-tmp/datasets/sources/construction-ppe_ultralytics_2025_v1/images/train/image843.jpg,/root/autodl-tmp/datasets/derived/construction_ppe3_canonical_v1_20260804_172437/images/all/train__image843.jpg,/root/autodl-tmp/datasets/derived/construction_ppe3_canonical_v1_20260804_172437/labels/all/train__image843.txt,0,1,1,False,6149cb8998db83ce,hardlink,hardlink
reviewed_group_0055,val,20,/root/autodl-tmp/datasets/sources/construction-ppe_ultralytics_2025_v1/images/train/image844.jpg,/root/autodl-tmp/datasets/derived/construction_ppe3_canonical_v1_20260804_172437/images/all/train__image844.jpg,/root/autodl-tmp/datasets/derived/construction_ppe3_canonical_v1_20260804_172437/labels/all/train__image844.txt,0,1,1,False,7971f559d4d9894b,hardlink,hardlink
reviewed_group_0055,val,20,/root/autodl-tmp/datasets/sources/construction-ppe_ultralytics_2025_v1/images/train/image845.jpg,/root/autodl-tmp/datasets/derived/construction_ppe3_canonical_v1_20260804_172437/images/all/train__image845.jpg,/root/autodl-tmp/datasets/derived/construction_ppe3_canonical_v1_20260804_172437/labels/all/train__image845.txt,0,1,1,False,7970f559dcd9894b,hardlink,hardlink
reviewed_group_0055,val,20,/root/autodl-tmp/datasets/sources/construction-ppe_ultralytics_2025_v1/images/train/image847.jpeg,/root/autodl-tmp/datasets/derived/construction_ppe3_canonical_v1_20260804_172437/images/all/train__image847.jpeg,/root/autodl-tmp/datasets/derived/construction_ppe3_canonical_v1_20260804_172437/labels/all/train__image847.txt,0,2,2,False,001081800c4e3c00,hardlink,hardlink
reviewed_group_0055,val,20,/root/autodl-tmp/datasets/sources/construction-ppe_ultralytics_2025_v1/images/train/image848.jpg,/root/autodl-tmp/datasets/derived/construction_ppe3_canonical_v1_20260804_172437/images/all/train__image848.jpg,/root/autodl-tmp/datasets/derived/construction_ppe3_canonical_v1_20260804_172437/labels/all/train__image848.txt,0,2,2,False,b098f89ad2d4dcda,hardlink,hardlink
reviewed_group_0055,val,20,/root/autodl-tmp/datasets/sources/construction-ppe_ultralytics_2025_v1/images/train/image849.jpg,/root/autodl-tmp/datasets/derived/construction_ppe3_canonical_v1_20260804_172437/images/all/train__image849.jpg,/root/autodl-tmp/datasets/derived/construction_ppe3_canonical_v1_20260804_172437/labels/all/train__image849.txt,0,0,5,False,828b9eaecdd9d9e0,hardlink,hardlink
reviewed_group_0055,val,20,/root/autodl-tmp/datasets/sources/construction-ppe_ultralytics_2025_v1/images/train/image850.jpg,/root/autodl-tmp/datasets/derived/construction_ppe3_canonical_v1_20260804_172437/images/all/train__image850.jpg,/root/autodl-tmp/datasets/derived/construction_ppe3_canonical_v1_20260804_172437/labels/all/train__image850.txt,1,1,1,False,7f0c974e4c4d969f,hardlink,hardlink
reviewed_group_0055,val,20,/root/autodl-tmp/datasets/sources/construction-ppe_ultralytics_2025_v1/images/train/image851.jpg,/root/autodl-tmp/datasets/derived/construction_ppe3_canonical_v1_20260804_172437/images/all/train__image851.jpg,/root/autodl-tmp/datasets/derived/construction_ppe3_canonical_v1_20260804_172437/labels/all/train__image851.txt,1,1,1,False,5f4b168e4c4d969f,hardlink,hardlink
reviewed_group_0055,val,20,/root/autodl-tmp/datasets/sources/construction-ppe_ultralytics_2025_v1/images/train/image853.jpg,/root/autodl-tmp/datasets/derived/construction_ppe3_canonical_v1_20260804_172437/images/all/train__image853.jpg,/root/autodl-tmp/datasets/derived/construction_ppe3_canonical_v1_20260804_172437/labels/all/train__image853.txt,2,2,2,False,0065168662e5b700,hardlink,hardlink
reviewed_group_0055,val,20,/root/autodl-tmp/datasets/sources/construction-ppe_ultralytics_2025_v1/images/train/image854.jpg,/root/autodl-tmp/datasets/derived/construction_ppe3_canonical_v1_20260804_172437/images/all/train__image854.jpg,/root/autodl-tmp/datasets/derived/construction_ppe3_canonical_v1_20260804_172437/labels/all/train__image854.txt,1,1,1,False,ff982c9c9a9db69b,hardlink,hardlink
reviewed_group_0055,val,20,/root/autodl-tmp/datasets/sources/construction-ppe_ultralytics_2025_v1/images/train/image855.jpg,/root/autodl-tmp/datasets/derived/construction_ppe3_canonical_v1_20260804_172437/images/all/train__image855.jpg,/root/autodl-tmp/datasets/derived/construction_ppe3_canonical_v1_20260804_172437/labels/all/train__image855.txt,1,1,1,False,ffd8bc9c8c8d969b,hardlink,hardlink
reviewed_group_0055,val,20,/root/autodl-tmp/datasets/sources/construction-ppe_ultralytics_2025_v1/images/train/image856.jpg,/root/autodl-tmp/datasets/derived/construction_ppe3_canonical_v1_20260804_172437/images/all/train__image856.jpg,/root/autodl-tmp/datasets/derived/construction_ppe3_canonical_v1_20260804_172437/labels/all/train__image856.txt,1,1,1,False,5bcc94cccc4cdbcd,hardlink,hardlink
reviewed_group_0055,val,20,/root/autodl-tmp/datasets/sources/construction-ppe_ultralytics_2025_v1/images/train/image857.jpg,/root/autodl-tmp/datasets/derived/construction_ppe3_canonical_v1_20260804_172437/images/all/train__image857.jpg,/root/autodl-tmp/datasets/derived/construction_ppe3_canonical_v1_20260804_172437/labels/all/train__image857.txt,1,1,1,False,ec8d1f4c4c4e26c4,hardlink,hardlink
reviewed_group_0055,val,20,/root/autodl-tmp/datasets/sources/construction-ppe_ultralytics_2025_v1/images/train/image858.jpeg,/root/autodl-tmp/datasets/derived/construction_ppe3_canonical_v1_20260804_172437/images/all/train__image858.jpeg,/root/autodl-tmp/datasets/derived/construction_ppe3_canonical_v1_20260804_172437/labels/all/train__image858.txt,2,2,2,False,00cf8764f7367600,hardlink,hardlink
reviewed_group_0055,val,20,/root/autodl-tmp/datasets/sources/construction-ppe_ultralytics_2025_v1/images/train/image859.jpg,/root/autodl-tmp/datasets/derived/construction_ppe3_canonical_v1_20260804_172437/images/all/train__image859.jpg,/root/autodl-tmp/datasets/derived/construction_ppe3_canonical_v1_20260804_172437/labels/all/train__image859.txt,4,4,4,False,0048eef6ee993300,hardlink,hardlink
reviewed_group_0055,val,20,/root/autodl-tmp/datasets/sources/construction-ppe_ultralytics_2025_v1/images/val/image852.jpeg,/root/autodl-tmp/datasets/derived/construction_ppe3_canonical_v1_20260804_172437/images/all/val__image852.jpeg,/root/autodl-tmp/datasets/derived/construction_ppe3_canonical_v1_20260804_172437/labels/all/val__image852.txt,1,1,1,False,d4ccccccdccccccc,hardlink,hardlink
reviewed_group_0055,val,20,/root/autodl-tmp/datasets/sources/construction-ppe_ultralytics_2025_v1/images/test/image846.jpg,/root/autodl-tmp/datasets/derived/construction_ppe3_canonical_v1_20260804_172437/images/all/test__image846.jpg,/root/autodl-tmp/datasets/derived/construction_ppe3_canonical_v1_20260804_172437/labels/all/test__image846.txt,0,1,1,False,f4664e4dc76b4795,hardlink,hardlink
reviewed_group_0056,train,20,/root/autodl-tmp/datasets/sources/construction-ppe_ultralytics_2025_v1/images/train/image861.jpg,/root/autodl-tmp/datasets/derived/construction_ppe3_canonical_v1_20260804_172437/images/all/train__image861.jpg,/root/autodl-tmp/datasets/derived/construction_ppe3_canonical_v1_20260804_172437/labels/all/train__image861.txt,1,1,1,False,cd2c5fcfcd4ea3e6,hardlink,hardlink
reviewed_group_0056,train,20,/root/autodl-tmp/datasets/sources/construction-ppe_ultralytics_2025_v1/images/train/image862.jpg,/root/autodl-tmp/datasets/derived/construction_ppe3_canonical_v1_20260804_172437/images/all/train__image862.jpg,/root/autodl-tmp/datasets/derived/construction_ppe3_canonical_v1_20260804_172437/labels/all/train__image862.txt,1,1,1,False,0b4c5fcfcc0f83e6,hardlink,hardlink
reviewed_group_0056,train,20,/root/autodl-tmp/datasets/sources/construction-ppe_ultralytics_2025_v1/images/train/image863.jpg,/root/autodl-tmp/datasets/derived/construction_ppe3_canonical_v1_20260804_172437/images/all/train__image863.jpg,/root/autodl-tmp/datasets/derived/construction_ppe3_canonical_v1_20260804_172437/labels/all/train__image863.txt,1,1,1,False,4e0c5ece4d4f090b,hardlink,hardlink
reviewed_group_0056,train,20,/root/autodl-tmp/datasets/sources/construction-ppe_ultralytics_2025_v1/images/train/image864.jpg,/root/autodl-tmp/datasets/derived/construction_ppe3_canonical_v1_20260804_172437/images/all/train__image864.jpg,/root/autodl-tmp/datasets/derived/construction_ppe3_canonical_v1_20260804_172437/labels/all/train__image864.txt,1,1,1,False,c8495ece4d4f0d8b,hardlink,hardlink
reviewed_group_0056,train,20,/root/autodl-tmp/datasets/sources/construction-ppe_ultralytics_2025_v1/images/train/image865.jpeg,/root/autodl-tmp/datasets/derived/construction_ppe3_canonical_v1_20260804_172437/images/all/train__image865.jpeg,/root/autodl-tmp/datasets/derived/construction_ppe3_canonical_v1_20260804_172437/labels/all/train__image865.txt,1,1,1,False,d4d4d4dcdcd4d4d4,hardlink,hardlink
reviewed_group_0056,train,20,/root/autodl-tmp/datasets/sources/construction-ppe_ultralytics_2025_v1/images/train/image866.jpg,/root/autodl-tmp/datasets/derived/construction_ppe3_canonical_v1_20260804_172437/images/all/train__image866.jpg,/root/autodl-tmp/datasets/derived/construction_ppe3_canonical_v1_20260804_172437/labels/all/train__image866.txt,5,6,6,False,0e96e883e76b4b9c,hardlink,hardlink
reviewed_group_0056,train,20,/root/autodl-tmp/datasets/sources/construction-ppe_ultralytics_2025_v1/images/train/image869.jpg,/root/autodl-tmp/datasets/derived/construction_ppe3_canonical_v1_20260804_172437/images/all/train__image869.jpg,/root/autodl-tmp/datasets/derived/construction_ppe3_canonical_v1_20260804_172437/labels/all/train__image869.txt,1,1,1,False,ca0a5d4d4d4d8e26,hardlink,hardlink
reviewed_group_0056,train,20,/root/autodl-tmp/datasets/sources/construction-ppe_ultralytics_2025_v1/images/train/image870.jpg,/root/autodl-tmp/datasets/derived/construction_ppe3_canonical_v1_20260804_172437/images/all/train__image870.jpg,/root/autodl-tmp/datasets/derived/construction_ppe3_canonical_v1_20260804_172437/labels/all/train__image870.txt,1,1,1,False,dbcfdbcc494e8ea6,hardlink,hardlink
reviewed_group_0056,train,20,/root/autodl-tmp/datasets/sources/construction-ppe_ultralytics_2025_v1/images/train/image871.jpg,/root/autodl-tmp/datasets/derived/construction_ppe3_canonical_v1_20260804_172437/images/all/train__image871.jpg,/root/autodl-tmp/datasets/derived/construction_ppe3_canonical_v1_20260804_172437/labels/all/train__image871.txt,1,1,1,False,dacadbcc4a4acea7,hardlink,hardlink
reviewed_group_0056,train,20,/root/autodl-tmp/datasets/sources/construction-ppe_ultralytics_2025_v1/images/train/image872.jpg,/root/autodl-tmp/datasets/derived/construction_ppe3_canonical_v1_20260804_172437/images/all/train__image872.jpg,/root/autodl-tmp/datasets/derived/construction_ppe3_canonical_v1_20260804_172437/labels/all/train__image872.txt,1,1,1,False,dc18dfce4a4acea7,hardlink,hardlink
reviewed_group_0056,train,20,/root/autodl-tmp/datasets/sources/construction-ppe_ultralytics_2025_v1/images/train/image873.jpeg,/root/autodl-tmp/datasets/derived/construction_ppe3_canonical_v1_20260804_172437/images/all/train__image873.jpeg,/root/autodl-tmp/datasets/derived/construction_ppe3_canonical_v1_20260804_172437/labels/all/train__image873.txt,1,1,1,False,fcd46464646060cc,hardlink,hardlink
reviewed_group_0056,train,20,/root/autodl-tmp/datasets/sources/construction-ppe_ultralytics_2025_v1/images/train/image874.jpeg,/root/autodl-tmp/datasets/derived/construction_ppe3_canonical_v1_20260804_172437/images/all/train__image874.jpeg,/root/autodl-tmp/datasets/derived/construction_ppe3_canonical_v1_20260804_172437/labels/all/train__image874.txt,2,2,2,False,d4d4d4d4f4d4e4d4,hardlink,hardlink
reviewed_group_0056,train,20,/root/autodl-tmp/datasets/sources/construction-ppe_ultralytics_2025_v1/images/train/image875.jpg,/root/autodl-tmp/datasets/derived/construction_ppe3_canonical_v1_20260804_172437/images/all/train__image875.jpg,/root/autodl-tmp/datasets/derived/construction_ppe3_canonical_v1_20260804_172437/labels/all/train__image875.txt,5,7,6,False,d4e4ec8c98d88cec,hardlink,hardlink
reviewed_group_0056,train,20,/root/autodl-tmp/datasets/sources/construction-ppe_ultralytics_2025_v1/images/train/image877.jpg,/root/autodl-tmp/datasets/derived/construction_ppe3_canonical_v1_20260804_172437/images/all/train__image877.jpg,/root/autodl-tmp/datasets/derived/construction_ppe3_canonical_v1_20260804_172437/labels/all/train__image877.txt,1,1,1,False,3f37363627268697,hardlink,hardlink
reviewed_group_0056,train,20,/root/autodl-tmp/datasets/sources/construction-ppe_ultralytics_2025_v1/images/train/image878.jpg,/root/autodl-tmp/datasets/derived/construction_ppe3_canonical_v1_20260804_172437/images/all/train__image878.jpg,/root/autodl-tmp/datasets/derived/construction_ppe3_canonical_v1_20260804_172437/labels/all/train__image878.txt,1,1,1,False,fecee687cd4d0d99,hardlink,hardlink
reviewed_group_0056,train,20,/root/autodl-tmp/datasets/sources/construction-ppe_ultralytics_2025_v1/images/train/image879.jpg,/root/autodl-tmp/datasets/derived/construction_ppe3_canonical_v1_20260804_172437/images/all/train__image879.jpg,/root/autodl-tmp/datasets/derived/construction_ppe3_canonical_v1_20260804_172437/labels/all/train__image879.txt,1,1,1,False,f98de4478d4d0d98,hardlink,hardlink
reviewed_group_0056,train,20,/root/autodl-tmp/datasets/sources/construction-ppe_ultralytics_2025_v1/images/val/image867.jpg,/root/autodl-tmp/datasets/derived/construction_ppe3_canonical_v1_20260804_172437/images/all/val__image867.jpg,/root/autodl-tmp/datasets/derived/construction_ppe3_canonical_v1_20260804_172437/labels/all/val__image867.txt,1,1,1,False,4eccd88d0c4f0dcd,hardlink,hardlink
reviewed_group_0056,train,20,/root/autodl-tmp/datasets/sources/construction-ppe_ultralytics_2025_v1/images/val/image868.jpg,/root/autodl-tmp/datasets/derived/construction_ppe3_canonical_v1_20260804_172437/images/all/val__image868.jpg,/root/autodl-tmp/datasets/derived/construction_ppe3_canonical_v1_20260804_172437/labels/all/val__image868.txt,1,1,1,False,cd8b480d0c4d0e26,hardlink,hardlink
reviewed_group_0056,train,20,/root/autodl-tmp/datasets/sources/construction-ppe_ultralytics_2025_v1/images/val/image876.jpg,/root/autodl-tmp/datasets/derived/construction_ppe3_canonical_v1_20260804_172437/images/all/val__image876.jpg,/root/autodl-tmp/datasets/derived/construction_ppe3_canonical_v1_20260804_172437/labels/all/val__image876.txt,1,1,1,False,1f3fb71626368697,hardlink,hardlink
reviewed_group_0056,train,20,/root/autodl-tmp/datasets/sources/construction-ppe_ultralytics_2025_v1/images/test/image860.jpg,/root/autodl-tmp/datasets/derived/construction_ppe3_canonical_v1_20260804_172437/images/all/test__image860.jpg,/root/autodl-tmp/datasets/derived/construction_ppe3_canonical_v1_20260804_172437/labels/all/test__image860.txt,1,1,1,False,cdad5bc4640626c6,hardlink,hardlink
reviewed_group_0057,train,20,/root/autodl-tmp/datasets/sources/construction-ppe_ultralytics_2025_v1/images/train/image880.jpg,/root/autodl-tmp/datasets/derived/construction_ppe3_canonical_v1_20260804_172437/images/all/train__image880.jpg,/root/autodl-tmp/datasets/derived/construction_ppe3_canonical_v1_20260804_172437/labels/all/train__image880.txt,1,1,1,False,d98d464f8d0d8dca,hardlink,hardlink
reviewed_group_0057,train,20,/root/autodl-tmp/datasets/sources/construction-ppe_ultralytics_2025_v1/images/train/image881.jpg,/root/autodl-tmp/datasets/derived/construction_ppe3_canonical_v1_20260804_172437/images/all/train__image881.jpg,/root/autodl-tmp/datasets/derived/construction_ppe3_canonical_v1_20260804_172437/labels/all/train__image881.txt,1,1,1,False,d98f464f8f258fce,hardlink,hardlink
reviewed_group_0057,train,20,/root/autodl-tmp/datasets/sources/construction-ppe_ultralytics_2025_v1/images/train/image882.jpg,/root/autodl-tmp/datasets/derived/construction_ppe3_canonical_v1_20260804_172437/images/all/train__image882.jpg,/root/autodl-tmp/datasets/derived/construction_ppe3_canonical_v1_20260804_172437/labels/all/train__image882.txt,1,1,1,False,dbcfc6c70f2787cc,hardlink,hardlink
reviewed_group_0057,train,20,/root/autodl-tmp/datasets/sources/construction-ppe_ultralytics_2025_v1/images/train/image883.jpg,/root/autodl-tmp/datasets/derived/construction_ppe3_canonical_v1_20260804_172437/images/all/train__image883.jpg,/root/autodl-tmp/datasets/derived/construction_ppe3_canonical_v1_20260804_172437/labels/all/train__image883.txt,1,1,1,False,d3c7c6c607a787ed,hardlink,hardlink
reviewed_group_0057,train,20,/root/autodl-tmp/datasets/sources/construction-ppe_ultralytics_2025_v1/images/train/image886.jpeg,/root/autodl-tmp/datasets/derived/construction_ppe3_canonical_v1_20260804_172437/images/all/train__image886.jpeg,/root/autodl-tmp/datasets/derived/construction_ppe3_canonical_v1_20260804_172437/labels/all/train__image886.txt,2,2,2,False,00892763e7a31300,hardlink,hardlink
reviewed_group_0057,train,20,/root/autodl-tmp/datasets/sources/construction-ppe_ultralytics_2025_v1/images/train/image887.jpg,/root/autodl-tmp/datasets/derived/construction_ppe3_canonical_v1_20260804_172437/images/all/train__image887.jpg,/root/autodl-tmp/datasets/derived/construction_ppe3_canonical_v1_20260804_172437/labels/all/train__image887.txt,2,2,2,False,0010007070002000,hardlink,hardlink
reviewed_group_0057,train,20,/root/autodl-tmp/datasets/sources/construction-ppe_ultralytics_2025_v1/images/train/image888.jpg,/root/autodl-tmp/datasets/derived/construction_ppe3_canonical_v1_20260804_172437/images/all/train__image888.jpg,/root/autodl-tmp/datasets/derived/construction_ppe3_canonical_v1_20260804_172437/labels/all/train__image888.txt,1,1,1,False,0ea4838ea6a6c677,hardlink,hardlink
reviewed_group_0057,train,20,/root/autodl-tmp/datasets/sources/construction-ppe_ultralytics_2025_v1/images/train/image889.jpg,/root/autodl-tmp/datasets/derived/construction_ppe3_canonical_v1_20260804_172437/images/all/train__image889.jpg,/root/autodl-tmp/datasets/derived/construction_ppe3_canonical_v1_20260804_172437/labels/all/train__image889.txt,1,1,1,False,0d05038ea6a6c676,hardlink,hardlink
reviewed_group_0057,train,20,/root/autodl-tmp/datasets/sources/construction-ppe_ultralytics_2025_v1/images/train/image890.jpg,/root/autodl-tmp/datasets/derived/construction_ppe3_canonical_v1_20260804_172437/images/all/train__image890.jpg,/root/autodl-tmp/datasets/derived/construction_ppe3_canonical_v1_20260804_172437/labels/all/train__image890.txt,1,1,1,False,5d45030ea6a66676,hardlink,hardlink
reviewed_group_0057,train,20,/root/autodl-tmp/datasets/sources/construction-ppe_ultralytics_2025_v1/images/train/image891.jpg,/root/autodl-tmp/datasets/derived/construction_ppe3_canonical_v1_20260804_172437/images/all/train__image891.jpg,/root/autodl-tmp/datasets/derived/construction_ppe3_canonical_v1_20260804_172437/labels/all/train__image891.txt,1,1,1,False,bfa7124ea6a66666,hardlink,hardlink
reviewed_group_0057,train,20,/root/autodl-tmp/datasets/sources/construction-ppe_ultralytics_2025_v1/images/train/image892.jpg,/root/autodl-tmp/datasets/derived/construction_ppe3_canonical_v1_20260804_172437/images/all/train__image892.jpg,/root/autodl-tmp/datasets/derived/construction_ppe3_canonical_v1_20260804_172437/labels/all/train__image892.txt,1,1,1,False,b6a7124e26a66666,hardlink,hardlink
reviewed_group_0057,train,20,/root/autodl-tmp/datasets/sources/construction-ppe_ultralytics_2025_v1/images/train/image893.jpg,/root/autodl-tmp/datasets/derived/construction_ppe3_canonical_v1_20260804_172437/images/all/train__image893.jpg,/root/autodl-tmp/datasets/derived/construction_ppe3_canonical_v1_20260804_172437/labels/all/train__image893.txt,1,1,1,False,6c6d13ce6626c62e,hardlink,hardlink
reviewed_group_0057,train,20,/root/autodl-tmp/datasets/sources/construction-ppe_ultralytics_2025_v1/images/train/image894.jpg,/root/autodl-tmp/datasets/derived/construction_ppe3_canonical_v1_20260804_172437/images/all/train__image894.jpg,/root/autodl-tmp/datasets/derived/construction_ppe3_canonical_v1_20260804_172437/labels/all/train__image894.txt,1,1,1,False,cbcc16ce4f46cc2b,hardlink,hardlink
reviewed_group_0057,train,20,/root/autodl-tmp/datasets/sources/construction-ppe_ultralytics_2025_v1/images/train/image895.jpg,/root/autodl-tmp/datasets/derived/construction_ppe3_canonical_v1_20260804_172437/images/all/train__image895.jpg,/root/autodl-tmp/datasets/derived/construction_ppe3_canonical_v1_20260804_172437/labels/all/train__image895.txt,1,1,1,False,cb8c16cccd4ecd23,hardlink,hardlink
reviewed_group_0057,train,20,/root/autodl-tmp/datasets/sources/construction-ppe_ultralytics_2025_v1/images/train/image898.jpg,/root/autodl-tmp/datasets/derived/construction_ppe3_canonical_v1_20260804_172437/images/all/train__image898.jpg,/root/autodl-tmp/datasets/derived/construction_ppe3_canonical_v1_20260804_172437/labels/all/train__image898.txt,1,1,1,False,004d70979e4ead00,hardlink,hardlink
reviewed_group_0057,train,20,/root/autodl-tmp/datasets/sources/construction-ppe_ultralytics_2025_v1/images/train/image899.jpg,/root/autodl-tmp/datasets/derived/construction_ppe3_canonical_v1_20260804_172437/images/all/train__image899.jpg,/root/autodl-tmp/datasets/derived/construction_ppe3_canonical_v1_20260804_172437/labels/all/train__image899.txt,1,1,1,False,8a0f97cccccc4d9a,hardlink,hardlink
reviewed_group_0057,train,20,/root/autodl-tmp/datasets/sources/construction-ppe_ultralytics_2025_v1/images/val/image885.jpg,/root/autodl-tmp/datasets/derived/construction_ppe3_canonical_v1_20260804_172437/images/all/val__image885.jpg,/root/autodl-tmp/datasets/derived/construction_ppe3_canonical_v1_20260804_172437/labels/all/val__image885.txt,1,1,1,False,8ea4838ea626c667,hardlink,hardlink
reviewed_group_0057,train,20,/root/autodl-tmp/datasets/sources/construction-ppe_ultralytics_2025_v1/images/val/image896.jpg,/root/autodl-tmp/datasets/derived/construction_ppe3_canonical_v1_20260804_172437/images/all/val__image896.jpg,/root/autodl-tmp/datasets/derived/construction_ppe3_canonical_v1_20260804_172437/labels/all/val__image896.txt,1,1,1,False,cb4c378dcd4ccf26,hardlink,hardlink
reviewed_group_0057,train,20,/root/autodl-tmp/datasets/sources/construction-ppe_ultralytics_2025_v1/images/val/image897.jpeg,/root/autodl-tmp/datasets/derived/construction_ppe3_canonical_v1_20260804_172437/images/all/val__image897.jpeg,/root/autodl-tmp/datasets/derived/construction_ppe3_canonical_v1_20260804_172437/labels/all/val__image897.txt,2,2,2,False,d4d4ccccd4dcdcc4,hardlink,hardlink
reviewed_group_0057,train,20,/root/autodl-tmp/datasets/sources/construction-ppe_ultralytics_2025_v1/images/test/image884.jpg,/root/autodl-tmp/datasets/derived/construction_ppe3_canonical_v1_20260804_172437/images/all/test__image884.jpg,/root/autodl-tmp/datasets/derived/construction_ppe3_canonical_v1_20260804_172437/labels/all/test__image884.txt,1,1,1,False,86a682cea626c6e6,hardlink,hardlink
reviewed_group_0058,train,20,/root/autodl-tmp/datasets/sources/construction-ppe_ultralytics_2025_v1/images/train/image900.jpg,/root/autodl-tmp/datasets/derived/construction_ppe3_canonical_v1_20260804_172437/images/all/train__image900.jpg,/root/autodl-tmp/datasets/derived/construction_ppe3_canonical_v1_20260804_172437/labels/all/train__image900.txt,1,1,1,False,8a0fd7cece864dc9,hardlink,hardlink
reviewed_group_0058,train,20,/root/autodl-tmp/datasets/sources/construction-ppe_ultralytics_2025_v1/images/train/image901.jpg,/root/autodl-tmp/datasets/derived/construction_ppe3_canonical_v1_20260804_172437/images/all/train__image901.jpg,/root/autodl-tmp/datasets/derived/construction_ppe3_canonical_v1_20260804_172437/labels/all/train__image901.txt,1,1,1,False,0c064bc6e6e62666,hardlink,hardlink
reviewed_group_0058,train,20,/root/autodl-tmp/datasets/sources/construction-ppe_ultralytics_2025_v1/images/train/image902.jpg,/root/autodl-tmp/datasets/derived/construction_ppe3_canonical_v1_20260804_172437/images/all/train__image902.jpg,/root/autodl-tmp/datasets/derived/construction_ppe3_canonical_v1_20260804_172437/labels/all/train__image902.txt,1,1,1,False,04064bc7e6e7b666,hardlink,hardlink
reviewed_group_0058,train,20,/root/autodl-tmp/datasets/sources/construction-ppe_ultralytics_2025_v1/images/train/image903.jpg,/root/autodl-tmp/datasets/derived/construction_ppe3_canonical_v1_20260804_172437/images/all/train__image903.jpg,/root/autodl-tmp/datasets/derived/construction_ppe3_canonical_v1_20260804_172437/labels/all/train__image903.txt,1,1,1,False,0c06cbe7e6e79626,hardlink,hardlink
reviewed_group_0058,train,20,/root/autodl-tmp/datasets/sources/construction-ppe_ultralytics_2025_v1/images/train/image904.jpg,/root/autodl-tmp/datasets/derived/construction_ppe3_canonical_v1_20260804_172437/images/all/train__image904.jpg,/root/autodl-tmp/datasets/derived/construction_ppe3_canonical_v1_20260804_172437/labels/all/train__image904.txt,1,1,1,False,1d24cbcfe6e69626,hardlink,hardlink
reviewed_group_0058,train,20,/root/autodl-tmp/datasets/sources/construction-ppe_ultralytics_2025_v1/images/train/image906.jpg,/root/autodl-tmp/datasets/derived/construction_ppe3_canonical_v1_20260804_172437/images/all/train__image906.jpg,/root/autodl-tmp/datasets/derived/construction_ppe3_canonical_v1_20260804_172437/labels/all/train__image906.txt,1,1,1,False,ce972919981a5a99,hardlink,hardlink
reviewed_group_0058,train,20,/root/autodl-tmp/datasets/sources/construction-ppe_ultralytics_2025_v1/images/train/image907.jpeg,/root/autodl-tmp/datasets/derived/construction_ppe3_canonical_v1_20260804_172437/images/all/train__image907.jpeg,/root/autodl-tmp/datasets/derived/construction_ppe3_canonical_v1_20260804_172437/labels/all/train__image907.txt,2,2,2,False,dcc4dcd4dcdcf4d4,hardlink,hardlink
reviewed_group_0058,train,20,/root/autodl-tmp/datasets/sources/construction-ppe_ultralytics_2025_v1/images/train/image908.jpg,/root/autodl-tmp/datasets/derived/construction_ppe3_canonical_v1_20260804_172437/images/all/train__image908.jpg,/root/autodl-tmp/datasets/derived/construction_ppe3_canonical_v1_20260804_172437/labels/all/train__image908.txt,3,3,3,False,00b63385d4ab9700,hardlink,hardlink
reviewed_group_0058,train,20,/root/autodl-tmp/datasets/sources/construction-ppe_ultralytics_2025_v1/images/train/image909.jpg,/root/autodl-tmp/datasets/derived/construction_ppe3_canonical_v1_20260804_172437/images/all/train__image909.jpg,/root/autodl-tmp/datasets/derived/construction_ppe3_canonical_v1_20260804_172437/labels/all/train__image909.txt,1,1,1,False,c6172d99981a5b99,hardlink,hardlink
reviewed_group_0058,train,20,/root/autodl-tmp/datasets/sources/construction-ppe_ultralytics_2025_v1/images/train/image911.jpg,/root/autodl-tmp/datasets/derived/construction_ppe3_canonical_v1_20260804_172437/images/all/train__image911.jpg,/root/autodl-tmp/datasets/derived/construction_ppe3_canonical_v1_20260804_172437/labels/all/train__image911.txt,1,1,1,False,de1f2d999a0f49c9,hardlink,hardlink
reviewed_group_0058,train,20,/root/autodl-tmp/datasets/sources/construction-ppe_ultralytics_2025_v1/images/train/image912.jpg,/root/autodl-tmp/datasets/derived/construction_ppe3_canonical_v1_20260804_172437/images/all/train__image912.jpg,/root/autodl-tmp/datasets/derived/construction_ppe3_canonical_v1_20260804_172437/labels/all/train__image912.txt,1,1,1,False,989eab9b9c2d2d6c,hardlink,hardlink
reviewed_group_0058,train,20,/root/autodl-tmp/datasets/sources/construction-ppe_ultralytics_2025_v1/images/train/image914.jpeg,/root/autodl-tmp/datasets/derived/construction_ppe3_canonical_v1_20260804_172437/images/all/train__image914.jpeg,/root/autodl-tmp/datasets/derived/construction_ppe3_canonical_v1_20260804_172437/labels/all/train__image914.txt,2,2,2,False,00c0f0ccced6b400,hardlink,hardlink
reviewed_group_0058,train,20,/root/autodl-tmp/datasets/sources/construction-ppe_ultralytics_2025_v1/images/train/image915.jpg,/root/autodl-tmp/datasets/derived/construction_ppe3_canonical_v1_20260804_172437/images/all/train__image915.jpg,/root/autodl-tmp/datasets/derived/construction_ppe3_canonical_v1_20260804_172437/labels/all/train__image915.txt,1,1,1,False,3000787171700030,hardlink,hardlink
reviewed_group_0058,train,20,/root/autodl-tmp/datasets/sources/construction-ppe_ultralytics_2025_v1/images/train/image916.jpg,/root/autodl-tmp/datasets/derived/construction_ppe3_canonical_v1_20260804_172437/images/all/train__image916.jpg,/root/autodl-tmp/datasets/derived/construction_ppe3_canonical_v1_20260804_172437/labels/all/train__image916.txt,1,1,1,False,90983b9a9a0a4949,hardlink,hardlink
reviewed_group_0058,train,20,/root/autodl-tmp/datasets/sources/construction-ppe_ultralytics_2025_v1/images/train/image917.jpg,/root/autodl-tmp/datasets/derived/construction_ppe3_canonical_v1_20260804_172437/images/all/train__image917.jpg,/root/autodl-tmp/datasets/derived/construction_ppe3_canonical_v1_20260804_172437/labels/all/train__image917.txt,1,1,1,False,2835363634949293,hardlink,hardlink
reviewed_group_0058,train,20,/root/autodl-tmp/datasets/sources/construction-ppe_ultralytics_2025_v1/images/train/image918.jpg,/root/autodl-tmp/datasets/derived/construction_ppe3_canonical_v1_20260804_172437/images/all/train__image918.jpg,/root/autodl-tmp/datasets/derived/construction_ppe3_canonical_v1_20260804_172437/labels/all/train__image918.txt,1,1,1,False,d89e9b9b9a0a49c9,hardlink,hardlink
reviewed_group_0058,train,20,/root/autodl-tmp/datasets/sources/construction-ppe_ultralytics_2025_v1/images/train/image919.jpeg,/root/autodl-tmp/datasets/derived/construction_ppe3_canonical_v1_20260804_172437/images/all/train__image919.jpeg,/root/autodl-tmp/datasets/derived/construction_ppe3_canonical_v1_20260804_172437/labels/all/train__image919.txt,2,2,2,False,00edf2d82cece400,hardlink,hardlink
reviewed_group_0058,train,20,/root/autodl-tmp/datasets/sources/construction-ppe_ultralytics_2025_v1/images/test/image905.jpg,/root/autodl-tmp/datasets/derived/construction_ppe3_canonical_v1_20260804_172437/images/all/test__image905.jpg,/root/autodl-tmp/datasets/derived/construction_ppe3_canonical_v1_20260804_172437/labels/all/test__image905.txt,1,1,1,False,7b25cbcee6e68626,hardlink,hardlink
reviewed_group_0058,train,20,/root/autodl-tmp/datasets/sources/construction-ppe_ultralytics_2025_v1/images/test/image910.jpg,/root/autodl-tmp/datasets/derived/construction_ppe3_canonical_v1_20260804_172437/images/all/test__image910.jpg,/root/autodl-tmp/datasets/derived/construction_ppe3_canonical_v1_20260804_172437/labels/all/test__image910.txt,1,1,1,False,ce1f2d99980f49c9,hardlink,hardlink
reviewed_group_0058,train,20,/root/autodl-tmp/datasets/sources/construction-ppe_ultralytics_2025_v1/images/test/image913.jpg,/root/autodl-tmp/datasets/derived/construction_ppe3_canonical_v1_20260804_172437/images/all/test__image913.jpg,/root/autodl-tmp/datasets/derived/construction_ppe3_canonical_v1_20260804_172437/labels/all/test__image913.txt,1,1,1,False,949cab9b982d2d4c,hardlink,hardlink
reviewed_group_0059,train,20,/root/autodl-tmp/datasets/sources/construction-ppe_ultralytics_2025_v1/images/train/image920.jpg,/root/autodl-tmp/datasets/derived/construction_ppe3_canonical_v1_20260804_172437/images/all/train__image920.jpg,/root/autodl-tmp/datasets/derived/construction_ppe3_canonical_v1_20260804_172437/labels/all/train__image920.txt,4,4,4,False,491f9796d78f4f55,hardlink,hardlink
reviewed_group_0059,train,20,/root/autodl-tmp/datasets/sources/construction-ppe_ultralytics_2025_v1/images/train/image924.jpeg,/root/autodl-tmp/datasets/derived/construction_ppe3_canonical_v1_20260804_172437/images/all/train__image924.jpeg,/root/autodl-tmp/datasets/derived/construction_ppe3_canonical_v1_20260804_172437/labels/all/train__image924.txt,2,2,0,False,00c2c29820707000,hardlink,hardlink
reviewed_group_0059,train,20,/root/autodl-tmp/datasets/sources/construction-ppe_ultralytics_2025_v1/images/train/image925.jpg,/root/autodl-tmp/datasets/derived/construction_ppe3_canonical_v1_20260804_172437/images/all/train__image925.jpg,/root/autodl-tmp/datasets/derived/construction_ppe3_canonical_v1_20260804_172437/labels/all/train__image925.txt,1,1,1,False,feef4ccc8ecc96db,hardlink,hardlink
reviewed_group_0059,train,20,/root/autodl-tmp/datasets/sources/construction-ppe_ultralytics_2025_v1/images/train/image926.jpg,/root/autodl-tmp/datasets/derived/construction_ppe3_canonical_v1_20260804_172437/images/all/train__image926.jpg,/root/autodl-tmp/datasets/derived/construction_ppe3_canonical_v1_20260804_172437/labels/all/train__image926.txt,1,1,1,False,ffef4ccc8ecc949a,hardlink,hardlink
reviewed_group_0059,train,20,/root/autodl-tmp/datasets/sources/construction-ppe_ultralytics_2025_v1/images/train/image928.jpg,/root/autodl-tmp/datasets/derived/construction_ppe3_canonical_v1_20260804_172437/images/all/train__image928.jpg,/root/autodl-tmp/datasets/derived/construction_ppe3_canonical_v1_20260804_172437/labels/all/train__image928.txt,1,1,1,False,deef4ccc8cacb49a,hardlink,hardlink
reviewed_group_0059,train,20,/root/autodl-tmp/datasets/sources/construction-ppe_ultralytics_2025_v1/images/train/image929.jpg,/root/autodl-tmp/datasets/derived/construction_ppe3_canonical_v1_20260804_172437/images/all/train__image929.jpg,/root/autodl-tmp/datasets/derived/construction_ppe3_canonical_v1_20260804_172437/labels/all/train__image929.txt,1,1,1,False,deefcccc8cacac92,hardlink,hardlink
reviewed_group_0059,train,20,/root/autodl-tmp/datasets/sources/construction-ppe_ultralytics_2025_v1/images/train/image930.jpeg,/root/autodl-tmp/datasets/derived/construction_ppe3_canonical_v1_20260804_172437/images/all/train__image930.jpeg,/root/autodl-tmp/datasets/derived/construction_ppe3_canonical_v1_20260804_172437/labels/all/train__image930.txt,2,2,0,False,0099919bc3e32300,hardlink,hardlink
reviewed_group_0059,train,20,/root/autodl-tmp/datasets/sources/construction-ppe_ultralytics_2025_v1/images/train/image931.jpg,/root/autodl-tmp/datasets/derived/construction_ppe3_canonical_v1_20260804_172437/images/all/train__image931.jpg,/root/autodl-tmp/datasets/derived/construction_ppe3_canonical_v1_20260804_172437/labels/all/train__image931.txt,1,1,1,False,0081c3e4c4e16300,hardlink,hardlink
reviewed_group_0059,train,20,/root/autodl-tmp/datasets/sources/construction-ppe_ultralytics_2025_v1/images/train/image932.jpg,/root/autodl-tmp/datasets/derived/construction_ppe3_canonical_v1_20260804_172437/images/all/train__image932.jpg,/root/autodl-tmp/datasets/derived/construction_ppe3_canonical_v1_20260804_172437/labels/all/train__image932.txt,1,1,1,False,dee6cccc84062ca4,hardlink,hardlink
reviewed_group_0059,train,20,/root/autodl-tmp/datasets/sources/construction-ppe_ultralytics_2025_v1/images/train/image936.jpg,/root/autodl-tmp/datasets/derived/construction_ppe3_canonical_v1_20260804_172437/images/all/train__image936.jpg,/root/autodl-tmp/datasets/derived/construction_ppe3_canonical_v1_20260804_172437/labels/all/train__image936.txt,1,1,1,False,d2adce8ec42c4e64,hardlink,hardlink
reviewed_group_0059,train,20,/root/autodl-tmp/datasets/sources/construction-ppe_ultralytics_2025_v1/images/train/image937.jpg,/root/autodl-tmp/datasets/derived/construction_ppe3_canonical_v1_20260804_172437/images/all/train__image937.jpg,/root/autodl-tmp/datasets/derived/construction_ppe3_canonical_v1_20260804_172437/labels/all/train__image937.txt,1,1,1,False,d2ad8c9ec6464664,hardlink,hardlink
reviewed_group_0059,train,20,/root/autodl-tmp/datasets/sources/construction-ppe_ultralytics_2025_v1/images/train/image938.jpg,/root/autodl-tmp/datasets/derived/construction_ppe3_canonical_v1_20260804_172437/images/all/train__image938.jpg,/root/autodl-tmp/datasets/derived/construction_ppe3_canonical_v1_20260804_172437/labels/all/train__image938.txt,1,1,1,False,daa5860ac6864665,hardlink,hardlink
reviewed_group_0059,train,20,/root/autodl-tmp/datasets/sources/construction-ppe_ultralytics_2025_v1/images/train/image939.jpeg,/root/autodl-tmp/datasets/derived/construction_ppe3_canonical_v1_20260804_172437/images/all/train__image939.jpeg,/root/autodl-tmp/datasets/derived/construction_ppe3_canonical_v1_20260804_172437/labels/all/train__image939.txt,2,2,0,False,00d4cc49d1536300,hardlink,hardlink
reviewed_group_0059,train,20,/root/autodl-tmp/datasets/sources/construction-ppe_ultralytics_2025_v1/images/val/image933.jpg,/root/autodl-tmp/datasets/derived/construction_ppe3_canonical_v1_20260804_172437/images/all/val__image933.jpg,/root/autodl-tmp/datasets/derived/construction_ppe3_canonical_v1_20260804_172437/labels/all/val__image933.txt,1,1,1,False,dae4c6cea4466c24,hardlink,hardlink
reviewed_group_0059,train,20,/root/autodl-tmp/datasets/sources/construction-ppe_ultralytics_2025_v1/images/test/image921.jpg,/root/autodl-tmp/datasets/derived/construction_ppe3_canonical_v1_20260804_172437/images/all/test__image921.jpg,/root/autodl-tmp/datasets/derived/construction_ppe3_canonical_v1_20260804_172437/labels/all/test__image921.txt,1,1,1,False,ee6f4dcc4d95a464,hardlink,hardlink
reviewed_group_0059,train,20,/root/autodl-tmp/datasets/sources/construction-ppe_ultralytics_2025_v1/images/test/image922.jpg,/root/autodl-tmp/datasets/derived/construction_ppe3_canonical_v1_20260804_172437/images/all/test__image922.jpg,/root/autodl-tmp/datasets/derived/construction_ppe3_canonical_v1_20260804_172437/labels/all/test__image922.txt,1,1,1,False,ec67cecc4d95a464,hardlink,hardlink
reviewed_group_0059,train,20,/root/autodl-tmp/datasets/sources/construction-ppe_ultralytics_2025_v1/images/test/image923.jpg,/root/autodl-tmp/datasets/derived/construction_ppe3_canonical_v1_20260804_172437/images/all/test__image923.jpg,/root/autodl-tmp/datasets/derived/construction_ppe3_canonical_v1_20260804_172437/labels/all/test__image923.txt,1,1,1,False,f7752eeeee6c5a49,hardlink,hardlink
reviewed_group_0059,train,20,/root/autodl-tmp/datasets/sources/construction-ppe_ultralytics_2025_v1/images/test/image927.jpg,/root/autodl-tmp/datasets/derived/construction_ppe3_canonical_v1_20260804_172437/images/all/test__image927.jpg,/root/autodl-tmp/datasets/derived/construction_ppe3_canonical_v1_20260804_172437/labels/all/test__image927.txt,1,1,1,False,f7ef4ccc8eccb49a,hardlink,hardlink
reviewed_group_0059,train,20,/root/autodl-tmp/datasets/sources/construction-ppe_ultralytics_2025_v1/images/test/image934.jpg,/root/autodl-tmp/datasets/derived/construction_ppe3_canonical_v1_20260804_172437/images/all/test__image934.jpg,/root/autodl-tmp/datasets/derived/construction_ppe3_canonical_v1_20260804_172437/labels/all/test__image934.txt,1,1,1,False,daa4c6cfa4644c24,hardlink,hardlink
reviewed_group_0059,train,20,/root/autodl-tmp/datasets/sources/construction-ppe_ultralytics_2025_v1/images/test/image935.jpg,/root/autodl-tmp/datasets/derived/construction_ppe3_canonical_v1_20260804_172437/images/all/test__image935.jpg,/root/autodl-tmp/datasets/derived/construction_ppe3_canonical_v1_20260804_172437/labels/all/test__image935.txt,1,1,1,False,daa5cecfac6c4c24,hardlink,hardlink
reviewed_group_0060,train,20,/root/autodl-tmp/datasets/sources/construction-ppe_ultralytics_2025_v1/images/train/image940.jpg,/root/autodl-tmp/datasets/derived/construction_ppe3_canonical_v1_20260804_172437/images/all/train__image940.jpg,/root/autodl-tmp/datasets/derived/construction_ppe3_canonical_v1_20260804_172437/labels/all/train__image940.txt,10,6,6,False,cccd8d33d8c81a01,hardlink,hardlink
reviewed_group_0060,train,20,/root/autodl-tmp/datasets/sources/construction-ppe_ultralytics_2025_v1/images/train/image941.jpg,/root/autodl-tmp/datasets/derived/construction_ppe3_canonical_v1_20260804_172437/images/all/train__image941.jpg,/root/autodl-tmp/datasets/derived/construction_ppe3_canonical_v1_20260804_172437/labels/all/train__image941.txt,1,1,1,False,f9a5060bc786c76d,hardlink,hardlink
reviewed_group_0060,train,20,/root/autodl-tmp/datasets/sources/construction-ppe_ultralytics_2025_v1/images/train/image944.jpg,/root/autodl-tmp/datasets/derived/construction_ppe3_canonical_v1_20260804_172437/images/all/train__image944.jpg,/root/autodl-tmp/datasets/derived/construction_ppe3_canonical_v1_20260804_172437/labels/all/train__image944.txt,1,1,1,False,d2cd0f938e4d4b8f,hardlink,hardlink
reviewed_group_0060,train,20,/root/autodl-tmp/datasets/sources/construction-ppe_ultralytics_2025_v1/images/train/image945.jpg,/root/autodl-tmp/datasets/derived/construction_ppe3_canonical_v1_20260804_172437/images/all/train__image945.jpg,/root/autodl-tmp/datasets/derived/construction_ppe3_canonical_v1_20260804_172437/labels/all/train__image945.txt,1,1,1,False,f6ad8d9786ce490f,hardlink,hardlink
reviewed_group_0060,train,20,/root/autodl-tmp/datasets/sources/construction-ppe_ultralytics_2025_v1/images/train/image946.jpg,/root/autodl-tmp/datasets/derived/construction_ppe3_canonical_v1_20260804_172437/images/all/train__image946.jpg,/root/autodl-tmp/datasets/derived/construction_ppe3_canonical_v1_20260804_172437/labels/all/train__image946.txt,1,1,1,False,e464474744672793,hardlink,hardlink
reviewed_group_0060,train,20,/root/autodl-tmp/datasets/sources/construction-ppe_ultralytics_2025_v1/images/train/image947.jpg,/root/autodl-tmp/datasets/derived/construction_ppe3_canonical_v1_20260804_172437/images/all/train__image947.jpg,/root/autodl-tmp/datasets/derived/construction_ppe3_canonical_v1_20260804_172437/labels/all/train__image947.txt,1,1,1,False,f6e66767c64e92c9,hardlink,hardlink
reviewed_group_0060,train,20,/root/autodl-tmp/datasets/sources/construction-ppe_ultralytics_2025_v1/images/train/image948.jpg,/root/autodl-tmp/datasets/derived/construction_ppe3_canonical_v1_20260804_172437/images/all/train__image948.jpg,/root/autodl-tmp/datasets/derived/construction_ppe3_canonical_v1_20260804_172437/labels/all/train__image948.txt,1,1,1,False,f7a427274f4a92cd,hardlink,hardlink
reviewed_group_0060,train,20,/root/autodl-tmp/datasets/sources/construction-ppe_ultralytics_2025_v1/images/train/image949.jpg,/root/autodl-tmp/datasets/derived/construction_ppe3_canonical_v1_20260804_172437/images/all/train__image949.jpg,/root/autodl-tmp/datasets/derived/construction_ppe3_canonical_v1_20260804_172437/labels/all/train__image949.txt,1,1,1,False,edac27074d8e8b4c,hardlink,hardlink
reviewed_group_0060,train,20,/root/autodl-tmp/datasets/sources/construction-ppe_ultralytics_2025_v1/images/train/image950.jpeg,/root/autodl-tmp/datasets/derived/construction_ppe3_canonical_v1_20260804_172437/images/all/train__image950.jpeg,/root/autodl-tmp/datasets/derived/construction_ppe3_canonical_v1_20260804_172437/labels/all/train__image950.txt,2,2,0,False,0031d9f706b2b300,hardlink,hardlink
reviewed_group_0060,train,20,/root/autodl-tmp/datasets/sources/construction-ppe_ultralytics_2025_v1/images/train/image951.jpg,/root/autodl-tmp/datasets/derived/construction_ppe3_canonical_v1_20260804_172437/images/all/train__image951.jpg,/root/autodl-tmp/datasets/derived/construction_ppe3_canonical_v1_20260804_172437/labels/all/train__image951.txt,4,4,4,False,0040a4255a266600,hardlink,hardlink
reviewed_group_0060,train,20,/root/autodl-tmp/datasets/sources/construction-ppe_ultralytics_2025_v1/images/train/image952.jpg,/root/autodl-tmp/datasets/derived/construction_ppe3_canonical_v1_20260804_172437/images/all/train__image952.jpg,/root/autodl-tmp/datasets/derived/construction_ppe3_canonical_v1_20260804_172437/labels/all/train__image952.txt,1,1,1,False,eded26074d86cb6c,hardlink,hardlink
reviewed_group_0060,train,20,/root/autodl-tmp/datasets/sources/construction-ppe_ultralytics_2025_v1/images/train/image953.jpg,/root/autodl-tmp/datasets/derived/construction_ppe3_canonical_v1_20260804_172437/images/all/train__image953.jpg,/root/autodl-tmp/datasets/derived/construction_ppe3_canonical_v1_20260804_172437/labels/all/train__image953.txt,1,1,1,False,aceca60605a44764,hardlink,hardlink
reviewed_group_0060,train,20,/root/autodl-tmp/datasets/sources/construction-ppe_ultralytics_2025_v1/images/train/image954.jpg,/root/autodl-tmp/datasets/derived/construction_ppe3_canonical_v1_20260804_172437/images/all/train__image954.jpg,/root/autodl-tmp/datasets/derived/construction_ppe3_canonical_v1_20260804_172437/labels/all/train__image954.txt,1,1,1,False,a6e6838306466624,hardlink,hardlink
reviewed_group_0060,train,20,/root/autodl-tmp/datasets/sources/construction-ppe_ultralytics_2025_v1/images/train/image957.jpg,/root/autodl-tmp/datasets/derived/construction_ppe3_canonical_v1_20260804_172437/images/all/train__image957.jpg,/root/autodl-tmp/datasets/derived/construction_ppe3_canonical_v1_20260804_172437/labels/all/train__image957.txt,1,1,1,False,eec85d4b4ba9da4c,hardlink,hardlink
reviewed_group_0060,train,20,/root/autodl-tmp/datasets/sources/construction-ppe_ultralytics_2025_v1/images/train/image958.jpg,/root/autodl-tmp/datasets/derived/construction_ppe3_canonical_v1_20260804_172437/images/all/train__image958.jpg,/root/autodl-tmp/datasets/derived/construction_ppe3_canonical_v1_20260804_172437/labels/all/train__image958.txt,1,1,1,False,ee8c1d4b4b89db4c,hardlink,hardlink
reviewed_group_0060,train,20,/root/autodl-tmp/datasets/sources/construction-ppe_ultralytics_2025_v1/images/train/image959.jpg,/root/autodl-tmp/datasets/derived/construction_ppe3_canonical_v1_20260804_172437/images/all/train__image959.jpg,/root/autodl-tmp/datasets/derived/construction_ppe3_canonical_v1_20260804_172437/labels/all/train__image959.txt,1,1,1,False,ea8c1d4b4989db4c,hardlink,hardlink
reviewed_group_0060,train,20,/root/autodl-tmp/datasets/sources/construction-ppe_ultralytics_2025_v1/images/val/image942.jpg,/root/autodl-tmp/datasets/derived/construction_ppe3_canonical_v1_20260804_172437/images/all/val__image942.jpg,/root/autodl-tmp/datasets/derived/construction_ppe3_canonical_v1_20260804_172437/labels/all/val__image942.txt,1,1,1,False,fba5070b478d854d,hardlink,hardlink
reviewed_group_0060,train,20,/root/autodl-tmp/datasets/sources/construction-ppe_ultralytics_2025_v1/images/val/image955.jpg,/root/autodl-tmp/datasets/derived/construction_ppe3_canonical_v1_20260804_172437/images/all/val__image955.jpg,/root/autodl-tmp/datasets/derived/construction_ppe3_canonical_v1_20260804_172437/labels/all/val__image955.txt,1,1,1,False,d6e6838346562626,hardlink,hardlink
reviewed_group_0060,train,20,/root/autodl-tmp/datasets/sources/construction-ppe_ultralytics_2025_v1/images/test/image943.jpg,/root/autodl-tmp/datasets/derived/construction_ppe3_canonical_v1_20260804_172437/images/all/test__image943.jpg,/root/autodl-tmp/datasets/derived/construction_ppe3_canonical_v1_20260804_172437/labels/all/test__image943.txt,1,1,1,False,d3ec0e138f4d0e87,hardlink,hardlink
reviewed_group_0060,train,20,/root/autodl-tmp/datasets/sources/construction-ppe_ultralytics_2025_v1/images/test/image956.jpg,/root/autodl-tmp/datasets/derived/construction_ppe3_canonical_v1_20260804_172437/images/all/test__image956.jpg,/root/autodl-tmp/datasets/derived/construction_ppe3_canonical_v1_20260804_172437/labels/all/test__image956.txt,1,1,1,False,f6e6d383a35626a6,hardlink,hardlink
reviewed_group_0061,train,20,/root/autodl-tmp/datasets/sources/construction-ppe_ultralytics_2025_v1/images/train/image960.jpg,/root/autodl-tmp/datasets/derived/construction_ppe3_canonical_v1_20260804_172437/images/all/train__image960.jpg,/root/autodl-tmp/datasets/derived/construction_ppe3_canonical_v1_20260804_172437/labels/all/train__image960.txt,1,1,1,False,ea891d490999d96c,hardlink,hardlink
reviewed_group_0061,train,20,/root/autodl-tmp/datasets/sources/construction-ppe_ultralytics_2025_v1/images/train/image962.jpg,/root/autodl-tmp/datasets/derived/construction_ppe3_canonical_v1_20260804_172437/images/all/train__image962.jpg,/root/autodl-tmp/datasets/derived/construction_ppe3_canonical_v1_20260804_172437/labels/all/train__image962.txt,3,3,2,False,00c0c0e0e8ecd400,hardlink,hardlink
reviewed_group_0061,train,20,/root/autodl-tmp/datasets/sources/construction-ppe_ultralytics_2025_v1/images/train/image963.jpeg,/root/autodl-tmp/datasets/derived/construction_ppe3_canonical_v1_20260804_172437/images/all/train__image963.jpeg,/root/autodl-tmp/datasets/derived/construction_ppe3_canonical_v1_20260804_172437/labels/all/train__image963.txt,1,1,0,False,00616446c3434300,hardlink,hardlink
reviewed_group_0061,train,20,/root/autodl-tmp/datasets/sources/construction-ppe_ultralytics_2025_v1/images/train/image964.jpg,/root/autodl-tmp/datasets/derived/construction_ppe3_canonical_v1_20260804_172437/images/all/train__image964.jpg,/root/autodl-tmp/datasets/derived/construction_ppe3_canonical_v1_20260804_172437/labels/all/train__image964.txt,5,5,3,False,00da9890b28e8600,hardlink,hardlink
reviewed_group_0061,train,20,/root/autodl-tmp/datasets/sources/construction-ppe_ultralytics_2025_v1/images/train/image966.jpg,/root/autodl-tmp/datasets/derived/construction_ppe3_canonical_v1_20260804_172437/images/all/train__image966.jpg,/root/autodl-tmp/datasets/derived/construction_ppe3_canonical_v1_20260804_172437/labels/all/train__image966.txt,1,1,1,False,aacc0c4989dc4964,hardlink,hardlink
reviewed_group_0061,train,20,/root/autodl-tmp/datasets/sources/construction-ppe_ultralytics_2025_v1/images/train/image967.jpg,/root/autodl-tmp/datasets/derived/construction_ppe3_canonical_v1_20260804_172437/images/all/train__image967.jpg,/root/autodl-tmp/datasets/derived/construction_ppe3_canonical_v1_20260804_172437/labels/all/train__image967.txt,1,1,1,False,afcc8c8ccc4c6c36,hardlink,hardlink
reviewed_group_0061,train,20,/root/autodl-tmp/datasets/sources/construction-ppe_ultralytics_2025_v1/images/train/image968.jpg,/root/autodl-tmp/datasets/derived/construction_ppe3_canonical_v1_20260804_172437/images/all/train__image968.jpg,/root/autodl-tmp/datasets/derived/construction_ppe3_canonical_v1_20260804_172437/labels/all/train__image968.txt,1,1,1,False,afcc8c8c4c4c2c36,hardlink,hardlink
reviewed_group_0061,train,20,/root/autodl-tmp/datasets/sources/construction-ppe_ultralytics_2025_v1/images/train/image969.jpg,/root/autodl-tmp/datasets/derived/construction_ppe3_canonical_v1_20260804_172437/images/all/train__image969.jpg,/root/autodl-tmp/datasets/derived/construction_ppe3_canonical_v1_20260804_172437/labels/all/train__image969.txt,1,1,1,False,b7ccc8c8cc4a2cb6,hardlink,hardlink
reviewed_group_0061,train,20,/root/autodl-tmp/datasets/sources/construction-ppe_ultralytics_2025_v1/images/train/image970.jpeg,/root/autodl-tmp/datasets/derived/construction_ppe3_canonical_v1_20260804_172437/images/all/train__image970.jpeg,/root/autodl-tmp/datasets/derived/construction_ppe3_canonical_v1_20260804_172437/labels/all/train__image970.txt,1,0,0,False,dcc4d4d8c8c8c8c0,hardlink,hardlink
reviewed_group_0061,train,20,/root/autodl-tmp/datasets/sources/construction-ppe_ultralytics_2025_v1/images/train/image971.jpg,/root/autodl-tmp/datasets/derived/construction_ppe3_canonical_v1_20260804_172437/images/all/train__image971.jpg,/root/autodl-tmp/datasets/derived/construction_ppe3_canonical_v1_20260804_172437/labels/all/train__image971.txt,1,1,1,False,80f8ecb0302c4d05,hardlink,hardlink
reviewed_group_0061,train,20,/root/autodl-tmp/datasets/sources/construction-ppe_ultralytics_2025_v1/images/train/image972.jpg,/root/autodl-tmp/datasets/derived/construction_ppe3_canonical_v1_20260804_172437/images/all/train__image972.jpg,/root/autodl-tmp/datasets/derived/construction_ppe3_canonical_v1_20260804_172437/labels/all/train__image972.txt,1,1,1,False,bfcccdcc4c4a2cb6,hardlink,hardlink
reviewed_group_0061,train,20,/root/autodl-tmp/datasets/sources/construction-ppe_ultralytics_2025_v1/images/train/image973.jpg,/root/autodl-tmp/datasets/derived/construction_ppe3_canonical_v1_20260804_172437/images/all/train__image973.jpg,/root/autodl-tmp/datasets/derived/construction_ppe3_canonical_v1_20260804_172437/labels/all/train__image973.txt,1,1,1,False,ffe4878c846e24b2,hardlink,hardlink
reviewed_group_0061,train,20,/root/autodl-tmp/datasets/sources/construction-ppe_ultralytics_2025_v1/images/train/image974.jpg,/root/autodl-tmp/datasets/derived/construction_ppe3_canonical_v1_20260804_172437/images/all/train__image974.jpg,/root/autodl-tmp/datasets/derived/construction_ppe3_canonical_v1_20260804_172437/labels/all/train__image974.txt,1,1,1,False,fde487ac0c4e24b2,hardlink,hardlink
reviewed_group_0061,train,20,/root/autodl-tmp/datasets/sources/construction-ppe_ultralytics_2025_v1/images/train/image975.jpg,/root/autodl-tmp/datasets/derived/construction_ppe3_canonical_v1_20260804_172437/images/all/train__image975.jpg,/root/autodl-tmp/datasets/derived/construction_ppe3_canonical_v1_20260804_172437/labels/all/train__image975.txt,1,1,1,False,efcccdcc0c4e2cb6,hardlink,hardlink
reviewed_group_0061,train,20,/root/autodl-tmp/datasets/sources/construction-ppe_ultralytics_2025_v1/images/train/image976.jpeg,/root/autodl-tmp/datasets/derived/construction_ppe3_canonical_v1_20260804_172437/images/all/train__image976.jpeg,/root/autodl-tmp/datasets/derived/construction_ppe3_canonical_v1_20260804_172437/labels/all/train__image976.txt,1,1,0,False,e0e0c8c4e4c4c4c4,hardlink,hardlink
reviewed_group_0061,train,20,/root/autodl-tmp/datasets/sources/construction-ppe_ultralytics_2025_v1/images/train/image977.jpg,/root/autodl-tmp/datasets/derived/construction_ppe3_canonical_v1_20260804_172437/images/all/train__image977.jpg,/root/autodl-tmp/datasets/derived/construction_ppe3_canonical_v1_20260804_172437/labels/all/train__image977.txt,1,1,1,False,afcc8c8c0c4e2cb6,hardlink,hardlink
reviewed_group_0061,train,20,/root/autodl-tmp/datasets/sources/construction-ppe_ultralytics_2025_v1/images/train/image978.jpg,/root/autodl-tmp/datasets/derived/construction_ppe3_canonical_v1_20260804_172437/images/all/train__image978.jpg,/root/autodl-tmp/datasets/derived/construction_ppe3_canonical_v1_20260804_172437/labels/all/train__image978.txt,1,1,1,False,a5c48ecc044e2c36,hardlink,hardlink
reviewed_group_0061,train,20,/root/autodl-tmp/datasets/sources/construction-ppe_ultralytics_2025_v1/images/val/image961.jpeg,/root/autodl-tmp/datasets/derived/construction_ppe3_canonical_v1_20260804_172437/images/all/val__image961.jpeg,/root/autodl-tmp/datasets/derived/construction_ppe3_canonical_v1_20260804_172437/labels/all/val__image961.txt,1,1,1,False,d0d8f8dce4e4ecc8,hardlink,hardlink
reviewed_group_0061,train,20,/root/autodl-tmp/datasets/sources/construction-ppe_ultralytics_2025_v1/images/test/image965.jpg,/root/autodl-tmp/datasets/derived/construction_ppe3_canonical_v1_20260804_172437/images/all/test__image965.jpg,/root/autodl-tmp/datasets/derived/construction_ppe3_canonical_v1_20260804_172437/labels/all/test__image965.txt,1,1,1,False,6a891c490999496c,hardlink,hardlink
reviewed_group_0061,train,20,/root/autodl-tmp/datasets/sources/construction-ppe_ultralytics_2025_v1/images/test/image979.jpg,/root/autodl-tmp/datasets/derived/construction_ppe3_canonical_v1_20260804_172437/images/all/test__image979.jpg,/root/autodl-tmp/datasets/derived/construction_ppe3_canonical_v1_20260804_172437/labels/all/test__image979.txt,1,1,1,False,adcc9acc8c4e6c26,hardlink,hardlink
reviewed_group_0062,test,20,/root/autodl-tmp/datasets/sources/construction-ppe_ultralytics_2025_v1/images/train/image980.jpg,/root/autodl-tmp/datasets/derived/construction_ppe3_canonical_v1_20260804_172437/images/all/train__image980.jpg,/root/autodl-tmp/datasets/derived/construction_ppe3_canonical_v1_20260804_172437/labels/all/train__image980.txt,1,1,1,False,e0cc4dcdcc4f45da,hardlink,hardlink
reviewed_group_0062,test,20,/root/autodl-tmp/datasets/sources/construction-ppe_ultralytics_2025_v1/images/train/image982.jpg,/root/autodl-tmp/datasets/derived/construction_ppe3_canonical_v1_20260804_172437/images/all/train__image982.jpg,/root/autodl-tmp/datasets/derived/construction_ppe3_canonical_v1_20260804_172437/labels/all/train__image982.txt,1,1,1,False,8e868e92c7cecec6,hardlink,hardlink
reviewed_group_0062,test,20,/root/autodl-tmp/datasets/sources/construction-ppe_ultralytics_2025_v1/images/train/image983.jpg,/root/autodl-tmp/datasets/derived/construction_ppe3_canonical_v1_20260804_172437/images/all/train__image983.jpg,/root/autodl-tmp/datasets/derived/construction_ppe3_canonical_v1_20260804_172437/labels/all/train__image983.txt,1,1,1,False,e00ccdc78e4e8d96,hardlink,hardlink
reviewed_group_0062,test,20,/root/autodl-tmp/datasets/sources/construction-ppe_ultralytics_2025_v1/images/train/image984.jpg,/root/autodl-tmp/datasets/derived/construction_ppe3_canonical_v1_20260804_172437/images/all/train__image984.jpg,/root/autodl-tmp/datasets/derived/construction_ppe3_canonical_v1_20260804_172437/labels/all/train__image984.txt,1,1,1,False,e08ccdd58e4e8d96,hardlink,hardlink
reviewed_group_0062,test,20,/root/autodl-tmp/datasets/sources/construction-ppe_ultralytics_2025_v1/images/train/image985.jpg,/root/autodl-tmp/datasets/derived/construction_ppe3_canonical_v1_20260804_172437/images/all/train__image985.jpg,/root/autodl-tmp/datasets/derived/construction_ppe3_canonical_v1_20260804_172437/labels/all/train__image985.txt,1,1,1,False,e08ccf9d8c4d8f96,hardlink,hardlink
reviewed_group_0062,test,20,/root/autodl-tmp/datasets/sources/construction-ppe_ultralytics_2025_v1/images/train/image986.jpg,/root/autodl-tmp/datasets/derived/construction_ppe3_canonical_v1_20260804_172437/images/all/train__image986.jpg,/root/autodl-tmp/datasets/derived/construction_ppe3_canonical_v1_20260804_172437/labels/all/train__image986.txt,1,1,1,False,c08ccb9d8ccd8d86,hardlink,hardlink
reviewed_group_0062,test,20,/root/autodl-tmp/datasets/sources/construction-ppe_ultralytics_2025_v1/images/train/image988.jpeg,/root/autodl-tmp/datasets/derived/construction_ppe3_canonical_v1_20260804_172437/images/all/train__image988.jpeg,/root/autodl-tmp/datasets/derived/construction_ppe3_canonical_v1_20260804_172437/labels/all/train__image988.txt,2,0,0,False,ccccccc4c2d0c0c4,hardlink,hardlink
reviewed_group_0062,test,20,/root/autodl-tmp/datasets/sources/construction-ppe_ultralytics_2025_v1/images/train/image990.jpg,/root/autodl-tmp/datasets/derived/construction_ppe3_canonical_v1_20260804_172437/images/all/train__image990.jpg,/root/autodl-tmp/datasets/derived/construction_ppe3_canonical_v1_20260804_172437/labels/all/train__image990.txt,1,1,1,False,c09ccf968fcd8d06,hardlink,hardlink
reviewed_group_0062,test,20,/root/autodl-tmp/datasets/sources/construction-ppe_ultralytics_2025_v1/images/train/image991.jpg,/root/autodl-tmp/datasets/derived/construction_ppe3_canonical_v1_20260804_172437/images/all/train__image991.jpg,/root/autodl-tmp/datasets/derived/construction_ppe3_canonical_v1_20260804_172437/labels/all/train__image991.txt,1,1,1,False,c09ccf968fcf4d1e,hardlink,hardlink
reviewed_group_0062,test,20,/root/autodl-tmp/datasets/sources/construction-ppe_ultralytics_2025_v1/images/train/image992.jpg,/root/autodl-tmp/datasets/derived/construction_ppe3_canonical_v1_20260804_172437/images/all/train__image992.jpg,/root/autodl-tmp/datasets/derived/construction_ppe3_canonical_v1_20260804_172437/labels/all/train__image992.txt,1,1,1,False,809c8b968e8f5d1e,hardlink,hardlink
reviewed_group_0062,test,20,/root/autodl-tmp/datasets/sources/construction-ppe_ultralytics_2025_v1/images/train/image993.jpg,/root/autodl-tmp/datasets/derived/construction_ppe3_canonical_v1_20260804_172437/images/all/train__image993.jpg,/root/autodl-tmp/datasets/derived/construction_ppe3_canonical_v1_20260804_172437/labels/all/train__image993.txt,1,1,1,False,98988f368e9f4506,hardlink,hardlink
reviewed_group_0062,test,20,/root/autodl-tmp/datasets/sources/construction-ppe_ultralytics_2025_v1/images/train/image994.jpg,/root/autodl-tmp/datasets/derived/construction_ppe3_canonical_v1_20260804_172437/images/all/train__image994.jpg,/root/autodl-tmp/datasets/derived/construction_ppe3_canonical_v1_20260804_172437/labels/all/train__image994.txt,1,1,1,False,989c8f9696960506,hardlink,hardlink
reviewed_group_0062,test,20,/root/autodl-tmp/datasets/sources/construction-ppe_ultralytics_2025_v1/images/train/image995.jpg,/root/autodl-tmp/datasets/derived/construction_ppe3_canonical_v1_20260804_172437/images/all/train__image995.jpg,/root/autodl-tmp/datasets/derived/construction_ppe3_canonical_v1_20260804_172437/labels/all/train__image995.txt,1,1,1,False,181c87169f8f0d86,hardlink,hardlink
reviewed_group_0062,test,20,/root/autodl-tmp/datasets/sources/construction-ppe_ultralytics_2025_v1/images/train/image996.jpg,/root/autodl-tmp/datasets/derived/construction_ppe3_canonical_v1_20260804_172437/images/all/train__image996.jpg,/root/autodl-tmp/datasets/derived/construction_ppe3_canonical_v1_20260804_172437/labels/all/train__image996.txt,1,1,1,False,1c1c8716870d0c86,hardlink,hardlink
reviewed_group_0062,test,20,/root/autodl-tmp/datasets/sources/construction-ppe_ultralytics_2025_v1/images/train/image998.jpg,/root/autodl-tmp/datasets/derived/construction_ppe3_canonical_v1_20260804_172437/images/all/train__image998.jpg,/root/autodl-tmp/datasets/derived/construction_ppe3_canonical_v1_20260804_172437/labels/all/train__image998.txt,1,1,1,False,3c2c97969e0f4d0c,hardlink,hardlink
reviewed_group_0062,test,20,/root/autodl-tmp/datasets/sources/construction-ppe_ultralytics_2025_v1/images/val/image981.jpeg,/root/autodl-tmp/datasets/derived/construction_ppe3_canonical_v1_20260804_172437/images/all/val__image981.jpeg,/root/autodl-tmp/datasets/derived/construction_ppe3_canonical_v1_20260804_172437/labels/all/val__image981.txt,2,0,0,False,00c6062646464600,hardlink,hardlink
reviewed_group_0062,test,20,/root/autodl-tmp/datasets/sources/construction-ppe_ultralytics_2025_v1/images/val/image989.jpg,/root/autodl-tmp/datasets/derived/construction_ppe3_canonical_v1_20260804_172437/images/all/val__image989.jpg,/root/autodl-tmp/datasets/derived/construction_ppe3_canonical_v1_20260804_172437/labels/all/val__image989.txt,1,1,1,False,f0e8cc3230084c0c,hardlink,hardlink
reviewed_group_0062,test,20,/root/autodl-tmp/datasets/sources/construction-ppe_ultralytics_2025_v1/images/val/image997.jpg,/root/autodl-tmp/datasets/derived/construction_ppe3_canonical_v1_20260804_172437/images/all/val__image997.jpg,/root/autodl-tmp/datasets/derived/construction_ppe3_canonical_v1_20260804_172437/labels/all/val__image997.txt,1,1,1,False,1c0c9716970d0c9e,hardlink,hardlink
reviewed_group_0062,test,20,/root/autodl-tmp/datasets/sources/construction-ppe_ultralytics_2025_v1/images/test/image987.jpg,/root/autodl-tmp/datasets/derived/construction_ppe3_canonical_v1_20260804_172437/images/all/test__image987.jpg,/root/autodl-tmp/datasets/derived/construction_ppe3_canonical_v1_20260804_172437/labels/all/test__image987.txt,1,1,1,False,c09ccf978ecd8d86,hardlink,hardlink
reviewed_group_0062,test,20,/root/autodl-tmp/datasets/sources/construction-ppe_ultralytics_2025_v1/images/test/image999.jpg,/root/autodl-tmp/datasets/derived/construction_ppe3_canonical_v1_20260804_172437/images/all/test__image999.jpg,/root/autodl-tmp/datasets/derived/construction_ppe3_canonical_v1_20260804_172437/labels/all/test__image999.txt,1,1,1,False,3c0c9e9d8e4c590c,hardlink,hardlink
reviewed_group_0063,train,19,/root/autodl-tmp/datasets/sources/construction-ppe_ultralytics_2025_v1/images/train/image13.jpeg,/root/autodl-tmp/datasets/derived/construction_ppe3_canonical_v1_20260804_172437/images/all/train__image13.jpeg,/root/autodl-tmp/datasets/derived/construction_ppe3_canonical_v1_20260804_172437/labels/all/train__image13.txt,1,1,1,False,fcdccce4e4d4c4c4,hardlink,hardlink
reviewed_group_0063,train,19,/root/autodl-tmp/datasets/sources/construction-ppe_ultralytics_2025_v1/images/train/image14.jpeg,/root/autodl-tmp/datasets/derived/construction_ppe3_canonical_v1_20260804_172437/images/all/train__image14.jpeg,/root/autodl-tmp/datasets/derived/construction_ppe3_canonical_v1_20260804_172437/labels/all/train__image14.txt,3,2,3,False,dcdcdce4d0f0fcd4,hardlink,hardlink
reviewed_group_0063,train,19,/root/autodl-tmp/datasets/sources/construction-ppe_ultralytics_2025_v1/images/train/image15.jpg,/root/autodl-tmp/datasets/derived/construction_ppe3_canonical_v1_20260804_172437/images/all/train__image15.jpg,/root/autodl-tmp/datasets/derived/construction_ppe3_canonical_v1_20260804_172437/labels/all/train__image15.txt,1,1,1,False,0513131a9a9b0606,hardlink,hardlink
reviewed_group_0063,train,19,/root/autodl-tmp/datasets/sources/construction-ppe_ultralytics_2025_v1/images/train/image16.jpeg,/root/autodl-tmp/datasets/derived/construction_ppe3_canonical_v1_20260804_172437/images/all/train__image16.jpeg,/root/autodl-tmp/datasets/derived/construction_ppe3_canonical_v1_20260804_172437/labels/all/train__image16.txt,2,2,2,False,004804060f560300,hardlink,hardlink
reviewed_group_0063,train,19,/root/autodl-tmp/datasets/sources/construction-ppe_ultralytics_2025_v1/images/train/image17.jpg,/root/autodl-tmp/datasets/derived/construction_ppe3_canonical_v1_20260804_172437/images/all/train__image17.jpg,/root/autodl-tmp/datasets/derived/construction_ppe3_canonical_v1_20260804_172437/labels/all/train__image17.txt,1,1,1,False,0b1b091d180b0606,hardlink,hardlink
reviewed_group_0063,train,19,/root/autodl-tmp/datasets/sources/construction-ppe_ultralytics_2025_v1/images/train/image18.jpeg,/root/autodl-tmp/datasets/derived/construction_ppe3_canonical_v1_20260804_172437/images/all/train__image18.jpeg,/root/autodl-tmp/datasets/derived/construction_ppe3_canonical_v1_20260804_172437/labels/all/train__image18.txt,2,2,0,False,00ece6e7cecea400,hardlink,hardlink
reviewed_group_0063,train,19,/root/autodl-tmp/datasets/sources/construction-ppe_ultralytics_2025_v1/images/train/image19.jpeg,/root/autodl-tmp/datasets/derived/construction_ppe3_canonical_v1_20260804_172437/images/all/train__image19.jpeg,/root/autodl-tmp/datasets/derived/construction_ppe3_canonical_v1_20260804_172437/labels/all/train__image19.txt,2,1,1,False,0084803058190900,hardlink,hardlink
reviewed_group_0063,train,19,/root/autodl-tmp/datasets/sources/construction-ppe_ultralytics_2025_v1/images/train/image2.jpg,/root/autodl-tmp/datasets/derived/construction_ppe3_canonical_v1_20260804_172437/images/all/train__image2.jpg,/root/autodl-tmp/datasets/derived/construction_ppe3_canonical_v1_20260804_172437/labels/all/train__image2.txt,6,3,3,False,0041f6b66e283900,hardlink,hardlink
reviewed_group_0063,train,19,/root/autodl-tmp/datasets/sources/construction-ppe_ultralytics_2025_v1/images/train/image3.jpeg,/root/autodl-tmp/datasets/derived/construction_ppe3_canonical_v1_20260804_172437/images/all/train__image3.jpeg,/root/autodl-tmp/datasets/derived/construction_ppe3_canonical_v1_20260804_172437/labels/all/train__image3.txt,1,1,1,False,00f492e9ecaca500,hardlink,hardlink
reviewed_group_0063,train,19,/root/autodl-tmp/datasets/sources/construction-ppe_ultralytics_2025_v1/images/train/image4.jpg,/root/autodl-tmp/datasets/derived/construction_ppe3_canonical_v1_20260804_172437/images/all/train__image4.jpg,/root/autodl-tmp/datasets/derived/construction_ppe3_canonical_v1_20260804_172437/labels/all/train__image4.txt,2,1,0,False,00b4e6dc9298cc00,hardlink,hardlink
reviewed_group_0063,train,19,/root/autodl-tmp/datasets/sources/construction-ppe_ultralytics_2025_v1/images/train/image5.jpeg,/root/autodl-tmp/datasets/derived/construction_ppe3_canonical_v1_20260804_172437/images/all/train__image5.jpeg,/root/autodl-tmp/datasets/derived/construction_ppe3_canonical_v1_20260804_172437/labels/all/train__image5.txt,3,3,3,False,ccccccccccc4d4c4,hardlink,hardlink
reviewed_group_0063,train,19,/root/autodl-tmp/datasets/sources/construction-ppe_ultralytics_2025_v1/images/train/image7.jpg,/root/autodl-tmp/datasets/derived/construction_ppe3_canonical_v1_20260804_172437/images/all/train__image7.jpg,/root/autodl-tmp/datasets/derived/construction_ppe3_canonical_v1_20260804_172437/labels/all/train__image7.txt,1,1,1,False,050307168e8b1e16,hardlink,hardlink
reviewed_group_0063,train,19,/root/autodl-tmp/datasets/sources/construction-ppe_ultralytics_2025_v1/images/train/image8.jpeg,/root/autodl-tmp/datasets/derived/construction_ppe3_canonical_v1_20260804_172437/images/all/train__image8.jpeg,/root/autodl-tmp/datasets/derived/construction_ppe3_canonical_v1_20260804_172437/labels/all/train__image8.txt,1,1,1,False,ccccccccc4cccccc,hardlink,hardlink
reviewed_group_0063,train,19,/root/autodl-tmp/datasets/sources/construction-ppe_ultralytics_2025_v1/images/val/image11.jpeg,/root/autodl-tmp/datasets/derived/construction_ppe3_canonical_v1_20260804_172437/images/all/val__image11.jpeg,/root/autodl-tmp/datasets/derived/construction_ppe3_canonical_v1_20260804_172437/labels/all/val__image11.txt,3,3,1,False,dcdcd4d4cccccccc,hardlink,hardlink
reviewed_group_0063,train,19,/root/autodl-tmp/datasets/sources/construction-ppe_ultralytics_2025_v1/images/val/image12.jpg,/root/autodl-tmp/datasets/derived/construction_ppe3_canonical_v1_20260804_172437/images/all/val__image12.jpg,/root/autodl-tmp/datasets/derived/construction_ppe3_canonical_v1_20260804_172437/labels/all/val__image12.txt,1,1,1,False,05032716868b1e1e,hardlink,hardlink
reviewed_group_0063,train,19,/root/autodl-tmp/datasets/sources/construction-ppe_ultralytics_2025_v1/images/val/image9.jpg,/root/autodl-tmp/datasets/derived/construction_ppe3_canonical_v1_20260804_172437/images/all/val__image9.jpg,/root/autodl-tmp/datasets/derived/construction_ppe3_canonical_v1_20260804_172437/labels/all/val__image9.txt,1,1,1,False,0503171a9a8b160e,hardlink,hardlink
reviewed_group_0063,train,19,/root/autodl-tmp/datasets/sources/construction-ppe_ultralytics_2025_v1/images/test/image1.jpeg,/root/autodl-tmp/datasets/derived/construction_ppe3_canonical_v1_20260804_172437/images/all/test__image1.jpeg,/root/autodl-tmp/datasets/derived/construction_ppe3_canonical_v1_20260804_172437/labels/all/test__image1.txt,2,1,1,False,00f0fbfeff5f3e00,hardlink,hardlink
reviewed_group_0063,train,19,/root/autodl-tmp/datasets/sources/construction-ppe_ultralytics_2025_v1/images/test/image10.jpeg,/root/autodl-tmp/datasets/derived/construction_ppe3_canonical_v1_20260804_172437/images/all/test__image10.jpeg,/root/autodl-tmp/datasets/derived/construction_ppe3_canonical_v1_20260804_172437/labels/all/test__image10.txt,3,0,3,False,dcfcfcf4ecfcfcdc,hardlink,hardlink
reviewed_group_0063,train,19,/root/autodl-tmp/datasets/sources/construction-ppe_ultralytics_2025_v1/images/test/image6.jpeg,/root/autodl-tmp/datasets/derived/construction_ppe3_canonical_v1_20260804_172437/images/all/test__image6.jpeg,/root/autodl-tmp/datasets/derived/construction_ppe3_canonical_v1_20260804_172437/labels/all/test__image6.txt,2,2,2,False,c4c4c4c4cccccccc,hardlink,hardlink
reviewed_group_0064,val,17,/root/autodl-tmp/datasets/sources/construction-ppe_ultralytics_2025_v1/images/train/image1400.jpg,/root/autodl-tmp/datasets/derived/construction_ppe3_canonical_v1_20260804_172437/images/all/train__image1400.jpg,/root/autodl-tmp/datasets/derived/construction_ppe3_canonical_v1_20260804_172437/labels/all/train__image1400.txt,1,0,0,False,d0b2e4ecf8f4fcec,hardlink,hardlink
reviewed_group_0064,val,17,/root/autodl-tmp/datasets/sources/construction-ppe_ultralytics_2025_v1/images/train/image1401.jpg,/root/autodl-tmp/datasets/derived/construction_ppe3_canonical_v1_20260804_172437/images/all/train__image1401.jpg,/root/autodl-tmp/datasets/derived/construction_ppe3_canonical_v1_20260804_172437/labels/all/train__image1401.txt,1,0,0,False,b3939ab0bc686474,hardlink,hardlink
reviewed_group_0064,val,17,/root/autodl-tmp/datasets/sources/construction-ppe_ultralytics_2025_v1/images/train/image1403.jpg,/root/autodl-tmp/datasets/derived/construction_ppe3_canonical_v1_20260804_172437/images/all/train__image1403.jpg,/root/autodl-tmp/datasets/derived/construction_ppe3_canonical_v1_20260804_172437/labels/all/train__image1403.txt,1,0,0,False,2c6ca78626af8ed8,hardlink,hardlink
reviewed_group_0064,val,17,/root/autodl-tmp/datasets/sources/construction-ppe_ultralytics_2025_v1/images/train/image1404.jpg,/root/autodl-tmp/datasets/derived/construction_ppe3_canonical_v1_20260804_172437/images/all/train__image1404.jpg,/root/autodl-tmp/datasets/derived/construction_ppe3_canonical_v1_20260804_172437/labels/all/train__image1404.txt,1,0,0,False,d09894904b5949d8,hardlink,hardlink
reviewed_group_0064,val,17,/root/autodl-tmp/datasets/sources/construction-ppe_ultralytics_2025_v1/images/train/image1405.jpg,/root/autodl-tmp/datasets/derived/construction_ppe3_canonical_v1_20260804_172437/images/all/train__image1405.jpg,/root/autodl-tmp/datasets/derived/construction_ppe3_canonical_v1_20260804_172437/labels/all/train__image1405.txt,2,0,0,False,f4f6e7cdc5c7c6c6,hardlink,hardlink
reviewed_group_0064,val,17,/root/autodl-tmp/datasets/sources/construction-ppe_ultralytics_2025_v1/images/train/image1407.jpg,/root/autodl-tmp/datasets/derived/construction_ppe3_canonical_v1_20260804_172437/images/all/train__image1407.jpg,/root/autodl-tmp/datasets/derived/construction_ppe3_canonical_v1_20260804_172437/labels/all/train__image1407.txt,1,0,0,False,1ea7978d9973cbcb,hardlink,hardlink
reviewed_group_0064,val,17,/root/autodl-tmp/datasets/sources/construction-ppe_ultralytics_2025_v1/images/train/image1408.jpg,/root/autodl-tmp/datasets/derived/construction_ppe3_canonical_v1_20260804_172437/images/all/train__image1408.jpg,/root/autodl-tmp/datasets/derived/construction_ppe3_canonical_v1_20260804_172437/labels/all/train__image1408.txt,3,0,0,False,92c161666ce89696,hardlink,hardlink
reviewed_group_0064,val,17,/root/autodl-tmp/datasets/sources/construction-ppe_ultralytics_2025_v1/images/train/image1409.jpg,/root/autodl-tmp/datasets/derived/construction_ppe3_canonical_v1_20260804_172437/images/all/train__image1409.jpg,/root/autodl-tmp/datasets/derived/construction_ppe3_canonical_v1_20260804_172437/labels/all/train__image1409.txt,1,0,0,False,2c4d6179646162e3,hardlink,hardlink
reviewed_group_0064,val,17,/root/autodl-tmp/datasets/sources/construction-ppe_ultralytics_2025_v1/images/train/image1410.jpg,/root/autodl-tmp/datasets/derived/construction_ppe3_canonical_v1_20260804_172437/images/all/train__image1410.jpg,/root/autodl-tmp/datasets/derived/construction_ppe3_canonical_v1_20260804_172437/labels/all/train__image1410.txt,1,0,0,False,f8f4f4f2f2f2e2f0,hardlink,hardlink
reviewed_group_0064,val,17,/root/autodl-tmp/datasets/sources/construction-ppe_ultralytics_2025_v1/images/train/image1411.jpg,/root/autodl-tmp/datasets/derived/construction_ppe3_canonical_v1_20260804_172437/images/all/train__image1411.jpg,/root/autodl-tmp/datasets/derived/construction_ppe3_canonical_v1_20260804_172437/labels/all/train__image1411.txt,1,0,0,False,e5c1c3c0e5c6d371,hardlink,hardlink
reviewed_group_0064,val,17,/root/autodl-tmp/datasets/sources/construction-ppe_ultralytics_2025_v1/images/train/image1412.jpg,/root/autodl-tmp/datasets/derived/construction_ppe3_canonical_v1_20260804_172437/images/all/train__image1412.jpg,/root/autodl-tmp/datasets/derived/construction_ppe3_canonical_v1_20260804_172437/labels/all/train__image1412.txt,1,0,0,False,d2c2334b2ca6ecad,hardlink,hardlink
reviewed_group_0064,val,17,/root/autodl-tmp/datasets/sources/construction-ppe_ultralytics_2025_v1/images/train/image1413.jpg,/root/autodl-tmp/datasets/derived/construction_ppe3_canonical_v1_20260804_172437/images/all/train__image1413.jpg,/root/autodl-tmp/datasets/derived/construction_ppe3_canonical_v1_20260804_172437/labels/all/train__image1413.txt,1,0,0,False,dd999f8e0c6d63f3,hardlink,hardlink
reviewed_group_0064,val,17,/root/autodl-tmp/datasets/sources/construction-ppe_ultralytics_2025_v1/images/train/image1414.jpg,/root/autodl-tmp/datasets/derived/construction_ppe3_canonical_v1_20260804_172437/images/all/train__image1414.jpg,/root/autodl-tmp/datasets/derived/construction_ppe3_canonical_v1_20260804_172437/labels/all/train__image1414.txt,1,0,0,False,d8e46466e2e26262,hardlink,hardlink
reviewed_group_0064,val,17,/root/autodl-tmp/datasets/sources/construction-ppe_ultralytics_2025_v1/images/train/image1415.jpg,/root/autodl-tmp/datasets/derived/construction_ppe3_canonical_v1_20260804_172437/images/all/train__image1415.jpg,/root/autodl-tmp/datasets/derived/construction_ppe3_canonical_v1_20260804_172437/labels/all/train__image1415.txt,1,0,0,False,f6e2e6c68e3bccc8,hardlink,hardlink
reviewed_group_0064,val,17,/root/autodl-tmp/datasets/sources/construction-ppe_ultralytics_2025_v1/images/train/image1416.jpg,/root/autodl-tmp/datasets/derived/construction_ppe3_canonical_v1_20260804_172437/images/all/train__image1416.jpg,/root/autodl-tmp/datasets/derived/construction_ppe3_canonical_v1_20260804_172437/labels/all/train__image1416.txt,3,0,0,False,a6c9cafa7499bbe9,hardlink,hardlink
reviewed_group_0064,val,17,/root/autodl-tmp/datasets/sources/construction-ppe_ultralytics_2025_v1/images/val/image1402.jpg,/root/autodl-tmp/datasets/derived/construction_ppe3_canonical_v1_20260804_172437/images/all/val__image1402.jpg,/root/autodl-tmp/datasets/derived/construction_ppe3_canonical_v1_20260804_172437/labels/all/val__image1402.txt,3,0,0,False,effbfbbb576dc6f7,hardlink,hardlink
reviewed_group_0064,val,17,/root/autodl-tmp/datasets/sources/construction-ppe_ultralytics_2025_v1/images/test/image1406.jpg,/root/autodl-tmp/datasets/derived/construction_ppe3_canonical_v1_20260804_172437/images/all/test__image1406.jpg,/root/autodl-tmp/datasets/derived/construction_ppe3_canonical_v1_20260804_172437/labels/all/test__image1406.txt,1,0,0,False,4e3626e2e2f0f266,hardlink,hardlink
