group_id,assigned_split,group_size,canonical_image,canonical_label,source_image,source_split,numeric_id,numeric_block,sha256,dhash,person_boxes,helmet_boxes,safety_vest_boxes,is_negative,image_transfer,label_transfer
group_0001,test,20,/root/autodl-tmp/datasets/derived/construction_ppe3_canonical_v1_20260804_172437/images/all/train__image100.jpg,/root/autodl-tmp/datasets/derived/construction_ppe3_canonical_v1_20260804_172437/labels/all/train__image100.txt,/root/autodl-tmp/datasets/sources/construction-ppe_ultralytics_2025_v1/images/train/image100.jpg,train,100,5,f90bb05e3d79d843b63fbdbb01841b8d58e934cd6575049ed9c9f5042230ec82,00acbcdedeee6e10,4,4,0,False,hardlink,hardlink
group_0001,test,20,/root/autodl-tmp/datasets/derived/construction_ppe3_canonical_v1_20260804_172437/images/all/train__image101.jpeg,/root/autodl-tmp/datasets/derived/construction_ppe3_canonical_v1_20260804_172437/labels/all/train__image101.txt,/root/autodl-tmp/datasets/sources/construction-ppe_ultralytics_2025_v1/images/train/image101.jpeg,train,101,5,73fd2999c1316b1fb967462f75cec583dc99c311a47fe245074837dc2b4b1062,00dbca92980ac100,2,0,1,False,hardlink,hardlink
group_0001,test,20,/root/autodl-tmp/datasets/derived/construction_ppe3_canonical_v1_20260804_172437/images/all/train__image102.jpg,/root/autodl-tmp/datasets/derived/construction_ppe3_canonical_v1_20260804_172437/labels/all/train__image102.txt,/root/autodl-tmp/datasets/sources/construction-ppe_ultralytics_2025_v1/images/train/image102.jpg,train,102,5,158d5b3f3355f7f937e43a3879f3fe77e0b4384b6b70480c42ffa2edcdb41b23,05031316928f0e1e,1,1,1,False,hardlink,hardlink
group_0001,test,20,/root/autodl-tmp/datasets/derived/construction_ppe3_canonical_v1_20260804_172437/images/all/train__image103.jpeg,/root/autodl-tmp/datasets/derived/construction_ppe3_canonical_v1_20260804_172437/labels/all/train__image103.txt,/root/autodl-tmp/datasets/sources/construction-ppe_ultralytics_2025_v1/images/train/image103.jpeg,train,103,5,223604f303e51304f0e21aa394a28fc1b3f8cb40a15828028988516f43d035ae,007272e366586a00,1,0,1,False,hardlink,hardlink
group_0001,test,20,/root/autodl-tmp/datasets/derived/construction_ppe3_canonical_v1_20260804_172437/images/all/train__image104.jpg,/root/autodl-tmp/datasets/derived/construction_ppe3_canonical_v1_20260804_172437/labels/all/train__image104.txt,/root/autodl-tmp/datasets/sources/construction-ppe_ultralytics_2025_v1/images/train/image104.jpg,train,104,5,db20330f9e7306f6d4d50d0e1f6d7763efb3f84c418f03c37d4c28dd80836278,1b37174c4d84a666,1,1,1,False,hardlink,hardlink
group_0001,test,20,/root/autodl-tmp/datasets/derived/construction_ppe3_canonical_v1_20260804_172437/images/all/train__image105.jpg,/root/autodl-tmp/datasets/derived/construction_ppe3_canonical_v1_20260804_172437/labels/all/train__image105.txt,/root/autodl-tmp/datasets/sources/construction-ppe_ultralytics_2025_v1/images/train/image105.jpg,train,105,5,f96da2f7f0b42ea45106db6ddc452fa487e74d697ad950b8c306a4627a161973,0b17174e4dc6b627,1,1,1,False,hardlink,hardlink
group_0001,test,20,/root/autodl-tmp/datasets/derived/construction_ppe3_canonical_v1_20260804_172437/images/all/train__image106.jpg,/root/autodl-tmp/datasets/derived/construction_ppe3_canonical_v1_20260804_172437/labels/all/train__image106.txt,/root/autodl-tmp/datasets/sources/construction-ppe_ultralytics_2025_v1/images/train/image106.jpg,train,106,5,668ea63e4916a7fb63b6438240755dc64d3d113bc91f0ac3cd480057452871e3,1b392d0c4dc4b627,1,1,1,False,hardlink,hardlink
group_0001,test,20,/root/autodl-tmp/datasets/derived/construction_ppe3_canonical_v1_20260804_172437/images/all/train__image107.jpg,/root/autodl-tmp/datasets/derived/construction_ppe3_canonical_v1_20260804_172437/labels/all/train__image107.txt,/root/autodl-tmp/datasets/sources/construction-ppe_ultralytics_2025_v1/images/train/image107.jpg,train,107,5,98ed63e1f06c5dd619224d5c487799744f7d4860c875ee8e2c91c8e18d769d91,d8e93190c5e42c28,1,0,1,False,hardlink,hardlink
group_0001,test,20,/root/autodl-tmp/datasets/derived/construction_ppe3_canonical_v1_20260804_172437/images/all/train__image108.jpg,/root/autodl-tmp/datasets/derived/construction_ppe3_canonical_v1_20260804_172437/labels/all/train__image108.txt,/root/autodl-tmp/datasets/sources/construction-ppe_ultralytics_2025_v1/images/train/image108.jpg,train,108,5,f3917ba40946a7836c1a2b09fdb63559bc654c3eafcf80d4a30bd2aff0b53f97,b7736c6939323a62,2,1,2,False,hardlink,hardlink
group_0001,test,20,/root/autodl-tmp/datasets/derived/construction_ppe3_canonical_v1_20260804_172437/images/all/train__image109.jpg,/root/autodl-tmp/datasets/derived/construction_ppe3_canonical_v1_20260804_172437/labels/all/train__image109.txt,/root/autodl-tmp/datasets/sources/construction-ppe_ultralytics_2025_v1/images/train/image109.jpg,train,109,5,07fc46af42f1d88682516f5bf76586b3b5192d458a4ba11db35c6ae8ed8bca5e,00447657d7567200,3,3,3,False,hardlink,hardlink
group_0001,test,20,/root/autodl-tmp/datasets/derived/construction_ppe3_canonical_v1_20260804_172437/images/all/train__image111.jpg,/root/autodl-tmp/datasets/derived/construction_ppe3_canonical_v1_20260804_172437/labels/all/train__image111.txt,/root/autodl-tmp/datasets/sources/construction-ppe_ultralytics_2025_v1/images/train/image111.jpg,train,111,5,c1c9e23b084d04355ad0d981d9b4ad4e74b2aaf00f60cf514bfd6b20101c6cd9,118a098a32737362,3,3,3,False,hardlink,hardlink
group_0001,test,20,/root/autodl-tmp/datasets/derived/construction_ppe3_canonical_v1_20260804_172437/images/all/train__image112.jpeg,/root/autodl-tmp/datasets/derived/construction_ppe3_canonical_v1_20260804_172437/labels/all/train__image112.txt,/root/autodl-tmp/datasets/sources/construction-ppe_ultralytics_2025_v1/images/train/image112.jpeg,train,112,5,7d9d79e1dd1a9c011d29ed5485bd87fe63f48fb5baafa220533f3f8a25aec991,004fe3f3eb657400,2,0,2,False,hardlink,hardlink
group_0001,test,20,/root/autodl-tmp/datasets/derived/construction_ppe3_canonical_v1_20260804_172437/images/all/train__image113.jpg,/root/autodl-tmp/datasets/derived/construction_ppe3_canonical_v1_20260804_172437/labels/all/train__image113.txt,/root/autodl-tmp/datasets/sources/construction-ppe_ultralytics_2025_v1/images/train/image113.jpg,train,113,5,b5d233dfb7007f7cb2614905f2d8f9668a69dd6195713c0fcad478976dbf4bc5,c2fc587c92b1fce0,15,0,15,False,hardlink,hardlink
group_0001,test,20,/root/autodl-tmp/datasets/derived/construction_ppe3_canonical_v1_20260804_172437/images/all/train__image114.jpg,/root/autodl-tmp/datasets/derived/construction_ppe3_canonical_v1_20260804_172437/labels/all/train__image114.txt,/root/autodl-tmp/datasets/sources/construction-ppe_ultralytics_2025_v1/images/train/image114.jpg,train,114,5,0204f83949316c25e33d570be1129d023963ff2ea73a8e87d5ddd10b15dd0a4e,b83233d5e73a9991,4,0,5,False,hardlink,hardlink
group_0001,test,20,/root/autodl-tmp/datasets/derived/construction_ppe3_canonical_v1_20260804_172437/images/all/train__image118.jpg,/root/autodl-tmp/datasets/derived/construction_ppe3_canonical_v1_20260804_172437/labels/all/train__image118.txt,/root/autodl-tmp/datasets/sources/construction-ppe_ultralytics_2025_v1/images/train/image118.jpg,train,118,5,80f63f7d4b247b3cfcd0ad7d96e00a8501cbeb44990298b5ae35095722f8a589,9a9024d0f3e3ebd2,3,0,3,False,hardlink,hardlink
group_0001,test,20,/root/autodl-tmp/datasets/derived/construction_ppe3_canonical_v1_20260804_172437/images/all/train__image119.jpg,/root/autodl-tmp/datasets/derived/construction_ppe3_canonical_v1_20260804_172437/labels/all/train__image119.txt,/root/autodl-tmp/datasets/sources/construction-ppe_ultralytics_2025_v1/images/train/image119.jpg,train,119,5,f15941ab559a38a9d89af3a2a0032ba14e4860cea6da3377e75eeac89fe5a746,c3c0327a52929c5c,3,3,3,False,hardlink,hardlink
group_0001,test,20,/root/autodl-tmp/datasets/derived/construction_ppe3_canonical_v1_20260804_172437/images/all/val__image115.jpg,/root/autodl-tmp/datasets/derived/construction_ppe3_canonical_v1_20260804_172437/labels/all/val__image115.txt,/root/autodl-tmp/datasets/sources/construction-ppe_ultralytics_2025_v1/images/val/image115.jpg,val,115,5,a9b7c0e0bbaeed008b0fabe5ea67457f7924838ce5e5c28e964e43a416117078,ccccccc4c4e4ccd4,1,1,1,False,hardlink,hardlink
group_0001,test,20,/root/autodl-tmp/datasets/derived/construction_ppe3_canonical_v1_20260804_172437/images/all/val__image117.jpg,/root/autodl-tmp/datasets/derived/construction_ppe3_canonical_v1_20260804_172437/labels/all/val__image117.txt,/root/autodl-tmp/datasets/sources/construction-ppe_ultralytics_2025_v1/images/val/image117.jpg,val,117,5,7599316f243b98c048997568b9e450fe5ef9f533c99ecf617096519d1e51c36b,00737ce4c3d2f200,10,10,9,False,hardlink,hardlink
group_0001,test,20,/root/autodl-tmp/datasets/derived/construction_ppe3_canonical_v1_20260804_172437/images/all/test__image110.jpg,/root/autodl-tmp/datasets/derived/construction_ppe3_canonical_v1_20260804_172437/labels/all/test__image110.txt,/root/autodl-tmp/datasets/sources/construction-ppe_ultralytics_2025_v1/images/test/image110.jpg,test,110,5,ae0ec0d11b3a028cb284aea9af2f9bdbe3abf8eaacecfd8d6fdbb4beb09f1663,0000f0e0e0d80c20,3,2,3,False,hardlink,hardlink
group_0001,test,20,/root/autodl-tmp/datasets/derived/construction_ppe3_canonical_v1_20260804_172437/images/all/test__image116.jpg,/root/autodl-tmp/datasets/derived/construction_ppe3_canonical_v1_20260804_172437/labels/all/test__image116.txt,/root/autodl-tmp/datasets/sources/construction-ppe_ultralytics_2025_v1/images/test/image116.jpg,test,116,5,4c51d70924d06f97109d2f18dca18b5bf671b44b2e7657929e86960ea0ad90a7,868eb6b6f2caace4,4,4,4,False,hardlink,hardlink
group_0002,train,20,/root/autodl-tmp/datasets/derived/construction_ppe3_canonical_v1_20260804_172437/images/all/train__image1000.jpeg,/root/autodl-tmp/datasets/derived/construction_ppe3_canonical_v1_20260804_172437/labels/all/train__image1000.txt,/root/autodl-tmp/datasets/sources/construction-ppe_ultralytics_2025_v1/images/train/image1000.jpeg,train,1000,50,d16cc2100b49135d7722063a23d24ff29a0e90ad6c9a4e757ca655a0d574ef66,00c649ccc4454600,1,1,0,False,hardlink,hardlink
group_0002,train,20,/root/autodl-tmp/datasets/derived/construction_ppe3_canonical_v1_20260804_172437/images/all/train__image1001.jpg,/root/autodl-tmp/datasets/derived/construction_ppe3_canonical_v1_20260804_172437/labels/all/train__image1001.txt,/root/autodl-tmp/datasets/sources/construction-ppe_ultralytics_2025_v1/images/train/image1001.jpg,train,1001,50,343e0ff03dfcac5b17cdf5a79375773737bf1812fa782751d5a507bd5b067ca6,2d0e9e9d8c1e990c,1,1,1,False,hardlink,hardlink
group_0002,train,20,/root/autodl-tmp/datasets/derived/construction_ppe3_canonical_v1_20260804_172437/images/all/train__image1002.jpg,/root/autodl-tmp/datasets/derived/construction_ppe3_canonical_v1_20260804_172437/labels/all/train__image1002.txt,/root/autodl-tmp/datasets/sources/construction-ppe_ultralytics_2025_v1/images/train/image1002.jpg,train,1002,50,81b89f79a61244aa09ea58922934390cd5706e8e7a2ac0cf9a5235716b3ce06f,989a9b989f899492,1,1,1,False,hardlink,hardlink
group_0002,train,20,/root/autodl-tmp/datasets/derived/construction_ppe3_canonical_v1_20260804_172437/images/all/train__image1004.jpg,/root/autodl-tmp/datasets/derived/construction_ppe3_canonical_v1_20260804_172437/labels/all/train__image1004.txt,/root/autodl-tmp/datasets/sources/construction-ppe_ultralytics_2025_v1/images/train/image1004.jpg,train,1004,50,292b40524edcb6ea55d02265464a31f9b40f96e915947bc25b35b66458bc1ee8,9c9a8b98de8d9492,1,1,1,False,hardlink,hardlink
group_0002,train,20,/root/autodl-tmp/datasets/derived/construction_ppe3_canonical_v1_20260804_172437/images/all/train__image1005.jpeg,/root/autodl-tmp/datasets/derived/construction_ppe3_canonical_v1_20260804_172437/labels/all/train__image1005.txt,/root/autodl-tmp/datasets/sources/construction-ppe_ultralytics_2025_v1/images/train/image1005.jpeg,train,1005,50,13370ec005b3c83571dfdcf4bc865d5db05b8f81d9139ab22c5c4f5e00837b29,d4d0a4acaceaf898,2,0,2,False,hardlink,hardlink
group_0002,train,20,/root/autodl-tmp/datasets/derived/construction_ppe3_canonical_v1_20260804_172437/images/all/train__image1006.jpg,/root/autodl-tmp/datasets/derived/construction_ppe3_canonical_v1_20260804_172437/labels/all/train__image1006.txt,/root/autodl-tmp/datasets/sources/construction-ppe_ultralytics_2025_v1/images/train/image1006.jpg,train,1006,50,0a23a6487f2e169b3ce0b92ffa705618d7b24fb540b6067de7538191595c968f,d0e8c830304c4d0c,1,1,1,False,hardlink,hardlink
group_0002,train,20,/root/autodl-tmp/datasets/derived/construction_ppe3_canonical_v1_20260804_172437/images/all/train__image1008.jpeg,/root/autodl-tmp/datasets/derived/construction_ppe3_canonical_v1_20260804_172437/labels/all/train__image1008.txt,/root/autodl-tmp/datasets/sources/construction-ppe_ultralytics_2025_v1/images/train/image1008.jpeg,train,1008,50,25e10ae920bea4fdd8b2322b9a99ed1b5b9a79c70251355c582341aa9291dfed,ccdcccccd6d6cccc,1,1,1,False,hardlink,hardlink
group_0002,train,20,/root/autodl-tmp/datasets/derived/construction_ppe3_canonical_v1_20260804_172437/images/all/train__image1011.jpg,/root/autodl-tmp/datasets/derived/construction_ppe3_canonical_v1_20260804_172437/labels/all/train__image1011.txt,/root/autodl-tmp/datasets/sources/construction-ppe_ultralytics_2025_v1/images/train/image1011.jpg,train,1011,50,6f5df94c6c8aaa63ec04cbe6c4c36a729a61f8d6b09a381fe5233f64535faaea,8c8cc78e4c8d8492,1,1,1,False,hardlink,hardlink
group_0002,train,20,/root/autodl-tmp/datasets/derived/construction_ppe3_canonical_v1_20260804_172437/images/all/train__image1012.jpg,/root/autodl-tmp/datasets/derived/construction_ppe3_canonical_v1_20260804_172437/labels/all/train__image1012.txt,/root/autodl-tmp/datasets/sources/construction-ppe_ultralytics_2025_v1/images/train/image1012.jpg,train,1012,50,63cbd0f6762f4ed5434ecad5bcc7b5355d994d8d8b45329b98d7a0e7f714cf5f,181cd74ecd8f8482,1,1,1,False,hardlink,hardlink
group_0002,train,20,/root/autodl-tmp/datasets/derived/construction_ppe3_canonical_v1_20260804_172437/images/all/train__image1013.jpg,/root/autodl-tmp/datasets/derived/construction_ppe3_canonical_v1_20260804_172437/labels/all/train__image1013.txt,/root/autodl-tmp/datasets/sources/construction-ppe_ultralytics_2025_v1/images/train/image1013.jpg,train,1013,50,6ae65c8187e9e2c6a15aca878a148edecdb95042fe16eb5a45c59a551ae8b236,103c974fcd87848a,1,1,1,False,hardlink,hardlink
group_0002,train,20,/root/autodl-tmp/datasets/derived/construction_ppe3_canonical_v1_20260804_172437/images/all/train__image1015.jpg,/root/autodl-tmp/datasets/derived/construction_ppe3_canonical_v1_20260804_172437/labels/all/train__image1015.txt,/root/autodl-tmp/datasets/sources/construction-ppe_ultralytics_2025_v1/images/train/image1015.jpg,train,1015,50,3fc956ea7fff82a7671c85f0d1c21ac82dfcceb3d361c8662a9eb70638d82a11,c4cc1e9f8c8e0c06,1,1,1,False,hardlink,hardlink
group_0002,train,20,/root/autodl-tmp/datasets/derived/construction_ppe3_canonical_v1_20260804_172437/images/all/train__image1016.jpeg,/root/autodl-tmp/datasets/derived/construction_ppe3_canonical_v1_20260804_172437/labels/all/train__image1016.txt,/root/autodl-tmp/datasets/sources/construction-ppe_ultralytics_2025_v1/images/train/image1016.jpeg,train,1016,50,9b3324bacf8ae55c7ceaec5f6c81dbba350d8fb284d92f6101442f288671d3e2,f0f0d4c4c4f0f0e0,2,2,1,False,hardlink,hardlink
group_0002,train,20,/root/autodl-tmp/datasets/derived/construction_ppe3_canonical_v1_20260804_172437/images/all/train__image1017.jpg,/root/autodl-tmp/datasets/derived/construction_ppe3_canonical_v1_20260804_172437/labels/all/train__image1017.txt,/root/autodl-tmp/datasets/sources/construction-ppe_ultralytics_2025_v1/images/train/image1017.jpg,train,1017,50,0ae70f75ae50a611fd374198ccc52c54f904739a15ebf94719a90108f18d9509,84cc9e9e9c9a0c26,1,1,1,False,hardlink,hardlink
group_0002,train,20,/root/autodl-tmp/datasets/derived/construction_ppe3_canonical_v1_20260804_172437/images/all/train__image1018.jpg,/root/autodl-tmp/datasets/derived/construction_ppe3_canonical_v1_20260804_172437/labels/all/train__image1018.txt,/root/autodl-tmp/datasets/sources/construction-ppe_ultralytics_2025_v1/images/train/image1018.jpg,train,1018,50,a8c5def3bb825301e1cf4922f3062f2faa5dc2bca0c5b37fd78e06dcda18beea,81cd9e9c4c5a4c26,1,1,1,False,hardlink,hardlink
group_0002,train,20,/root/autodl-tmp/datasets/derived/construction_ppe3_canonical_v1_20260804_172437/images/all/val__image1010.jpg,/root/autodl-tmp/datasets/derived/construction_ppe3_canonical_v1_20260804_172437/labels/all/val__image1010.txt,/root/autodl-tmp/datasets/sources/construction-ppe_ultralytics_2025_v1/images/val/image1010.jpg,val,1010,50,3dedf259abe74f2659fb7861650a911c2bab608091954f089961e36465be5c34,8c8cc78e4c8d8492,1,1,1,False,hardlink,hardlink
group_0002,train,20,/root/autodl-tmp/datasets/derived/construction_ppe3_canonical_v1_20260804_172437/images/all/test__image1003.jpg,/root/autodl-tmp/datasets/derived/construction_ppe3_canonical_v1_20260804_172437/labels/all/test__image1003.txt,/root/autodl-tmp/datasets/sources/construction-ppe_ultralytics_2025_v1/images/test/image1003.jpg,test,1003,50,132e642eeaa562bab24041d09be4826644b2a3b3e09d47a72e45596a0bdc6fd1,9c9a9b9a9f899492,1,1,1,False,hardlink,hardlink
group_0002,train,20,/root/autodl-tmp/datasets/derived/construction_ppe3_canonical_v1_20260804_172437/images/all/test__image1007.jpg,/root/autodl-tmp/datasets/derived/construction_ppe3_canonical_v1_20260804_172437/labels/all/test__image1007.txt,/root/autodl-tmp/datasets/sources/construction-ppe_ultralytics_2025_v1/images/test/image1007.jpg,test,1007,50,ae8c8e6d469d0d97b0ed1cbb23f877c678255ef115f6d8a54bd563ffafef51e7,8c8ecbcc4e8d8492,1,1,1,False,hardlink,hardlink
group_0002,train,20,/root/autodl-tmp/datasets/derived/construction_ppe3_canonical_v1_20260804_172437/images/all/test__image1009.jpg,/root/autodl-tmp/datasets/derived/construction_ppe3_canonical_v1_20260804_172437/labels/all/test__image1009.txt,/root/autodl-tmp/datasets/sources/construction-ppe_ultralytics_2025_v1/images/test/image1009.jpg,test,1009,50,6e18fcd07f54e1957cd224f0b50620fc5854c158e2cdc036ea1f457ead1e2949,090b0b0a8e87061e,1,1,1,False,hardlink,hardlink
group_0002,train,20,/root/autodl-tmp/datasets/derived/construction_ppe3_canonical_v1_20260804_172437/images/all/test__image1014.jpg,/root/autodl-tmp/datasets/derived/construction_ppe3_canonical_v1_20260804_172437/labels/all/test__image1014.txt,/root/autodl-tmp/datasets/sources/construction-ppe_ultralytics_2025_v1/images/test/image1014.jpg,test,1014,50,78d9ba7fc58a93e0bbbfc6bb6277071654809fa960960951b9b32327290b672b,62681d9ecc4d0486,1,1,1,False,hardlink,hardlink
group_0002,train,20,/root/autodl-tmp/datasets/derived/construction_ppe3_canonical_v1_20260804_172437/images/all/test__image1019.jpg,/root/autodl-tmp/datasets/derived/construction_ppe3_canonical_v1_20260804_172437/labels/all/test__image1019.txt,/root/autodl-tmp/datasets/sources/construction-ppe_ultralytics_2025_v1/images/test/image1019.jpg,test,1019,50,8e8d10e08fd6294ebd35112209d2c26981f96019766eada244a2ccd4517fbc66,89c99c9e4d1a5826,1,1,1,False,hardlink,hardlink
group_0003,train,20,/root/autodl-tmp/datasets/derived/construction_ppe3_canonical_v1_20260804_172437/images/all/train__image1020.jpg,/root/autodl-tmp/datasets/derived/construction_ppe3_canonical_v1_20260804_172437/labels/all/train__image1020.txt,/root/autodl-tmp/datasets/sources/construction-ppe_ultralytics_2025_v1/images/train/image1020.jpg,train,1020,51,fb352313cf96b536509ea8e2de1652cf59830c2ea0c6c476a79d624126d9bafa,99c99c9e4d4c4d26,1,1,1,False,hardlink,hardlink
group_0003,train,20,/root/autodl-tmp/datasets/derived/construction_ppe3_canonical_v1_20260804_172437/images/all/train__image1021.jpg,/root/autodl-tmp/datasets/derived/construction_ppe3_canonical_v1_20260804_172437/labels/all/train__image1021.txt,/root/autodl-tmp/datasets/sources/construction-ppe_ultralytics_2025_v1/images/train/image1021.jpg,train,1021,51,d50203d428449d130b3b86b4b9e0745ff4f0691d31f1b60eafdc9d50891e9066,6cc7c62626072426,1,1,1,False,hardlink,hardlink
group_0003,train,20,/root/autodl-tmp/datasets/derived/construction_ppe3_canonical_v1_20260804_172437/images/all/train__image1022.jpg,/root/autodl-tmp/datasets/derived/construction_ppe3_canonical_v1_20260804_172437/labels/all/train__image1022.txt,/root/autodl-tmp/datasets/sources/construction-ppe_ultralytics_2025_v1/images/train/image1022.jpg,train,1022,51,9428458af71b0dda0fcd1405ffb067b9815cca268ebdc57f56033f23faf83057,6cc7962626072426,1,1,1,False,hardlink,hardlink
group_0003,train,20,/root/autodl-tmp/datasets/derived/construction_ppe3_canonical_v1_20260804_172437/images/all/train__image1024.jpeg,/root/autodl-tmp/datasets/derived/construction_ppe3_canonical_v1_20260804_172437/labels/all/train__image1024.txt,/root/autodl-tmp/datasets/sources/construction-ppe_ultralytics_2025_v1/images/train/image1024.jpeg,train,1024,51,ac5590a82cb2f80db5e46528dc11a2c4236404f16d094a10f8d6b5ec172f1ff4,002d393aaf3b6100,2,7,7,False,hardlink,hardlink
group_0003,train,20,/root/autodl-tmp/datasets/derived/construction_ppe3_canonical_v1_20260804_172437/images/all/train__image1025.jpg,/root/autodl-tmp/datasets/derived/construction_ppe3_canonical_v1_20260804_172437/labels/all/train__image1025.txt,/root/autodl-tmp/datasets/sources/construction-ppe_ultralytics_2025_v1/images/train/image1025.jpg,train,1025,51,0f78d21a9fc985d6aa200e59f6cda9e0481e732b6c9e3b59917157d8676f47b0,010313129a8f0e0e,1,1,1,False,hardlink,hardlink
group_0003,train,20,/root/autodl-tmp/datasets/derived/construction_ppe3_canonical_v1_20260804_172437/images/all/train__image1026.jpg,/root/autodl-tmp/datasets/derived/construction_ppe3_canonical_v1_20260804_172437/labels/all/train__image1026.txt,/root/autodl-tmp/datasets/sources/construction-ppe_ultralytics_2025_v1/images/train/image1026.jpg,train,1026,51,12a400dfeb3ff3aa8d5277cb439535938052f6077581867ac0c3b9ca81498ff8,4cc7c60fad8796d1,1,1,1,False,hardlink,hardlink
group_0003,train,20,/root/autodl-tmp/datasets/derived/construction_ppe3_canonical_v1_20260804_172437/images/all/train__image1027.jpg,/root/autodl-tmp/datasets/derived/construction_ppe3_canonical_v1_20260804_172437/labels/all/train__image1027.txt,/root/autodl-tmp/datasets/sources/construction-ppe_ultralytics_2025_v1/images/train/image1027.jpg,train,1027,51,6849ee5f1394d660450a7338e5a046df0540743d6022ae4cab24b6e520dd1c98,4cc7c60fa5868a91,1,1,1,False,hardlink,hardlink
group_0003,train,20,/root/autodl-tmp/datasets/derived/construction_ppe3_canonical_v1_20260804_172437/images/all/train__image1028.jpg,/root/autodl-tmp/datasets/derived/construction_ppe3_canonical_v1_20260804_172437/labels/all/train__image1028.txt,/root/autodl-tmp/datasets/sources/construction-ppe_ultralytics_2025_v1/images/train/image1028.jpg,train,1028,51,ebd5928fe542a1739c318dcaede0de6fb3ed1ef053c9ed8ea0dcf40d77e53daa,6ccfc6068f4edbc9,1,1,1,False,hardlink,hardlink
group_0003,train,20,/root/autodl-tmp/datasets/derived/construction_ppe3_canonical_v1_20260804_172437/images/all/train__image1029.jpg,/root/autodl-tmp/datasets/derived/construction_ppe3_canonical_v1_20260804_172437/labels/all/train__image1029.txt,/root/autodl-tmp/datasets/sources/construction-ppe_ultralytics_2025_v1/images/train/image1029.jpg,train,1029,51,03bae05645d63b4f6d76678d194af10fc8f71da1ba4ce77c700df2977a3f6dee,6cc7c60686664f4c,1,1,1,False,hardlink,hardlink
group_0003,train,20,/root/autodl-tmp/datasets/derived/construction_ppe3_canonical_v1_20260804_172437/images/all/train__image1030.jpg,/root/autodl-tmp/datasets/derived/construction_ppe3_canonical_v1_20260804_172437/labels/all/train__image1030.txt,/root/autodl-tmp/datasets/sources/construction-ppe_ultralytics_2025_v1/images/train/image1030.jpg,train,1030,51,8b49d49680065cbe2b76c96d596199e433d7b5c42d8aefee72a567b3e928ce58,66c7c30e86276d64,1,1,1,False,hardlink,hardlink
group_0003,train,20,/root/autodl-tmp/datasets/derived/construction_ppe3_canonical_v1_20260804_172437/images/all/train__image1031.jpg,/root/autodl-tmp/datasets/derived/construction_ppe3_canonical_v1_20260804_172437/labels/all/train__image1031.txt,/root/autodl-tmp/datasets/sources/construction-ppe_ultralytics_2025_v1/images/train/image1031.jpg,train,1031,51,cfaf45ced0656b052a1a17696b9c3a2cf0d2cd92e3793d8c0925edc716b866b5,66c7c30e86276d26,1,1,1,False,hardlink,hardlink
group_0003,train,20,/root/autodl-tmp/datasets/derived/construction_ppe3_canonical_v1_20260804_172437/images/all/train__image1032.jpg,/root/autodl-tmp/datasets/derived/construction_ppe3_canonical_v1_20260804_172437/labels/all/train__image1032.txt,/root/autodl-tmp/datasets/sources/construction-ppe_ultralytics_2025_v1/images/train/image1032.jpg,train,1032,51,a7708734d18d64253e9cff97298e9b61ba5a985e1a336a0cfa7807f61ee1ad0e,66c7cb0b860f0426,1,1,1,False,hardlink,hardlink
group_0003,train,20,/root/autodl-tmp/datasets/derived/construction_ppe3_canonical_v1_20260804_172437/images/all/train__image1033.jpg,/root/autodl-tmp/datasets/derived/construction_ppe3_canonical_v1_20260804_172437/labels/all/train__image1033.txt,/root/autodl-tmp/datasets/sources/construction-ppe_ultralytics_2025_v1/images/train/image1033.jpg,train,1033,51,8e612ecd9abe061fb131b634064a164a0fab6c538bfab02e5aa50c354c9fdd1f,66c7cb0bcf070426,1,1,1,False,hardlink,hardlink
group_0003,train,20,/root/autodl-tmp/datasets/derived/construction_ppe3_canonical_v1_20260804_172437/images/all/train__image1034.jpg,/root/autodl-tmp/datasets/derived/construction_ppe3_canonical_v1_20260804_172437/labels/all/train__image1034.txt,/root/autodl-tmp/datasets/sources/construction-ppe_ultralytics_2025_v1/images/train/image1034.jpg,train,1034,51,eeaa8cbdbe40a5fc281933e9573025c02b335e1227f4adc079711a35143a2c36,66c7cb0bcf071426,1,1,1,False,hardlink,hardlink
group_0003,train,20,/root/autodl-tmp/datasets/derived/construction_ppe3_canonical_v1_20260804_172437/images/all/train__image1035.jpeg,/root/autodl-tmp/datasets/derived/construction_ppe3_canonical_v1_20260804_172437/labels/all/train__image1035.txt,/root/autodl-tmp/datasets/sources/construction-ppe_ultralytics_2025_v1/images/train/image1035.jpeg,train,1035,51,f32c1b3ad7a42728e310ffabb9c995163222f1c02efb48418cf91603048e7952,00c1683777cf8d00,6,0,6,False,hardlink,hardlink
group_0003,train,20,/root/autodl-tmp/datasets/derived/construction_ppe3_canonical_v1_20260804_172437/images/all/train__image1036.jpg,/root/autodl-tmp/datasets/derived/construction_ppe3_canonical_v1_20260804_172437/labels/all/train__image1036.txt,/root/autodl-tmp/datasets/sources/construction-ppe_ultralytics_2025_v1/images/train/image1036.jpg,train,1036,51,a014d01ecd6ab693a8c6b2bf91e59f2bd03418abf8ce35a9e924aace732a2e9e,a4c969ad2f7e9e94,3,2,1,False,hardlink,hardlink
group_0003,train,20,/root/autodl-tmp/datasets/derived/construction_ppe3_canonical_v1_20260804_172437/images/all/train__image1038.jpg,/root/autodl-tmp/datasets/derived/construction_ppe3_canonical_v1_20260804_172437/labels/all/train__image1038.txt,/root/autodl-tmp/datasets/sources/construction-ppe_ultralytics_2025_v1/images/train/image1038.jpg,train,1038,51,b9a1ac94bcd69aace085e7cbc11e1e63a2d1b69a21face415a05dc12733764ca,01031312928f0e0e,1,1,1,False,hardlink,hardlink
group_0003,train,20,/root/autodl-tmp/datasets/derived/construction_ppe3_canonical_v1_20260804_172437/images/all/train__image1039.jpg,/root/autodl-tmp/datasets/derived/construction_ppe3_canonical_v1_20260804_172437/labels/all/train__image1039.txt,/root/autodl-tmp/datasets/sources/construction-ppe_ultralytics_2025_v1/images/train/image1039.jpg,train,1039,51,b316a9aa0da1d5420a8281b3a4fb040374fd2e583df8e7f2ed7814a149e16119,0d9b06cf4f468626,1,1,1,False,hardlink,hardlink
group_0003,train,20,/root/autodl-tmp/datasets/derived/construction_ppe3_canonical_v1_20260804_172437/images/all/test__image1023.jpg,/root/autodl-tmp/datasets/derived/construction_ppe3_canonical_v1_20260804_172437/labels/all/test__image1023.txt,/root/autodl-tmp/datasets/sources/construction-ppe_ultralytics_2025_v1/images/test/image1023.jpg,test,1023,51,3eecfcad3555403ef85b9ace3e28796d5c216804986950e9777d4de6e9647fc8,4cc7c40da78726b3,1,1,1,False,hardlink,hardlink
group_0003,train,20,/root/autodl-tmp/datasets/derived/construction_ppe3_canonical_v1_20260804_172437/images/all/test__image1037.jpeg,/root/autodl-tmp/datasets/derived/construction_ppe3_canonical_v1_20260804_172437/labels/all/test__image1037.txt,/root/autodl-tmp/datasets/sources/construction-ppe_ultralytics_2025_v1/images/test/image1037.jpeg,test,1037,51,6c450b2f0d7642b79f95f1568c6699242e5541a3ef666bd2569a609178f5c070,009133eecb8b8b00,6,5,7,False,hardlink,hardlink
group_0004,train,20,/root/autodl-tmp/datasets/derived/construction_ppe3_canonical_v1_20260804_172437/images/all/train__image1040.jpg,/root/autodl-tmp/datasets/derived/construction_ppe3_canonical_v1_20260804_172437/labels/all/train__image1040.txt,/root/autodl-tmp/datasets/sources/construction-ppe_ultralytics_2025_v1/images/train/image1040.jpg,train,1040,52,cac47902c35d50812177bdd254c12ee7220f8a3e68781aedd7dc6ab6bf79afaa,0d8f87cf4f468622,1,1,1,False,hardlink,hardlink
group_0004,train,20,/root/autodl-tmp/datasets/derived/construction_ppe3_canonical_v1_20260804_172437/images/all/train__image1041.jpg,/root/autodl-tmp/datasets/derived/construction_ppe3_canonical_v1_20260804_172437/labels/all/train__image1041.txt,/root/autodl-tmp/datasets/sources/construction-ppe_ultralytics_2025_v1/images/train/image1041.jpg,train,1041,52,e8f2793df6daf3d024d501adb3b71168ad2842a523efcc5de9d3d82cee1436dc,048d87cf860682b2,1,1,1,False,hardlink,hardlink
group_0004,train,20,/root/autodl-tmp/datasets/derived/construction_ppe3_canonical_v1_20260804_172437/images/all/train__image1042.jpg,/root/autodl-tmp/datasets/derived/construction_ppe3_canonical_v1_20260804_172437/labels/all/train__image1042.txt,/root/autodl-tmp/datasets/sources/construction-ppe_ultralytics_2025_v1/images/train/image1042.jpg,train,1042,52,c09416f14840594bb450793cd6f370f66030578486199a21e6d9da42901ff35c,048d87cf860682b2,1,1,1,False,hardlink,hardlink
group_0004,train,20,/root/autodl-tmp/datasets/derived/construction_ppe3_canonical_v1_20260804_172437/images/all/train__image1043.jpg,/root/autodl-tmp/datasets/derived/construction_ppe3_canonical_v1_20260804_172437/labels/all/train__image1043.txt,/root/autodl-tmp/datasets/sources/construction-ppe_ultralytics_2025_v1/images/train/image1043.jpg,train,1043,52,a65447b52c0897604c80f1af88a6eb2ce0104c7523280e6205db3936dcfd5dab,0d9f9bc70b4b8ab2,1,1,1,False,hardlink,hardlink
group_0004,train,20,/root/autodl-tmp/datasets/derived/construction_ppe3_canonical_v1_20260804_172437/images/all/train__image1044.jpg,/root/autodl-tmp/datasets/derived/construction_ppe3_canonical_v1_20260804_172437/labels/all/train__image1044.txt,/root/autodl-tmp/datasets/sources/construction-ppe_ultralytics_2025_v1/images/train/image1044.jpg,train,1044,52,4cfc0a4a2961ead666a25045403c4f5e9830f67a63fad067b930e1e35ebacef3,0f9b89a7234b82b2,1,1,1,False,hardlink,hardlink
group_0004,train,20,/root/autodl-tmp/datasets/derived/construction_ppe3_canonical_v1_20260804_172437/images/all/train__image1045.jpg,/root/autodl-tmp/datasets/derived/construction_ppe3_canonical_v1_20260804_172437/labels/all/train__image1045.txt,/root/autodl-tmp/datasets/sources/construction-ppe_ultralytics_2025_v1/images/train/image1045.jpg,train,1045,52,6e70135a59994f7a2c3b697f1647c9da8003ad9017a46afeec1f1c26c3238e5c,0f8b8da7274b82b2,1,1,1,False,hardlink,hardlink
group_0004,train,20,/root/autodl-tmp/datasets/derived/construction_ppe3_canonical_v1_20260804_172437/images/all/train__image1047.jpg,/root/autodl-tmp/datasets/derived/construction_ppe3_canonical_v1_20260804_172437/labels/all/train__image1047.txt,/root/autodl-tmp/datasets/sources/construction-ppe_ultralytics_2025_v1/images/train/image1047.jpg,train,1047,52,af10ef307c37161f64f05a07703bae9b5d40aee76aeb5e440d863dd71ccebec7,0d1d36164f4d9626,1,1,1,False,hardlink,hardlink
group_0004,train,20,/root/autodl-tmp/datasets/derived/construction_ppe3_canonical_v1_20260804_172437/images/all/train__image1048.jpg,/root/autodl-tmp/datasets/derived/construction_ppe3_canonical_v1_20260804_172437/labels/all/train__image1048.txt,/root/autodl-tmp/datasets/sources/construction-ppe_ultralytics_2025_v1/images/train/image1048.jpg,train,1048,52,f9923424b079996ca4df481a35fdc4f1c92ac6c80a707a5d6b0b57635bf3f7c5,4d1d36164f4d9626,1,1,1,False,hardlink,hardlink
group_0004,train,20,/root/autodl-tmp/datasets/derived/construction_ppe3_canonical_v1_20260804_172437/images/all/train__image1050.jpg,/root/autodl-tmp/datasets/derived/construction_ppe3_canonical_v1_20260804_172437/labels/all/train__image1050.txt,/root/autodl-tmp/datasets/sources/construction-ppe_ultralytics_2025_v1/images/train/image1050.jpg,train,1050,52,8ab33fa35ebb08ddacbd53d131adf66152645ef6970c97a172828c5bce1487d6,4d1d16164f4d96a6,1,1,1,False,hardlink,hardlink
group_0004,train,20,/root/autodl-tmp/datasets/derived/construction_ppe3_canonical_v1_20260804_172437/images/all/train__image1051.jpeg,/root/autodl-tmp/datasets/derived/construction_ppe3_canonical_v1_20260804_172437/labels/all/train__image1051.txt,/root/autodl-tmp/datasets/sources/construction-ppe_ultralytics_2025_v1/images/train/image1051.jpeg,train,1051,52,a5ffbe42109f7f5009878d4dbf88a295456b21823a866b7013483ad32ee149ad,1171705846467614,10,10,9,False,hardlink,hardlink
group_0004,train,20,/root/autodl-tmp/datasets/derived/construction_ppe3_canonical_v1_20260804_172437/images/all/train__image1052.jpg,/root/autodl-tmp/datasets/derived/construction_ppe3_canonical_v1_20260804_172437/labels/all/train__image1052.txt,/root/autodl-tmp/datasets/sources/construction-ppe_ultralytics_2025_v1/images/train/image1052.jpg,train,1052,52,08f68636630a72f47c7c4981c2498915f9c88548fba9675494b6c85907e10a2b,0f1937164f4d96a6,1,1,1,False,hardlink,hardlink
group_0004,train,20,/root/autodl-tmp/datasets/derived/construction_ppe3_canonical_v1_20260804_172437/images/all/train__image1053.jpg,/root/autodl-tmp/datasets/derived/construction_ppe3_canonical_v1_20260804_172437/labels/all/train__image1053.txt,/root/autodl-tmp/datasets/sources/construction-ppe_ultralytics_2025_v1/images/train/image1053.jpg,train,1053,52,b8070ace7b10398bc1a316b4545bd9889a06184aa2e2025d593b97736f99af8a,9b1b37170f4d96a6,1,1,1,False,hardlink,hardlink
group_0004,train,20,/root/autodl-tmp/datasets/derived/construction_ppe3_canonical_v1_20260804_172437/images/all/train__image1054.jpg,/root/autodl-tmp/datasets/derived/construction_ppe3_canonical_v1_20260804_172437/labels/all/train__image1054.txt,/root/autodl-tmp/datasets/sources/construction-ppe_ultralytics_2025_v1/images/train/image1054.jpg,train,1054,52,12b3c011d64641600ba35d66148622f0d71af2c5d43d6929587d469aec310ff1,9b3b25970f4d96b6,1,1,1,False,hardlink,hardlink
group_0004,train,20,/root/autodl-tmp/datasets/derived/construction_ppe3_canonical_v1_20260804_172437/images/all/train__image1056.jpg,/root/autodl-tmp/datasets/derived/construction_ppe3_canonical_v1_20260804_172437/labels/all/train__image1056.txt,/root/autodl-tmp/datasets/sources/construction-ppe_ultralytics_2025_v1/images/train/image1056.jpg,train,1056,52,4480b9289336b188596ecfb4c98db89d42bfb0625ba4346e8dbeee669fc4aa1d,3e6f66259d9f9cb6,1,1,1,False,hardlink,hardlink
group_0004,train,20,/root/autodl-tmp/datasets/derived/construction_ppe3_canonical_v1_20260804_172437/images/all/train__image1058.jpg,/root/autodl-tmp/datasets/derived/construction_ppe3_canonical_v1_20260804_172437/labels/all/train__image1058.txt,/root/autodl-tmp/datasets/sources/construction-ppe_ultralytics_2025_v1/images/train/image1058.jpg,train,1058,52,dd9cbd2ebecece0e24167c5f6b63ccb3e92900255cc9c4ba42aa351fea62a4c2,6ccf96268d9f9cb6,1,1,1,False,hardlink,hardlink
group_0004,train,20,/root/autodl-tmp/datasets/derived/construction_ppe3_canonical_v1_20260804_172437/images/all/train__image1059.jpg,/root/autodl-tmp/datasets/derived/construction_ppe3_canonical_v1_20260804_172437/labels/all/train__image1059.txt,/root/autodl-tmp/datasets/sources/construction-ppe_ultralytics_2025_v1/images/train/image1059.jpg,train,1059,52,325c593a3b579918bc8a06f698b4fb77c8d270ab870188af3cb226708bf943ec,6ccf96368d8f9cb2,1,1,1,False,hardlink,hardlink
group_0004,train,20,/root/autodl-tmp/datasets/derived/construction_ppe3_canonical_v1_20260804_172437/images/all/val__image1046.jpeg,/root/autodl-tmp/datasets/derived/construction_ppe3_canonical_v1_20260804_172437/labels/all/val__image1046.txt,/root/autodl-tmp/datasets/sources/construction-ppe_ultralytics_2025_v1/images/val/image1046.jpeg,val,1046,52,ebf0c4d057c3a301ae090c1c2b1a2c9f4e5c381d730ec4727fe6b93b0dd04d82,00939b9b87a76c00,1,1,1,False,hardlink,hardlink
group_0004,train,20,/root/autodl-tmp/datasets/derived/construction_ppe3_canonical_v1_20260804_172437/images/all/val__image1049.jpg,/root/autodl-tmp/datasets/derived/construction_ppe3_canonical_v1_20260804_172437/labels/all/val__image1049.txt,/root/autodl-tmp/datasets/sources/construction-ppe_ultralytics_2025_v1/images/val/image1049.jpg,val,1049,52,af76cd3cf97e1a5acd1ae30ab841059f97af8a33627fdbc9b31ebb5469f21c63,4d1d16164f4d86a6,1,1,1,False,hardlink,hardlink
group_0004,train,20,/root/autodl-tmp/datasets/derived/construction_ppe3_canonical_v1_20260804_172437/images/all/val__image1055.jpg,/root/autodl-tmp/datasets/derived/construction_ppe3_canonical_v1_20260804_172437/labels/all/val__image1055.txt,/root/autodl-tmp/datasets/sources/construction-ppe_ultralytics_2025_v1/images/val/image1055.jpg,val,1055,52,7c648118b2b46a059da86f08015a16c0ae06630edc1f58d7469ab21c659f286b,373f67a78d9d94b6,1,1,1,False,hardlink,hardlink
group_0004,train,20,/root/autodl-tmp/datasets/derived/construction_ppe3_canonical_v1_20260804_172437/images/all/val__image1057.jpg,/root/autodl-tmp/datasets/derived/construction_ppe3_canonical_v1_20260804_172437/labels/all/val__image1057.txt,/root/autodl-tmp/datasets/sources/construction-ppe_ultralytics_2025_v1/images/val/image1057.jpg,val,1057,52,45175fe418bddf9644331d2cd0e5fd3f73ef77aaf83582cc08cefd73f26ea9de,6e4fc6249d9f9cb6,1,1,1,False,hardlink,hardlink
group_0005,train,20,/root/autodl-tmp/datasets/derived/construction_ppe3_canonical_v1_20260804_172437/images/all/train__image1060.jpeg,/root/autodl-tmp/datasets/derived/construction_ppe3_canonical_v1_20260804_172437/labels/all/train__image1060.txt,/root/autodl-tmp/datasets/sources/construction-ppe_ultralytics_2025_v1/images/train/image1060.jpeg,train,1060,53,de25471488870d37f099bda86b72173094d071eab656a06ea082d77f6ff120b1,0303161212130111,2,2,2,False,hardlink,hardlink
group_0005,train,20,/root/autodl-tmp/datasets/derived/construction_ppe3_canonical_v1_20260804_172437/images/all/train__image1061.jpg,/root/autodl-tmp/datasets/derived/construction_ppe3_canonical_v1_20260804_172437/labels/all/train__image1061.txt,/root/autodl-tmp/datasets/sources/construction-ppe_ultralytics_2025_v1/images/train/image1061.jpg,train,1061,53,1e8287642e95df1debb635cf907083c0def012561130f39e367721f7a1d0a8a0,6ccf96368f8d96b2,1,1,1,False,hardlink,hardlink
group_0005,train,20,/root/autodl-tmp/datasets/derived/construction_ppe3_canonical_v1_20260804_172437/images/all/train__image1062.jpg,/root/autodl-tmp/datasets/derived/construction_ppe3_canonical_v1_20260804_172437/labels/all/train__image1062.txt,/root/autodl-tmp/datasets/sources/construction-ppe_ultralytics_2025_v1/images/train/image1062.jpg,train,1062,53,c076e83a3fcb8b93200ec6bbdb24ffaf8f29245f79f9451345cdadc234a1d2f3,6ccf96168f8d9692,1,1,1,False,hardlink,hardlink
group_0005,train,20,/root/autodl-tmp/datasets/derived/construction_ppe3_canonical_v1_20260804_172437/images/all/train__image1063.jpg,/root/autodl-tmp/datasets/derived/construction_ppe3_canonical_v1_20260804_172437/labels/all/train__image1063.txt,/root/autodl-tmp/datasets/sources/construction-ppe_ultralytics_2025_v1/images/train/image1063.jpg,train,1063,53,385436486959eca02f27d8c29862386aa788d032f35a37809376f782617e0096,4ccd9253c746cbc9,1,1,1,False,hardlink,hardlink
group_0005,train,20,/root/autodl-tmp/datasets/derived/construction_ppe3_canonical_v1_20260804_172437/images/all/train__image1064.jpg,/root/autodl-tmp/datasets/derived/construction_ppe3_canonical_v1_20260804_172437/labels/all/train__image1064.txt,/root/autodl-tmp/datasets/sources/construction-ppe_ultralytics_2025_v1/images/train/image1064.jpg,train,1064,53,37c95ef824cfae54db349877d8d48ec9064b67ffec63ce9d075fe140487f75b5,a92c16934e8f8fc9,1,1,1,False,hardlink,hardlink
group_0005,train,20,/root/autodl-tmp/datasets/derived/construction_ppe3_canonical_v1_20260804_172437/images/all/train__image1066.jpg,/root/autodl-tmp/datasets/derived/construction_ppe3_canonical_v1_20260804_172437/labels/all/train__image1066.txt,/root/autodl-tmp/datasets/sources/construction-ppe_ultralytics_2025_v1/images/train/image1066.jpg,train,1066,53,fd8616842d07d45e08223f18e8d3a4170c3fdf7655ff7a05596259274ec65b7b,8ecb97974f4f8fcc,1,1,1,False,hardlink,hardlink
group_0005,train,20,/root/autodl-tmp/datasets/derived/construction_ppe3_canonical_v1_20260804_172437/images/all/train__image1067.jpg,/root/autodl-tmp/datasets/derived/construction_ppe3_canonical_v1_20260804_172437/labels/all/train__image1067.txt,/root/autodl-tmp/datasets/sources/construction-ppe_ultralytics_2025_v1/images/train/image1067.jpg,train,1067,53,85ff97c0a72a4f22edbceb961aae8ce913149d6d910fc842fc26d2ebca817c22,8fcfb7974f4d8fcc,1,1,1,False,hardlink,hardlink
group_0005,train,20,/root/autodl-tmp/datasets/derived/construction_ppe3_canonical_v1_20260804_172437/images/all/train__image1068.jpg,/root/autodl-tmp/datasets/derived/construction_ppe3_canonical_v1_20260804_172437/labels/all/train__image1068.txt,/root/autodl-tmp/datasets/sources/construction-ppe_ultralytics_2025_v1/images/train/image1068.jpg,train,1068,53,62f343321b518f2fced0cbe942ed41501a3894392fe36e18a2e6ba4ff736d09b,0f0fb797cf4d8fcc,1,1,1,False,hardlink,hardlink
group_0005,train,20,/root/autodl-tmp/datasets/derived/construction_ppe3_canonical_v1_20260804_172437/images/all/train__image1069.jpeg,/root/autodl-tmp/datasets/derived/construction_ppe3_canonical_v1_20260804_172437/labels/all/train__image1069.txt,/root/autodl-tmp/datasets/sources/construction-ppe_ultralytics_2025_v1/images/train/image1069.jpeg,train,1069,53,7e97fac288aa832c9c85eb2eb4492d4843e24064b4ddbfa76b802e2700dc2f83,929288985880a424,1,0,1,False,hardlink,hardlink
group_0005,train,20,/root/autodl-tmp/datasets/derived/construction_ppe3_canonical_v1_20260804_172437/images/all/train__image1070.jpg,/root/autodl-tmp/datasets/derived/construction_ppe3_canonical_v1_20260804_172437/labels/all/train__image1070.txt,/root/autodl-tmp/datasets/sources/construction-ppe_ultralytics_2025_v1/images/train/image1070.jpg,train,1070,53,27b0eae35421c85024a035aa933d4193316395321423bc97cd3953906128e3a9,0d0e3617cf4d8fcc,1,1,1,False,hardlink,hardlink
group_0005,train,20,/root/autodl-tmp/datasets/derived/construction_ppe3_canonical_v1_20260804_172437/images/all/train__image1071.jpg,/root/autodl-tmp/datasets/derived/construction_ppe3_canonical_v1_20260804_172437/labels/all/train__image1071.txt,/root/autodl-tmp/datasets/sources/construction-ppe_ultralytics_2025_v1/images/train/image1071.jpg,train,1071,53,87b01c73f07fc0458f92f6f43b9aee6cc69864ca666e930d62903044d98d9b34,0d0e1613c64f8fcf,1,1,1,False,hardlink,hardlink
group_0005,train,20,/root/autodl-tmp/datasets/derived/construction_ppe3_canonical_v1_20260804_172437/images/all/train__image1073.jpg,/root/autodl-tmp/datasets/derived/construction_ppe3_canonical_v1_20260804_172437/labels/all/train__image1073.txt,/root/autodl-tmp/datasets/sources/construction-ppe_ultralytics_2025_v1/images/train/image1073.jpg,train,1073,53,64562b30159a955a2cf3b0c21a4eedd3ee6e8790b829a422e144f9b34d736d6c,0c4b97964e4d0fcf,1,1,1,False,hardlink,hardlink
group_0005,train,20,/root/autodl-tmp/datasets/derived/construction_ppe3_canonical_v1_20260804_172437/images/all/train__image1075.jpg,/root/autodl-tmp/datasets/derived/construction_ppe3_canonical_v1_20260804_172437/labels/all/train__image1075.txt,/root/autodl-tmp/datasets/sources/construction-ppe_ultralytics_2025_v1/images/train/image1075.jpg,train,1075,53,e5a0461f9b89f9eae8bed15c8e3e932d703bcd6677fec91963a516dcb6092b14,4c8e97174f4d8fcf,1,1,1,False,hardlink,hardlink
group_0005,train,20,/root/autodl-tmp/datasets/derived/construction_ppe3_canonical_v1_20260804_172437/images/all/train__image1077.jpg,/root/autodl-tmp/datasets/derived/construction_ppe3_canonical_v1_20260804_172437/labels/all/train__image1077.txt,/root/autodl-tmp/datasets/sources/construction-ppe_ultralytics_2025_v1/images/train/image1077.jpg,train,1077,53,1c231db04ae7ec1908ce5b953f23a41fa845fbb45d4a4d233a49912a260145dc,090d9f174f4d4fe7,1,1,1,False,hardlink,hardlink
group_0005,train,20,/root/autodl-tmp/datasets/derived/construction_ppe3_canonical_v1_20260804_172437/images/all/train__image1078.jpeg,/root/autodl-tmp/datasets/derived/construction_ppe3_canonical_v1_20260804_172437/labels/all/train__image1078.txt,/root/autodl-tmp/datasets/sources/construction-ppe_ultralytics_2025_v1/images/train/image1078.jpeg,train,1078,53,8b4f2cafd2d08b439ada2ff06223effa227b9079d80e25962f3194952fb03a8e,ccc8a494f0f4969e,2,2,2,False,hardlink,hardlink
group_0005,train,20,/root/autodl-tmp/datasets/derived/construction_ppe3_canonical_v1_20260804_172437/images/all/train__image1079.jpg,/root/autodl-tmp/datasets/derived/construction_ppe3_canonical_v1_20260804_172437/labels/all/train__image1079.txt,/root/autodl-tmp/datasets/sources/construction-ppe_ultralytics_2025_v1/images/train/image1079.jpg,train,1079,53,4328119a49d2041cc15ec1d4591907df2ae9fb1367985da804e792d45b4a2454,09030b098887060e,1,1,1,False,hardlink,hardlink
group_0005,train,20,/root/autodl-tmp/datasets/derived/construction_ppe3_canonical_v1_20260804_172437/images/all/val__image1072.jpg,/root/autodl-tmp/datasets/derived/construction_ppe3_canonical_v1_20260804_172437/labels/all/val__image1072.txt,/root/autodl-tmp/datasets/sources/construction-ppe_ultralytics_2025_v1/images/val/image1072.jpg,val,1072,53,30f48b9eb06b128080d4230cbba4721c1c9add21d50e4af21752dbf004c423f1,0e0b97964e4d4fcf,1,1,1,False,hardlink,hardlink
group_0005,train,20,/root/autodl-tmp/datasets/derived/construction_ppe3_canonical_v1_20260804_172437/images/all/test__image1065.jpg,/root/autodl-tmp/datasets/derived/construction_ppe3_canonical_v1_20260804_172437/labels/all/test__image1065.txt,/root/autodl-tmp/datasets/sources/construction-ppe_ultralytics_2025_v1/images/test/image1065.jpg,test,1065,53,e53bbc1f867306c241162d24e3f402c17664187b57b60c84f27e1f417b54d110,ce4997964f0f8fc9,1,1,1,False,hardlink,hardlink
group_0005,train,20,/root/autodl-tmp/datasets/derived/construction_ppe3_canonical_v1_20260804_172437/images/all/test__image1074.jpg,/root/autodl-tmp/datasets/derived/construction_ppe3_canonical_v1_20260804_172437/labels/all/test__image1074.txt,/root/autodl-tmp/datasets/sources/construction-ppe_ultralytics_2025_v1/images/test/image1074.jpg,test,1074,53,93f57c0b653474740b82638024f0ae8b0ecbb68f2eb89d09fdbf68cc7298abc6,4c8e97174e4d8fce,1,1,1,False,hardlink,hardlink
group_0005,train,20,/root/autodl-tmp/datasets/derived/construction_ppe3_canonical_v1_20260804_172437/images/all/test__image1076.jpg,/root/autodl-tmp/datasets/derived/construction_ppe3_canonical_v1_20260804_172437/labels/all/test__image1076.txt,/root/autodl-tmp/datasets/sources/construction-ppe_ultralytics_2025_v1/images/test/image1076.jpg,test,1076,53,2ecb59ad18c49a4f7bc8c35ef79006351121588e8af792847d217b2b53fec72e,090d17174f4d4fc7,1,1,1,False,hardlink,hardlink
group_0006,train,20,/root/autodl-tmp/datasets/derived/construction_ppe3_canonical_v1_20260804_172437/images/all/train__image1080.jpg,/root/autodl-tmp/datasets/derived/construction_ppe3_canonical_v1_20260804_172437/labels/all/train__image1080.txt,/root/autodl-tmp/datasets/sources/construction-ppe_ultralytics_2025_v1/images/train/image1080.jpg,train,1080,54,5f7330ca8405199ec6ff4119a1e946ca8b5b5bdcb684d012af3c289e5d7b7ad9,0b0d9f16474d4fef,1,1,1,False,hardlink,hardlink
group_0006,train,20,/root/autodl-tmp/datasets/derived/construction_ppe3_canonical_v1_20260804_172437/images/all/train__image1081.jpg,/root/autodl-tmp/datasets/derived/construction_ppe3_canonical_v1_20260804_172437/labels/all/train__image1081.txt,/root/autodl-tmp/datasets/sources/construction-ppe_ultralytics_2025_v1/images/train/image1081.jpg,train,1081,54,ae82349f684ec432fc04a860ffde1fa69c759e6e500c84dde83b93ec4e88b9b5,470f9e17cf4d4f4f,1,1,1,False,hardlink,hardlink
group_0006,train,20,/root/autodl-tmp/datasets/derived/construction_ppe3_canonical_v1_20260804_172437/images/all/train__image1082.jpg,/root/autodl-tmp/datasets/derived/construction_ppe3_canonical_v1_20260804_172437/labels/all/train__image1082.txt,/root/autodl-tmp/datasets/sources/construction-ppe_ultralytics_2025_v1/images/train/image1082.jpg,train,1082,54,922e059acec3a053a5134fee7cc0497765a93e2db05fc9e8c2c74647579d979c,4f0e9e97cf4d4f4f,1,1,1,False,hardlink,hardlink
group_0006,train,20,/root/autodl-tmp/datasets/derived/construction_ppe3_canonical_v1_20260804_172437/images/all/train__image1084.jpg,/root/autodl-tmp/datasets/derived/construction_ppe3_canonical_v1_20260804_172437/labels/all/train__image1084.txt,/root/autodl-tmp/datasets/sources/construction-ppe_ultralytics_2025_v1/images/train/image1084.jpg,train,1084,54,2565e015fc17ba46b038e589d856d508e9e1fd0bd339d82dc12ca20a3333333e,9fcc9d5f4f4c4fef,1,1,1,False,hardlink,hardlink
group_0006,train,20,/root/autodl-tmp/datasets/derived/construction_ppe3_canonical_v1_20260804_172437/images/all/train__image1086.jpg,/root/autodl-tmp/datasets/derived/construction_ppe3_canonical_v1_20260804_172437/labels/all/train__image1086.txt,/root/autodl-tmp/datasets/sources/construction-ppe_ultralytics_2025_v1/images/train/image1086.jpg,train,1086,54,1edf0b5dd0fae183c9db354ed1e3a68666962a1a745d78d66dd066328392eeaa,1ecc9edf4f4c4def,1,1,1,False,hardlink,hardlink
group_0006,train,20,/root/autodl-tmp/datasets/derived/construction_ppe3_canonical_v1_20260804_172437/images/all/train__image1087.jpg,/root/autodl-tmp/datasets/derived/construction_ppe3_canonical_v1_20260804_172437/labels/all/train__image1087.txt,/root/autodl-tmp/datasets/sources/construction-ppe_ultralytics_2025_v1/images/train/image1087.jpg,train,1087,54,a59f7d40a7675ef1f7b76e7e38a3087d2fd25df38b3ac2dd49bf3355374b97d8,2e8c9ecf070c4fe7,1,1,1,False,hardlink,hardlink
group_0006,train,20,/root/autodl-tmp/datasets/derived/construction_ppe3_canonical_v1_20260804_172437/images/all/train__image1090.jpeg,/root/autodl-tmp/datasets/derived/construction_ppe3_canonical_v1_20260804_172437/labels/all/train__image1090.txt,/root/autodl-tmp/datasets/sources/construction-ppe_ultralytics_2025_v1/images/train/image1090.jpeg,train,1090,54,44aefa019d481f55d49b214811105f74e4d6180f7d553e85d34419163662b090,0092f3a7834d5800,2,0,2,False,hardlink,hardlink
group_0006,train,20,/root/autodl-tmp/datasets/derived/construction_ppe3_canonical_v1_20260804_172437/images/all/train__image1092.jpg,/root/autodl-tmp/datasets/derived/construction_ppe3_canonical_v1_20260804_172437/labels/all/train__image1092.txt,/root/autodl-tmp/datasets/sources/construction-ppe_ultralytics_2025_v1/images/train/image1092.jpg,train,1092,54,65eecb794cf521d82785b986a13c674c725b9c13a9f03d5a4b92c915dc78ac68,cc4d1d9b0f4d4d4f,1,1,1,False,hardlink,hardlink
group_0006,train,20,/root/autodl-tmp/datasets/derived/construction_ppe3_canonical_v1_20260804_172437/images/all/train__image1093.jpg,/root/autodl-tmp/datasets/derived/construction_ppe3_canonical_v1_20260804_172437/labels/all/train__image1093.txt,/root/autodl-tmp/datasets/sources/construction-ppe_ultralytics_2025_v1/images/train/image1093.jpg,train,1093,54,f83e9fea5526749206db674c35f158942d4a38665bbe80783f8144fc80268e81,381c8e4cca4b0f36,1,1,1,False,hardlink,hardlink
group_0006,train,20,/root/autodl-tmp/datasets/derived/construction_ppe3_canonical_v1_20260804_172437/images/all/train__image1094.jpg,/root/autodl-tmp/datasets/derived/construction_ppe3_canonical_v1_20260804_172437/labels/all/train__image1094.txt,/root/autodl-tmp/datasets/sources/construction-ppe_ultralytics_2025_v1/images/train/image1094.jpg,train,1094,54,374d6316af919333cb27d366e1191d326205d0c1b9c37830d96d524d7095df89,382d8e4ccd4d0d32,1,1,1,False,hardlink,hardlink
group_0006,train,20,/root/autodl-tmp/datasets/derived/construction_ppe3_canonical_v1_20260804_172437/images/all/train__image1095.jpg,/root/autodl-tmp/datasets/derived/construction_ppe3_canonical_v1_20260804_172437/labels/all/train__image1095.txt,/root/autodl-tmp/datasets/sources/construction-ppe_ultralytics_2025_v1/images/train/image1095.jpg,train,1095,54,387b1d3b52163574d0209073fc2a0cb1116fbb249ff8c6a8a452d32ba3f4f2d7,646d27c64d658d9b,1,1,1,False,hardlink,hardlink
group_0006,train,20,/root/autodl-tmp/datasets/derived/construction_ppe3_canonical_v1_20260804_172437/images/all/train__image1097.jpg,/root/autodl-tmp/datasets/derived/construction_ppe3_canonical_v1_20260804_172437/labels/all/train__image1097.txt,/root/autodl-tmp/datasets/sources/construction-ppe_ultralytics_2025_v1/images/train/image1097.jpg,train,1097,54,9cd566244fb5e3b8bf88f92ca27ab4635ae84929beae8a4ea3339ea45c547eee,c4cc4606cd6d0d9b,1,1,1,False,hardlink,hardlink
group_0006,train,20,/root/autodl-tmp/datasets/derived/construction_ppe3_canonical_v1_20260804_172437/images/all/train__image1098.jpg,/root/autodl-tmp/datasets/derived/construction_ppe3_canonical_v1_20260804_172437/labels/all/train__image1098.txt,/root/autodl-tmp/datasets/sources/construction-ppe_ultralytics_2025_v1/images/train/image1098.jpg,train,1098,54,1f89b622c307748662c504d50760a7629ded6cfa9a7c324c6473bfccb5aa3c76,03a6c6068e6707cc,1,1,1,False,hardlink,hardlink
group_0006,train,20,/root/autodl-tmp/datasets/derived/construction_ppe3_canonical_v1_20260804_172437/images/all/train__image1099.jpg,/root/autodl-tmp/datasets/derived/construction_ppe3_canonical_v1_20260804_172437/labels/all/train__image1099.txt,/root/autodl-tmp/datasets/sources/construction-ppe_ultralytics_2025_v1/images/train/image1099.jpg,train,1099,54,ec968241f1e26455b90c99964133cb41477d041b6a19aa6e7af595a683e963ac,1624c606ce6707cc,1,1,1,False,hardlink,hardlink
group_0006,train,20,/root/autodl-tmp/datasets/derived/construction_ppe3_canonical_v1_20260804_172437/images/all/val__image1083.jpg,/root/autodl-tmp/datasets/derived/construction_ppe3_canonical_v1_20260804_172437/labels/all/val__image1083.txt,/root/autodl-tmp/datasets/sources/construction-ppe_ultralytics_2025_v1/images/val/image1083.jpg,val,1083,54,d0b25c214e9bb9624df4cb538eb4c66647fa2b8296d3e7205a26aab9741598ae,8f6d1c1fcf4d4f6f,1,1,1,False,hardlink,hardlink
group_0006,train,20,/root/autodl-tmp/datasets/derived/construction_ppe3_canonical_v1_20260804_172437/images/all/val__image1085.jpg,/root/autodl-tmp/datasets/derived/construction_ppe3_canonical_v1_20260804_172437/labels/all/val__image1085.txt,/root/autodl-tmp/datasets/sources/construction-ppe_ultralytics_2025_v1/images/val/image1085.jpg,val,1085,54,55f3e120b8f0101ee02ad8e138ec73f06e398225d98cdc990dd4ba7c510992c4,1ecc1ddf4f4c4fef,1,1,1,False,hardlink,hardlink
group_0006,train,20,/root/autodl-tmp/datasets/derived/construction_ppe3_canonical_v1_20260804_172437/images/all/val__image1091.jpg,/root/autodl-tmp/datasets/derived/construction_ppe3_canonical_v1_20260804_172437/labels/all/val__image1091.txt,/root/autodl-tmp/datasets/sources/construction-ppe_ultralytics_2025_v1/images/val/image1091.jpg,val,1091,54,e72c72dcaf904cfc3355d87ff3578feef5be4a8a24c4734c28e99f44b57cd781,4c0c1cdf0f4c4d4f,1,1,1,False,hardlink,hardlink
group_0006,train,20,/root/autodl-tmp/datasets/derived/construction_ppe3_canonical_v1_20260804_172437/images/all/val__image1096.jpg,/root/autodl-tmp/datasets/derived/construction_ppe3_canonical_v1_20260804_172437/labels/all/val__image1096.txt,/root/autodl-tmp/datasets/sources/construction-ppe_ultralytics_2025_v1/images/val/image1096.jpg,val,1096,54,329262a7eb1add3f8cc3b44a669ad8ab0f0af1c936e7c325da32ed8768d4c507,c6cc46874d6d0d9b,1,1,1,False,hardlink,hardlink
group_0006,train,20,/root/autodl-tmp/datasets/derived/construction_ppe3_canonical_v1_20260804_172437/images/all/test__image1088.jpg,/root/autodl-tmp/datasets/derived/construction_ppe3_canonical_v1_20260804_172437/labels/all/test__image1088.txt,/root/autodl-tmp/datasets/sources/construction-ppe_ultralytics_2025_v1/images/test/image1088.jpg,test,1088,54,14a41d47a6791fc5a39a6c930d64a77609ff539d54c3612f2cb05920ca2b060a,2e8c9ecf070c4f67,1,1,1,False,hardlink,hardlink
group_0006,train,20,/root/autodl-tmp/datasets/derived/construction_ppe3_canonical_v1_20260804_172437/images/all/test__image1089.jpg,/root/autodl-tmp/datasets/derived/construction_ppe3_canonical_v1_20260804_172437/labels/all/test__image1089.txt,/root/autodl-tmp/datasets/sources/construction-ppe_ultralytics_2025_v1/images/test/image1089.jpg,test,1089,54,be5fa8295614f473d62005a25d5ac93c668ad02d99173741b594a332ff691640,4c0c1ccf0f0c4d67,1,1,1,False,hardlink,hardlink
group_0007,train,20,/root/autodl-tmp/datasets/derived/construction_ppe3_canonical_v1_20260804_172437/images/all/train__image1100.jpeg,/root/autodl-tmp/datasets/derived/construction_ppe3_canonical_v1_20260804_172437/labels/all/train__image1100.txt,/root/autodl-tmp/datasets/sources/construction-ppe_ultralytics_2025_v1/images/train/image1100.jpeg,train,1100,55,e72fdbe67715c3f93f9eb9373d65a99ac6b575ee3ee123659bff462fcd7a5acc,f8f8dcd8dcf8e8cc,4,3,4,False,hardlink,hardlink
group_0007,train,20,/root/autodl-tmp/datasets/derived/construction_ppe3_canonical_v1_20260804_172437/images/all/train__image1101.jpg,/root/autodl-tmp/datasets/derived/construction_ppe3_canonical_v1_20260804_172437/labels/all/train__image1101.txt,/root/autodl-tmp/datasets/sources/construction-ppe_ultralytics_2025_v1/images/train/image1101.jpg,train,1101,55,8f9e09912dc09e06392c1dd5392805b26f43cc562b92819617a44ba5a7b7aa08,4c4f87164c670f8d,1,1,1,False,hardlink,hardlink
group_0007,train,20,/root/autodl-tmp/datasets/derived/construction_ppe3_canonical_v1_20260804_172437/images/all/train__image1102.jpg,/root/autodl-tmp/datasets/derived/construction_ppe3_canonical_v1_20260804_172437/labels/all/train__image1102.txt,/root/autodl-tmp/datasets/sources/construction-ppe_ultralytics_2025_v1/images/train/image1102.jpg,train,1102,55,57e09819f9209e2fb91d5ae9e3f86182def1551c3660784e91958209fbeb3a56,8e0e4606cc670f8d,1,1,1,False,hardlink,hardlink
group_0007,train,20,/root/autodl-tmp/datasets/derived/construction_ppe3_canonical_v1_20260804_172437/images/all/train__image1103.jpg,/root/autodl-tmp/datasets/derived/construction_ppe3_canonical_v1_20260804_172437/labels/all/train__image1103.txt,/root/autodl-tmp/datasets/sources/construction-ppe_ultralytics_2025_v1/images/train/image1103.jpg,train,1103,55,fbc8ea5d5c70e3b0a5f2f3c41e80bd971cbc8c03932ca7eced19adadfc70f1aa,84864203ce26478c,1,1,1,False,hardlink,hardlink
group_0007,train,20,/root/autodl-tmp/datasets/derived/construction_ppe3_canonical_v1_20260804_172437/images/all/train__image1104.jpg,/root/autodl-tmp/datasets/derived/construction_ppe3_canonical_v1_20260804_172437/labels/all/train__image1104.txt,/root/autodl-tmp/datasets/sources/construction-ppe_ultralytics_2025_v1/images/train/image1104.jpg,train,1104,55,bba63872933eb5d97c77cec961603680ed653b909bf10ae125db103f51753e9f,21258b0b86a666c6,1,1,1,False,hardlink,hardlink
group_0007,train,20,/root/autodl-tmp/datasets/derived/construction_ppe3_canonical_v1_20260804_172437/images/all/train__image1105.jpg,/root/autodl-tmp/datasets/derived/construction_ppe3_canonical_v1_20260804_172437/labels/all/train__image1105.txt,/root/autodl-tmp/datasets/sources/construction-ppe_ultralytics_2025_v1/images/train/image1105.jpg,train,1105,55,fb1b31ee80152ab89f2471cc9d9a4f5e93e9f01b604a9bd4619afed7c6cab801,52430b0b06a646c6,1,1,1,False,hardlink,hardlink
group_0007,train,20,/root/autodl-tmp/datasets/derived/construction_ppe3_canonical_v1_20260804_172437/images/all/train__image1106.jpg,/root/autodl-tmp/datasets/derived/construction_ppe3_canonical_v1_20260804_172437/labels/all/train__image1106.txt,/root/autodl-tmp/datasets/sources/construction-ppe_ultralytics_2025_v1/images/train/image1106.jpg,train,1106,55,496dec7a32e52af7e3db8efeee71fdb5f21fc71f95fd381bcf24f7098b16f8d0,a6960b0b862646c6,1,1,1,False,hardlink,hardlink
group_0007,train,20,/root/autodl-tmp/datasets/derived/construction_ppe3_canonical_v1_20260804_172437/images/all/train__image1108.jpg,/root/autodl-tmp/datasets/derived/construction_ppe3_canonical_v1_20260804_172437/labels/all/train__image1108.txt,/root/autodl-tmp/datasets/sources/construction-ppe_ultralytics_2025_v1/images/train/image1108.jpg,train,1108,55,09753ddcf06d77ca925a4cc7e298d13c2011d1ec7584768b7cbee0dd801ab71f,d84d03124e0f46c4,1,1,1,False,hardlink,hardlink
group_0007,train,20,/root/autodl-tmp/datasets/derived/construction_ppe3_canonical_v1_20260804_172437/images/all/train__image1110.jpeg,/root/autodl-tmp/datasets/derived/construction_ppe3_canonical_v1_20260804_172437/labels/all/train__image1110.txt,/root/autodl-tmp/datasets/sources/construction-ppe_ultralytics_2025_v1/images/train/image1110.jpeg,train,1110,55,3611eb660d76bd9118ab9344f98e2bd1b72301afcdbc8b78c13848e0fc7e3fc4,00d99ed444ccca00,2,1,2,False,hardlink,hardlink
group_0007,train,20,/root/autodl-tmp/datasets/derived/construction_ppe3_canonical_v1_20260804_172437/images/all/train__image1112.jpg,/root/autodl-tmp/datasets/derived/construction_ppe3_canonical_v1_20260804_172437/labels/all/train__image1112.txt,/root/autodl-tmp/datasets/sources/construction-ppe_ultralytics_2025_v1/images/train/image1112.jpg,train,1112,55,897bd266537683b351e738d03eb10b5aab79579d01ae47dd59caf6d179c8f38e,33b74b0b46264666,1,1,1,False,hardlink,hardlink
group_0007,train,20,/root/autodl-tmp/datasets/derived/construction_ppe3_canonical_v1_20260804_172437/images/all/train__image1113.jpg,/root/autodl-tmp/datasets/derived/construction_ppe3_canonical_v1_20260804_172437/labels/all/train__image1113.txt,/root/autodl-tmp/datasets/sources/construction-ppe_ultralytics_2025_v1/images/train/image1113.jpg,train,1113,55,f1cc14c0773b20408ea3d8dbcc3a7665ea3709cd16d06619ce45b3798a9af289,23274b0b87264766,1,1,1,False,hardlink,hardlink
group_0007,train,20,/root/autodl-tmp/datasets/derived/construction_ppe3_canonical_v1_20260804_172437/images/all/train__image1115.jpg,/root/autodl-tmp/datasets/derived/construction_ppe3_canonical_v1_20260804_172437/labels/all/train__image1115.txt,/root/autodl-tmp/datasets/sources/construction-ppe_ultralytics_2025_v1/images/train/image1115.jpg,train,1115,55,2d4140180692b3d445a7b3a6cfca17afb7a59ca422bc25d0688371ed27a51698,c6464b0b8726c366,1,1,1,False,hardlink,hardlink
group_0007,train,20,/root/autodl-tmp/datasets/derived/construction_ppe3_canonical_v1_20260804_172437/images/all/train__image1116.jpg,/root/autodl-tmp/datasets/derived/construction_ppe3_canonical_v1_20260804_172437/labels/all/train__image1116.txt,/root/autodl-tmp/datasets/sources/construction-ppe_ultralytics_2025_v1/images/train/image1116.jpg,train,1116,55,f779bb256448104fdd4d27e14ba9c88e01ae64e6eb37065af41b6f9720528d83,8f869bcb0626c766,1,1,1,False,hardlink,hardlink
group_0007,train,20,/root/autodl-tmp/datasets/derived/construction_ppe3_canonical_v1_20260804_172437/images/all/train__image1117.jpg,/root/autodl-tmp/datasets/derived/construction_ppe3_canonical_v1_20260804_172437/labels/all/train__image1117.txt,/root/autodl-tmp/datasets/sources/construction-ppe_ultralytics_2025_v1/images/train/image1117.jpg,train,1117,55,55a27302a6b6dd5a75bc1473cc23dcd60d38bcb976fc4c3746a5035f45139aeb,bb3336363339bc9b,1,0,0,False,hardlink,hardlink
group_0007,train,20,/root/autodl-tmp/datasets/derived/construction_ppe3_canonical_v1_20260804_172437/images/all/train__image1118.jpg,/root/autodl-tmp/datasets/derived/construction_ppe3_canonical_v1_20260804_172437/labels/all/train__image1118.txt,/root/autodl-tmp/datasets/sources/construction-ppe_ultralytics_2025_v1/images/train/image1118.jpg,train,1118,55,ecb5e1af6cd3cfa209e28e5674a3a1d0b8c8969f1f7b6e8383374663ec8e709c,959419695d5767c9,2,0,0,False,hardlink,hardlink
group_0007,train,20,/root/autodl-tmp/datasets/derived/construction_ppe3_canonical_v1_20260804_172437/images/all/train__image1119.jpg,/root/autodl-tmp/datasets/derived/construction_ppe3_canonical_v1_20260804_172437/labels/all/train__image1119.txt,/root/autodl-tmp/datasets/sources/construction-ppe_ultralytics_2025_v1/images/train/image1119.jpg,train,1119,55,f34c2a446ca5cf5e1909f3be01602bfd5a807a5316f7bd563b809643a31ddf1e,a558d9f9c3cfc3c0,1,0,0,False,hardlink,hardlink
group_0007,train,20,/root/autodl-tmp/datasets/derived/construction_ppe3_canonical_v1_20260804_172437/images/all/val__image1107.jpg,/root/autodl-tmp/datasets/derived/construction_ppe3_canonical_v1_20260804_172437/labels/all/val__image1107.txt,/root/autodl-tmp/datasets/sources/construction-ppe_ultralytics_2025_v1/images/val/image1107.jpg,val,1107,55,21e5d4cb71535bdc23169000965f29fa760b9f33ba911b8135f8295feca05d37,4c2402424e0646c4,1,1,1,False,hardlink,hardlink
group_0007,train,20,/root/autodl-tmp/datasets/derived/construction_ppe3_canonical_v1_20260804_172437/images/all/val__image1109.jpg,/root/autodl-tmp/datasets/derived/construction_ppe3_canonical_v1_20260804_172437/labels/all/val__image1109.txt,/root/autodl-tmp/datasets/sources/construction-ppe_ultralytics_2025_v1/images/val/image1109.jpg,val,1109,55,26328092a4f721133c78b3a3da33c999e2b20662137f9b87f84d164e4834e604,91d543124e0746c4,1,1,1,False,hardlink,hardlink
group_0007,train,20,/root/autodl-tmp/datasets/derived/construction_ppe3_canonical_v1_20260804_172437/images/all/test__image1111.jpg,/root/autodl-tmp/datasets/derived/construction_ppe3_canonical_v1_20260804_172437/labels/all/test__image1111.txt,/root/autodl-tmp/datasets/sources/construction-ppe_ultralytics_2025_v1/images/test/image1111.jpg,test,1111,55,4cf4cea617e7badd64c68c03a6c20df67f1c33800d8531feed3f74f52c53cb27,b3974b0b46264644,1,1,1,False,hardlink,hardlink
group_0007,train,20,/root/autodl-tmp/datasets/derived/construction_ppe3_canonical_v1_20260804_172437/images/all/test__image1114.jpg,/root/autodl-tmp/datasets/derived/construction_ppe3_canonical_v1_20260804_172437/labels/all/test__image1114.txt,/root/autodl-tmp/datasets/sources/construction-ppe_ultralytics_2025_v1/images/test/image1114.jpg,test,1114,55,50b781de0ab7e6a48a253a32e71092a15fad19e50f3b1721a9d088bdf2c996e2,66674b0b87264366,1,1,1,False,hardlink,hardlink
group_0008,val,20,/root/autodl-tmp/datasets/derived/construction_ppe3_canonical_v1_20260804_172437/images/all/train__image1122.jpg,/root/autodl-tmp/datasets/derived/construction_ppe3_canonical_v1_20260804_172437/labels/all/train__image1122.txt,/root/autodl-tmp/datasets/sources/construction-ppe_ultralytics_2025_v1/images/train/image1122.jpg,train,1122,56,136a78755787b33847a185fab422365fd82c14771a7c69c672e2a55f4090285e,f0e5a58383a5e96d,3,0,0,False,hardlink,hardlink
group_0008,val,20,/root/autodl-tmp/datasets/derived/construction_ppe3_canonical_v1_20260804_172437/images/all/train__image1123.jpg,/root/autodl-tmp/datasets/derived/construction_ppe3_canonical_v1_20260804_172437/labels/all/train__image1123.txt,/root/autodl-tmp/datasets/sources/construction-ppe_ultralytics_2025_v1/images/train/image1123.jpg,train,1123,56,2ca794c213d4a249400a248036f07cf54bcc77b264b2df566ae93eceeae8dd19,1a1a8adbcbf0b2a6,2,0,0,False,hardlink,hardlink
group_0008,val,20,/root/autodl-tmp/datasets/derived/construction_ppe3_canonical_v1_20260804_172437/images/all/train__image1124.jpg,/root/autodl-tmp/datasets/derived/construction_ppe3_canonical_v1_20260804_172437/labels/all/train__image1124.txt,/root/autodl-tmp/datasets/sources/construction-ppe_ultralytics_2025_v1/images/train/image1124.jpg,train,1124,56,9a4048a6cd28620dbf7cf14fe0b508ea3c8756d51184889c483990d5a880a29e,5fcfeb6d4d4d7453,5,0,0,False,hardlink,hardlink
group_0008,val,20,/root/autodl-tmp/datasets/derived/construction_ppe3_canonical_v1_20260804_172437/images/all/train__image1126.jpg,/root/autodl-tmp/datasets/derived/construction_ppe3_canonical_v1_20260804_172437/labels/all/train__image1126.txt,/root/autodl-tmp/datasets/sources/construction-ppe_ultralytics_2025_v1/images/train/image1126.jpg,train,1126,56,dc5c363411e8b2ec65f9c9df506a08c719d87825b2b05d071c1effc725f3430c,025ad46527272322,4,0,0,False,hardlink,hardlink
group_0008,val,20,/root/autodl-tmp/datasets/derived/construction_ppe3_canonical_v1_20260804_172437/images/all/train__image1127.jpg,/root/autodl-tmp/datasets/derived/construction_ppe3_canonical_v1_20260804_172437/labels/all/train__image1127.txt,/root/autodl-tmp/datasets/sources/construction-ppe_ultralytics_2025_v1/images/train/image1127.jpg,train,1127,56,361ca5b23f471b0533d8529ff45652ace3136e613539fba220a58b0f5539f5e6,4ec6e616ca481c87,1,0,0,False,hardlink,hardlink
group_0008,val,20,/root/autodl-tmp/datasets/derived/construction_ppe3_canonical_v1_20260804_172437/images/all/train__image1128.jpg,/root/autodl-tmp/datasets/derived/construction_ppe3_canonical_v1_20260804_172437/labels/all/train__image1128.txt,/root/autodl-tmp/datasets/sources/construction-ppe_ultralytics_2025_v1/images/train/image1128.jpg,train,1128,56,7d41a57bac22a375491275746a3115b76634c2bea4231a411c5dee5be8c30bc4,514086745bcb453c,2,0,0,False,hardlink,hardlink
group_0008,val,20,/root/autodl-tmp/datasets/derived/construction_ppe3_canonical_v1_20260804_172437/images/all/train__image1131.jpg,/root/autodl-tmp/datasets/derived/construction_ppe3_canonical_v1_20260804_172437/labels/all/train__image1131.txt,/root/autodl-tmp/datasets/sources/construction-ppe_ultralytics_2025_v1/images/train/image1131.jpg,train,1131,56,f7b50cb69e5f66d8a2c237f473be4c167127bc0dae09f47310da56859b32fbc2,594d8c2b0f169696,1,0,0,False,hardlink,hardlink
group_0008,val,20,/root/autodl-tmp/datasets/derived/construction_ppe3_canonical_v1_20260804_172437/images/all/train__image1134.jpg,/root/autodl-tmp/datasets/derived/construction_ppe3_canonical_v1_20260804_172437/labels/all/train__image1134.txt,/root/autodl-tmp/datasets/sources/construction-ppe_ultralytics_2025_v1/images/train/image1134.jpg,train,1134,56,0934301be039bd1fed810a464a0e3d4f66ccd0e8f9194269a7f4e193fb966066,a72c383a23eba3b2,2,0,0,False,hardlink,hardlink
group_0008,val,20,/root/autodl-tmp/datasets/derived/construction_ppe3_canonical_v1_20260804_172437/images/all/train__image1135.jpg,/root/autodl-tmp/datasets/derived/construction_ppe3_canonical_v1_20260804_172437/labels/all/train__image1135.txt,/root/autodl-tmp/datasets/sources/construction-ppe_ultralytics_2025_v1/images/train/image1135.jpg,train,1135,56,cc7d442a563f1759792ffc420029e0ac621d47fcb4452b7f3a76b5a8ca098926,191c123068484bcf,1,0,0,False,hardlink,hardlink
group_0008,val,20,/root/autodl-tmp/datasets/derived/construction_ppe3_canonical_v1_20260804_172437/images/all/train__image1136.jpg,/root/autodl-tmp/datasets/derived/construction_ppe3_canonical_v1_20260804_172437/labels/all/train__image1136.txt,/root/autodl-tmp/datasets/sources/construction-ppe_ultralytics_2025_v1/images/train/image1136.jpg,train,1136,56,8bf5e9a42d42ccd750f9197e8640e0e50a5e4b10135d58759666b605ef5488ad,1a1c2cae96221292,1,0,0,False,hardlink,hardlink
group_0008,val,20,/root/autodl-tmp/datasets/derived/construction_ppe3_canonical_v1_20260804_172437/images/all/train__image1138.jpg,/root/autodl-tmp/datasets/derived/construction_ppe3_canonical_v1_20260804_172437/labels/all/train__image1138.txt,/root/autodl-tmp/datasets/sources/construction-ppe_ultralytics_2025_v1/images/train/image1138.jpg,train,1138,56,c0241b256891b1352f30ba736b0f8b7095b236397371c267229ef3a622c7cdeb,362c2c9a9a5ad6d2,4,0,0,False,hardlink,hardlink
group_0008,val,20,/root/autodl-tmp/datasets/derived/construction_ppe3_canonical_v1_20260804_172437/images/all/val__image1121.jpg,/root/autodl-tmp/datasets/derived/construction_ppe3_canonical_v1_20260804_172437/labels/all/val__image1121.txt,/root/autodl-tmp/datasets/sources/construction-ppe_ultralytics_2025_v1/images/val/image1121.jpg,val,1121,56,eded015b43e5cae15e4713cd111cd5b5c6c3cb482a2d58964c1a013b1182c6c9,1eadc7d71919c278,9,16,12,False,hardlink,hardlink
group_0008,val,20,/root/autodl-tmp/datasets/derived/construction_ppe3_canonical_v1_20260804_172437/images/all/val__image1129.jpg,/root/autodl-tmp/datasets/derived/construction_ppe3_canonical_v1_20260804_172437/labels/all/val__image1129.txt,/root/autodl-tmp/datasets/sources/construction-ppe_ultralytics_2025_v1/images/val/image1129.jpg,val,1129,56,88a08949ecb999dc4cde55a2a2a9728e3df519264f57d20b8172196c42ae4eaa,3a36262b2b71e3c3,3,0,0,False,hardlink,hardlink
group_0008,val,20,/root/autodl-tmp/datasets/derived/construction_ppe3_canonical_v1_20260804_172437/images/all/val__image1130.jpg,/root/autodl-tmp/datasets/derived/construction_ppe3_canonical_v1_20260804_172437/labels/all/val__image1130.txt,/root/autodl-tmp/datasets/sources/construction-ppe_ultralytics_2025_v1/images/val/image1130.jpg,val,1130,56,73e7b6460eb6f2789ba4eb941edcec4a4410a1af74835aa0bc190853775d5398,3316cecd4f4c1c44,1,0,0,False,hardlink,hardlink
group_0008,val,20,/root/autodl-tmp/datasets/derived/construction_ppe3_canonical_v1_20260804_172437/images/all/val__image1137.jpg,/root/autodl-tmp/datasets/derived/construction_ppe3_canonical_v1_20260804_172437/labels/all/val__image1137.txt,/root/autodl-tmp/datasets/sources/construction-ppe_ultralytics_2025_v1/images/val/image1137.jpg,val,1137,56,b1d9e4a673e9889ecc8063f1ccf227891eafb4e91389eb94b23a22513c1642b7,86e6a4aceae9e9d0,1,0,0,False,hardlink,hardlink
group_0008,val,20,/root/autodl-tmp/datasets/derived/construction_ppe3_canonical_v1_20260804_172437/images/all/test__image1120.jpg,/root/autodl-tmp/datasets/derived/construction_ppe3_canonical_v1_20260804_172437/labels/all/test__image1120.txt,/root/autodl-tmp/datasets/sources/construction-ppe_ultralytics_2025_v1/images/test/image1120.jpg,test,1120,56,62da23924d7de45be49cf4eecfc8b8aa3a51901e3794320a63e95b13f17b2482,cf96decf9b323232,1,0,0,False,hardlink,hardlink
group_0008,val,20,/root/autodl-tmp/datasets/derived/construction_ppe3_canonical_v1_20260804_172437/images/all/test__image1125.jpg,/root/autodl-tmp/datasets/derived/construction_ppe3_canonical_v1_20260804_172437/labels/all/test__image1125.txt,/root/autodl-tmp/datasets/sources/construction-ppe_ultralytics_2025_v1/images/test/image1125.jpg,test,1125,56,ee1a3255b9c4facffddfd09b37d1b837bf383fccb46215685bbf447d83318314,4d97272ccc8bc747,3,0,0,False,hardlink,hardlink
group_0008,val,20,/root/autodl-tmp/datasets/derived/construction_ppe3_canonical_v1_20260804_172437/images/all/test__image1132.jpg,/root/autodl-tmp/datasets/derived/construction_ppe3_canonical_v1_20260804_172437/labels/all/test__image1132.txt,/root/autodl-tmp/datasets/sources/construction-ppe_ultralytics_2025_v1/images/test/image1132.jpg,test,1132,56,eba55f595c70a0f4eb5d5ad8eb24309526a3478961bde04cdffd42013cb3d49c,8ce4e5a66f06b783,1,0,0,False,hardlink,hardlink
group_0008,val,20,/root/autodl-tmp/datasets/derived/construction_ppe3_canonical_v1_20260804_172437/images/all/test__image1133.jpg,/root/autodl-tmp/datasets/derived/construction_ppe3_canonical_v1_20260804_172437/labels/all/test__image1133.txt,/root/autodl-tmp/datasets/sources/construction-ppe_ultralytics_2025_v1/images/test/image1133.jpg,test,1133,56,060258f5709aa420d2997e52dd74e39d10c0b7e557fec102c265189122cc5470,187c4ece96d6d686,1,0,0,False,hardlink,hardlink
group_0008,val,20,/root/autodl-tmp/datasets/derived/construction_ppe3_canonical_v1_20260804_172437/images/all/test__image1139.jpg,/root/autodl-tmp/datasets/derived/construction_ppe3_canonical_v1_20260804_172437/labels/all/test__image1139.txt,/root/autodl-tmp/datasets/sources/construction-ppe_ultralytics_2025_v1/images/test/image1139.jpg,test,1139,56,37c3d6d3e7fc3eca2315f1734efc5eef32142a1ed9644515f35b6c8fbe45c94b,e6cecc4e166ad95d,1,0,0,False,hardlink,hardlink
group_0009,test,20,/root/autodl-tmp/datasets/derived/construction_ppe3_canonical_v1_20260804_172437/images/all/train__image1140.jpg,/root/autodl-tmp/datasets/derived/construction_ppe3_canonical_v1_20260804_172437/labels/all/train__image1140.txt,/root/autodl-tmp/datasets/sources/construction-ppe_ultralytics_2025_v1/images/train/image1140.jpg,train,1140,57,5c1ec9c086bcf15991bc2a609505dee335400fe09b18001f9bb4fa4094b15272,1f8f8393dae663c7,1,1,0,False,hardlink,hardlink
group_0009,test,20,/root/autodl-tmp/datasets/derived/construction_ppe3_canonical_v1_20260804_172437/images/all/train__image1141.jpg,/root/autodl-tmp/datasets/derived/construction_ppe3_canonical_v1_20260804_172437/labels/all/train__image1141.txt,/root/autodl-tmp/datasets/sources/construction-ppe_ultralytics_2025_v1/images/train/image1141.jpg,train,1141,57,e8cf35a7667a66cfc0749d093c1b614f5219ec59779a05068f4ff1a77510a173,382c2e965ecec450,7,0,0,False,hardlink,hardlink
group_0009,test,20,/root/autodl-tmp/datasets/derived/construction_ppe3_canonical_v1_20260804_172437/images/all/train__image1142.jpg,/root/autodl-tmp/datasets/derived/construction_ppe3_canonical_v1_20260804_172437/labels/all/train__image1142.txt,/root/autodl-tmp/datasets/sources/construction-ppe_ultralytics_2025_v1/images/train/image1142.jpg,train,1142,57,d2ae0800fbf2adbea789005429351591f257f188f74e883f984d394cfc7084f4,9991f0d0f48caccc,1,0,0,False,hardlink,hardlink
group_0009,test,20,/root/autodl-tmp/datasets/derived/construction_ppe3_canonical_v1_20260804_172437/images/all/train__image1143.jpg,/root/autodl-tmp/datasets/derived/construction_ppe3_canonical_v1_20260804_172437/labels/all/train__image1143.txt,/root/autodl-tmp/datasets/sources/construction-ppe_ultralytics_2025_v1/images/train/image1143.jpg,train,1143,57,16f314c057956d3a88b698f9027b942297309e7a7473e871338fbfed46a8051d,6d7dcdcc4d0d8b4d,1,0,0,False,hardlink,hardlink
group_0009,test,20,/root/autodl-tmp/datasets/derived/construction_ppe3_canonical_v1_20260804_172437/images/all/train__image1144.jpg,/root/autodl-tmp/datasets/derived/construction_ppe3_canonical_v1_20260804_172437/labels/all/train__image1144.txt,/root/autodl-tmp/datasets/sources/construction-ppe_ultralytics_2025_v1/images/train/image1144.jpg,train,1144,57,ddf52f7b41a35b7b82b27344ec5ea9874fc8689137ac4d714033c9a62f4adb8c,82b1b12e76039336,2,0,0,False,hardlink,hardlink
group_0009,test,20,/root/autodl-tmp/datasets/derived/construction_ppe3_canonical_v1_20260804_172437/images/all/train__image1147.jpg,/root/autodl-tmp/datasets/derived/construction_ppe3_canonical_v1_20260804_172437/labels/all/train__image1147.txt,/root/autodl-tmp/datasets/sources/construction-ppe_ultralytics_2025_v1/images/train/image1147.jpg,train,1147,57,8d1ed0166709eae0184ac264afca890ac51b43ae358ea074c5b1a3da22ab6202,a7c5e6c6c4c1e121,1,0,0,False,hardlink,hardlink
group_0009,test,20,/root/autodl-tmp/datasets/derived/construction_ppe3_canonical_v1_20260804_172437/images/all/train__image1148.jpg,/root/autodl-tmp/datasets/derived/construction_ppe3_canonical_v1_20260804_172437/labels/all/train__image1148.txt,/root/autodl-tmp/datasets/sources/construction-ppe_ultralytics_2025_v1/images/train/image1148.jpg,train,1148,57,4318a40b86d2ecddcb282577ecdd5d7e4a16dc1fdc0e09ff1dbfb7cff02d2aad,cc88ce6d298fabb4,5,0,0,False,hardlink,hardlink
group_0009,test,20,/root/autodl-tmp/datasets/derived/construction_ppe3_canonical_v1_20260804_172437/images/all/train__image1149.jpg,/root/autodl-tmp/datasets/derived/construction_ppe3_canonical_v1_20260804_172437/labels/all/train__image1149.txt,/root/autodl-tmp/datasets/sources/construction-ppe_ultralytics_2025_v1/images/train/image1149.jpg,train,1149,57,3cb584611f243bd6f7b6ae06fe9a025d3325983dda5f469a03d8db68539364a6,6859b4b484ce5b33,3,0,0,False,hardlink,hardlink
group_0009,test,20,/root/autodl-tmp/datasets/derived/construction_ppe3_canonical_v1_20260804_172437/images/all/train__image1150.jpg,/root/autodl-tmp/datasets/derived/construction_ppe3_canonical_v1_20260804_172437/labels/all/train__image1150.txt,/root/autodl-tmp/datasets/sources/construction-ppe_ultralytics_2025_v1/images/train/image1150.jpg,train,1150,57,187daafece1689c33c136e1f9798516e0f9286bf205d4a6aa262d8a4e976b4b1,9795160f485515f2,1,0,0,False,hardlink,hardlink
group_0009,test,20,/root/autodl-tmp/datasets/derived/construction_ppe3_canonical_v1_20260804_172437/images/all/train__image1153.jpg,/root/autodl-tmp/datasets/derived/construction_ppe3_canonical_v1_20260804_172437/labels/all/train__image1153.txt,/root/autodl-tmp/datasets/sources/construction-ppe_ultralytics_2025_v1/images/train/image1153.jpg,train,1153,57,c0cdaa906f336345d49a2d5752e5e00ea8ea24591c2d0bc1cb29140cc3cb0aa1,13726ce36760c0f3,2,0,0,False,hardlink,hardlink
group_0009,test,20,/root/autodl-tmp/datasets/derived/construction_ppe3_canonical_v1_20260804_172437/images/all/train__image1154.jpg,/root/autodl-tmp/datasets/derived/construction_ppe3_canonical_v1_20260804_172437/labels/all/train__image1154.txt,/root/autodl-tmp/datasets/sources/construction-ppe_ultralytics_2025_v1/images/train/image1154.jpg,train,1154,57,fe87878da7c6b31a3976013c3f0074b4bea4c6128f836d280f22473e7a1fe85f,e084356d463b5313,2,0,0,False,hardlink,hardlink
group_0009,test,20,/root/autodl-tmp/datasets/derived/construction_ppe3_canonical_v1_20260804_172437/images/all/train__image1155.jpg,/root/autodl-tmp/datasets/derived/construction_ppe3_canonical_v1_20260804_172437/labels/all/train__image1155.txt,/root/autodl-tmp/datasets/sources/construction-ppe_ultralytics_2025_v1/images/train/image1155.jpg,train,1155,57,fb45361169bbd2ae2db147d7fb6f3ba792b57124abdbe4b557a4d8f24c4a0678,25371f1f8d8d9c9c,2,0,0,False,hardlink,hardlink
group_0009,test,20,/root/autodl-tmp/datasets/derived/construction_ppe3_canonical_v1_20260804_172437/images/all/train__image1156.jpg,/root/autodl-tmp/datasets/derived/construction_ppe3_canonical_v1_20260804_172437/labels/all/train__image1156.txt,/root/autodl-tmp/datasets/sources/construction-ppe_ultralytics_2025_v1/images/train/image1156.jpg,train,1156,57,5da43de99c55cad7b8c862e9f7b63d4b3b684f17dcea2891580fce82994421ce,63617022272252da,7,0,0,False,hardlink,hardlink
group_0009,test,20,/root/autodl-tmp/datasets/derived/construction_ppe3_canonical_v1_20260804_172437/images/all/train__image1157.jpg,/root/autodl-tmp/datasets/derived/construction_ppe3_canonical_v1_20260804_172437/labels/all/train__image1157.txt,/root/autodl-tmp/datasets/sources/construction-ppe_ultralytics_2025_v1/images/train/image1157.jpg,train,1157,57,9ddb40082282f946c531f2312338bd0757ba9a4bf139084fece2479e0a315323,311d0d092a0e2c60,1,0,0,False,hardlink,hardlink
group_0009,test,20,/root/autodl-tmp/datasets/derived/construction_ppe3_canonical_v1_20260804_172437/images/all/train__image1158.jpg,/root/autodl-tmp/datasets/derived/construction_ppe3_canonical_v1_20260804_172437/labels/all/train__image1158.txt,/root/autodl-tmp/datasets/sources/construction-ppe_ultralytics_2025_v1/images/train/image1158.jpg,train,1158,57,eeed42c2fc6ad64bce834bf46b7cbe1d9204c66e14ed7ab995d0d1ced63ab13e,090b0b0313732ca4,1,0,0,False,hardlink,hardlink
group_0009,test,20,/root/autodl-tmp/datasets/derived/construction_ppe3_canonical_v1_20260804_172437/images/all/train__image1159.jpg,/root/autodl-tmp/datasets/derived/construction_ppe3_canonical_v1_20260804_172437/labels/all/train__image1159.txt,/root/autodl-tmp/datasets/sources/construction-ppe_ultralytics_2025_v1/images/train/image1159.jpg,train,1159,57,ef058ec8cb6fddcb06d3cd2d3d1eaace0de16bf2ba05a3e511b6745ca1d300f3,e3b2069bab2bdb9b,1,0,0,False,hardlink,hardlink
group_0009,test,20,/root/autodl-tmp/datasets/derived/construction_ppe3_canonical_v1_20260804_172437/images/all/val__image1146.jpg,/root/autodl-tmp/datasets/derived/construction_ppe3_canonical_v1_20260804_172437/labels/all/val__image1146.txt,/root/autodl-tmp/datasets/sources/construction-ppe_ultralytics_2025_v1/images/val/image1146.jpg,val,1146,57,a30443ba89cc392a1720dc5189913b83ad4a1de42400bc2286f47c6127e8d8b8,031222287078e979,1,0,0,False,hardlink,hardlink
group_0009,test,20,/root/autodl-tmp/datasets/derived/construction_ppe3_canonical_v1_20260804_172437/images/all/val__image1151.jpg,/root/autodl-tmp/datasets/derived/construction_ppe3_canonical_v1_20260804_172437/labels/all/val__image1151.txt,/root/autodl-tmp/datasets/sources/construction-ppe_ultralytics_2025_v1/images/val/image1151.jpg,val,1151,57,351bccc2a555dd6fa0b1d7a9ed1b62678afb9ca93c02d7262e1532520e1c5704,1b1c303536959dd8,1,0,0,False,hardlink,hardlink
group_0009,test,20,/root/autodl-tmp/datasets/derived/construction_ppe3_canonical_v1_20260804_172437/images/all/test__image1145.jpg,/root/autodl-tmp/datasets/derived/construction_ppe3_canonical_v1_20260804_172437/labels/all/test__image1145.txt,/root/autodl-tmp/datasets/sources/construction-ppe_ultralytics_2025_v1/images/test/image1145.jpg,test,1145,57,9d0817c5664de792b7597489828da731fbeff4efeaf800c99a31529dfeca4b98,c180e0b0a6bc90da,8,0,0,False,hardlink,hardlink
group_0009,test,20,/root/autodl-tmp/datasets/derived/construction_ppe3_canonical_v1_20260804_172437/images/all/test__image1152.jpg,/root/autodl-tmp/datasets/derived/construction_ppe3_canonical_v1_20260804_172437/labels/all/test__image1152.txt,/root/autodl-tmp/datasets/sources/construction-ppe_ultralytics_2025_v1/images/test/image1152.jpg,test,1152,57,47dbd51995e1a4e015772599c2e8621fb7ac16ba27671cfc2ca4d16b0841d0be,9c7251199fdb662e,1,0,0,False,hardlink,hardlink
group_0010,train,20,/root/autodl-tmp/datasets/derived/construction_ppe3_canonical_v1_20260804_172437/images/all/train__image1160.jpg,/root/autodl-tmp/datasets/derived/construction_ppe3_canonical_v1_20260804_172437/labels/all/train__image1160.txt,/root/autodl-tmp/datasets/sources/construction-ppe_ultralytics_2025_v1/images/train/image1160.jpg,train,1160,58,c0750bc92cac1794b112e4060de7aa77517d2f671a75bb573f1c77953fab39b9,c8c0e8e1b464f0f0,4,0,0,False,hardlink,hardlink
group_0010,train,20,/root/autodl-tmp/datasets/derived/construction_ppe3_canonical_v1_20260804_172437/images/all/train__image1161.jpg,/root/autodl-tmp/datasets/derived/construction_ppe3_canonical_v1_20260804_172437/labels/all/train__image1161.txt,/root/autodl-tmp/datasets/sources/construction-ppe_ultralytics_2025_v1/images/train/image1161.jpg,train,1161,58,5da97c8ce322ccf86d062867bc316129a7c9e4e7d119029f293a4acd5758498c,6ce6f37292568488,1,0,0,False,hardlink,hardlink
group_0010,train,20,/root/autodl-tmp/datasets/derived/construction_ppe3_canonical_v1_20260804_172437/images/all/train__image1162.jpg,/root/autodl-tmp/datasets/derived/construction_ppe3_canonical_v1_20260804_172437/labels/all/train__image1162.txt,/root/autodl-tmp/datasets/sources/construction-ppe_ultralytics_2025_v1/images/train/image1162.jpg,train,1162,58,1118039d0bd0db776846abd6358ceaab6e3fdeeeb68cd574f22e3f0cf4067834,5f5cdcc4f4f6e4cc,8,0,8,False,hardlink,hardlink
group_0010,train,20,/root/autodl-tmp/datasets/derived/construction_ppe3_canonical_v1_20260804_172437/images/all/train__image1163.jpg,/root/autodl-tmp/datasets/derived/construction_ppe3_canonical_v1_20260804_172437/labels/all/train__image1163.txt,/root/autodl-tmp/datasets/sources/construction-ppe_ultralytics_2025_v1/images/train/image1163.jpg,train,1163,58,81b73cc6bae92ab9f5510612669546189b5822f0b18abfede9a7ba7dfab31482,29989969d8c81011,1,0,0,False,hardlink,hardlink
group_0010,train,20,/root/autodl-tmp/datasets/derived/construction_ppe3_canonical_v1_20260804_172437/images/all/train__image1164.jpg,/root/autodl-tmp/datasets/derived/construction_ppe3_canonical_v1_20260804_172437/labels/all/train__image1164.txt,/root/autodl-tmp/datasets/sources/construction-ppe_ultralytics_2025_v1/images/train/image1164.jpg,train,1164,58,2c2157a035bca73d1a00cd3990a118b69b96cf4317771a5827f2eb23a86eff64,2505c1c4caaaa338,2,0,0,False,hardlink,hardlink
group_0010,train,20,/root/autodl-tmp/datasets/derived/construction_ppe3_canonical_v1_20260804_172437/images/all/train__image1165.jpg,/root/autodl-tmp/datasets/derived/construction_ppe3_canonical_v1_20260804_172437/labels/all/train__image1165.txt,/root/autodl-tmp/datasets/sources/construction-ppe_ultralytics_2025_v1/images/train/image1165.jpg,train,1165,58,6539650067867a48a572031e737a98c51ceb785f31976ec69ce5428cb21652ce,0a58e46030d8eb68,1,0,0,False,hardlink,hardlink
group_0010,train,20,/root/autodl-tmp/datasets/derived/construction_ppe3_canonical_v1_20260804_172437/images/all/train__image1166.jpg,/root/autodl-tmp/datasets/derived/construction_ppe3_canonical_v1_20260804_172437/labels/all/train__image1166.txt,/root/autodl-tmp/datasets/sources/construction-ppe_ultralytics_2025_v1/images/train/image1166.jpg,train,1166,58,ec85f17cf26daf1be0cc4b60273076301be8e6a828486bb83c0d7c614f14bf0a,4b5a2676e6c35687,1,0,0,False,hardlink,hardlink
group_0010,train,20,/root/autodl-tmp/datasets/derived/construction_ppe3_canonical_v1_20260804_172437/images/all/train__image1167.jpg,/root/autodl-tmp/datasets/derived/construction_ppe3_canonical_v1_20260804_172437/labels/all/train__image1167.txt,/root/autodl-tmp/datasets/sources/construction-ppe_ultralytics_2025_v1/images/train/image1167.jpg,train,1167,58,be3a82c2a500c7416e27e9f25b5b28f6cd1ef3e817ccda7c700f5753272aca3b,d62f3232585c3bb8,1,0,0,False,hardlink,hardlink
group_0010,train,20,/root/autodl-tmp/datasets/derived/construction_ppe3_canonical_v1_20260804_172437/images/all/train__image1168.jpg,/root/autodl-tmp/datasets/derived/construction_ppe3_canonical_v1_20260804_172437/labels/all/train__image1168.txt,/root/autodl-tmp/datasets/sources/construction-ppe_ultralytics_2025_v1/images/train/image1168.jpg,train,1168,58,743984f16b02407d0ac2cb518c97f52d6a4f4960a4684a9dbcbd3b3717321714,dc9cec898bf0cca2,1,0,0,False,hardlink,hardlink
group_0010,train,20,/root/autodl-tmp/datasets/derived/construction_ppe3_canonical_v1_20260804_172437/images/all/train__image1169.jpg,/root/autodl-tmp/datasets/derived/construction_ppe3_canonical_v1_20260804_172437/labels/all/train__image1169.txt,/root/autodl-tmp/datasets/sources/construction-ppe_ultralytics_2025_v1/images/train/image1169.jpg,train,1169,58,a1e1f20cf660da2120cf490648254feea697526aee0a9120f6d93828b82e5186,b4f0f0c8c9c131c4,0,0,0,True,hardlink,hardlink
group_0010,train,20,/root/autodl-tmp/datasets/derived/construction_ppe3_canonical_v1_20260804_172437/images/all/train__image1170.jpg,/root/autodl-tmp/datasets/derived/construction_ppe3_canonical_v1_20260804_172437/labels/all/train__image1170.txt,/root/autodl-tmp/datasets/sources/construction-ppe_ultralytics_2025_v1/images/train/image1170.jpg,train,1170,58,b8cb894e0a4a65fff37ee1c1bf9cb0527dc94e1f2b2b48a83f097b1b3d355de9,e5add6d74d49c8c4,1,0,0,False,hardlink,hardlink
group_0010,train,20,/root/autodl-tmp/datasets/derived/construction_ppe3_canonical_v1_20260804_172437/images/all/train__image1171.jpg,/root/autodl-tmp/datasets/derived/construction_ppe3_canonical_v1_20260804_172437/labels/all/train__image1171.txt,/root/autodl-tmp/datasets/sources/construction-ppe_ultralytics_2025_v1/images/train/image1171.jpg,train,1171,58,929dd741dc512eb4e2745ac3c99b6ff5dc6e39cdaaa8a3abe43d10067d1c90c8,6c2c3e1332362c2c,0,0,0,True,hardlink,hardlink
group_0010,train,20,/root/autodl-tmp/datasets/derived/construction_ppe3_canonical_v1_20260804_172437/images/all/train__image1172.jpg,/root/autodl-tmp/datasets/derived/construction_ppe3_canonical_v1_20260804_172437/labels/all/train__image1172.txt,/root/autodl-tmp/datasets/sources/construction-ppe_ultralytics_2025_v1/images/train/image1172.jpg,train,1172,58,03879aa9b98f4080c9fc6f390815b5a66238ae891fab8c45131516332193da74,6ccc84a46c666e62,2,0,0,False,hardlink,hardlink
group_0010,train,20,/root/autodl-tmp/datasets/derived/construction_ppe3_canonical_v1_20260804_172437/images/all/train__image1173.jpg,/root/autodl-tmp/datasets/derived/construction_ppe3_canonical_v1_20260804_172437/labels/all/train__image1173.txt,/root/autodl-tmp/datasets/sources/construction-ppe_ultralytics_2025_v1/images/train/image1173.jpg,train,1173,58,b8b5cb9bacc26f5813f15733e9be4cf2849d929ba67beb5e8ed0c4df9c2c96d8,7f3da2f164cee291,1,0,0,False,hardlink,hardlink
group_0010,train,20,/root/autodl-tmp/datasets/derived/construction_ppe3_canonical_v1_20260804_172437/images/all/train__image1174.jpg,/root/autodl-tmp/datasets/derived/construction_ppe3_canonical_v1_20260804_172437/labels/all/train__image1174.txt,/root/autodl-tmp/datasets/sources/construction-ppe_ultralytics_2025_v1/images/train/image1174.jpg,train,1174,58,f2a8bb1ecbdef7a8efd34bde4c013ee701c7ab1b00c905914194e327b6d7d337,e29a8c3c68e5ace2,3,0,0,False,hardlink,hardlink
group_0010,train,20,/root/autodl-tmp/datasets/derived/construction_ppe3_canonical_v1_20260804_172437/images/all/train__image1175.jpg,/root/autodl-tmp/datasets/derived/construction_ppe3_canonical_v1_20260804_172437/labels/all/train__image1175.txt,/root/autodl-tmp/datasets/sources/construction-ppe_ultralytics_2025_v1/images/train/image1175.jpg,train,1175,58,02d8e1a62ed7f5e0fec2a0d1cd8b7952c6edbb97d613bd42ecd44a2e5d215169,ec2433f11552c639,1,0,0,False,hardlink,hardlink
group_0010,train,20,/root/autodl-tmp/datasets/derived/construction_ppe3_canonical_v1_20260804_172437/images/all/train__image1176.jpg,/root/autodl-tmp/datasets/derived/construction_ppe3_canonical_v1_20260804_172437/labels/all/train__image1176.txt,/root/autodl-tmp/datasets/sources/construction-ppe_ultralytics_2025_v1/images/train/image1176.jpg,train,1176,58,d4d10df0e668b502da1bef06eb00a448b374011f237b0b9d479e07fb85db2ff9,f9b5b6b69682ce92,2,0,0,False,hardlink,hardlink
group_0010,train,20,/root/autodl-tmp/datasets/derived/construction_ppe3_canonical_v1_20260804_172437/images/all/train__image1177.jpg,/root/autodl-tmp/datasets/derived/construction_ppe3_canonical_v1_20260804_172437/labels/all/train__image1177.txt,/root/autodl-tmp/datasets/sources/construction-ppe_ultralytics_2025_v1/images/train/image1177.jpg,train,1177,58,9ae18fdbf27f65a44ce165d9e60ca6738011c7ef0f69d2988ab3a3842767de70,998998992c2c3c38,3,0,0,False,hardlink,hardlink
group_0010,train,20,/root/autodl-tmp/datasets/derived/construction_ppe3_canonical_v1_20260804_172437/images/all/train__image1179.jpg,/root/autodl-tmp/datasets/derived/construction_ppe3_canonical_v1_20260804_172437/labels/all/train__image1179.txt,/root/autodl-tmp/datasets/sources/construction-ppe_ultralytics_2025_v1/images/train/image1179.jpg,train,1179,58,adb0cb87cced312604df7d1dfecced9ef4023c9b1f0e96094eb83783fa990a07,4cb4a4e4e4658b9b,2,0,0,False,hardlink,hardlink
group_0010,train,20,/root/autodl-tmp/datasets/derived/construction_ppe3_canonical_v1_20260804_172437/images/all/test__image1178.jpg,/root/autodl-tmp/datasets/derived/construction_ppe3_canonical_v1_20260804_172437/labels/all/test__image1178.txt,/root/autodl-tmp/datasets/sources/construction-ppe_ultralytics_2025_v1/images/test/image1178.jpg,test,1178,58,3bc28965fa683bc4690d79b31d3622da7cf658096b40df6a8565ab55aca7a077,100d8e8e8e16d40f,1,0,0,False,hardlink,hardlink
group_0011,val,20,/root/autodl-tmp/datasets/derived/construction_ppe3_canonical_v1_20260804_172437/images/all/train__image1180.jpg,/root/autodl-tmp/datasets/derived/construction_ppe3_canonical_v1_20260804_172437/labels/all/train__image1180.txt,/root/autodl-tmp/datasets/sources/construction-ppe_ultralytics_2025_v1/images/train/image1180.jpg,train,1180,59,fd2c8874df391a270b784e541e984e7f2cd288e1ec394aab64c5e055ecb373c1,756c247e5afcbc9c,1,0,0,False,hardlink,hardlink
group_0011,val,20,/root/autodl-tmp/datasets/derived/construction_ppe3_canonical_v1_20260804_172437/images/all/train__image1181.jpg,/root/autodl-tmp/datasets/derived/construction_ppe3_canonical_v1_20260804_172437/labels/all/train__image1181.txt,/root/autodl-tmp/datasets/sources/construction-ppe_ultralytics_2025_v1/images/train/image1181.jpg,train,1181,59,2e524f0f20cd19f6b34de06f7ffbaa6c931b28c911d521336236c106324d9f50,62621b89f2b48949,15,0,0,False,hardlink,hardlink
group_0011,val,20,/root/autodl-tmp/datasets/derived/construction_ppe3_canonical_v1_20260804_172437/images/all/train__image1182.jpg,/root/autodl-tmp/datasets/derived/construction_ppe3_canonical_v1_20260804_172437/labels/all/train__image1182.txt,/root/autodl-tmp/datasets/sources/construction-ppe_ultralytics_2025_v1/images/train/image1182.jpg,train,1182,59,ea88d4cec0bdcf4794b51022895fac13fd4016bb9d617df6249ea5b82a6850c2,1e9312132f29124d,1,0,0,False,hardlink,hardlink
group_0011,val,20,/root/autodl-tmp/datasets/derived/construction_ppe3_canonical_v1_20260804_172437/images/all/train__image1184.jpg,/root/autodl-tmp/datasets/derived/construction_ppe3_canonical_v1_20260804_172437/labels/all/train__image1184.txt,/root/autodl-tmp/datasets/sources/construction-ppe_ultralytics_2025_v1/images/train/image1184.jpg,train,1184,59,3b29d31222b271c31a5955607f3dd1bcb3939a1f4cc6aa4d046780826e876156,6b0fcf5b3e2e1c19,1,0,0,False,hardlink,hardlink
group_0011,val,20,/root/autodl-tmp/datasets/derived/construction_ppe3_canonical_v1_20260804_172437/images/all/train__image1185.jpg,/root/autodl-tmp/datasets/derived/construction_ppe3_canonical_v1_20260804_172437/labels/all/train__image1185.txt,/root/autodl-tmp/datasets/sources/construction-ppe_ultralytics_2025_v1/images/train/image1185.jpg,train,1185,59,327ce25de59e65812c7bcc553dd9240a8f89730a1e57dcefbb81232b33db89fb,b694e1f991b13179,2,0,0,False,hardlink,hardlink
group_0011,val,20,/root/autodl-tmp/datasets/derived/construction_ppe3_canonical_v1_20260804_172437/images/all/train__image1186.jpg,/root/autodl-tmp/datasets/derived/construction_ppe3_canonical_v1_20260804_172437/labels/all/train__image1186.txt,/root/autodl-tmp/datasets/sources/construction-ppe_ultralytics_2025_v1/images/train/image1186.jpg,train,1186,59,2d4bc1cbd3271822ac27683fec30367717ee34098b37c5b53ede898fd15f9468,af871696cc3bc28e,4,0,0,False,hardlink,hardlink
group_0011,val,20,/root/autodl-tmp/datasets/derived/construction_ppe3_canonical_v1_20260804_172437/images/all/train__image1187.jpg,/root/autodl-tmp/datasets/derived/construction_ppe3_canonical_v1_20260804_172437/labels/all/train__image1187.txt,/root/autodl-tmp/datasets/sources/construction-ppe_ultralytics_2025_v1/images/train/image1187.jpg,train,1187,59,2b8a75b35cb1a1404dd21bfb02f5b5ef655da19dbbef310ae9757a029c0de688,c8c4f24a92929258,1,0,0,False,hardlink,hardlink
group_0011,val,20,/root/autodl-tmp/datasets/derived/construction_ppe3_canonical_v1_20260804_172437/images/all/train__image1188.jpg,/root/autodl-tmp/datasets/derived/construction_ppe3_canonical_v1_20260804_172437/labels/all/train__image1188.txt,/root/autodl-tmp/datasets/sources/construction-ppe_ultralytics_2025_v1/images/train/image1188.jpg,train,1188,59,fa3f97c096d556d462461ec4d49bb9e07c12dd6096cebd7729076a39466d1b4c,3535f4f0f2306449,1,0,0,False,hardlink,hardlink
group_0011,val,20,/root/autodl-tmp/datasets/derived/construction_ppe3_canonical_v1_20260804_172437/images/all/train__image1189.jpg,/root/autodl-tmp/datasets/derived/construction_ppe3_canonical_v1_20260804_172437/labels/all/train__image1189.txt,/root/autodl-tmp/datasets/sources/construction-ppe_ultralytics_2025_v1/images/train/image1189.jpg,train,1189,59,fc31be1b49eee218eb2548664ff362cb9e861851f7861f577193d515b463b042,c5d4e8f8b069f1fa,4,0,0,False,hardlink,hardlink
group_0011,val,20,/root/autodl-tmp/datasets/derived/construction_ppe3_canonical_v1_20260804_172437/images/all/train__image1191.jpg,/root/autodl-tmp/datasets/derived/construction_ppe3_canonical_v1_20260804_172437/labels/all/train__image1191.txt,/root/autodl-tmp/datasets/sources/construction-ppe_ultralytics_2025_v1/images/train/image1191.jpg,train,1191,59,81401e628e2ec2e0baa1a149625795d78a8531a5d8b53cbc32e77c9d28ee9bad,2b2921931b533118,1,0,0,False,hardlink,hardlink
group_0011,val,20,/root/autodl-tmp/datasets/derived/construction_ppe3_canonical_v1_20260804_172437/images/all/train__image1192.jpg,/root/autodl-tmp/datasets/derived/construction_ppe3_canonical_v1_20260804_172437/labels/all/train__image1192.txt,/root/autodl-tmp/datasets/sources/construction-ppe_ultralytics_2025_v1/images/train/image1192.jpg,train,1192,59,5178b70582edc4e50ed96120cc058483ae4c963fe2487f14d5f0624165d0071c,b9bd6dc5b2b0a1a6,1,0,0,False,hardlink,hardlink
group_0011,val,20,/root/autodl-tmp/datasets/derived/construction_ppe3_canonical_v1_20260804_172437/images/all/train__image1194.jpg,/root/autodl-tmp/datasets/derived/construction_ppe3_canonical_v1_20260804_172437/labels/all/train__image1194.txt,/root/autodl-tmp/datasets/sources/construction-ppe_ultralytics_2025_v1/images/train/image1194.jpg,train,1194,59,164da43fc96dd9e9e6c56c33928fe8dc897d459dbbd2dfe6c4bdf78f7f3cdb61,614955657173b2f1,1,0,0,False,hardlink,hardlink
group_0011,val,20,/root/autodl-tmp/datasets/derived/construction_ppe3_canonical_v1_20260804_172437/images/all/train__image1195.jpg,/root/autodl-tmp/datasets/derived/construction_ppe3_canonical_v1_20260804_172437/labels/all/train__image1195.txt,/root/autodl-tmp/datasets/sources/construction-ppe_ultralytics_2025_v1/images/train/image1195.jpg,train,1195,59,11d3c72efe612d9e9895f4b6b39e10b70f10096d6536431c843c7440c1b122fc,2673793c69290901,1,0,0,False,hardlink,hardlink
group_0011,val,20,/root/autodl-tmp/datasets/derived/construction_ppe3_canonical_v1_20260804_172437/images/all/train__image1196.jpg,/root/autodl-tmp/datasets/derived/construction_ppe3_canonical_v1_20260804_172437/labels/all/train__image1196.txt,/root/autodl-tmp/datasets/sources/construction-ppe_ultralytics_2025_v1/images/train/image1196.jpg,train,1196,59,df012b50106ab64ba29638077bc3b70c828027d7a5c0f5f563f241895e5e0c33,64716de5ef8fe476,2,0,0,False,hardlink,hardlink
group_0011,val,20,/root/autodl-tmp/datasets/derived/construction_ppe3_canonical_v1_20260804_172437/images/all/train__image1197.jpg,/root/autodl-tmp/datasets/derived/construction_ppe3_canonical_v1_20260804_172437/labels/all/train__image1197.txt,/root/autodl-tmp/datasets/sources/construction-ppe_ultralytics_2025_v1/images/train/image1197.jpg,train,1197,59,97273fcf2f9d1bb0806f550fa0f488ef337f4a26c891fc337ea58cf22d4e673d,e0e0f4cce8e8d8d8,3,0,0,False,hardlink,hardlink
group_0011,val,20,/root/autodl-tmp/datasets/derived/construction_ppe3_canonical_v1_20260804_172437/images/all/train__image1198.jpg,/root/autodl-tmp/datasets/derived/construction_ppe3_canonical_v1_20260804_172437/labels/all/train__image1198.txt,/root/autodl-tmp/datasets/sources/construction-ppe_ultralytics_2025_v1/images/train/image1198.jpg,train,1198,59,008b75dccdd2da6acc748e37124fce92645cefb767eb1530349ba36a889fb39c,b3352d3c79793160,2,0,0,False,hardlink,hardlink
group_0011,val,20,/root/autodl-tmp/datasets/derived/construction_ppe3_canonical_v1_20260804_172437/images/all/train__image1199.jpg,/root/autodl-tmp/datasets/derived/construction_ppe3_canonical_v1_20260804_172437/labels/all/train__image1199.txt,/root/autodl-tmp/datasets/sources/construction-ppe_ultralytics_2025_v1/images/train/image1199.jpg,train,1199,59,ca97db73f17d9abc8c4a7e3a94e29c7ed757b47b62da54f14c40b7ba36eaa1e9,73f39bb55d393165,4,0,0,False,hardlink,hardlink
group_0011,val,20,/root/autodl-tmp/datasets/derived/construction_ppe3_canonical_v1_20260804_172437/images/all/val__image1183.jpg,/root/autodl-tmp/datasets/derived/construction_ppe3_canonical_v1_20260804_172437/labels/all/val__image1183.txt,/root/autodl-tmp/datasets/sources/construction-ppe_ultralytics_2025_v1/images/val/image1183.jpg,val,1183,59,523ae89a1cd86d3b638a60fca7445d7d7c5db4a8866c08d6ec83e1241faedd24,32d1d5f8d5cdccc6,2,0,0,False,hardlink,hardlink
group_0011,val,20,/root/autodl-tmp/datasets/derived/construction_ppe3_canonical_v1_20260804_172437/images/all/val__image1190.jpg,/root/autodl-tmp/datasets/derived/construction_ppe3_canonical_v1_20260804_172437/labels/all/val__image1190.txt,/root/autodl-tmp/datasets/sources/construction-ppe_ultralytics_2025_v1/images/val/image1190.jpg,val,1190,59,79bad840ae5e6d8006bd8a17f3cecc53e58a01d4aa90a53bd064d48311fe4ece,8f8f8f8e9ac7662e,1,0,0,False,hardlink,hardlink
group_0011,val,20,/root/autodl-tmp/datasets/derived/construction_ppe3_canonical_v1_20260804_172437/images/all/val__image1193.jpg,/root/autodl-tmp/datasets/derived/construction_ppe3_canonical_v1_20260804_172437/labels/all/val__image1193.txt,/root/autodl-tmp/datasets/sources/construction-ppe_ultralytics_2025_v1/images/val/image1193.jpg,val,1193,59,61b7a2f325d0912de8878792697dc9b9561a9ac0635330bda99aac12d5921ae1,676765eb6c7d6767,2,0,0,False,hardlink,hardlink
group_0012,val,20,/root/autodl-tmp/datasets/derived/construction_ppe3_canonical_v1_20260804_172437/images/all/train__image120.jpg,/root/autodl-tmp/datasets/derived/construction_ppe3_canonical_v1_20260804_172437/labels/all/train__image120.txt,/root/autodl-tmp/datasets/sources/construction-ppe_ultralytics_2025_v1/images/train/image120.jpg,train,120,6,60a11111a1eb2c55257b2135d10ec4939d0498fb9c3cb60289839d29ee7846e2,03031b1a9a0f0e0e,1,1,1,False,hardlink,hardlink
group_0012,val,20,/root/autodl-tmp/datasets/derived/construction_ppe3_canonical_v1_20260804_172437/images/all/train__image121.jpg,/root/autodl-tmp/datasets/derived/construction_ppe3_canonical_v1_20260804_172437/labels/all/train__image121.txt,/root/autodl-tmp/datasets/sources/construction-ppe_ultralytics_2025_v1/images/train/image121.jpg,train,121,6,4aaeaf77dff3429f54c0961d3eebb18aac54e7773725a98a4a7549a614915f0a,00b8f8a4a5869200,4,4,4,False,hardlink,hardlink
group_0012,val,20,/root/autodl-tmp/datasets/derived/construction_ppe3_canonical_v1_20260804_172437/images/all/train__image123.jpg,/root/autodl-tmp/datasets/derived/construction_ppe3_canonical_v1_20260804_172437/labels/all/train__image123.txt,/root/autodl-tmp/datasets/sources/construction-ppe_ultralytics_2025_v1/images/train/image123.jpg,train,123,6,7243656f3d2e4549a9fa41894aa8b11a0437ec0c66e30f6cbd7337c566967435,110313129a8f0e0e,1,1,1,False,hardlink,hardlink
group_0012,val,20,/root/autodl-tmp/datasets/derived/construction_ppe3_canonical_v1_20260804_172437/images/all/train__image124.jpg,/root/autodl-tmp/datasets/derived/construction_ppe3_canonical_v1_20260804_172437/labels/all/train__image124.txt,/root/autodl-tmp/datasets/sources/construction-ppe_ultralytics_2025_v1/images/train/image124.jpg,train,124,6,40b7fa0983f430ed1a16163ea0754b7eeabeb8aaf2fad9ceb25363c4931498ca,003000b2b2003000,2,2,2,False,hardlink,hardlink
group_0012,val,20,/root/autodl-tmp/datasets/derived/construction_ppe3_canonical_v1_20260804_172437/images/all/train__image125.jpg,/root/autodl-tmp/datasets/derived/construction_ppe3_canonical_v1_20260804_172437/labels/all/train__image125.txt,/root/autodl-tmp/datasets/sources/construction-ppe_ultralytics_2025_v1/images/train/image125.jpg,train,125,6,0e1c5cdca522dab3806c862cda043a7beb6a0ef4af90c74fc81e1e43b928da9c,62703596cee78724,5,6,2,False,hardlink,hardlink
group_0012,val,20,/root/autodl-tmp/datasets/derived/construction_ppe3_canonical_v1_20260804_172437/images/all/train__image126.jpg,/root/autodl-tmp/datasets/derived/construction_ppe3_canonical_v1_20260804_172437/labels/all/train__image126.txt,/root/autodl-tmp/datasets/sources/construction-ppe_ultralytics_2025_v1/images/train/image126.jpg,train,126,6,557f7f9b1079eb7c52af23497e838d2b3ce14af3ca1d0b5940fd4f5691b62508,002931298c4bdb00,5,5,5,False,hardlink,hardlink
group_0012,val,20,/root/autodl-tmp/datasets/derived/construction_ppe3_canonical_v1_20260804_172437/images/all/train__image127.jpg,/root/autodl-tmp/datasets/derived/construction_ppe3_canonical_v1_20260804_172437/labels/all/train__image127.txt,/root/autodl-tmp/datasets/sources/construction-ppe_ultralytics_2025_v1/images/train/image127.jpg,train,127,6,1391762e4cf9ddab568a9c4d1763c2f19667c369d6b2ef3543a27126162f12d2,00fefedecebed800,3,3,3,False,hardlink,hardlink
group_0012,val,20,/root/autodl-tmp/datasets/derived/construction_ppe3_canonical_v1_20260804_172437/images/all/train__image128.jpg,/root/autodl-tmp/datasets/derived/construction_ppe3_canonical_v1_20260804_172437/labels/all/train__image128.txt,/root/autodl-tmp/datasets/sources/construction-ppe_ultralytics_2025_v1/images/train/image128.jpg,train,128,6,cc66618ce357fe8173880c8e655f2278a22f37a79e1386671bffd091b9ac0da1,00f0d2f091cccc00,11,15,11,False,hardlink,hardlink
group_0012,val,20,/root/autodl-tmp/datasets/derived/construction_ppe3_canonical_v1_20260804_172437/images/all/train__image129.jpg,/root/autodl-tmp/datasets/derived/construction_ppe3_canonical_v1_20260804_172437/labels/all/train__image129.txt,/root/autodl-tmp/datasets/sources/construction-ppe_ultralytics_2025_v1/images/train/image129.jpg,train,129,6,6deca24e110bd5da79f9ee2c704be991d0e490a4a0a8317e981f32993c4e074e,fce4d1a9ec4627f5,7,0,5,False,hardlink,hardlink
group_0012,val,20,/root/autodl-tmp/datasets/derived/construction_ppe3_canonical_v1_20260804_172437/images/all/train__image131.jpg,/root/autodl-tmp/datasets/derived/construction_ppe3_canonical_v1_20260804_172437/labels/all/train__image131.txt,/root/autodl-tmp/datasets/sources/construction-ppe_ultralytics_2025_v1/images/train/image131.jpg,train,131,6,dbeb16ed41dfb548cb7b334dd0a824b7ff49ae535c3f71d712297357b1faefd3,706c4d4fc717525a,4,4,2,False,hardlink,hardlink
group_0012,val,20,/root/autodl-tmp/datasets/derived/construction_ppe3_canonical_v1_20260804_172437/images/all/train__image133.jpeg,/root/autodl-tmp/datasets/derived/construction_ppe3_canonical_v1_20260804_172437/labels/all/train__image133.txt,/root/autodl-tmp/datasets/sources/construction-ppe_ultralytics_2025_v1/images/train/image133.jpeg,train,133,6,39609cde333ed2a934b0d63059bc060986c27a6b79cc77683965ef31f279cda2,c4ccf0f0f0eccccc,1,1,1,False,hardlink,hardlink
group_0012,val,20,/root/autodl-tmp/datasets/derived/construction_ppe3_canonical_v1_20260804_172437/images/all/train__image134.jpg,/root/autodl-tmp/datasets/derived/construction_ppe3_canonical_v1_20260804_172437/labels/all/train__image134.txt,/root/autodl-tmp/datasets/sources/construction-ppe_ultralytics_2025_v1/images/train/image134.jpg,train,134,6,efed7bc5a74fab15706cbdca6af5339b91712e1fcd9fae2b764573d3d75aa804,00c8e4d694acac00,3,3,3,False,hardlink,hardlink
group_0012,val,20,/root/autodl-tmp/datasets/derived/construction_ppe3_canonical_v1_20260804_172437/images/all/train__image135.jpg,/root/autodl-tmp/datasets/derived/construction_ppe3_canonical_v1_20260804_172437/labels/all/train__image135.txt,/root/autodl-tmp/datasets/sources/construction-ppe_ultralytics_2025_v1/images/train/image135.jpg,train,135,6,452b24279053173c332ee23fbe726ea942e5423d6e98a2dd836b0215cd7e84f2,d4d4c4ccccccccd8,3,4,3,False,hardlink,hardlink
group_0012,val,20,/root/autodl-tmp/datasets/derived/construction_ppe3_canonical_v1_20260804_172437/images/all/train__image136.jpg,/root/autodl-tmp/datasets/derived/construction_ppe3_canonical_v1_20260804_172437/labels/all/train__image136.txt,/root/autodl-tmp/datasets/sources/construction-ppe_ultralytics_2025_v1/images/train/image136.jpg,train,136,6,ef5d657f4166c4d1fabc561bf589f8541e9d6f8af975639c30210fc684bc8911,00a880a284b8b200,8,9,6,False,hardlink,hardlink
group_0012,val,20,/root/autodl-tmp/datasets/derived/construction_ppe3_canonical_v1_20260804_172437/images/all/train__image138.jpg,/root/autodl-tmp/datasets/derived/construction_ppe3_canonical_v1_20260804_172437/labels/all/train__image138.txt,/root/autodl-tmp/datasets/sources/construction-ppe_ultralytics_2025_v1/images/train/image138.jpg,train,138,6,85736a98de1fe1097ab2d907daca7ff4d4a22b5e3394611492396fecfacd553f,343c1816162c2830,1,0,1,False,hardlink,hardlink
group_0012,val,20,/root/autodl-tmp/datasets/derived/construction_ppe3_canonical_v1_20260804_172437/images/all/train__image139.jpg,/root/autodl-tmp/datasets/derived/construction_ppe3_canonical_v1_20260804_172437/labels/all/train__image139.txt,/root/autodl-tmp/datasets/sources/construction-ppe_ultralytics_2025_v1/images/train/image139.jpg,train,139,6,e1846a3905028f2b305cd42cdd8a6c9922a3eb78bc3f33bf59129e1efaee1776,c000d8c0d0d000d0,1,1,1,False,hardlink,hardlink
group_0012,val,20,/root/autodl-tmp/datasets/derived/construction_ppe3_canonical_v1_20260804_172437/images/all/val__image130.jpg,/root/autodl-tmp/datasets/derived/construction_ppe3_canonical_v1_20260804_172437/labels/all/val__image130.txt,/root/autodl-tmp/datasets/sources/construction-ppe_ultralytics_2025_v1/images/val/image130.jpg,val,130,6,1876f973dacff4dd9b360b2d4f2d19501794bc58d4347040cf4c478eed0781fb,d4f8d8d8da9edccc,4,5,3,False,hardlink,hardlink
group_0012,val,20,/root/autodl-tmp/datasets/derived/construction_ppe3_canonical_v1_20260804_172437/images/all/val__image132.jpg,/root/autodl-tmp/datasets/derived/construction_ppe3_canonical_v1_20260804_172437/labels/all/val__image132.txt,/root/autodl-tmp/datasets/sources/construction-ppe_ultralytics_2025_v1/images/val/image132.jpg,val,132,6,1bbdb594dce858d35261edd956136ba9a50d21772c14d6587573f6ca8353e279,004d7e6f2775ec00,3,3,3,False,hardlink,hardlink
group_0012,val,20,/root/autodl-tmp/datasets/derived/construction_ppe3_canonical_v1_20260804_172437/images/all/val__image137.jpg,/root/autodl-tmp/datasets/derived/construction_ppe3_canonical_v1_20260804_172437/labels/all/val__image137.txt,/root/autodl-tmp/datasets/sources/construction-ppe_ultralytics_2025_v1/images/val/image137.jpg,val,137,6,91c3c368c692d571705a72739f8d3e64a09550e41d10145bcef824ed8800c5bc,0000024763a41600,2,3,2,False,hardlink,hardlink
group_0012,val,20,/root/autodl-tmp/datasets/derived/construction_ppe3_canonical_v1_20260804_172437/images/all/test__image122.jpeg,/root/autodl-tmp/datasets/derived/construction_ppe3_canonical_v1_20260804_172437/labels/all/test__image122.txt,/root/autodl-tmp/datasets/sources/construction-ppe_ultralytics_2025_v1/images/test/image122.jpeg,test,122,6,b26f6bfa9fa36605c1dd87a6a637e31e5af3abd91e6ceff99b7ca1f0805a0f8a,cccce4e0d898f0f0,1,1,1,False,hardlink,hardlink
group_0013,train,20,/root/autodl-tmp/datasets/derived/construction_ppe3_canonical_v1_20260804_172437/images/all/train__image1200.jpg,/root/autodl-tmp/datasets/derived/construction_ppe3_canonical_v1_20260804_172437/labels/all/train__image1200.txt,/root/autodl-tmp/datasets/sources/construction-ppe_ultralytics_2025_v1/images/train/image1200.jpg,train,1200,60,81fd1e9165ae8783c8fb7def327d0a22cfb70e62be8ae8f494a5edaf7948ef2f,068686e7d3f96074,1,0,0,False,hardlink,hardlink
group_0013,train,20,/root/autodl-tmp/datasets/derived/construction_ppe3_canonical_v1_20260804_172437/images/all/train__image1201.jpg,/root/autodl-tmp/datasets/derived/construction_ppe3_canonical_v1_20260804_172437/labels/all/train__image1201.txt,/root/autodl-tmp/datasets/sources/construction-ppe_ultralytics_2025_v1/images/train/image1201.jpg,train,1201,60,ba115677e21c3e8e200e3a71067da7b4363c737dc6d58cf0996951a6435d1443,a6d2c98ca6264eca,1,0,0,False,hardlink,hardlink
group_0013,train,20,/root/autodl-tmp/datasets/derived/construction_ppe3_canonical_v1_20260804_172437/images/all/train__image1202.jpg,/root/autodl-tmp/datasets/derived/construction_ppe3_canonical_v1_20260804_172437/labels/all/train__image1202.txt,/root/autodl-tmp/datasets/sources/construction-ppe_ultralytics_2025_v1/images/train/image1202.jpg,train,1202,60,98aa720f4c3b88937538cda46653addf127860b6c93e23b55acf2dac6efb9112,23030933a7e5e1c9,1,0,0,False,hardlink,hardlink
group_0013,train,20,/root/autodl-tmp/datasets/derived/construction_ppe3_canonical_v1_20260804_172437/images/all/train__image1204.jpg,/root/autodl-tmp/datasets/derived/construction_ppe3_canonical_v1_20260804_172437/labels/all/train__image1204.txt,/root/autodl-tmp/datasets/sources/construction-ppe_ultralytics_2025_v1/images/train/image1204.jpg,train,1204,60,04f201bd2abfac7491e8a131c1b4fb429d7deab3b4a958fa95e16b1f0e102085,b331310b2db4f0d2,2,0,0,False,hardlink,hardlink
group_0013,train,20,/root/autodl-tmp/datasets/derived/construction_ppe3_canonical_v1_20260804_172437/images/all/train__image1206.jpg,/root/autodl-tmp/datasets/derived/construction_ppe3_canonical_v1_20260804_172437/labels/all/train__image1206.txt,/root/autodl-tmp/datasets/sources/construction-ppe_ultralytics_2025_v1/images/train/image1206.jpg,train,1206,60,cf990a9ddbe78726e77f7922bc624778b04e8ab63569a5864a2de38816b038f9,9c9696746b54c10b,4,0,0,False,hardlink,hardlink
group_0013,train,20,/root/autodl-tmp/datasets/derived/construction_ppe3_canonical_v1_20260804_172437/images/all/train__image1207.jpg,/root/autodl-tmp/datasets/derived/construction_ppe3_canonical_v1_20260804_172437/labels/all/train__image1207.txt,/root/autodl-tmp/datasets/sources/construction-ppe_ultralytics_2025_v1/images/train/image1207.jpg,train,1207,60,93ce8b2ac69e794c4ffbafbe8931b6b9138a10d8e4508d3a5f16c53fba8b36c4,7c6b1633658c8c14,2,0,0,False,hardlink,hardlink
group_0013,train,20,/root/autodl-tmp/datasets/derived/construction_ppe3_canonical_v1_20260804_172437/images/all/train__image1208.jpg,/root/autodl-tmp/datasets/derived/construction_ppe3_canonical_v1_20260804_172437/labels/all/train__image1208.txt,/root/autodl-tmp/datasets/sources/construction-ppe_ultralytics_2025_v1/images/train/image1208.jpg,train,1208,60,5d53a3142e0901bfdb11e3f4c18582f68f322bc9fe950ee7e7ac27dffbb6a99e,30b6b7bb347d73f2,1,0,0,False,hardlink,hardlink
group_0013,train,20,/root/autodl-tmp/datasets/derived/construction_ppe3_canonical_v1_20260804_172437/images/all/train__image1209.jpg,/root/autodl-tmp/datasets/derived/construction_ppe3_canonical_v1_20260804_172437/labels/all/train__image1209.txt,/root/autodl-tmp/datasets/sources/construction-ppe_ultralytics_2025_v1/images/train/image1209.jpg,train,1209,60,d32fa21bcb3f49db3eee18518fe7e68d8758a705678c6e3eae93acbac014eb32,d0c8e6669464b0b0,1,0,0,False,hardlink,hardlink
group_0013,train,20,/root/autodl-tmp/datasets/derived/construction_ppe3_canonical_v1_20260804_172437/images/all/train__image1210.jpg,/root/autodl-tmp/datasets/derived/construction_ppe3_canonical_v1_20260804_172437/labels/all/train__image1210.txt,/root/autodl-tmp/datasets/sources/construction-ppe_ultralytics_2025_v1/images/train/image1210.jpg,train,1210,60,ec26664e3df61accb840f4ef1588134079d1a1ba5a759f7eb303e664b0b822f2,5226cbe98998656c,1,0,0,False,hardlink,hardlink
group_0013,train,20,/root/autodl-tmp/datasets/derived/construction_ppe3_canonical_v1_20260804_172437/images/all/train__image1212.jpg,/root/autodl-tmp/datasets/derived/construction_ppe3_canonical_v1_20260804_172437/labels/all/train__image1212.txt,/root/autodl-tmp/datasets/sources/construction-ppe_ultralytics_2025_v1/images/train/image1212.jpg,train,1212,60,4343084aa4ce76bcddf989c525ad2899678c768e49c778ee3ecb06ba88c2ee00,0ca332dc92068c6c,2,0,0,False,hardlink,hardlink
group_0013,train,20,/root/autodl-tmp/datasets/derived/construction_ppe3_canonical_v1_20260804_172437/images/all/train__image1213.jpg,/root/autodl-tmp/datasets/derived/construction_ppe3_canonical_v1_20260804_172437/labels/all/train__image1213.txt,/root/autodl-tmp/datasets/sources/construction-ppe_ultralytics_2025_v1/images/train/image1213.jpg,train,1213,60,a569cec862892d9942c2842e44abc2735e008b1706ddd6f21a5b6ca50187709d,98b8f0d0d1a9b31e,1,0,0,False,hardlink,hardlink
group_0013,train,20,/root/autodl-tmp/datasets/derived/construction_ppe3_canonical_v1_20260804_172437/images/all/train__image1214.jpg,/root/autodl-tmp/datasets/derived/construction_ppe3_canonical_v1_20260804_172437/labels/all/train__image1214.txt,/root/autodl-tmp/datasets/sources/construction-ppe_ultralytics_2025_v1/images/train/image1214.jpg,train,1214,60,f87a5a3a0ba9986a4ad889120420bde965499a7f12a11c65bf8aa77dd36a5cbe,b9d8dccc5c6c0c8e,1,0,0,False,hardlink,hardlink
group_0013,train,20,/root/autodl-tmp/datasets/derived/construction_ppe3_canonical_v1_20260804_172437/images/all/train__image1216.jpg,/root/autodl-tmp/datasets/derived/construction_ppe3_canonical_v1_20260804_172437/labels/all/train__image1216.txt,/root/autodl-tmp/datasets/sources/construction-ppe_ultralytics_2025_v1/images/train/image1216.jpg,train,1216,60,5332aa051f85ada812e9d0eedd67488aa9d49f52275d3d7dc4e5b15c12de4ada,584951246c4899b1,3,3,0,False,hardlink,hardlink
group_0013,train,20,/root/autodl-tmp/datasets/derived/construction_ppe3_canonical_v1_20260804_172437/images/all/train__image1218.jpg,/root/autodl-tmp/datasets/derived/construction_ppe3_canonical_v1_20260804_172437/labels/all/train__image1218.txt,/root/autodl-tmp/datasets/sources/construction-ppe_ultralytics_2025_v1/images/train/image1218.jpg,train,1218,60,13e67ed59ebccd024214907392fd0305bdb27a0e82fedde926062331c793d8e3,dada4b4d3b535958,9,0,0,False,hardlink,hardlink
group_0013,train,20,/root/autodl-tmp/datasets/derived/construction_ppe3_canonical_v1_20260804_172437/images/all/train__image1219.jpg,/root/autodl-tmp/datasets/derived/construction_ppe3_canonical_v1_20260804_172437/labels/all/train__image1219.txt,/root/autodl-tmp/datasets/sources/construction-ppe_ultralytics_2025_v1/images/train/image1219.jpg,train,1219,60,e29097f635e40bcf96239406d153a9ae289253063d66a505765e3f633bb02498,62929292aa26b63f,1,0,0,False,hardlink,hardlink
group_0013,train,20,/root/autodl-tmp/datasets/derived/construction_ppe3_canonical_v1_20260804_172437/images/all/val__image1203.jpg,/root/autodl-tmp/datasets/derived/construction_ppe3_canonical_v1_20260804_172437/labels/all/val__image1203.txt,/root/autodl-tmp/datasets/sources/construction-ppe_ultralytics_2025_v1/images/val/image1203.jpg,val,1203,60,0387c52edb7955a1aedc563def8698cb554e63fca8ee2b7afe52bc513a289e77,9094745672666462,2,0,0,False,hardlink,hardlink
group_0013,train,20,/root/autodl-tmp/datasets/derived/construction_ppe3_canonical_v1_20260804_172437/images/all/val__image1211.jpg,/root/autodl-tmp/datasets/derived/construction_ppe3_canonical_v1_20260804_172437/labels/all/val__image1211.txt,/root/autodl-tmp/datasets/sources/construction-ppe_ultralytics_2025_v1/images/val/image1211.jpg,val,1211,60,c284f6faa7450e0c97cda71bbb0598590b4c61faf620801370e645c0730a00e4,b898b2b696b6b6b6,2,0,0,False,hardlink,hardlink
group_0013,train,20,/root/autodl-tmp/datasets/derived/construction_ppe3_canonical_v1_20260804_172437/images/all/val__image1215.jpg,/root/autodl-tmp/datasets/derived/construction_ppe3_canonical_v1_20260804_172437/labels/all/val__image1215.txt,/root/autodl-tmp/datasets/sources/construction-ppe_ultralytics_2025_v1/images/val/image1215.jpg,val,1215,60,b29f28e578470c4b67bb36248eb3c44256b1f11e87395dae47538bc5cee0d4e1,6171737b2d290921,2,0,0,False,hardlink,hardlink
group_0013,train,20,/root/autodl-tmp/datasets/derived/construction_ppe3_canonical_v1_20260804_172437/images/all/val__image1217.jpg,/root/autodl-tmp/datasets/derived/construction_ppe3_canonical_v1_20260804_172437/labels/all/val__image1217.txt,/root/autodl-tmp/datasets/sources/construction-ppe_ultralytics_2025_v1/images/val/image1217.jpg,val,1217,60,e74f5de6a61b713e5f2a85d84a8af5743e07d257b36459414c41dc4a6be28407,ce29697276363269,4,0,0,False,hardlink,hardlink
group_0013,train,20,/root/autodl-tmp/datasets/derived/construction_ppe3_canonical_v1_20260804_172437/images/all/test__image1205.jpg,/root/autodl-tmp/datasets/derived/construction_ppe3_canonical_v1_20260804_172437/labels/all/test__image1205.txt,/root/autodl-tmp/datasets/sources/construction-ppe_ultralytics_2025_v1/images/test/image1205.jpg,test,1205,60,2575f828d948ccea69838fa7b0b7c9411e1f14cace4a93b6f3b4243b6190fc7c,32adeced88d9fbc6,3,0,0,False,hardlink,hardlink
group_0014,val,20,/root/autodl-tmp/datasets/derived/construction_ppe3_canonical_v1_20260804_172437/images/all/train__image1220.jpg,/root/autodl-tmp/datasets/derived/construction_ppe3_canonical_v1_20260804_172437/labels/all/train__image1220.txt,/root/autodl-tmp/datasets/sources/construction-ppe_ultralytics_2025_v1/images/train/image1220.jpg,train,1220,61,1596420963b76b20ba0facf0e6e3225948f3482082fc237af2cfb2754624960a,f9f0ec4ad8d8dc4c,1,0,0,False,hardlink,hardlink
group_0014,val,20,/root/autodl-tmp/datasets/derived/construction_ppe3_canonical_v1_20260804_172437/images/all/train__image1221.jpg,/root/autodl-tmp/datasets/derived/construction_ppe3_canonical_v1_20260804_172437/labels/all/train__image1221.txt,/root/autodl-tmp/datasets/sources/construction-ppe_ultralytics_2025_v1/images/train/image1221.jpg,train,1221,61,f82171b40aa145eca01f7905927a1c68ac5a98ea3d635c25eed409d27bdf129c,988d961c291e2f2f,1,0,0,False,hardlink,hardlink
group_0014,val,20,/root/autodl-tmp/datasets/derived/construction_ppe3_canonical_v1_20260804_172437/images/all/train__image1222.jpg,/root/autodl-tmp/datasets/derived/construction_ppe3_canonical_v1_20260804_172437/labels/all/train__image1222.txt,/root/autodl-tmp/datasets/sources/construction-ppe_ultralytics_2025_v1/images/train/image1222.jpg,train,1222,61,7ee44f8cb1673c40f3fb41273b705611f9f5b4e06e14594d88ae9b099ab29358,c5d68287a7830363,1,0,0,False,hardlink,hardlink
group_0014,val,20,/root/autodl-tmp/datasets/derived/construction_ppe3_canonical_v1_20260804_172437/images/all/train__image1224.jpg,/root/autodl-tmp/datasets/derived/construction_ppe3_canonical_v1_20260804_172437/labels/all/train__image1224.txt,/root/autodl-tmp/datasets/sources/construction-ppe_ultralytics_2025_v1/images/train/image1224.jpg,train,1224,61,cd6df82a2549d1ca8c197173f11b717f09290c3a3ce68d22fa245858b575e527,694d45656d6c270f,1,0,0,False,hardlink,hardlink
group_0014,val,20,/root/autodl-tmp/datasets/derived/construction_ppe3_canonical_v1_20260804_172437/images/all/train__image1225.jpg,/root/autodl-tmp/datasets/derived/construction_ppe3_canonical_v1_20260804_172437/labels/all/train__image1225.txt,/root/autodl-tmp/datasets/sources/construction-ppe_ultralytics_2025_v1/images/train/image1225.jpg,train,1225,61,e5210293c4c6dab55735133457460bad806e767b9147a11d946e11b40a97de45,065664707070b030,1,0,0,False,hardlink,hardlink
group_0014,val,20,/root/autodl-tmp/datasets/derived/construction_ppe3_canonical_v1_20260804_172437/images/all/train__image1226.jpg,/root/autodl-tmp/datasets/derived/construction_ppe3_canonical_v1_20260804_172437/labels/all/train__image1226.txt,/root/autodl-tmp/datasets/sources/construction-ppe_ultralytics_2025_v1/images/train/image1226.jpg,train,1226,61,86e2498f41cc49494d9fe5bd3091026114195e072fcce6de61a3eba2cb67dd05,72727a2a2a1e1232,1,0,0,False,hardlink,hardlink
group_0014,val,20,/root/autodl-tmp/datasets/derived/construction_ppe3_canonical_v1_20260804_172437/images/all/train__image1227.jpg,/root/autodl-tmp/datasets/derived/construction_ppe3_canonical_v1_20260804_172437/labels/all/train__image1227.txt,/root/autodl-tmp/datasets/sources/construction-ppe_ultralytics_2025_v1/images/train/image1227.jpg,train,1227,61,4cbb0d1579e33efbb27cc3d7950ab03dee3489c901a90fea37bb766cfef31a17,9ea4f6f99d1d6d65,1,0,0,False,hardlink,hardlink
group_0014,val,20,/root/autodl-tmp/datasets/derived/construction_ppe3_canonical_v1_20260804_172437/images/all/train__image1228.jpg,/root/autodl-tmp/datasets/derived/construction_ppe3_canonical_v1_20260804_172437/labels/all/train__image1228.txt,/root/autodl-tmp/datasets/sources/construction-ppe_ultralytics_2025_v1/images/train/image1228.jpg,train,1228,61,33df0980ec00acdb852b6bd0a46f458171b2c89a8d0fc52b1d23c8009cba2657,504848c1d1c2e1f5,1,0,0,False,hardlink,hardlink
group_0014,val,20,/root/autodl-tmp/datasets/derived/construction_ppe3_canonical_v1_20260804_172437/images/all/train__image1230.jpg,/root/autodl-tmp/datasets/derived/construction_ppe3_canonical_v1_20260804_172437/labels/all/train__image1230.txt,/root/autodl-tmp/datasets/sources/construction-ppe_ultralytics_2025_v1/images/train/image1230.jpg,train,1230,61,a6eeca49e331445bbd5ee9d1c5a08919748fe4e7f54c4df481cc39d5f9ec32fe,9298313276061b1b,1,0,0,False,hardlink,hardlink
group_0014,val,20,/root/autodl-tmp/datasets/derived/construction_ppe3_canonical_v1_20260804_172437/images/all/train__image1232.jpg,/root/autodl-tmp/datasets/derived/construction_ppe3_canonical_v1_20260804_172437/labels/all/train__image1232.txt,/root/autodl-tmp/datasets/sources/construction-ppe_ultralytics_2025_v1/images/train/image1232.jpg,train,1232,61,21d36ce9c09ed7b50d8d2dd46dafb259ed268b4c2b2b921b13f69ff907acf1b4,d6727233b195bbe9,1,0,0,False,hardlink,hardlink
group_0014,val,20,/root/autodl-tmp/datasets/derived/construction_ppe3_canonical_v1_20260804_172437/images/all/train__image1233.jpg,/root/autodl-tmp/datasets/derived/construction_ppe3_canonical_v1_20260804_172437/labels/all/train__image1233.txt,/root/autodl-tmp/datasets/sources/construction-ppe_ultralytics_2025_v1/images/train/image1233.jpg,train,1233,61,5b6372e158003c8a2c832ec568715eb4d7881b5051bfedd2034974dee951b486,ccc733743239596b,4,0,0,False,hardlink,hardlink
group_0014,val,20,/root/autodl-tmp/datasets/derived/construction_ppe3_canonical_v1_20260804_172437/images/all/train__image1236.jpg,/root/autodl-tmp/datasets/derived/construction_ppe3_canonical_v1_20260804_172437/labels/all/train__image1236.txt,/root/autodl-tmp/datasets/sources/construction-ppe_ultralytics_2025_v1/images/train/image1236.jpg,train,1236,61,8e05ea776af8dae8ee3bb0695b5234ae21e9cecdbb5c999d6a3f55e9366f052f,ecf0b931626cd832,1,0,0,False,hardlink,hardlink
group_0014,val,20,/root/autodl-tmp/datasets/derived/construction_ppe3_canonical_v1_20260804_172437/images/all/train__image1237.jpg,/root/autodl-tmp/datasets/derived/construction_ppe3_canonical_v1_20260804_172437/labels/all/train__image1237.txt,/root/autodl-tmp/datasets/sources/construction-ppe_ultralytics_2025_v1/images/train/image1237.jpg,train,1237,61,1282f90997a6ffac90672b816c33e0c0f0611835fe573d7747159399af5a2743,f0b8b88c9494181b,3,0,0,False,hardlink,hardlink
group_0014,val,20,/root/autodl-tmp/datasets/derived/construction_ppe3_canonical_v1_20260804_172437/images/all/train__image1238.jpg,/root/autodl-tmp/datasets/derived/construction_ppe3_canonical_v1_20260804_172437/labels/all/train__image1238.txt,/root/autodl-tmp/datasets/sources/construction-ppe_ultralytics_2025_v1/images/train/image1238.jpg,train,1238,61,d9d4c49b7f5001ebdfc5136087b392eb02aef7c1d9ef22a953a68dbb30c0bcf8,4943c14d65674727,1,0,0,False,hardlink,hardlink
group_0014,val,20,/root/autodl-tmp/datasets/derived/construction_ppe3_canonical_v1_20260804_172437/images/all/val__image1223.jpg,/root/autodl-tmp/datasets/derived/construction_ppe3_canonical_v1_20260804_172437/labels/all/val__image1223.txt,/root/autodl-tmp/datasets/sources/construction-ppe_ultralytics_2025_v1/images/val/image1223.jpg,val,1223,61,17395f70a8681d80b4bdb8f80e0568bd551da71bd188117504dad7b2d4bb9fe8,623a3252725b7b77,1,0,0,False,hardlink,hardlink
group_0014,val,20,/root/autodl-tmp/datasets/derived/construction_ppe3_canonical_v1_20260804_172437/images/all/val__image1234.jpg,/root/autodl-tmp/datasets/derived/construction_ppe3_canonical_v1_20260804_172437/labels/all/val__image1234.txt,/root/autodl-tmp/datasets/sources/construction-ppe_ultralytics_2025_v1/images/val/image1234.jpg,val,1234,61,bdee9c120585d0adfca4ac1f7e7853954a92bde95080dd267a963fb1ab671234,676c4cc4cae8d8da,3,0,0,False,hardlink,hardlink
group_0014,val,20,/root/autodl-tmp/datasets/derived/construction_ppe3_canonical_v1_20260804_172437/images/all/test__image1229.jpg,/root/autodl-tmp/datasets/derived/construction_ppe3_canonical_v1_20260804_172437/labels/all/test__image1229.txt,/root/autodl-tmp/datasets/sources/construction-ppe_ultralytics_2025_v1/images/test/image1229.jpg,test,1229,61,961267191ce57b3075124016aaea9158b26ae2364a78a7bed725695f5b1f739f,380810184b4b0d74,1,0,0,False,hardlink,hardlink
group_0014,val,20,/root/autodl-tmp/datasets/derived/construction_ppe3_canonical_v1_20260804_172437/images/all/test__image1231.jpg,/root/autodl-tmp/datasets/derived/construction_ppe3_canonical_v1_20260804_172437/labels/all/test__image1231.txt,/root/autodl-tmp/datasets/sources/construction-ppe_ultralytics_2025_v1/images/test/image1231.jpg,test,1231,61,df1126344001803e77ccceacfd6fa13ce06454b01803e71aa63a10790fda0bbc,6664696264a8b161,2,0,0,False,hardlink,hardlink
group_0014,val,20,/root/autodl-tmp/datasets/derived/construction_ppe3_canonical_v1_20260804_172437/images/all/test__image1235.jpg,/root/autodl-tmp/datasets/derived/construction_ppe3_canonical_v1_20260804_172437/labels/all/test__image1235.txt,/root/autodl-tmp/datasets/sources/construction-ppe_ultralytics_2025_v1/images/test/image1235.jpg,test,1235,61,f5b127f1c78c8be9b116ad7446edaeb7d7cc8e39150dc27252c698f3fcb377e8,8e381858c0545580,2,0,0,False,hardlink,hardlink
group_0014,val,20,/root/autodl-tmp/datasets/derived/construction_ppe3_canonical_v1_20260804_172437/images/all/test__image1239.jpg,/root/autodl-tmp/datasets/derived/construction_ppe3_canonical_v1_20260804_172437/labels/all/test__image1239.txt,/root/autodl-tmp/datasets/sources/construction-ppe_ultralytics_2025_v1/images/test/image1239.jpg,test,1239,61,fccc8b72fa6dab487cf92349fbcf36154690f0abbba61c4981496714fb318a41,e0c36327f6b6d2c0,3,0,0,False,hardlink,hardlink
group_0015,train,20,/root/autodl-tmp/datasets/derived/construction_ppe3_canonical_v1_20260804_172437/images/all/train__image1240.jpg,/root/autodl-tmp/datasets/derived/construction_ppe3_canonical_v1_20260804_172437/labels/all/train__image1240.txt,/root/autodl-tmp/datasets/sources/construction-ppe_ultralytics_2025_v1/images/train/image1240.jpg,train,1240,62,8b72bc0b29bd9fd9a58b5c373b2b494f7f456a4e4bd4e561d4b9964270cc1c9b,34383cd478763a1a,1,0,0,False,hardlink,hardlink
group_0015,train,20,/root/autodl-tmp/datasets/derived/construction_ppe3_canonical_v1_20260804_172437/images/all/train__image1241.jpg,/root/autodl-tmp/datasets/derived/construction_ppe3_canonical_v1_20260804_172437/labels/all/train__image1241.txt,/root/autodl-tmp/datasets/sources/construction-ppe_ultralytics_2025_v1/images/train/image1241.jpg,train,1241,62,f2082dfb734e0b85e3010cd1f88e3dd955a620f1d7a9c9e3d7cead14af524093,e6e59c961c1697d3,1,0,0,False,hardlink,hardlink
group_0015,train,20,/root/autodl-tmp/datasets/derived/construction_ppe3_canonical_v1_20260804_172437/images/all/train__image1242.jpg,/root/autodl-tmp/datasets/derived/construction_ppe3_canonical_v1_20260804_172437/labels/all/train__image1242.txt,/root/autodl-tmp/datasets/sources/construction-ppe_ultralytics_2025_v1/images/train/image1242.jpg,train,1242,62,f94057c38c9f0e23b5e73dddf350b91f825d4581b8a2021b4189d9ee0e15bace,e460c48c34961f4e,1,0,0,False,hardlink,hardlink
group_0015,train,20,/root/autodl-tmp/datasets/derived/construction_ppe3_canonical_v1_20260804_172437/images/all/train__image1243.jpg,/root/autodl-tmp/datasets/derived/construction_ppe3_canonical_v1_20260804_172437/labels/all/train__image1243.txt,/root/autodl-tmp/datasets/sources/construction-ppe_ultralytics_2025_v1/images/train/image1243.jpg,train,1243,62,bcec8104497b411d140dd4e261bb5c65beda3527f1f8099c5d54e383694121b9,80c0272955b7360e,1,0,0,False,hardlink,hardlink
group_0015,train,20,/root/autodl-tmp/datasets/derived/construction_ppe3_canonical_v1_20260804_172437/images/all/train__image1244.jpg,/root/autodl-tmp/datasets/derived/construction_ppe3_canonical_v1_20260804_172437/labels/all/train__image1244.txt,/root/autodl-tmp/datasets/sources/construction-ppe_ultralytics_2025_v1/images/train/image1244.jpg,train,1244,62,71257461653cc3354e558619b658d7839b35552610985a5b649bfae0aca44519,e4b03030f55c9b33,1,1,0,False,hardlink,hardlink
group_0015,train,20,/root/autodl-tmp/datasets/derived/construction_ppe3_canonical_v1_20260804_172437/images/all/train__image1245.jpg,/root/autodl-tmp/datasets/derived/construction_ppe3_canonical_v1_20260804_172437/labels/all/train__image1245.txt,/root/autodl-tmp/datasets/sources/construction-ppe_ultralytics_2025_v1/images/train/image1245.jpg,train,1245,62,361c6441146b2d2b71151df2bee0dde2c77588f065287e5c909ff7a360ae8fb5,6764604d98988908,1,0,0,False,hardlink,hardlink
group_0015,train,20,/root/autodl-tmp/datasets/derived/construction_ppe3_canonical_v1_20260804_172437/images/all/train__image1246.jpg,/root/autodl-tmp/datasets/derived/construction_ppe3_canonical_v1_20260804_172437/labels/all/train__image1246.txt,/root/autodl-tmp/datasets/sources/construction-ppe_ultralytics_2025_v1/images/train/image1246.jpg,train,1246,62,7456999dc48486e117bd0627c3c2006084aebc13cbcd6a4917fcebda01904480,4266664613c666cc,1,0,0,False,hardlink,hardlink
group_0015,train,20,/root/autodl-tmp/datasets/derived/construction_ppe3_canonical_v1_20260804_172437/images/all/train__image1247.jpg,/root/autodl-tmp/datasets/derived/construction_ppe3_canonical_v1_20260804_172437/labels/all/train__image1247.txt,/root/autodl-tmp/datasets/sources/construction-ppe_ultralytics_2025_v1/images/train/image1247.jpg,train,1247,62,2dfd49fdb6e55e4c52f5f1ed204a7cc3b79f816ed5eed2b1afade5a8fae57a5e,ca69e8c5a2b1e4b0,1,0,0,False,hardlink,hardlink
group_0015,train,20,/root/autodl-tmp/datasets/derived/construction_ppe3_canonical_v1_20260804_172437/images/all/train__image1249.jpg,/root/autodl-tmp/datasets/derived/construction_ppe3_canonical_v1_20260804_172437/labels/all/train__image1249.txt,/root/autodl-tmp/datasets/sources/construction-ppe_ultralytics_2025_v1/images/train/image1249.jpg,train,1249,62,f4b29e69ad2d0f49eb55d8b642cf1e90cfad838240b63f73d4cf0dcf0dad8f56,ad9b50bab3ce9e92,2,0,0,False,hardlink,hardlink
group_0015,train,20,/root/autodl-tmp/datasets/derived/construction_ppe3_canonical_v1_20260804_172437/images/all/train__image1250.jpg,/root/autodl-tmp/datasets/derived/construction_ppe3_canonical_v1_20260804_172437/labels/all/train__image1250.txt,/root/autodl-tmp/datasets/sources/construction-ppe_ultralytics_2025_v1/images/train/image1250.jpg,train,1250,62,34761a90d293c27ea31fd5562506dc4934600d732d9865382de6c35ac76544ff,dacace92c4295998,1,0,0,False,hardlink,hardlink
group_0015,train,20,/root/autodl-tmp/datasets/derived/construction_ppe3_canonical_v1_20260804_172437/images/all/train__image1251.jpg,/root/autodl-tmp/datasets/derived/construction_ppe3_canonical_v1_20260804_172437/labels/all/train__image1251.txt,/root/autodl-tmp/datasets/sources/construction-ppe_ultralytics_2025_v1/images/train/image1251.jpg,train,1251,62,e8d0cc9dbed0ae2558a48a53c3ad94969bd6bdee9bd75461fcbbad0cbd69c84d,e11c34349c9859da,1,0,0,False,hardlink,hardlink
group_0015,train,20,/root/autodl-tmp/datasets/derived/construction_ppe3_canonical_v1_20260804_172437/images/all/train__image1253.jpg,/root/autodl-tmp/datasets/derived/construction_ppe3_canonical_v1_20260804_172437/labels/all/train__image1253.txt,/root/autodl-tmp/datasets/sources/construction-ppe_ultralytics_2025_v1/images/train/image1253.jpg,train,1253,62,f7277d62d1b1fea41a4f0a5de6d3a5f3e95137cb73d146d1f6b7047d361a7558,d2f4b692387858f8,1,0,0,False,hardlink,hardlink
group_0015,train,20,/root/autodl-tmp/datasets/derived/construction_ppe3_canonical_v1_20260804_172437/images/all/train__image1254.jpg,/root/autodl-tmp/datasets/derived/construction_ppe3_canonical_v1_20260804_172437/labels/all/train__image1254.txt,/root/autodl-tmp/datasets/sources/construction-ppe_ultralytics_2025_v1/images/train/image1254.jpg,train,1254,62,5d69789909dd7ce0c367e8640f6da21ad47e6863fee35afa06073a3889379558,0c1233c7264d8fe0,1,0,0,False,hardlink,hardlink
group_0015,train,20,/root/autodl-tmp/datasets/derived/construction_ppe3_canonical_v1_20260804_172437/images/all/train__image1255.jpg,/root/autodl-tmp/datasets/derived/construction_ppe3_canonical_v1_20260804_172437/labels/all/train__image1255.txt,/root/autodl-tmp/datasets/sources/construction-ppe_ultralytics_2025_v1/images/train/image1255.jpg,train,1255,62,001b8018ba919866ec987385b613c85111f5fecf71d108fa64e92cc0d7b06cd0,a74157768fd85f7f,1,0,0,False,hardlink,hardlink
group_0015,train,20,/root/autodl-tmp/datasets/derived/construction_ppe3_canonical_v1_20260804_172437/images/all/train__image1257.jpg,/root/autodl-tmp/datasets/derived/construction_ppe3_canonical_v1_20260804_172437/labels/all/train__image1257.txt,/root/autodl-tmp/datasets/sources/construction-ppe_ultralytics_2025_v1/images/train/image1257.jpg,train,1257,62,e3bc18677e10dbad584b6cd81a8e8be7bb59bca06b9d1a8b38d967abb2a3015a,2ab2a2861cac2812,1,0,0,False,hardlink,hardlink
group_0015,train,20,/root/autodl-tmp/datasets/derived/construction_ppe3_canonical_v1_20260804_172437/images/all/train__image1258.jpg,/root/autodl-tmp/datasets/derived/construction_ppe3_canonical_v1_20260804_172437/labels/all/train__image1258.txt,/root/autodl-tmp/datasets/sources/construction-ppe_ultralytics_2025_v1/images/train/image1258.jpg,train,1258,62,ae557eae5bcbf2c8a7f0d2255cda43ce505b2c02ed4bb3290612ea7500347cbb,2064e46c4c6d3929,3,0,0,False,hardlink,hardlink
group_0015,train,20,/root/autodl-tmp/datasets/derived/construction_ppe3_canonical_v1_20260804_172437/images/all/train__image1259.jpg,/root/autodl-tmp/datasets/derived/construction_ppe3_canonical_v1_20260804_172437/labels/all/train__image1259.txt,/root/autodl-tmp/datasets/sources/construction-ppe_ultralytics_2025_v1/images/train/image1259.jpg,train,1259,62,db848c0bdaa6d3f6a0deecfd14c0050872512036466408913baa3b1eb14ae5a4,4aa636f6d682b7e5,3,0,0,False,hardlink,hardlink
group_0015,train,20,/root/autodl-tmp/datasets/derived/construction_ppe3_canonical_v1_20260804_172437/images/all/val__image1248.jpg,/root/autodl-tmp/datasets/derived/construction_ppe3_canonical_v1_20260804_172437/labels/all/val__image1248.txt,/root/autodl-tmp/datasets/sources/construction-ppe_ultralytics_2025_v1/images/val/image1248.jpg,val,1248,62,976a418670ad8c9971a385f5ae2d585cc045e153b4bf603d88be6bdfe6a8d050,726cbdc97322ca8c,1,0,0,False,hardlink,hardlink
group_0015,train,20,/root/autodl-tmp/datasets/derived/construction_ppe3_canonical_v1_20260804_172437/images/all/test__image1252.jpg,/root/autodl-tmp/datasets/derived/construction_ppe3_canonical_v1_20260804_172437/labels/all/test__image1252.txt,/root/autodl-tmp/datasets/sources/construction-ppe_ultralytics_2025_v1/images/test/image1252.jpg,test,1252,62,f047d86f95a0cfd403261fab3e404ded260eb44fd7743db23ea9f9071816ae57,3c300834114a460d,1,0,0,False,hardlink,hardlink
group_0015,train,20,/root/autodl-tmp/datasets/derived/construction_ppe3_canonical_v1_20260804_172437/images/all/test__image1256.jpg,/root/autodl-tmp/datasets/derived/construction_ppe3_canonical_v1_20260804_172437/labels/all/test__image1256.txt,/root/autodl-tmp/datasets/sources/construction-ppe_ultralytics_2025_v1/images/test/image1256.jpg,test,1256,62,f8a3ef82ced85b2d2871ee9bb61091aaa953479b16e8cd6c0a7e2b017b275c6f,7976d2d2512d2d6d,3,0,0,False,hardlink,hardlink
group_0016,train,20,/root/autodl-tmp/datasets/derived/construction_ppe3_canonical_v1_20260804_172437/images/all/train__image1260.jpg,/root/autodl-tmp/datasets/derived/construction_ppe3_canonical_v1_20260804_172437/labels/all/train__image1260.txt,/root/autodl-tmp/datasets/sources/construction-ppe_ultralytics_2025_v1/images/train/image1260.jpg,train,1260,63,558cbbc8cbc6fe8c6a2733c08a87e11bcffe8698c658147c9068ae6c814cead1,e56464e7c78b9b4a,2,0,0,False,hardlink,hardlink
group_0016,train,20,/root/autodl-tmp/datasets/derived/construction_ppe3_canonical_v1_20260804_172437/images/all/train__image1261.jpg,/root/autodl-tmp/datasets/derived/construction_ppe3_canonical_v1_20260804_172437/labels/all/train__image1261.txt,/root/autodl-tmp/datasets/sources/construction-ppe_ultralytics_2025_v1/images/train/image1261.jpg,train,1261,63,8c1f404d26706e10f01e675d0266f9e09718b3f200142ab7e8234435eb452722,e6f6a4b131313139,2,0,0,False,hardlink,hardlink
group_0016,train,20,/root/autodl-tmp/datasets/derived/construction_ppe3_canonical_v1_20260804_172437/images/all/train__image1262.jpg,/root/autodl-tmp/datasets/derived/construction_ppe3_canonical_v1_20260804_172437/labels/all/train__image1262.txt,/root/autodl-tmp/datasets/sources/construction-ppe_ultralytics_2025_v1/images/train/image1262.jpg,train,1262,63,f336c7ceb11ac290adc40b892317302057d01a00d1e0561eaeaf12ec0acfe243,fcfcfcfcfefefce8,1,0,0,False,hardlink,hardlink
group_0016,train,20,/root/autodl-tmp/datasets/derived/construction_ppe3_canonical_v1_20260804_172437/images/all/train__image1263.jpg,/root/autodl-tmp/datasets/derived/construction_ppe3_canonical_v1_20260804_172437/labels/all/train__image1263.txt,/root/autodl-tmp/datasets/sources/construction-ppe_ultralytics_2025_v1/images/train/image1263.jpg,train,1263,63,7e160eb0cd0b0c703657e4b497d4fcd528e176c0517e0814140864ad36cb86a3,4e626af8b89aa671,1,0,0,False,hardlink,hardlink
group_0016,train,20,/root/autodl-tmp/datasets/derived/construction_ppe3_canonical_v1_20260804_172437/images/all/train__image1265.jpg,/root/autodl-tmp/datasets/derived/construction_ppe3_canonical_v1_20260804_172437/labels/all/train__image1265.txt,/root/autodl-tmp/datasets/sources/construction-ppe_ultralytics_2025_v1/images/train/image1265.jpg,train,1265,63,cc9e5ad6b901183c842064cf7c742f52a19e9651c618c72f003501c926208d75,39292934303a383a,1,0,0,False,hardlink,hardlink
group_0016,train,20,/root/autodl-tmp/datasets/derived/construction_ppe3_canonical_v1_20260804_172437/images/all/train__image1266.jpg,/root/autodl-tmp/datasets/derived/construction_ppe3_canonical_v1_20260804_172437/labels/all/train__image1266.txt,/root/autodl-tmp/datasets/sources/construction-ppe_ultralytics_2025_v1/images/train/image1266.jpg,train,1266,63,66d9190bfd643d7c517a74fdfb85c95ab5ea67c31c8cc8515343bcc70b671e9f,3130663735c4c6e3,1,0,0,False,hardlink,hardlink
group_0016,train,20,/root/autodl-tmp/datasets/derived/construction_ppe3_canonical_v1_20260804_172437/images/all/train__image1267.jpg,/root/autodl-tmp/datasets/derived/construction_ppe3_canonical_v1_20260804_172437/labels/all/train__image1267.txt,/root/autodl-tmp/datasets/sources/construction-ppe_ultralytics_2025_v1/images/train/image1267.jpg,train,1267,63,1fc1837f3acb4e27163f7f0ffa432cc29bcc0c514fbcda0dc6c49a255d23273d,feb9393c94939397,1,0,0,False,hardlink,hardlink
group_0016,train,20,/root/autodl-tmp/datasets/derived/construction_ppe3_canonical_v1_20260804_172437/images/all/train__image1268.jpg,/root/autodl-tmp/datasets/derived/construction_ppe3_canonical_v1_20260804_172437/labels/all/train__image1268.txt,/root/autodl-tmp/datasets/sources/construction-ppe_ultralytics_2025_v1/images/train/image1268.jpg,train,1268,63,527897a185f1d16aebeb55f382ae4c3238fbf5cf6626423e9d47116659300091,d898da493a1879e9,1,0,0,False,hardlink,hardlink
group_0016,train,20,/root/autodl-tmp/datasets/derived/construction_ppe3_canonical_v1_20260804_172437/images/all/train__image1269.jpg,/root/autodl-tmp/datasets/derived/construction_ppe3_canonical_v1_20260804_172437/labels/all/train__image1269.txt,/root/autodl-tmp/datasets/sources/construction-ppe_ultralytics_2025_v1/images/train/image1269.jpg,train,1269,63,529251765a3ef304219985ef3d126ac4e3694503081e5a5a7118146c0876a3a0,8309c866b6969b93,2,1,0,False,hardlink,hardlink
group_0016,train,20,/root/autodl-tmp/datasets/derived/construction_ppe3_canonical_v1_20260804_172437/images/all/train__image1271.jpg,/root/autodl-tmp/datasets/derived/construction_ppe3_canonical_v1_20260804_172437/labels/all/train__image1271.txt,/root/autodl-tmp/datasets/sources/construction-ppe_ultralytics_2025_v1/images/train/image1271.jpg,train,1271,63,09c0c319d1c9e0bdda80f2802855f0289a6765c06df9477d5930ff469c4c9e23,2d2b332b2bababe9,1,0,0,False,hardlink,hardlink
group_0016,train,20,/root/autodl-tmp/datasets/derived/construction_ppe3_canonical_v1_20260804_172437/images/all/train__image1272.jpg,/root/autodl-tmp/datasets/derived/construction_ppe3_canonical_v1_20260804_172437/labels/all/train__image1272.txt,/root/autodl-tmp/datasets/sources/construction-ppe_ultralytics_2025_v1/images/train/image1272.jpg,train,1272,63,ac26041f36d046cdb44e820bab8cc4854356180ee22dd92f7fc015f4426f9ade,32b1b89e3e7eccdc,1,0,0,False,hardlink,hardlink
group_0016,train,20,/root/autodl-tmp/datasets/derived/construction_ppe3_canonical_v1_20260804_172437/images/all/train__image1274.jpg,/root/autodl-tmp/datasets/derived/construction_ppe3_canonical_v1_20260804_172437/labels/all/train__image1274.txt,/root/autodl-tmp/datasets/sources/construction-ppe_ultralytics_2025_v1/images/train/image1274.jpg,train,1274,63,ccf406989e0df7e089d08581efe8aab5daff3be5e46776b2e22eeb5a0ba3e127,eea627f97c39ada6,3,0,0,False,hardlink,hardlink
group_0016,train,20,/root/autodl-tmp/datasets/derived/construction_ppe3_canonical_v1_20260804_172437/images/all/train__image1275.jpg,/root/autodl-tmp/datasets/derived/construction_ppe3_canonical_v1_20260804_172437/labels/all/train__image1275.txt,/root/autodl-tmp/datasets/sources/construction-ppe_ultralytics_2025_v1/images/train/image1275.jpg,train,1275,63,3375bd97c33c4ab10eeca8553d866ff718d1f7d92806def3d4f1257cae3b47c8,2f73f1d4d4242401,3,0,0,False,hardlink,hardlink
group_0016,train,20,/root/autodl-tmp/datasets/derived/construction_ppe3_canonical_v1_20260804_172437/images/all/train__image1277.jpg,/root/autodl-tmp/datasets/derived/construction_ppe3_canonical_v1_20260804_172437/labels/all/train__image1277.txt,/root/autodl-tmp/datasets/sources/construction-ppe_ultralytics_2025_v1/images/train/image1277.jpg,train,1277,63,cb98efe4fa2f5fb30f3c95713cb99091a682ef3a105e2e81eb3103fac02182cf,da1c1f9a9b9cb0d1,1,0,0,False,hardlink,hardlink
group_0016,train,20,/root/autodl-tmp/datasets/derived/construction_ppe3_canonical_v1_20260804_172437/images/all/train__image1278.jpg,/root/autodl-tmp/datasets/derived/construction_ppe3_canonical_v1_20260804_172437/labels/all/train__image1278.txt,/root/autodl-tmp/datasets/sources/construction-ppe_ultralytics_2025_v1/images/train/image1278.jpg,train,1278,63,23f164e7d206fe837dae4e318dc342830ce7c3f88ce6eaa71a8f6b2623c9651a,4a0c9e0c25272f8e,2,0,0,False,hardlink,hardlink
group_0016,train,20,/root/autodl-tmp/datasets/derived/construction_ppe3_canonical_v1_20260804_172437/images/all/train__image1279.jpg,/root/autodl-tmp/datasets/derived/construction_ppe3_canonical_v1_20260804_172437/labels/all/train__image1279.txt,/root/autodl-tmp/datasets/sources/construction-ppe_ultralytics_2025_v1/images/train/image1279.jpg,train,1279,63,fc430defb7188937447b301c59ac79eb04168c4669548e002e91c967f7b7a7e3,484adcc666a768c8,2,0,0,False,hardlink,hardlink
group_0016,train,20,/root/autodl-tmp/datasets/derived/construction_ppe3_canonical_v1_20260804_172437/images/all/val__image1273.jpg,/root/autodl-tmp/datasets/derived/construction_ppe3_canonical_v1_20260804_172437/labels/all/val__image1273.txt,/root/autodl-tmp/datasets/sources/construction-ppe_ultralytics_2025_v1/images/val/image1273.jpg,val,1273,63,d30a5b0a73737f6fa2814f0d4ab09891cc683e9105df0932fc77b3d08ff1a766,edaccf9b95377373,1,0,0,False,hardlink,hardlink
group_0016,train,20,/root/autodl-tmp/datasets/derived/construction_ppe3_canonical_v1_20260804_172437/images/all/test__image1264.jpg,/root/autodl-tmp/datasets/derived/construction_ppe3_canonical_v1_20260804_172437/labels/all/test__image1264.txt,/root/autodl-tmp/datasets/sources/construction-ppe_ultralytics_2025_v1/images/test/image1264.jpg,test,1264,63,0032ffc707c407bda80b804124b1f4e782320da56e4c8e2e81b1c477abf9f244,941b333b3b3e3830,5,0,0,False,hardlink,hardlink
group_0016,train,20,/root/autodl-tmp/datasets/derived/construction_ppe3_canonical_v1_20260804_172437/images/all/test__image1270.jpg,/root/autodl-tmp/datasets/derived/construction_ppe3_canonical_v1_20260804_172437/labels/all/test__image1270.txt,/root/autodl-tmp/datasets/sources/construction-ppe_ultralytics_2025_v1/images/test/image1270.jpg,test,1270,63,aa31be89e67425278e467066c0098a5e116d06efdb5cd02aec87103172fdbf58,a4ce062c0f07069e,3,0,0,False,hardlink,hardlink
group_0016,train,20,/root/autodl-tmp/datasets/derived/construction_ppe3_canonical_v1_20260804_172437/images/all/test__image1276.jpg,/root/autodl-tmp/datasets/derived/construction_ppe3_canonical_v1_20260804_172437/labels/all/test__image1276.txt,/root/autodl-tmp/datasets/sources/construction-ppe_ultralytics_2025_v1/images/test/image1276.jpg,test,1276,63,56ea183ba10900f34a9d63bee84ef590096b09a2b914bb841337f700e0856d31,9ed6c467694986c0,1,0,0,False,hardlink,hardlink
group_0017,test,20,/root/autodl-tmp/datasets/derived/construction_ppe3_canonical_v1_20260804_172437/images/all/train__image1280.jpg,/root/autodl-tmp/datasets/derived/construction_ppe3_canonical_v1_20260804_172437/labels/all/train__image1280.txt,/root/autodl-tmp/datasets/sources/construction-ppe_ultralytics_2025_v1/images/train/image1280.jpg,train,1280,64,0bcaa8fb47133f6fb0dce8d92b47256c1b98dacea6075134fc0f4f5f5c9d679b,b534646990901c9c,3,0,0,False,hardlink,hardlink
group_0017,test,20,/root/autodl-tmp/datasets/derived/construction_ppe3_canonical_v1_20260804_172437/images/all/train__image1281.jpg,/root/autodl-tmp/datasets/derived/construction_ppe3_canonical_v1_20260804_172437/labels/all/train__image1281.txt,/root/autodl-tmp/datasets/sources/construction-ppe_ultralytics_2025_v1/images/train/image1281.jpg,train,1281,64,52de2f52bb8a6bf68a76a9fda92cf7821eb135b6542e4ecf6d87cf202cfa139a,e0f0e9ac27335134,1,0,0,False,hardlink,hardlink
group_0017,test,20,/root/autodl-tmp/datasets/derived/construction_ppe3_canonical_v1_20260804_172437/images/all/train__image1282.jpg,/root/autodl-tmp/datasets/derived/construction_ppe3_canonical_v1_20260804_172437/labels/all/train__image1282.txt,/root/autodl-tmp/datasets/sources/construction-ppe_ultralytics_2025_v1/images/train/image1282.jpg,train,1282,64,2e8d2f552c5aefde998b1791b2c161416795a41e5c5c6152ded206b880893b1f,f9c991b3b391c9e5,1,0,0,False,hardlink,hardlink
group_0017,test,20,/root/autodl-tmp/datasets/derived/construction_ppe3_canonical_v1_20260804_172437/images/all/train__image1283.jpg,/root/autodl-tmp/datasets/derived/construction_ppe3_canonical_v1_20260804_172437/labels/all/train__image1283.txt,/root/autodl-tmp/datasets/sources/construction-ppe_ultralytics_2025_v1/images/train/image1283.jpg,train,1283,64,4adb773f6b3825271ef47df2a61f02c51536a49ba16b8eb41cef6a78e6df4075,30303e3f1b1b9c8c,1,0,0,False,hardlink,hardlink
group_0017,test,20,/root/autodl-tmp/datasets/derived/construction_ppe3_canonical_v1_20260804_172437/images/all/train__image1284.jpg,/root/autodl-tmp/datasets/derived/construction_ppe3_canonical_v1_20260804_172437/labels/all/train__image1284.txt,/root/autodl-tmp/datasets/sources/construction-ppe_ultralytics_2025_v1/images/train/image1284.jpg,train,1284,64,178b6f9ee754bcf75672b7fa305abdc19e8656e3ae6876387f1f1a5f29ebf6f7,364e4fb162690e5a,2,0,0,False,hardlink,hardlink
group_0017,test,20,/root/autodl-tmp/datasets/derived/construction_ppe3_canonical_v1_20260804_172437/images/all/train__image1285.jpg,/root/autodl-tmp/datasets/derived/construction_ppe3_canonical_v1_20260804_172437/labels/all/train__image1285.txt,/root/autodl-tmp/datasets/sources/construction-ppe_ultralytics_2025_v1/images/train/image1285.jpg,train,1285,64,d4630fc0a8fd5c7e3b07013062a7270b9736d2817df91508769ce4ca98599687,da1939b896c6cecc,3,0,0,False,hardlink,hardlink
group_0017,test,20,/root/autodl-tmp/datasets/derived/construction_ppe3_canonical_v1_20260804_172437/images/all/train__image1286.jpg,/root/autodl-tmp/datasets/derived/construction_ppe3_canonical_v1_20260804_172437/labels/all/train__image1286.txt,/root/autodl-tmp/datasets/sources/construction-ppe_ultralytics_2025_v1/images/train/image1286.jpg,train,1286,64,a04759cedeff635fae68218d1341911df78d339a5659e236947fdb96ffc4ad02,cf14280c8dcdcfca,1,0,0,False,hardlink,hardlink
group_0017,test,20,/root/autodl-tmp/datasets/derived/construction_ppe3_canonical_v1_20260804_172437/images/all/train__image1287.jpg,/root/autodl-tmp/datasets/derived/construction_ppe3_canonical_v1_20260804_172437/labels/all/train__image1287.txt,/root/autodl-tmp/datasets/sources/construction-ppe_ultralytics_2025_v1/images/train/image1287.jpg,train,1287,64,ce9b622db9d7db8b123ee184b56dd3c7b211ff3becfa9c9bc282b7db398d703c,3230312b61f9f3b1,1,0,0,False,hardlink,hardlink
group_0017,test,20,/root/autodl-tmp/datasets/derived/construction_ppe3_canonical_v1_20260804_172437/images/all/train__image1288.jpg,/root/autodl-tmp/datasets/derived/construction_ppe3_canonical_v1_20260804_172437/labels/all/train__image1288.txt,/root/autodl-tmp/datasets/sources/construction-ppe_ultralytics_2025_v1/images/train/image1288.jpg,train,1288,64,ac34ee24acdeffa822abdf34991fd32b58cbb41b3e1bd048a984a47cf0b23482,7d1977ce4e14e149,2,0,0,False,hardlink,hardlink
group_0017,test,20,/root/autodl-tmp/datasets/derived/construction_ppe3_canonical_v1_20260804_172437/images/all/train__image1289.jpg,/root/autodl-tmp/datasets/derived/construction_ppe3_canonical_v1_20260804_172437/labels/all/train__image1289.txt,/root/autodl-tmp/datasets/sources/construction-ppe_ultralytics_2025_v1/images/train/image1289.jpg,train,1289,64,e2c0642421918d4f95d4ba537add70aad2b6abe8d78d8e3bbbcffbe29d4b0ced,e98bcbb3336be9d5,4,1,0,False,hardlink,hardlink
group_0017,test,20,/root/autodl-tmp/datasets/derived/construction_ppe3_canonical_v1_20260804_172437/images/all/train__image1291.jpg,/root/autodl-tmp/datasets/derived/construction_ppe3_canonical_v1_20260804_172437/labels/all/train__image1291.txt,/root/autodl-tmp/datasets/sources/construction-ppe_ultralytics_2025_v1/images/train/image1291.jpg,train,1291,64,25f6b10b218f2576bca1552b777cd1af1234bc64128e19e4cb2c02a032443ab3,e4b9e9b2b4b2b99d,1,0,0,False,hardlink,hardlink
group_0017,test,20,/root/autodl-tmp/datasets/derived/construction_ppe3_canonical_v1_20260804_172437/images/all/train__image1294.jpg,/root/autodl-tmp/datasets/derived/construction_ppe3_canonical_v1_20260804_172437/labels/all/train__image1294.txt,/root/autodl-tmp/datasets/sources/construction-ppe_ultralytics_2025_v1/images/train/image1294.jpg,train,1294,64,c1c032da7a25e11234bfb4f88dad474328a9a67505773dbcd2dfb1f3181a5915,e2a968d8d8989cac,2,0,0,False,hardlink,hardlink
group_0017,test,20,/root/autodl-tmp/datasets/derived/construction_ppe3_canonical_v1_20260804_172437/images/all/train__image1295.jpg,/root/autodl-tmp/datasets/derived/construction_ppe3_canonical_v1_20260804_172437/labels/all/train__image1295.txt,/root/autodl-tmp/datasets/sources/construction-ppe_ultralytics_2025_v1/images/train/image1295.jpg,train,1295,64,aa09018d77d2824d84179a1a2151200fb3f21d581a3612546248acebd01c677e,d2d2f8fceceeecce,1,0,0,False,hardlink,hardlink
group_0017,test,20,/root/autodl-tmp/datasets/derived/construction_ppe3_canonical_v1_20260804_172437/images/all/train__image1296.jpg,/root/autodl-tmp/datasets/derived/construction_ppe3_canonical_v1_20260804_172437/labels/all/train__image1296.txt,/root/autodl-tmp/datasets/sources/construction-ppe_ultralytics_2025_v1/images/train/image1296.jpg,train,1296,64,7d532994a788314ede22077d9cfc0946743f4ef1f27eb730c3c4cdbe22e598cb,2ce6f6648db595e2,3,0,0,False,hardlink,hardlink
group_0017,test,20,/root/autodl-tmp/datasets/derived/construction_ppe3_canonical_v1_20260804_172437/images/all/train__image1297.jpg,/root/autodl-tmp/datasets/derived/construction_ppe3_canonical_v1_20260804_172437/labels/all/train__image1297.txt,/root/autodl-tmp/datasets/sources/construction-ppe_ultralytics_2025_v1/images/train/image1297.jpg,train,1297,64,8abbf208c64baccd9f2cb63f58397f60b5bf7620b6dfbc7c88c0ee84aee65aac,2c1a46426be9c9d0,3,0,0,False,hardlink,hardlink
group_0017,test,20,/root/autodl-tmp/datasets/derived/construction_ppe3_canonical_v1_20260804_172437/images/all/train__image1298.jpg,/root/autodl-tmp/datasets/derived/construction_ppe3_canonical_v1_20260804_172437/labels/all/train__image1298.txt,/root/autodl-tmp/datasets/sources/construction-ppe_ultralytics_2025_v1/images/train/image1298.jpg,train,1298,64,6217a270daac217221b28782a9c5c32df0b53651d35a7eedf98599a5a7b0f366,6b6762b9f930b0b4,1,0,0,False,hardlink,hardlink
group_0017,test,20,/root/autodl-tmp/datasets/derived/construction_ppe3_canonical_v1_20260804_172437/images/all/train__image1299.jpg,/root/autodl-tmp/datasets/derived/construction_ppe3_canonical_v1_20260804_172437/labels/all/train__image1299.txt,/root/autodl-tmp/datasets/sources/construction-ppe_ultralytics_2025_v1/images/train/image1299.jpg,train,1299,64,c5d4922e128ac9ff0b04d9e7d0a26baf618d968ab588750b4063c854257ce8ab,26b2e2675299999b,1,1,0,False,hardlink,hardlink
group_0017,test,20,/root/autodl-tmp/datasets/derived/construction_ppe3_canonical_v1_20260804_172437/images/all/val__image1290.jpg,/root/autodl-tmp/datasets/derived/construction_ppe3_canonical_v1_20260804_172437/labels/all/val__image1290.txt,/root/autodl-tmp/datasets/sources/construction-ppe_ultralytics_2025_v1/images/val/image1290.jpg,val,1290,64,04241be417d14427118e0940a9dee9c9fd997107453c8c8352d859a82f58009d,41e1871630f636c6,1,0,0,False,hardlink,hardlink
group_0017,test,20,/root/autodl-tmp/datasets/derived/construction_ppe3_canonical_v1_20260804_172437/images/all/test__image1292.jpg,/root/autodl-tmp/datasets/derived/construction_ppe3_canonical_v1_20260804_172437/labels/all/test__image1292.txt,/root/autodl-tmp/datasets/sources/construction-ppe_ultralytics_2025_v1/images/test/image1292.jpg,test,1292,64,c5254b380ad09b4264ab73a5b04d36732fd30a59a992c7aa182401bcc8c062cb,cccc9c9ecececeec,1,0,0,False,hardlink,hardlink
group_0017,test,20,/root/autodl-tmp/datasets/derived/construction_ppe3_canonical_v1_20260804_172437/images/all/test__image1293.jpg,/root/autodl-tmp/datasets/derived/construction_ppe3_canonical_v1_20260804_172437/labels/all/test__image1293.txt,/root/autodl-tmp/datasets/sources/construction-ppe_ultralytics_2025_v1/images/test/image1293.jpg,test,1293,64,1f77c61e13720d60903df26b7a85d8c3a0d7aac020ebb0796eae359ea5b7d58a,fff33b395cfe6c6c,1,0,0,False,hardlink,hardlink
group_0018,train,20,/root/autodl-tmp/datasets/derived/construction_ppe3_canonical_v1_20260804_172437/images/all/train__image1300.jpg,/root/autodl-tmp/datasets/derived/construction_ppe3_canonical_v1_20260804_172437/labels/all/train__image1300.txt,/root/autodl-tmp/datasets/sources/construction-ppe_ultralytics_2025_v1/images/train/image1300.jpg,train,1300,65,24e7eb74d5a707c2981c271478a69f6015cd696549b79082d2141d46a3228eab,f4b3f7fdfb6bdbdb,1,0,0,False,hardlink,hardlink
group_0018,train,20,/root/autodl-tmp/datasets/derived/construction_ppe3_canonical_v1_20260804_172437/images/all/train__image1302.jpg,/root/autodl-tmp/datasets/derived/construction_ppe3_canonical_v1_20260804_172437/labels/all/train__image1302.txt,/root/autodl-tmp/datasets/sources/construction-ppe_ultralytics_2025_v1/images/train/image1302.jpg,train,1302,65,e2e664d88b9d452b4a42b4a075eb598fa18897f2f27fc48bf66ade7e2b29c5fe,c0e3af666727b62b,2,0,0,False,hardlink,hardlink
group_0018,train,20,/root/autodl-tmp/datasets/derived/construction_ppe3_canonical_v1_20260804_172437/images/all/train__image1303.jpg,/root/autodl-tmp/datasets/derived/construction_ppe3_canonical_v1_20260804_172437/labels/all/train__image1303.txt,/root/autodl-tmp/datasets/sources/construction-ppe_ultralytics_2025_v1/images/train/image1303.jpg,train,1303,65,dd830bfe48c67ec66a5138ac1e711dcbfc279a7c949f0365bfab232ad1268aba,1587ebba3273a513,1,0,0,False,hardlink,hardlink
group_0018,train,20,/root/autodl-tmp/datasets/derived/construction_ppe3_canonical_v1_20260804_172437/images/all/train__image1304.jpg,/root/autodl-tmp/datasets/derived/construction_ppe3_canonical_v1_20260804_172437/labels/all/train__image1304.txt,/root/autodl-tmp/datasets/sources/construction-ppe_ultralytics_2025_v1/images/train/image1304.jpg,train,1304,65,167de2ca21d85a2a76347556b18b0e549d4f385c946b4feb422d3576eb7f3578,c1f3f3f0c9e3e3b2,1,0,0,False,hardlink,hardlink
group_0018,train,20,/root/autodl-tmp/datasets/derived/construction_ppe3_canonical_v1_20260804_172437/images/all/train__image1305.jpg,/root/autodl-tmp/datasets/derived/construction_ppe3_canonical_v1_20260804_172437/labels/all/train__image1305.txt,/root/autodl-tmp/datasets/sources/construction-ppe_ultralytics_2025_v1/images/train/image1305.jpg,train,1305,65,2b63bd4abc166aa2a96c050ef7181eb37669c3c952d9405321cb152d138e1d59,8c8c4d6948484062,1,0,0,False,hardlink,hardlink
group_0018,train,20,/root/autodl-tmp/datasets/derived/construction_ppe3_canonical_v1_20260804_172437/images/all/train__image1307.jpg,/root/autodl-tmp/datasets/derived/construction_ppe3_canonical_v1_20260804_172437/labels/all/train__image1307.txt,/root/autodl-tmp/datasets/sources/construction-ppe_ultralytics_2025_v1/images/train/image1307.jpg,train,1307,65,41b35364b42d6962d30979ab6f433558d5973d2416d9daddc6ba935cdfff4e3e,921c89a4ad8d8d8f,1,0,0,False,hardlink,hardlink
group_0018,train,20,/root/autodl-tmp/datasets/derived/construction_ppe3_canonical_v1_20260804_172437/images/all/train__image1308.jpg,/root/autodl-tmp/datasets/derived/construction_ppe3_canonical_v1_20260804_172437/labels/all/train__image1308.txt,/root/autodl-tmp/datasets/sources/construction-ppe_ultralytics_2025_v1/images/train/image1308.jpg,train,1308,65,7db2360340c99bc3d0a9c31b1d928d63a0a18f021f59be7ca5840eda420b6467,393443de583959d9,1,0,0,False,hardlink,hardlink
group_0018,train,20,/root/autodl-tmp/datasets/derived/construction_ppe3_canonical_v1_20260804_172437/images/all/train__image1309.jpg,/root/autodl-tmp/datasets/derived/construction_ppe3_canonical_v1_20260804_172437/labels/all/train__image1309.txt,/root/autodl-tmp/datasets/sources/construction-ppe_ultralytics_2025_v1/images/train/image1309.jpg,train,1309,65,edb9ace3a1f40ae6ff71354da81c1c5da4001688cf74066d43a3bc6df752d5d1,ddd1dcbc91326b69,3,0,0,False,hardlink,hardlink
group_0018,train,20,/root/autodl-tmp/datasets/derived/construction_ppe3_canonical_v1_20260804_172437/images/all/train__image1310.jpg,/root/autodl-tmp/datasets/derived/construction_ppe3_canonical_v1_20260804_172437/labels/all/train__image1310.txt,/root/autodl-tmp/datasets/sources/construction-ppe_ultralytics_2025_v1/images/train/image1310.jpg,train,1310,65,812f7b3f70a206fb6d0b3af568415db4ccc84a0c9cd3660e4836e647253bc06e,cd9c9e8dc9a1e1a3,1,0,0,False,hardlink,hardlink
group_0018,train,20,/root/autodl-tmp/datasets/derived/construction_ppe3_canonical_v1_20260804_172437/images/all/train__image1311.jpg,/root/autodl-tmp/datasets/derived/construction_ppe3_canonical_v1_20260804_172437/labels/all/train__image1311.txt,/root/autodl-tmp/datasets/sources/construction-ppe_ultralytics_2025_v1/images/train/image1311.jpg,train,1311,65,2719fba08822da11477150f55cb668c73957e8588d491c735aa5e68d25a242ed,ff9f9f9f9b973054,1,0,0,False,hardlink,hardlink
group_0018,train,20,/root/autodl-tmp/datasets/derived/construction_ppe3_canonical_v1_20260804_172437/images/all/train__image1312.jpg,/root/autodl-tmp/datasets/derived/construction_ppe3_canonical_v1_20260804_172437/labels/all/train__image1312.txt,/root/autodl-tmp/datasets/sources/construction-ppe_ultralytics_2025_v1/images/train/image1312.jpg,train,1312,65,42483ae53ec80c749d5d7de2036571ebe5e6e988cb47f89f35a1ae82846bb96a,0f0d9637332f0696,1,0,0,False,hardlink,hardlink
group_0018,train,20,/root/autodl-tmp/datasets/derived/construction_ppe3_canonical_v1_20260804_172437/images/all/train__image1313.jpg,/root/autodl-tmp/datasets/derived/construction_ppe3_canonical_v1_20260804_172437/labels/all/train__image1313.txt,/root/autodl-tmp/datasets/sources/construction-ppe_ultralytics_2025_v1/images/train/image1313.jpg,train,1313,65,49ec4d5af8e6c3b9e74f4906fff9130b5682b92c782db5d468ff062b5e033b36,cd8b8dad2b9b93e3,1,0,0,False,hardlink,hardlink
group_0018,train,20,/root/autodl-tmp/datasets/derived/construction_ppe3_canonical_v1_20260804_172437/images/all/train__image1314.jpg,/root/autodl-tmp/datasets/derived/construction_ppe3_canonical_v1_20260804_172437/labels/all/train__image1314.txt,/root/autodl-tmp/datasets/sources/construction-ppe_ultralytics_2025_v1/images/train/image1314.jpg,train,1314,65,29a0052f6b70f9328c3d343d9f261169f55ed531c94f5aa79a696c44cd27addb,4ac54a4e4c5c3890,2,0,0,False,hardlink,hardlink
group_0018,train,20,/root/autodl-tmp/datasets/derived/construction_ppe3_canonical_v1_20260804_172437/images/all/train__image1315.jpg,/root/autodl-tmp/datasets/derived/construction_ppe3_canonical_v1_20260804_172437/labels/all/train__image1315.txt,/root/autodl-tmp/datasets/sources/construction-ppe_ultralytics_2025_v1/images/train/image1315.jpg,train,1315,65,775552c86717c23bb3d737d692ddfcd6d294a8e49a2f4ff2103e2d02c33e61cc,1c19293839393036,2,0,0,False,hardlink,hardlink
group_0018,train,20,/root/autodl-tmp/datasets/derived/construction_ppe3_canonical_v1_20260804_172437/images/all/train__image1316.jpg,/root/autodl-tmp/datasets/derived/construction_ppe3_canonical_v1_20260804_172437/labels/all/train__image1316.txt,/root/autodl-tmp/datasets/sources/construction-ppe_ultralytics_2025_v1/images/train/image1316.jpg,train,1316,65,ac51991231dd8cc69bd28ddc0a72265039df6047c32b7bf1d841a4f0e170e62c,40c4d4c0c6cbceec,1,0,0,False,hardlink,hardlink
group_0018,train,20,/root/autodl-tmp/datasets/derived/construction_ppe3_canonical_v1_20260804_172437/images/all/train__image1317.jpg,/root/autodl-tmp/datasets/derived/construction_ppe3_canonical_v1_20260804_172437/labels/all/train__image1317.txt,/root/autodl-tmp/datasets/sources/construction-ppe_ultralytics_2025_v1/images/train/image1317.jpg,train,1317,65,29238ad070cd372e834e61a1b56a1ce37983868b87849e45bdf04bf1bf0f7d95,06e68622e3ccceec,1,0,0,False,hardlink,hardlink
group_0018,train,20,/root/autodl-tmp/datasets/derived/construction_ppe3_canonical_v1_20260804_172437/images/all/train__image1318.jpg,/root/autodl-tmp/datasets/derived/construction_ppe3_canonical_v1_20260804_172437/labels/all/train__image1318.txt,/root/autodl-tmp/datasets/sources/construction-ppe_ultralytics_2025_v1/images/train/image1318.jpg,train,1318,65,b8407c59d57e90df7267bf182f093cd7815653fa6745d095f472fcc5150cda6a,9c9736e6d8e1e8e8,1,0,0,False,hardlink,hardlink
group_0018,train,20,/root/autodl-tmp/datasets/derived/construction_ppe3_canonical_v1_20260804_172437/images/all/train__image1319.jpg,/root/autodl-tmp/datasets/derived/construction_ppe3_canonical_v1_20260804_172437/labels/all/train__image1319.txt,/root/autodl-tmp/datasets/sources/construction-ppe_ultralytics_2025_v1/images/train/image1319.jpg,train,1319,65,97e47bd8194fa035650b3e26ef02c4267c6465140e836afb741218c9de496716,4c48f44d6d5a4cb6,4,0,0,False,hardlink,hardlink
group_0018,train,20,/root/autodl-tmp/datasets/derived/construction_ppe3_canonical_v1_20260804_172437/images/all/val__image1301.jpg,/root/autodl-tmp/datasets/derived/construction_ppe3_canonical_v1_20260804_172437/labels/all/val__image1301.txt,/root/autodl-tmp/datasets/sources/construction-ppe_ultralytics_2025_v1/images/val/image1301.jpg,val,1301,65,acaf2125e1445908fb0681e8a28c4994de6a42118857685394ca0be1eb29670e,c8a4a4c4d8b06696,1,0,0,False,hardlink,hardlink
group_0018,train,20,/root/autodl-tmp/datasets/derived/construction_ppe3_canonical_v1_20260804_172437/images/all/test__image1306.jpg,/root/autodl-tmp/datasets/derived/construction_ppe3_canonical_v1_20260804_172437/labels/all/test__image1306.txt,/root/autodl-tmp/datasets/sources/construction-ppe_ultralytics_2025_v1/images/test/image1306.jpg,test,1306,65,c721d70e91cb39cc23addd34bf59df64a27df9b20d7cd58eae12fe884b568832,fffef3c34d2f9b00,2,0,0,False,hardlink,hardlink
group_0019,train,20,/root/autodl-tmp/datasets/derived/construction_ppe3_canonical_v1_20260804_172437/images/all/train__image1320.jpg,/root/autodl-tmp/datasets/derived/construction_ppe3_canonical_v1_20260804_172437/labels/all/train__image1320.txt,/root/autodl-tmp/datasets/sources/construction-ppe_ultralytics_2025_v1/images/train/image1320.jpg,train,1320,66,dc64cda703224171cd89cfc6f0ff77d442ab441d1bf6280ebf8847a6f6374d06,e4ce9b1198daf6b7,1,0,0,False,hardlink,hardlink
group_0019,train,20,/root/autodl-tmp/datasets/derived/construction_ppe3_canonical_v1_20260804_172437/images/all/train__image1321.jpg,/root/autodl-tmp/datasets/derived/construction_ppe3_canonical_v1_20260804_172437/labels/all/train__image1321.txt,/root/autodl-tmp/datasets/sources/construction-ppe_ultralytics_2025_v1/images/train/image1321.jpg,train,1321,66,ee28dce0ea3db8e7a7bbce07c4a68ebe5ad5ff2c30dab6cba486ef5611b795c2,454eb734389be222,3,0,0,False,hardlink,hardlink
group_0019,train,20,/root/autodl-tmp/datasets/derived/construction_ppe3_canonical_v1_20260804_172437/images/all/train__image1322.jpg,/root/autodl-tmp/datasets/derived/construction_ppe3_canonical_v1_20260804_172437/labels/all/train__image1322.txt,/root/autodl-tmp/datasets/sources/construction-ppe_ultralytics_2025_v1/images/train/image1322.jpg,train,1322,66,3aee7e4b234fc0ec81ea50cf7f80a0c4ec1db900dea1e668e5663e6ea5715191,d0dcec440141ccd9,1,0,0,False,hardlink,hardlink
group_0019,train,20,/root/autodl-tmp/datasets/derived/construction_ppe3_canonical_v1_20260804_172437/images/all/train__image1323.jpg,/root/autodl-tmp/datasets/derived/construction_ppe3_canonical_v1_20260804_172437/labels/all/train__image1323.txt,/root/autodl-tmp/datasets/sources/construction-ppe_ultralytics_2025_v1/images/train/image1323.jpg,train,1323,66,14e50bbe46c619d9e8a92bac9feae5331e24c511d21c0417803bcbd12280e7c5,691b852bcbcad121,1,0,0,False,hardlink,hardlink
group_0019,train,20,/root/autodl-tmp/datasets/derived/construction_ppe3_canonical_v1_20260804_172437/images/all/train__image1324.jpg,/root/autodl-tmp/datasets/derived/construction_ppe3_canonical_v1_20260804_172437/labels/all/train__image1324.txt,/root/autodl-tmp/datasets/sources/construction-ppe_ultralytics_2025_v1/images/train/image1324.jpg,train,1324,66,022132385c453eebc8bcf87230a8e05bd1534c10b742b0a2f6de8586ddf6c760,955ca8b79318083b,2,0,0,False,hardlink,hardlink
group_0019,train,20,/root/autodl-tmp/datasets/derived/construction_ppe3_canonical_v1_20260804_172437/images/all/train__image1325.jpg,/root/autodl-tmp/datasets/derived/construction_ppe3_canonical_v1_20260804_172437/labels/all/train__image1325.txt,/root/autodl-tmp/datasets/sources/construction-ppe_ultralytics_2025_v1/images/train/image1325.jpg,train,1325,66,7e6fc9c1f188d90aaee1c93e63a99a6233131cdde1ce66f76cc1844bd570b2d3,3c76676663676362,1,0,0,False,hardlink,hardlink
group_0019,train,20,/root/autodl-tmp/datasets/derived/construction_ppe3_canonical_v1_20260804_172437/images/all/train__image1326.jpg,/root/autodl-tmp/datasets/derived/construction_ppe3_canonical_v1_20260804_172437/labels/all/train__image1326.txt,/root/autodl-tmp/datasets/sources/construction-ppe_ultralytics_2025_v1/images/train/image1326.jpg,train,1326,66,a6178caf0de0edce6f9f31a19e1d2827a3765832fc2a9d6ced33c48628ee741b,5276262a2a23332b,3,0,0,False,hardlink,hardlink
group_0019,train,20,/root/autodl-tmp/datasets/derived/construction_ppe3_canonical_v1_20260804_172437/images/all/train__image1327.jpg,/root/autodl-tmp/datasets/derived/construction_ppe3_canonical_v1_20260804_172437/labels/all/train__image1327.txt,/root/autodl-tmp/datasets/sources/construction-ppe_ultralytics_2025_v1/images/train/image1327.jpg,train,1327,66,5aa156d7b860a1beb2c440cff876e04431d4a04a733ef928a1b081f3517c61c9,9245e1f0f2e3e1a7,1,0,0,False,hardlink,hardlink
group_0019,train,20,/root/autodl-tmp/datasets/derived/construction_ppe3_canonical_v1_20260804_172437/images/all/train__image1328.jpg,/root/autodl-tmp/datasets/derived/construction_ppe3_canonical_v1_20260804_172437/labels/all/train__image1328.txt,/root/autodl-tmp/datasets/sources/construction-ppe_ultralytics_2025_v1/images/train/image1328.jpg,train,1328,66,be94b1245c9824c091b8ad561befe8bc4ad5557915470230180a71bdf96d0d8d,b0b2ea6a948ccc8c,3,0,0,False,hardlink,hardlink
group_0019,train,20,/root/autodl-tmp/datasets/derived/construction_ppe3_canonical_v1_20260804_172437/images/all/train__image1329.jpg,/root/autodl-tmp/datasets/derived/construction_ppe3_canonical_v1_20260804_172437/labels/all/train__image1329.txt,/root/autodl-tmp/datasets/sources/construction-ppe_ultralytics_2025_v1/images/train/image1329.jpg,train,1329,66,b46b7bc844abe6dc2f166304e2f44aad6649e22132d20e8721a786d852ca127e,c533317666c6d0f1,2,0,0,False,hardlink,hardlink
group_0019,train,20,/root/autodl-tmp/datasets/derived/construction_ppe3_canonical_v1_20260804_172437/images/all/train__image1334.jpg,/root/autodl-tmp/datasets/derived/construction_ppe3_canonical_v1_20260804_172437/labels/all/train__image1334.txt,/root/autodl-tmp/datasets/sources/construction-ppe_ultralytics_2025_v1/images/train/image1334.jpg,train,1334,66,bd6a89c1c48e1e8cb0932e18f89e273ac9be420b23c617a651dc4fba5f88de80,052624060b333313,1,0,0,False,hardlink,hardlink
group_0019,train,20,/root/autodl-tmp/datasets/derived/construction_ppe3_canonical_v1_20260804_172437/images/all/train__image1335.jpg,/root/autodl-tmp/datasets/derived/construction_ppe3_canonical_v1_20260804_172437/labels/all/train__image1335.txt,/root/autodl-tmp/datasets/sources/construction-ppe_ultralytics_2025_v1/images/train/image1335.jpg,train,1335,66,bdaac39c1e9fe4b1951c2f7d6ac7b9189ec0d5e0e78e8d02068194f5a5522a23,7890f146e6f6e6cb,1,0,0,False,hardlink,hardlink
group_0019,train,20,/root/autodl-tmp/datasets/derived/construction_ppe3_canonical_v1_20260804_172437/images/all/train__image1336.jpg,/root/autodl-tmp/datasets/derived/construction_ppe3_canonical_v1_20260804_172437/labels/all/train__image1336.txt,/root/autodl-tmp/datasets/sources/construction-ppe_ultralytics_2025_v1/images/train/image1336.jpg,train,1336,66,35f7ff54a613b0087155b69c87ba03bf9f4d148f6525fb61626b3eac239fc881,a4b0f2e064a5b3b3,4,0,0,False,hardlink,hardlink
group_0019,train,20,/root/autodl-tmp/datasets/derived/construction_ppe3_canonical_v1_20260804_172437/images/all/train__image1337.jpg,/root/autodl-tmp/datasets/derived/construction_ppe3_canonical_v1_20260804_172437/labels/all/train__image1337.txt,/root/autodl-tmp/datasets/sources/construction-ppe_ultralytics_2025_v1/images/train/image1337.jpg,train,1337,66,0d0626cf23968c27347ce3352964e60cfa20b9d985a5a2cbdc66b9ae166601e9,383850ccccd4d6f6,1,0,0,False,hardlink,hardlink
group_0019,train,20,/root/autodl-tmp/datasets/derived/construction_ppe3_canonical_v1_20260804_172437/images/all/train__image1338.jpg,/root/autodl-tmp/datasets/derived/construction_ppe3_canonical_v1_20260804_172437/labels/all/train__image1338.txt,/root/autodl-tmp/datasets/sources/construction-ppe_ultralytics_2025_v1/images/train/image1338.jpg,train,1338,66,2602c21190f2e35b72fd715a1bb9f711b14902b6d48b324236fa5bd82869da20,a862a6e747c6c686,1,0,0,False,hardlink,hardlink
group_0019,train,20,/root/autodl-tmp/datasets/derived/construction_ppe3_canonical_v1_20260804_172437/images/all/train__image1339.jpg,/root/autodl-tmp/datasets/derived/construction_ppe3_canonical_v1_20260804_172437/labels/all/train__image1339.txt,/root/autodl-tmp/datasets/sources/construction-ppe_ultralytics_2025_v1/images/train/image1339.jpg,train,1339,66,131dd64d393fccc114af15abadbd249c92b96940b0442fa480f4b4ee21e776be,e6272627755386c6,2,0,0,False,hardlink,hardlink
group_0019,train,20,/root/autodl-tmp/datasets/derived/construction_ppe3_canonical_v1_20260804_172437/images/all/val__image1333.jpg,/root/autodl-tmp/datasets/derived/construction_ppe3_canonical_v1_20260804_172437/labels/all/val__image1333.txt,/root/autodl-tmp/datasets/sources/construction-ppe_ultralytics_2025_v1/images/val/image1333.jpg,val,1333,66,3a0e1ac1dbb843a308ba743487453d657493ca5f84ae7f8a0cd1924b683b033d,e686924646c6c4cc,1,0,0,False,hardlink,hardlink
group_0019,train,20,/root/autodl-tmp/datasets/derived/construction_ppe3_canonical_v1_20260804_172437/images/all/test__image1330.jpg,/root/autodl-tmp/datasets/derived/construction_ppe3_canonical_v1_20260804_172437/labels/all/test__image1330.txt,/root/autodl-tmp/datasets/sources/construction-ppe_ultralytics_2025_v1/images/test/image1330.jpg,test,1330,66,3e396ea9d7f889ff0067fcf3b63dd6530d1812563ca20704558d6ff5a342747e,ccb2b23168f0b832,1,0,0,False,hardlink,hardlink
group_0019,train,20,/root/autodl-tmp/datasets/derived/construction_ppe3_canonical_v1_20260804_172437/images/all/test__image1331.jpg,/root/autodl-tmp/datasets/derived/construction_ppe3_canonical_v1_20260804_172437/labels/all/test__image1331.txt,/root/autodl-tmp/datasets/sources/construction-ppe_ultralytics_2025_v1/images/test/image1331.jpg,test,1331,66,a7731ba2d930e24b9c07ee2507ed89c5804bf6952c4faf077ed47d2a6a62ebf0,2830b2b262e89081,1,0,0,False,hardlink,hardlink
group_0019,train,20,/root/autodl-tmp/datasets/derived/construction_ppe3_canonical_v1_20260804_172437/images/all/test__image1332.jpg,/root/autodl-tmp/datasets/derived/construction_ppe3_canonical_v1_20260804_172437/labels/all/test__image1332.txt,/root/autodl-tmp/datasets/sources/construction-ppe_ultralytics_2025_v1/images/test/image1332.jpg,test,1332,66,14bbccfc5d146b3f6ee06c644852adaa0eae0e354708a97bf775effcaca8843c,f31f47330f170f36,1,0,0,False,hardlink,hardlink
group_0020,train,20,/root/autodl-tmp/datasets/derived/construction_ppe3_canonical_v1_20260804_172437/images/all/train__image1340.jpg,/root/autodl-tmp/datasets/derived/construction_ppe3_canonical_v1_20260804_172437/labels/all/train__image1340.txt,/root/autodl-tmp/datasets/sources/construction-ppe_ultralytics_2025_v1/images/train/image1340.jpg,train,1340,67,53ca57e5b7834aec372c16c4574361048c951a79e79a832d8383be5dc9d80b4c,b7bc7f736373ce07,1,0,0,False,hardlink,hardlink
group_0020,train,20,/root/autodl-tmp/datasets/derived/construction_ppe3_canonical_v1_20260804_172437/images/all/train__image1343.jpg,/root/autodl-tmp/datasets/derived/construction_ppe3_canonical_v1_20260804_172437/labels/all/train__image1343.txt,/root/autodl-tmp/datasets/sources/construction-ppe_ultralytics_2025_v1/images/train/image1343.jpg,train,1343,67,4e14cf98c1df2af571453945c0028cc899c0499b284571b4d223aa16fcefbbe5,e0b49e97b3b3b3b1,1,0,0,False,hardlink,hardlink
group_0020,train,20,/root/autodl-tmp/datasets/derived/construction_ppe3_canonical_v1_20260804_172437/images/all/train__image1345.jpg,/root/autodl-tmp/datasets/derived/construction_ppe3_canonical_v1_20260804_172437/labels/all/train__image1345.txt,/root/autodl-tmp/datasets/sources/construction-ppe_ultralytics_2025_v1/images/train/image1345.jpg,train,1345,67,5f80c5f05f8fd439e92656eb792a35bda00637adb882d43174df50a06698ea93,dcda2939183c3519,1,0,0,False,hardlink,hardlink
group_0020,train,20,/root/autodl-tmp/datasets/derived/construction_ppe3_canonical_v1_20260804_172437/images/all/train__image1347.jpg,/root/autodl-tmp/datasets/derived/construction_ppe3_canonical_v1_20260804_172437/labels/all/train__image1347.txt,/root/autodl-tmp/datasets/sources/construction-ppe_ultralytics_2025_v1/images/train/image1347.jpg,train,1347,67,7d3d9e1de9ced07e34a2f666a52500ba13c2de2001a404664a4a1ed68f4ba68c,2a2a2f1ddffe26e6,3,0,0,False,hardlink,hardlink
group_0020,train,20,/root/autodl-tmp/datasets/derived/construction_ppe3_canonical_v1_20260804_172437/images/all/train__image1348.jpg,/root/autodl-tmp/datasets/derived/construction_ppe3_canonical_v1_20260804_172437/labels/all/train__image1348.txt,/root/autodl-tmp/datasets/sources/construction-ppe_ultralytics_2025_v1/images/train/image1348.jpg,train,1348,67,70cbd3b6c44e19a689683990747f4dca15211fc5a1d4da8ca8bdf58016507d38,c25a5a72f870f0b0,1,0,0,False,hardlink,hardlink
group_0020,train,20,/root/autodl-tmp/datasets/derived/construction_ppe3_canonical_v1_20260804_172437/images/all/train__image1349.jpg,/root/autodl-tmp/datasets/derived/construction_ppe3_canonical_v1_20260804_172437/labels/all/train__image1349.txt,/root/autodl-tmp/datasets/sources/construction-ppe_ultralytics_2025_v1/images/train/image1349.jpg,train,1349,67,68f28a956c3fed2208f043ed31341c88b79a44534a38b487b22fd1d183cfaf25,c8c452b28d8f8f8b,1,0,0,False,hardlink,hardlink
group_0020,train,20,/root/autodl-tmp/datasets/derived/construction_ppe3_canonical_v1_20260804_172437/images/all/train__image1350.jpg,/root/autodl-tmp/datasets/derived/construction_ppe3_canonical_v1_20260804_172437/labels/all/train__image1350.txt,/root/autodl-tmp/datasets/sources/construction-ppe_ultralytics_2025_v1/images/train/image1350.jpg,train,1350,67,fca2332046e90b7a6ce90b9dd1925137d52ed45e65a20939377e1e0781522db2,9c9d98ce96878787,1,0,0,False,hardlink,hardlink
group_0020,train,20,/root/autodl-tmp/datasets/derived/construction_ppe3_canonical_v1_20260804_172437/images/all/train__image1351.jpg,/root/autodl-tmp/datasets/derived/construction_ppe3_canonical_v1_20260804_172437/labels/all/train__image1351.txt,/root/autodl-tmp/datasets/sources/construction-ppe_ultralytics_2025_v1/images/train/image1351.jpg,train,1351,67,3cd67d9c478964b67563580e5c7251af042917d2031cc7cd7f416a6d7af7fd5a,fbccc6032bcd4c70,2,0,0,False,hardlink,hardlink
group_0020,train,20,/root/autodl-tmp/datasets/derived/construction_ppe3_canonical_v1_20260804_172437/images/all/train__image1352.jpg,/root/autodl-tmp/datasets/derived/construction_ppe3_canonical_v1_20260804_172437/labels/all/train__image1352.txt,/root/autodl-tmp/datasets/sources/construction-ppe_ultralytics_2025_v1/images/train/image1352.jpg,train,1352,67,d9b7e4f255604660a25ef4aac6814e1dc692fe7e81c768c29e27d80fa36f9d99,6d4446969b25351a,1,0,0,False,hardlink,hardlink
group_0020,train,20,/root/autodl-tmp/datasets/derived/construction_ppe3_canonical_v1_20260804_172437/images/all/train__image1353.jpg,/root/autodl-tmp/datasets/derived/construction_ppe3_canonical_v1_20260804_172437/labels/all/train__image1353.txt,/root/autodl-tmp/datasets/sources/construction-ppe_ultralytics_2025_v1/images/train/image1353.jpg,train,1353,67,c4679e6e840268db66996aac1e306e6672a33fa1429129970e03c1c5248a4642,468582b2b25a387c,1,0,0,False,hardlink,hardlink
group_0020,train,20,/root/autodl-tmp/datasets/derived/construction_ppe3_canonical_v1_20260804_172437/images/all/train__image1355.jpg,/root/autodl-tmp/datasets/derived/construction_ppe3_canonical_v1_20260804_172437/labels/all/train__image1355.txt,/root/autodl-tmp/datasets/sources/construction-ppe_ultralytics_2025_v1/images/train/image1355.jpg,train,1355,67,486851c9b3a2a7e0eb89ae7fe587c2287775c154aca02a85db74907c8e5b6da8,24602849e0f8f8f8,3,0,0,False,hardlink,hardlink
group_0020,train,20,/root/autodl-tmp/datasets/derived/construction_ppe3_canonical_v1_20260804_172437/images/all/train__image1356.jpg,/root/autodl-tmp/datasets/derived/construction_ppe3_canonical_v1_20260804_172437/labels/all/train__image1356.txt,/root/autodl-tmp/datasets/sources/construction-ppe_ultralytics_2025_v1/images/train/image1356.jpg,train,1356,67,cff7731ca9eebaf35b26d242c48cdc60ec689c5f2414b36bd6fb85b3af80d4a8,0e8ac2e249d869c9,1,0,0,False,hardlink,hardlink
group_0020,train,20,/root/autodl-tmp/datasets/derived/construction_ppe3_canonical_v1_20260804_172437/images/all/train__image1357.jpg,/root/autodl-tmp/datasets/derived/construction_ppe3_canonical_v1_20260804_172437/labels/all/train__image1357.txt,/root/autodl-tmp/datasets/sources/construction-ppe_ultralytics_2025_v1/images/train/image1357.jpg,train,1357,67,8b66c8706004a58e4115d5c3b77fd997b4799b999e6302ab68ce5a793cf21c17,6443c4114750388e,3,3,0,False,hardlink,hardlink
group_0020,train,20,/root/autodl-tmp/datasets/derived/construction_ppe3_canonical_v1_20260804_172437/images/all/train__image1358.jpg,/root/autodl-tmp/datasets/derived/construction_ppe3_canonical_v1_20260804_172437/labels/all/train__image1358.txt,/root/autodl-tmp/datasets/sources/construction-ppe_ultralytics_2025_v1/images/train/image1358.jpg,train,1358,67,cc5aece6fe79f248ca7ee0a9207324425be082459bfdfbe5e45afc215b140564,26a7df7d79797b7b,2,1,0,False,hardlink,hardlink
group_0020,train,20,/root/autodl-tmp/datasets/derived/construction_ppe3_canonical_v1_20260804_172437/images/all/train__image1359.jpg,/root/autodl-tmp/datasets/derived/construction_ppe3_canonical_v1_20260804_172437/labels/all/train__image1359.txt,/root/autodl-tmp/datasets/sources/construction-ppe_ultralytics_2025_v1/images/train/image1359.jpg,train,1359,67,01f47a507acccb73a527484ca76eab5334928555030d93d885b8b020563214b6,c393b372f0d1d7d7,9,0,0,False,hardlink,hardlink
group_0020,train,20,/root/autodl-tmp/datasets/derived/construction_ppe3_canonical_v1_20260804_172437/images/all/val__image1341.jpg,/root/autodl-tmp/datasets/derived/construction_ppe3_canonical_v1_20260804_172437/labels/all/val__image1341.txt,/root/autodl-tmp/datasets/sources/construction-ppe_ultralytics_2025_v1/images/val/image1341.jpg,val,1341,67,aa79cd53ebc1be94623776c6ce78c58e25fd687ee32d21e5dda7509da2fc3b82,0c79d984ccd8bce4,2,0,0,False,hardlink,hardlink
group_0020,train,20,/root/autodl-tmp/datasets/derived/construction_ppe3_canonical_v1_20260804_172437/images/all/val__image1342.jpg,/root/autodl-tmp/datasets/derived/construction_ppe3_canonical_v1_20260804_172437/labels/all/val__image1342.txt,/root/autodl-tmp/datasets/sources/construction-ppe_ultralytics_2025_v1/images/val/image1342.jpg,val,1342,67,a93068d703eeb4da09dcce88b2557752b759d32b0106ba344e7a3e9c75f88271,4ab4b290b42d8c8c,1,0,0,False,hardlink,hardlink
group_0020,train,20,/root/autodl-tmp/datasets/derived/construction_ppe3_canonical_v1_20260804_172437/images/all/val__image1346.jpg,/root/autodl-tmp/datasets/derived/construction_ppe3_canonical_v1_20260804_172437/labels/all/val__image1346.txt,/root/autodl-tmp/datasets/sources/construction-ppe_ultralytics_2025_v1/images/val/image1346.jpg,val,1346,67,7440bca28ed4a1b36a5185cd0e38dced4d027629ca96487a1926555d18b2c0af,37b9099eca66f606,2,0,0,False,hardlink,hardlink
group_0020,train,20,/root/autodl-tmp/datasets/derived/construction_ppe3_canonical_v1_20260804_172437/images/all/test__image1344.jpg,/root/autodl-tmp/datasets/derived/construction_ppe3_canonical_v1_20260804_172437/labels/all/test__image1344.txt,/root/autodl-tmp/datasets/sources/construction-ppe_ultralytics_2025_v1/images/test/image1344.jpg,test,1344,67,671c488acdff1e89af2873edaba15c02d299a012cbddbe3a43a839eabef44139,9b0c8713293d2707,1,0,0,False,hardlink,hardlink
group_0020,train,20,/root/autodl-tmp/datasets/derived/construction_ppe3_canonical_v1_20260804_172437/images/all/test__image1354.jpg,/root/autodl-tmp/datasets/derived/construction_ppe3_canonical_v1_20260804_172437/labels/all/test__image1354.txt,/root/autodl-tmp/datasets/sources/construction-ppe_ultralytics_2025_v1/images/test/image1354.jpg,test,1354,67,747dfa68bd8dc81d91fb76a0b38711d85cce47871f12b5fb8b8cc7b8f9ba192e,6249dddcd4ddcc93,3,3,1,False,hardlink,hardlink
group_0021,train,20,/root/autodl-tmp/datasets/derived/construction_ppe3_canonical_v1_20260804_172437/images/all/train__image1360.jpg,/root/autodl-tmp/datasets/derived/construction_ppe3_canonical_v1_20260804_172437/labels/all/train__image1360.txt,/root/autodl-tmp/datasets/sources/construction-ppe_ultralytics_2025_v1/images/train/image1360.jpg,train,1360,68,65b14f177573057b7b01364bc1142056cd3eb9684a40e8220b5a3d1f3ef9d4c7,1918ec981818240a,2,0,0,False,hardlink,hardlink
group_0021,train,20,/root/autodl-tmp/datasets/derived/construction_ppe3_canonical_v1_20260804_172437/images/all/train__image1361.jpg,/root/autodl-tmp/datasets/derived/construction_ppe3_canonical_v1_20260804_172437/labels/all/train__image1361.txt,/root/autodl-tmp/datasets/sources/construction-ppe_ultralytics_2025_v1/images/train/image1361.jpg,train,1361,68,0825a568e044782928a96048b3c9788c3fde25f3fed2a08f7279da67eb1add97,c0a8e444a460449c,1,0,0,False,hardlink,hardlink
group_0021,train,20,/root/autodl-tmp/datasets/derived/construction_ppe3_canonical_v1_20260804_172437/images/all/train__image1362.jpg,/root/autodl-tmp/datasets/derived/construction_ppe3_canonical_v1_20260804_172437/labels/all/train__image1362.txt,/root/autodl-tmp/datasets/sources/construction-ppe_ultralytics_2025_v1/images/train/image1362.jpg,train,1362,68,b3895ae845d2934a6da34a455131d35414e557f2df247adbb277186a873922b2,6d71cfa5e1c54404,1,0,0,False,hardlink,hardlink
group_0021,train,20,/root/autodl-tmp/datasets/derived/construction_ppe3_canonical_v1_20260804_172437/images/all/train__image1363.jpg,/root/autodl-tmp/datasets/derived/construction_ppe3_canonical_v1_20260804_172437/labels/all/train__image1363.txt,/root/autodl-tmp/datasets/sources/construction-ppe_ultralytics_2025_v1/images/train/image1363.jpg,train,1363,68,f82368b9aba67fe6381bd22a8b9b7503399e08b93fa0f2da53892e8d122c09e3,b199db8d8c8d9d93,1,0,0,False,hardlink,hardlink
group_0021,train,20,/root/autodl-tmp/datasets/derived/construction_ppe3_canonical_v1_20260804_172437/images/all/train__image1364.jpg,/root/autodl-tmp/datasets/derived/construction_ppe3_canonical_v1_20260804_172437/labels/all/train__image1364.txt,/root/autodl-tmp/datasets/sources/construction-ppe_ultralytics_2025_v1/images/train/image1364.jpg,train,1364,68,1c935d40f11450ab87bd3754570fd4e3af5dea38e30e9c0abf5b0afe3ecf8530,0c1c333b77797536,1,0,0,False,hardlink,hardlink
group_0021,train,20,/root/autodl-tmp/datasets/derived/construction_ppe3_canonical_v1_20260804_172437/images/all/train__image1365.jpg,/root/autodl-tmp/datasets/derived/construction_ppe3_canonical_v1_20260804_172437/labels/all/train__image1365.txt,/root/autodl-tmp/datasets/sources/construction-ppe_ultralytics_2025_v1/images/train/image1365.jpg,train,1365,68,b67c38c0a68f1ca7bcab44e1aa4fb1cca52758ec0c015f6c6c8877d5ed38b53f,a4c6d69c98989c98,1,0,0,False,hardlink,hardlink
group_0021,train,20,/root/autodl-tmp/datasets/derived/construction_ppe3_canonical_v1_20260804_172437/images/all/train__image1366.jpg,/root/autodl-tmp/datasets/derived/construction_ppe3_canonical_v1_20260804_172437/labels/all/train__image1366.txt,/root/autodl-tmp/datasets/sources/construction-ppe_ultralytics_2025_v1/images/train/image1366.jpg,train,1366,68,56fd815e10ea60e82d9a9ce31f42c70429590c9fb426f05d859ddd3dc4410368,596cb0941b2d6ae2,1,0,0,False,hardlink,hardlink
group_0021,train,20,/root/autodl-tmp/datasets/derived/construction_ppe3_canonical_v1_20260804_172437/images/all/train__image1367.jpg,/root/autodl-tmp/datasets/derived/construction_ppe3_canonical_v1_20260804_172437/labels/all/train__image1367.txt,/root/autodl-tmp/datasets/sources/construction-ppe_ultralytics_2025_v1/images/train/image1367.jpg,train,1367,68,e3b01b849810e8e0a8264d46b62c3b42da43ad745736b6e8fc2529bb4b66d35e,f9347c7c6c56362c,2,0,0,False,hardlink,hardlink
group_0021,train,20,/root/autodl-tmp/datasets/derived/construction_ppe3_canonical_v1_20260804_172437/images/all/train__image1368.jpg,/root/autodl-tmp/datasets/derived/construction_ppe3_canonical_v1_20260804_172437/labels/all/train__image1368.txt,/root/autodl-tmp/datasets/sources/construction-ppe_ultralytics_2025_v1/images/train/image1368.jpg,train,1368,68,3e839084e5a956acc4ec5074e588ead172d4b9fe09c53530f6d509b3192148fe,43d7f19534149496,6,0,0,False,hardlink,hardlink
group_0021,train,20,/root/autodl-tmp/datasets/derived/construction_ppe3_canonical_v1_20260804_172437/images/all/train__image1370.jpg,/root/autodl-tmp/datasets/derived/construction_ppe3_canonical_v1_20260804_172437/labels/all/train__image1370.txt,/root/autodl-tmp/datasets/sources/construction-ppe_ultralytics_2025_v1/images/train/image1370.jpg,train,1370,68,71fc0bd3548f5d0d52b1038ce86af7b8b8c73757d2dfae1fd9990b13dbb46c9d,f434f4d8ccf0726b,1,0,0,False,hardlink,hardlink
group_0021,train,20,/root/autodl-tmp/datasets/derived/construction_ppe3_canonical_v1_20260804_172437/images/all/train__image1371.jpg,/root/autodl-tmp/datasets/derived/construction_ppe3_canonical_v1_20260804_172437/labels/all/train__image1371.txt,/root/autodl-tmp/datasets/sources/construction-ppe_ultralytics_2025_v1/images/train/image1371.jpg,train,1371,68,306ac6c2f6eda7ea93ee6fefbd40ca88b0f4be39ae5ee1f8b34743dee01829d3,f4c7cb9333210bcb,1,0,0,False,hardlink,hardlink
group_0021,train,20,/root/autodl-tmp/datasets/derived/construction_ppe3_canonical_v1_20260804_172437/images/all/train__image1372.jpg,/root/autodl-tmp/datasets/derived/construction_ppe3_canonical_v1_20260804_172437/labels/all/train__image1372.txt,/root/autodl-tmp/datasets/sources/construction-ppe_ultralytics_2025_v1/images/train/image1372.jpg,train,1372,68,83c40923e7f9ed293cb1e53d67f818209fc9a6e05e0f4f9efdeae0c74a7d3aa7,be2f297430383232,1,0,0,False,hardlink,hardlink
group_0021,train,20,/root/autodl-tmp/datasets/derived/construction_ppe3_canonical_v1_20260804_172437/images/all/train__image1373.jpg,/root/autodl-tmp/datasets/derived/construction_ppe3_canonical_v1_20260804_172437/labels/all/train__image1373.txt,/root/autodl-tmp/datasets/sources/construction-ppe_ultralytics_2025_v1/images/train/image1373.jpg,train,1373,68,de6eeeef1b56f42470e2fb8941b007ee9a0a63cf53436cd3fdab93f360841d43,f2e3cbc3d3129ab2,1,0,0,False,hardlink,hardlink
group_0021,train,20,/root/autodl-tmp/datasets/derived/construction_ppe3_canonical_v1_20260804_172437/images/all/train__image1374.jpg,/root/autodl-tmp/datasets/derived/construction_ppe3_canonical_v1_20260804_172437/labels/all/train__image1374.txt,/root/autodl-tmp/datasets/sources/construction-ppe_ultralytics_2025_v1/images/train/image1374.jpg,train,1374,68,5e890991086c5beaf9fc0e880c9bdc63ebff3618a4c1a2d6d342eecf5c9c69c9,cf8d8cd375e6e2e6,4,0,0,False,hardlink,hardlink
group_0021,train,20,/root/autodl-tmp/datasets/derived/construction_ppe3_canonical_v1_20260804_172437/images/all/train__image1376.jpg,/root/autodl-tmp/datasets/derived/construction_ppe3_canonical_v1_20260804_172437/labels/all/train__image1376.txt,/root/autodl-tmp/datasets/sources/construction-ppe_ultralytics_2025_v1/images/train/image1376.jpg,train,1376,68,44f694609de30dac10a8418d08732296bbcda8533ab76f8bb82a6d60ff7aefc7,6cacbea6a2b2d0b0,1,0,0,False,hardlink,hardlink
group_0021,train,20,/root/autodl-tmp/datasets/derived/construction_ppe3_canonical_v1_20260804_172437/images/all/train__image1378.jpg,/root/autodl-tmp/datasets/derived/construction_ppe3_canonical_v1_20260804_172437/labels/all/train__image1378.txt,/root/autodl-tmp/datasets/sources/construction-ppe_ultralytics_2025_v1/images/train/image1378.jpg,train,1378,68,539d7e8b6c28ecbe6a3b88b08a5be1c4708ac789b8ccd29fed7a305d16fde673,94b0d0d6f6c4c5e0,0,0,0,True,hardlink,hardlink
group_0021,train,20,/root/autodl-tmp/datasets/derived/construction_ppe3_canonical_v1_20260804_172437/images/all/train__image1379.jpg,/root/autodl-tmp/datasets/derived/construction_ppe3_canonical_v1_20260804_172437/labels/all/train__image1379.txt,/root/autodl-tmp/datasets/sources/construction-ppe_ultralytics_2025_v1/images/train/image1379.jpg,train,1379,68,3aa0f39157e732fc3ff286f8d9786a280e681366f626529cfd967b631a1f5c86,64b47461f4b6b3e0,1,0,0,False,hardlink,hardlink
group_0021,train,20,/root/autodl-tmp/datasets/derived/construction_ppe3_canonical_v1_20260804_172437/images/all/val__image1369.jpg,/root/autodl-tmp/datasets/derived/construction_ppe3_canonical_v1_20260804_172437/labels/all/val__image1369.txt,/root/autodl-tmp/datasets/sources/construction-ppe_ultralytics_2025_v1/images/val/image1369.jpg,val,1369,68,3cdd44c9ab5fcb826ae2372fe8912868d6c5a05b88f9ba3f998693887aa046d6,f050585a3878b2b2,4,0,0,False,hardlink,hardlink
group_0021,train,20,/root/autodl-tmp/datasets/derived/construction_ppe3_canonical_v1_20260804_172437/images/all/val__image1375.jpg,/root/autodl-tmp/datasets/derived/construction_ppe3_canonical_v1_20260804_172437/labels/all/val__image1375.txt,/root/autodl-tmp/datasets/sources/construction-ppe_ultralytics_2025_v1/images/val/image1375.jpg,val,1375,68,69a01ef4f0e3cd6d5b7797b145f66d288b719af4db2402ebbcee0eefc73c37be,293355541537333b,1,0,0,False,hardlink,hardlink
group_0021,train,20,/root/autodl-tmp/datasets/derived/construction_ppe3_canonical_v1_20260804_172437/images/all/val__image1377.jpg,/root/autodl-tmp/datasets/derived/construction_ppe3_canonical_v1_20260804_172437/labels/all/val__image1377.txt,/root/autodl-tmp/datasets/sources/construction-ppe_ultralytics_2025_v1/images/val/image1377.jpg,val,1377,68,e6ffe36c1e29c450b299e25744a28f877f555a41d1d9fef3275bd336f4396165,eda9b1d87031b1b0,1,0,0,False,hardlink,hardlink
group_0022,train,20,/root/autodl-tmp/datasets/derived/construction_ppe3_canonical_v1_20260804_172437/images/all/train__image1380.jpg,/root/autodl-tmp/datasets/derived/construction_ppe3_canonical_v1_20260804_172437/labels/all/train__image1380.txt,/root/autodl-tmp/datasets/sources/construction-ppe_ultralytics_2025_v1/images/train/image1380.jpg,train,1380,69,5f8bec0cd61093055fa48edc0852d1e6a4fe201f6455680b043b3fcc4ed376d4,b0bcb0323d9dd48c,1,0,0,False,hardlink,hardlink
group_0022,train,20,/root/autodl-tmp/datasets/derived/construction_ppe3_canonical_v1_20260804_172437/images/all/train__image1381.jpg,/root/autodl-tmp/datasets/derived/construction_ppe3_canonical_v1_20260804_172437/labels/all/train__image1381.txt,/root/autodl-tmp/datasets/sources/construction-ppe_ultralytics_2025_v1/images/train/image1381.jpg,train,1381,69,79f3519b71e8ec8a86a32756b941145d0212c903cf21c2403bb0e201ce2ff205,cbd5d5c9cbe1e0cc,1,0,0,False,hardlink,hardlink
group_0022,train,20,/root/autodl-tmp/datasets/derived/construction_ppe3_canonical_v1_20260804_172437/images/all/train__image1382.jpg,/root/autodl-tmp/datasets/derived/construction_ppe3_canonical_v1_20260804_172437/labels/all/train__image1382.txt,/root/autodl-tmp/datasets/sources/construction-ppe_ultralytics_2025_v1/images/train/image1382.jpg,train,1382,69,370980cf11b2a1634f9fa2bc4a55d780965dfdb184d6af1ce29cab5a3391db9b,5767c29291d9395b,1,0,0,False,hardlink,hardlink
group_0022,train,20,/root/autodl-tmp/datasets/derived/construction_ppe3_canonical_v1_20260804_172437/images/all/train__image1383.jpg,/root/autodl-tmp/datasets/derived/construction_ppe3_canonical_v1_20260804_172437/labels/all/train__image1383.txt,/root/autodl-tmp/datasets/sources/construction-ppe_ultralytics_2025_v1/images/train/image1383.jpg,train,1383,69,6e8d98ed84e8f6e280b1036d4328f75236faf7e5d93e187ab40a87cd94396e8d,343cccc8730f4ffc,1,0,0,False,hardlink,hardlink
group_0022,train,20,/root/autodl-tmp/datasets/derived/construction_ppe3_canonical_v1_20260804_172437/images/all/train__image1384.jpg,/root/autodl-tmp/datasets/derived/construction_ppe3_canonical_v1_20260804_172437/labels/all/train__image1384.txt,/root/autodl-tmp/datasets/sources/construction-ppe_ultralytics_2025_v1/images/train/image1384.jpg,train,1384,69,f7f47eefd00b4c69ae35501f0e83645600a6177069af75168339e10a04b0e6af,50f2c4b2ec9653da,2,0,0,False,hardlink,hardlink
group_0022,train,20,/root/autodl-tmp/datasets/derived/construction_ppe3_canonical_v1_20260804_172437/images/all/train__image1385.jpg,/root/autodl-tmp/datasets/derived/construction_ppe3_canonical_v1_20260804_172437/labels/all/train__image1385.txt,/root/autodl-tmp/datasets/sources/construction-ppe_ultralytics_2025_v1/images/train/image1385.jpg,train,1385,69,d2086879dd764ce6467aaf9da50910ca1ec14d01c601f9716c0f9c16e9ca1c2f,7d1b72616d6d657b,1,0,0,False,hardlink,hardlink
group_0022,train,20,/root/autodl-tmp/datasets/derived/construction_ppe3_canonical_v1_20260804_172437/images/all/train__image1386.jpg,/root/autodl-tmp/datasets/derived/construction_ppe3_canonical_v1_20260804_172437/labels/all/train__image1386.txt,/root/autodl-tmp/datasets/sources/construction-ppe_ultralytics_2025_v1/images/train/image1386.jpg,train,1386,69,57ea5f1beccf3a0ab2fdec778b0ece274c574146be6e0fe695380e8496129415,cc96c6b63604c1c8,1,0,0,False,hardlink,hardlink
group_0022,train,20,/root/autodl-tmp/datasets/derived/construction_ppe3_canonical_v1_20260804_172437/images/all/train__image1387.jpg,/root/autodl-tmp/datasets/derived/construction_ppe3_canonical_v1_20260804_172437/labels/all/train__image1387.txt,/root/autodl-tmp/datasets/sources/construction-ppe_ultralytics_2025_v1/images/train/image1387.jpg,train,1387,69,e48eff6117679bc3b1d62b96ac6c300b9b01df019bb6b8943383d1d2e8d25feb,d9fbbc725e1cf80c,1,0,0,False,hardlink,hardlink
group_0022,train,20,/root/autodl-tmp/datasets/derived/construction_ppe3_canonical_v1_20260804_172437/images/all/train__image1388.jpg,/root/autodl-tmp/datasets/derived/construction_ppe3_canonical_v1_20260804_172437/labels/all/train__image1388.txt,/root/autodl-tmp/datasets/sources/construction-ppe_ultralytics_2025_v1/images/train/image1388.jpg,train,1388,69,6a843e9ad78575d9b1ebd37a2cf2d5c06a7671099a2105155948311cc8f94109,f0c8aa2b2b0a4cc8,1,0,0,False,hardlink,hardlink
group_0022,train,20,/root/autodl-tmp/datasets/derived/construction_ppe3_canonical_v1_20260804_172437/images/all/train__image1389.jpg,/root/autodl-tmp/datasets/derived/construction_ppe3_canonical_v1_20260804_172437/labels/all/train__image1389.txt,/root/autodl-tmp/datasets/sources/construction-ppe_ultralytics_2025_v1/images/train/image1389.jpg,train,1389,69,1c4eba8efbc82b5a4c36b5ff250ebd4fb2b06e1b08c13251c31bec1df12e00d8,cfcdc7a5bdbeaccd,1,0,0,False,hardlink,hardlink
group_0022,train,20,/root/autodl-tmp/datasets/derived/construction_ppe3_canonical_v1_20260804_172437/images/all/train__image1390.jpg,/root/autodl-tmp/datasets/derived/construction_ppe3_canonical_v1_20260804_172437/labels/all/train__image1390.txt,/root/autodl-tmp/datasets/sources/construction-ppe_ultralytics_2025_v1/images/train/image1390.jpg,train,1390,69,0c41311cb4005b0b9781690a4f5fa5c35433db873303b7d9c0ce22a335b101c5,3032f1f4b0b8e8e8,1,0,0,False,hardlink,hardlink
group_0022,train,20,/root/autodl-tmp/datasets/derived/construction_ppe3_canonical_v1_20260804_172437/images/all/train__image1391.jpg,/root/autodl-tmp/datasets/derived/construction_ppe3_canonical_v1_20260804_172437/labels/all/train__image1391.txt,/root/autodl-tmp/datasets/sources/construction-ppe_ultralytics_2025_v1/images/train/image1391.jpg,train,1391,69,9a2a34f6fef14b1d92e1102409ead2955c6215f0c4a62102bd68cf3fc4b6dd43,ecccccce0f2b4fcc,1,0,0,False,hardlink,hardlink
group_0022,train,20,/root/autodl-tmp/datasets/derived/construction_ppe3_canonical_v1_20260804_172437/images/all/train__image1393.jpg,/root/autodl-tmp/datasets/derived/construction_ppe3_canonical_v1_20260804_172437/labels/all/train__image1393.txt,/root/autodl-tmp/datasets/sources/construction-ppe_ultralytics_2025_v1/images/train/image1393.jpg,train,1393,69,803bd4ae5d061297fb6283d2c6d9a66666367c857f31cb53f7c6a460f2325bb9,3a32b0ec4c44b38e,1,0,0,False,hardlink,hardlink
group_0022,train,20,/root/autodl-tmp/datasets/derived/construction_ppe3_canonical_v1_20260804_172437/images/all/train__image1394.jpg,/root/autodl-tmp/datasets/derived/construction_ppe3_canonical_v1_20260804_172437/labels/all/train__image1394.txt,/root/autodl-tmp/datasets/sources/construction-ppe_ultralytics_2025_v1/images/train/image1394.jpg,train,1394,69,2854f75f768edcf82adcf80a0416a59be0376c27c1e3224b725e0f8eb8196b33,1a90b4d094cf8a8a,1,0,0,False,hardlink,hardlink
group_0022,train,20,/root/autodl-tmp/datasets/derived/construction_ppe3_canonical_v1_20260804_172437/images/all/train__image1395.jpg,/root/autodl-tmp/datasets/derived/construction_ppe3_canonical_v1_20260804_172437/labels/all/train__image1395.txt,/root/autodl-tmp/datasets/sources/construction-ppe_ultralytics_2025_v1/images/train/image1395.jpg,train,1395,69,45b7fa6ebd80208aaafb5590bfef717cc729eaa0c7f081a2ff8d8f101f1556e3,0705957416064e56,2,0,0,False,hardlink,hardlink
group_0022,train,20,/root/autodl-tmp/datasets/derived/construction_ppe3_canonical_v1_20260804_172437/images/all/train__image1396.jpg,/root/autodl-tmp/datasets/derived/construction_ppe3_canonical_v1_20260804_172437/labels/all/train__image1396.txt,/root/autodl-tmp/datasets/sources/construction-ppe_ultralytics_2025_v1/images/train/image1396.jpg,train,1396,69,db3e8c15f12f354b1ea045422de3c60123762fc79cf3e2bcf6d30afce1d10b8e,cec0cda4666a74d0,1,0,0,False,hardlink,hardlink
group_0022,train,20,/root/autodl-tmp/datasets/derived/construction_ppe3_canonical_v1_20260804_172437/images/all/train__image1398.jpg,/root/autodl-tmp/datasets/derived/construction_ppe3_canonical_v1_20260804_172437/labels/all/train__image1398.txt,/root/autodl-tmp/datasets/sources/construction-ppe_ultralytics_2025_v1/images/train/image1398.jpg,train,1398,69,e780ab1fb9f4b11d8739a75c40367d57dda840b86f2f191c95b8fb3a286a3d38,82d9d99199c71b93,1,0,0,False,hardlink,hardlink
group_0022,train,20,/root/autodl-tmp/datasets/derived/construction_ppe3_canonical_v1_20260804_172437/images/all/train__image1399.jpg,/root/autodl-tmp/datasets/derived/construction_ppe3_canonical_v1_20260804_172437/labels/all/train__image1399.txt,/root/autodl-tmp/datasets/sources/construction-ppe_ultralytics_2025_v1/images/train/image1399.jpg,train,1399,69,61c70d7897671c3548f50458251182b8370f86d7fb48decd96464a3be44de8a4,36e0f3921a59db3b,1,0,0,False,hardlink,hardlink
group_0022,train,20,/root/autodl-tmp/datasets/derived/construction_ppe3_canonical_v1_20260804_172437/images/all/val__image1392.jpg,/root/autodl-tmp/datasets/derived/construction_ppe3_canonical_v1_20260804_172437/labels/all/val__image1392.txt,/root/autodl-tmp/datasets/sources/construction-ppe_ultralytics_2025_v1/images/val/image1392.jpg,val,1392,69,2985fe1c0f6787a82c51c434b19fdba3446494afea963c932eb5088699422a38,746c2cbe8abafaf0,1,0,0,False,hardlink,hardlink
group_0022,train,20,/root/autodl-tmp/datasets/derived/construction_ppe3_canonical_v1_20260804_172437/images/all/val__image1397.jpg,/root/autodl-tmp/datasets/derived/construction_ppe3_canonical_v1_20260804_172437/labels/all/val__image1397.txt,/root/autodl-tmp/datasets/sources/construction-ppe_ultralytics_2025_v1/images/val/image1397.jpg,val,1397,69,a6800c26147a0a3e02c7a8dc92c173ce4713e62c70e1c600adbb1f3cd3be5d56,ccdd4d2d71712313,1,0,0,False,hardlink,hardlink
group_0023,test,20,/root/autodl-tmp/datasets/derived/construction_ppe3_canonical_v1_20260804_172437/images/all/train__image142.jpg,/root/autodl-tmp/datasets/derived/construction_ppe3_canonical_v1_20260804_172437/labels/all/train__image142.txt,/root/autodl-tmp/datasets/sources/construction-ppe_ultralytics_2025_v1/images/train/image142.jpg,train,142,7,db2a5eea8196a35f7fda1b530624d06e0e353b94ef341d4eabbb1e26cb85538a,05131716928b0e0e,1,1,1,False,hardlink,hardlink
group_0023,test,20,/root/autodl-tmp/datasets/derived/construction_ppe3_canonical_v1_20260804_172437/images/all/train__image143.jpg,/root/autodl-tmp/datasets/derived/construction_ppe3_canonical_v1_20260804_172437/labels/all/train__image143.txt,/root/autodl-tmp/datasets/sources/construction-ppe_ultralytics_2025_v1/images/train/image143.jpg,train,143,7,15b2769f15a38a759b869c07bbc11d05aa9095ebe3d675fcc0d26cde9c1f6527,900492d0e8f40040,5,4,5,False,hardlink,hardlink
group_0023,test,20,/root/autodl-tmp/datasets/derived/construction_ppe3_canonical_v1_20260804_172437/images/all/train__image145.jpg,/root/autodl-tmp/datasets/derived/construction_ppe3_canonical_v1_20260804_172437/labels/all/train__image145.txt,/root/autodl-tmp/datasets/sources/construction-ppe_ultralytics_2025_v1/images/train/image145.jpg,train,145,7,fa491f3c78f6f3a8574d52702be84ba48797ebc7ae108cccf771435048d7e1a3,00ec5541aa595900,4,4,4,False,hardlink,hardlink
group_0023,test,20,/root/autodl-tmp/datasets/derived/construction_ppe3_canonical_v1_20260804_172437/images/all/train__image146.jpg,/root/autodl-tmp/datasets/derived/construction_ppe3_canonical_v1_20260804_172437/labels/all/train__image146.txt,/root/autodl-tmp/datasets/sources/construction-ppe_ultralytics_2025_v1/images/train/image146.jpg,train,146,7,6a99651ade1a04c9863fa68779445b13526ed129bf83df5d4a0f21fe5031dc67,00b6f0da969e9200,7,11,8,False,hardlink,hardlink
group_0023,test,20,/root/autodl-tmp/datasets/derived/construction_ppe3_canonical_v1_20260804_172437/images/all/train__image147.jpg,/root/autodl-tmp/datasets/derived/construction_ppe3_canonical_v1_20260804_172437/labels/all/train__image147.txt,/root/autodl-tmp/datasets/sources/construction-ppe_ultralytics_2025_v1/images/train/image147.jpg,train,147,7,2d1425c4c13ea9d1bc85172ab47c696a1ebf322e82857102aa586c6a9c2247c2,00e3b3ca8aafce00,3,4,2,False,hardlink,hardlink
group_0023,test,20,/root/autodl-tmp/datasets/derived/construction_ppe3_canonical_v1_20260804_172437/images/all/train__image148.jpg,/root/autodl-tmp/datasets/derived/construction_ppe3_canonical_v1_20260804_172437/labels/all/train__image148.txt,/root/autodl-tmp/datasets/sources/construction-ppe_ultralytics_2025_v1/images/train/image148.jpg,train,148,7,57e074e27a12be20fedccbc542b8dfa140eb56205f159bd20a9ebbc6888ec043,00e6969efaf6f200,3,4,3,False,hardlink,hardlink
group_0023,test,20,/root/autodl-tmp/datasets/derived/construction_ppe3_canonical_v1_20260804_172437/images/all/train__image152.jpeg,/root/autodl-tmp/datasets/derived/construction_ppe3_canonical_v1_20260804_172437/labels/all/train__image152.txt,/root/autodl-tmp/datasets/sources/construction-ppe_ultralytics_2025_v1/images/train/image152.jpeg,train,152,7,6a86e225e85ec8f6fbd57a451cb63f7042b9a4f83f2a74c74fd51c30ab15a60a,f4dcd8d0c4ccc4dc,2,2,2,False,hardlink,hardlink
group_0023,test,20,/root/autodl-tmp/datasets/derived/construction_ppe3_canonical_v1_20260804_172437/images/all/train__image153.jpg,/root/autodl-tmp/datasets/derived/construction_ppe3_canonical_v1_20260804_172437/labels/all/train__image153.txt,/root/autodl-tmp/datasets/sources/construction-ppe_ultralytics_2025_v1/images/train/image153.jpg,train,153,7,464149c9fe7d7cbfc3b82d29a28166d21784e425fe7e5f994e3ce2a9fedfdde6,0b0b0b0c8a07060e,1,1,1,False,hardlink,hardlink
group_0023,test,20,/root/autodl-tmp/datasets/derived/construction_ppe3_canonical_v1_20260804_172437/images/all/train__image154.jpg,/root/autodl-tmp/datasets/derived/construction_ppe3_canonical_v1_20260804_172437/labels/all/train__image154.txt,/root/autodl-tmp/datasets/sources/construction-ppe_ultralytics_2025_v1/images/train/image154.jpg,train,154,7,5590180a520b1d88441fe6a88d77c05dd31d7b978252c075bba03ca9cefe2cd6,b846440d89470380,11,18,15,False,hardlink,hardlink
group_0023,test,20,/root/autodl-tmp/datasets/derived/construction_ppe3_canonical_v1_20260804_172437/images/all/train__image155.jpeg,/root/autodl-tmp/datasets/derived/construction_ppe3_canonical_v1_20260804_172437/labels/all/train__image155.txt,/root/autodl-tmp/datasets/sources/construction-ppe_ultralytics_2025_v1/images/train/image155.jpeg,train,155,7,5620b608fe8ef9a0e71a3ed38d6ad1c031ff5fc78e3f3e79903644a4d7b84b38,f0ccccc4ccccc0d4,2,2,2,False,hardlink,hardlink
group_0023,test,20,/root/autodl-tmp/datasets/derived/construction_ppe3_canonical_v1_20260804_172437/images/all/train__image156.jpg,/root/autodl-tmp/datasets/derived/construction_ppe3_canonical_v1_20260804_172437/labels/all/train__image156.txt,/root/autodl-tmp/datasets/sources/construction-ppe_ultralytics_2025_v1/images/train/image156.jpg,train,156,7,0dd48cb309090dd49b6df4fe0e1bda12c67dd9d60f5375c1a8eb11617eda8a9c,05131716968b1e1e,1,1,1,False,hardlink,hardlink
group_0023,test,20,/root/autodl-tmp/datasets/derived/construction_ppe3_canonical_v1_20260804_172437/images/all/train__image157.jpeg,/root/autodl-tmp/datasets/derived/construction_ppe3_canonical_v1_20260804_172437/labels/all/train__image157.txt,/root/autodl-tmp/datasets/sources/construction-ppe_ultralytics_2025_v1/images/train/image157.jpeg,train,157,7,a22cb397950c0552be98c37248dde2788e6572c7e08d42fea5395d6c6aa4953e,0643d6e223d33363,3,2,3,False,hardlink,hardlink
group_0023,test,20,/root/autodl-tmp/datasets/derived/construction_ppe3_canonical_v1_20260804_172437/images/all/train__image158.jpeg,/root/autodl-tmp/datasets/derived/construction_ppe3_canonical_v1_20260804_172437/labels/all/train__image158.txt,/root/autodl-tmp/datasets/sources/construction-ppe_ultralytics_2025_v1/images/train/image158.jpeg,train,158,7,3c7fdc47af460dd4d451e53b8614ea2fc26f93f9bc48e76be7945a6ccfd38797,d4ccd8c4c8ccccc4,1,1,1,False,hardlink,hardlink
group_0023,test,20,/root/autodl-tmp/datasets/derived/construction_ppe3_canonical_v1_20260804_172437/images/all/train__image159.jpeg,/root/autodl-tmp/datasets/derived/construction_ppe3_canonical_v1_20260804_172437/labels/all/train__image159.txt,/root/autodl-tmp/datasets/sources/construction-ppe_ultralytics_2025_v1/images/train/image159.jpeg,train,159,7,73cc4c19bca71b2083d68c7fd56d4536ab37e5b10f7e5cce3bf9f2f72678f1f1,00cd4d6474687800,1,1,0,False,hardlink,hardlink
group_0023,test,20,/root/autodl-tmp/datasets/derived/construction_ppe3_canonical_v1_20260804_172437/images/all/val__image141.jpeg,/root/autodl-tmp/datasets/derived/construction_ppe3_canonical_v1_20260804_172437/labels/all/val__image141.txt,/root/autodl-tmp/datasets/sources/construction-ppe_ultralytics_2025_v1/images/val/image141.jpeg,val,141,7,b2d6c7ace56f0efebd9e292fdcc081b561d8263ce904fcfac0cc97a250e50fd6,29a9b0d81c9cbc70,2,2,2,False,hardlink,hardlink
group_0023,test,20,/root/autodl-tmp/datasets/derived/construction_ppe3_canonical_v1_20260804_172437/images/all/val__image144.jpg,/root/autodl-tmp/datasets/derived/construction_ppe3_canonical_v1_20260804_172437/labels/all/val__image144.txt,/root/autodl-tmp/datasets/sources/construction-ppe_ultralytics_2025_v1/images/val/image144.jpg,val,144,7,abc44b37c273f2484fef2c1d5fe11ca8399d1442f685f2e88eafa3c9eb6d7069,00d2c6ecc4cacc00,5,11,4,False,hardlink,hardlink
group_0023,test,20,/root/autodl-tmp/datasets/derived/construction_ppe3_canonical_v1_20260804_172437/images/all/val__image151.jpg,/root/autodl-tmp/datasets/derived/construction_ppe3_canonical_v1_20260804_172437/labels/all/val__image151.txt,/root/autodl-tmp/datasets/sources/construction-ppe_ultralytics_2025_v1/images/val/image151.jpg,val,151,7,33a6fb5f0c22ba1559542d201cdc7c8dfe34568b23c6f60ecee340c95aa712f7,009a988c8c949400,4,4,3,False,hardlink,hardlink
group_0023,test,20,/root/autodl-tmp/datasets/derived/construction_ppe3_canonical_v1_20260804_172437/images/all/test__image140.jpg,/root/autodl-tmp/datasets/derived/construction_ppe3_canonical_v1_20260804_172437/labels/all/test__image140.txt,/root/autodl-tmp/datasets/sources/construction-ppe_ultralytics_2025_v1/images/test/image140.jpg,test,140,7,4b1cb3bd2ae77ebaa914039eb0a8722535954247f18cabe2aa3303851112b0d2,300030b2b2300030,2,2,2,False,hardlink,hardlink
group_0023,test,20,/root/autodl-tmp/datasets/derived/construction_ppe3_canonical_v1_20260804_172437/images/all/test__image149.jpg,/root/autodl-tmp/datasets/derived/construction_ppe3_canonical_v1_20260804_172437/labels/all/test__image149.txt,/root/autodl-tmp/datasets/sources/construction-ppe_ultralytics_2025_v1/images/test/image149.jpg,test,149,7,a805f719d008fa6baf35f8229e1ad35c77d431b996149ba63330651a4fa37aef,fccceed0d49496d6,3,4,4,False,hardlink,hardlink
group_0023,test,20,/root/autodl-tmp/datasets/derived/construction_ppe3_canonical_v1_20260804_172437/images/all/test__image150.jpg,/root/autodl-tmp/datasets/derived/construction_ppe3_canonical_v1_20260804_172437/labels/all/test__image150.txt,/root/autodl-tmp/datasets/sources/construction-ppe_ultralytics_2025_v1/images/test/image150.jpg,test,150,7,f3e512ff521ceeceb27fd43816e35b9c49f736835e7b7a66f9e37769ab523c47,00fcd683b3f65200,2,2,2,False,hardlink,hardlink
group_0024,train,20,/root/autodl-tmp/datasets/derived/construction_ppe3_canonical_v1_20260804_172437/images/all/train__image162.jpg,/root/autodl-tmp/datasets/derived/construction_ppe3_canonical_v1_20260804_172437/labels/all/train__image162.txt,/root/autodl-tmp/datasets/sources/construction-ppe_ultralytics_2025_v1/images/train/image162.jpg,train,162,8,1fee8428fef890d75ddebb8be6e8c9ac5f9f6fd35bcebbba2b4f4a2d72cb9a86,0743435d5c4c2545,3,3,3,False,hardlink,hardlink
group_0024,train,20,/root/autodl-tmp/datasets/derived/construction_ppe3_canonical_v1_20260804_172437/images/all/train__image163.jpg,/root/autodl-tmp/datasets/derived/construction_ppe3_canonical_v1_20260804_172437/labels/all/train__image163.txt,/root/autodl-tmp/datasets/sources/construction-ppe_ultralytics_2025_v1/images/train/image163.jpg,train,163,8,2177f5c7af4ac5291dd55c432f13865326aebbebd732724e5955bc444b6af95b,5c273574a6734fce,1,1,1,False,hardlink,hardlink
group_0024,train,20,/root/autodl-tmp/datasets/derived/construction_ppe3_canonical_v1_20260804_172437/images/all/train__image165.jpg,/root/autodl-tmp/datasets/derived/construction_ppe3_canonical_v1_20260804_172437/labels/all/train__image165.txt,/root/autodl-tmp/datasets/sources/construction-ppe_ultralytics_2025_v1/images/train/image165.jpg,train,165,8,8c7fc97c385a1378bcddc4e7626a56af3b31d0b313bf752d667874f77ef8a1f0,244e0d1f26378d0f,1,1,1,False,hardlink,hardlink
group_0024,train,20,/root/autodl-tmp/datasets/derived/construction_ppe3_canonical_v1_20260804_172437/images/all/train__image166.jpg,/root/autodl-tmp/datasets/derived/construction_ppe3_canonical_v1_20260804_172437/labels/all/train__image166.txt,/root/autodl-tmp/datasets/sources/construction-ppe_ultralytics_2025_v1/images/train/image166.jpg,train,166,8,8696cd92532018f811a502b93027392dfdbcf7893c6619a7f8af4e353b9f2310,4434565797567652,3,3,3,False,hardlink,hardlink
group_0024,train,20,/root/autodl-tmp/datasets/derived/construction_ppe3_canonical_v1_20260804_172437/images/all/train__image170.jpg,/root/autodl-tmp/datasets/derived/construction_ppe3_canonical_v1_20260804_172437/labels/all/train__image170.txt,/root/autodl-tmp/datasets/sources/construction-ppe_ultralytics_2025_v1/images/train/image170.jpg,train,170,8,732e67a844c449c0e4d4371f37e5da833e07fc3d57b1850f042cd6ee9119e25b,2244660627270707,1,1,1,False,hardlink,hardlink
group_0024,train,20,/root/autodl-tmp/datasets/derived/construction_ppe3_canonical_v1_20260804_172437/images/all/train__image172.jpg,/root/autodl-tmp/datasets/derived/construction_ppe3_canonical_v1_20260804_172437/labels/all/train__image172.txt,/root/autodl-tmp/datasets/sources/construction-ppe_ultralytics_2025_v1/images/train/image172.jpg,train,172,8,658467a8b33b599cf80d62eaf207a551bc916762fa32ddaf4ca2600690a4340f,071b1b1a8e0f0e1e,1,1,1,False,hardlink,hardlink
group_0024,train,20,/root/autodl-tmp/datasets/derived/construction_ppe3_canonical_v1_20260804_172437/images/all/train__image173.jpg,/root/autodl-tmp/datasets/derived/construction_ppe3_canonical_v1_20260804_172437/labels/all/train__image173.txt,/root/autodl-tmp/datasets/sources/construction-ppe_ultralytics_2025_v1/images/train/image173.jpg,train,173,8,792d498e20120e37cb686b1714027c545340fd23aea71604c35b704088f027fc,134ccc2e33332f0f,1,1,1,False,hardlink,hardlink
group_0024,train,20,/root/autodl-tmp/datasets/derived/construction_ppe3_canonical_v1_20260804_172437/images/all/train__image174.jpg,/root/autodl-tmp/datasets/derived/construction_ppe3_canonical_v1_20260804_172437/labels/all/train__image174.txt,/root/autodl-tmp/datasets/sources/construction-ppe_ultralytics_2025_v1/images/train/image174.jpg,train,174,8,34eb948f08915bff7d4b516cc72fe12a1a49349c6dac41f405a8a627a738e6c1,260636068c9e02c3,1,1,1,False,hardlink,hardlink
group_0024,train,20,/root/autodl-tmp/datasets/derived/construction_ppe3_canonical_v1_20260804_172437/images/all/train__image175.jpg,/root/autodl-tmp/datasets/derived/construction_ppe3_canonical_v1_20260804_172437/labels/all/train__image175.txt,/root/autodl-tmp/datasets/sources/construction-ppe_ultralytics_2025_v1/images/train/image175.jpg,train,175,8,d88d34089ab53d888a9b34035ea3578f6bc1886abab93e0cdbd8fc373f8534cc,d8971f189b9aadad,2,1,1,False,hardlink,hardlink
group_0024,train,20,/root/autodl-tmp/datasets/derived/construction_ppe3_canonical_v1_20260804_172437/images/all/train__image177.jpg,/root/autodl-tmp/datasets/derived/construction_ppe3_canonical_v1_20260804_172437/labels/all/train__image177.txt,/root/autodl-tmp/datasets/sources/construction-ppe_ultralytics_2025_v1/images/train/image177.jpg,train,177,8,0e4cf0e19e0f071db776af2a2e24d360e0e6ba2cf2439eb75d565e1e704a20bd,5c4cd1a92decccc4,4,2,2,False,hardlink,hardlink
group_0024,train,20,/root/autodl-tmp/datasets/derived/construction_ppe3_canonical_v1_20260804_172437/images/all/train__image178.jpg,/root/autodl-tmp/datasets/derived/construction_ppe3_canonical_v1_20260804_172437/labels/all/train__image178.txt,/root/autodl-tmp/datasets/sources/construction-ppe_ultralytics_2025_v1/images/train/image178.jpg,train,178,8,bdda9026feca90d9b96687ca5e2d4412c82e4d329e16d8f9af1054bc9a0fee80,961bb3d6fdf13466,4,2,0,False,hardlink,hardlink
group_0024,train,20,/root/autodl-tmp/datasets/derived/construction_ppe3_canonical_v1_20260804_172437/images/all/train__image179.jpg,/root/autodl-tmp/datasets/derived/construction_ppe3_canonical_v1_20260804_172437/labels/all/train__image179.txt,/root/autodl-tmp/datasets/sources/construction-ppe_ultralytics_2025_v1/images/train/image179.jpg,train,179,8,5b7decce16a5138383d46aa1b2c2407aa1c9a3f5403e7c6902a5094578763f3d,b08d0769e96b6b69,2,1,1,False,hardlink,hardlink
group_0024,train,20,/root/autodl-tmp/datasets/derived/construction_ppe3_canonical_v1_20260804_172437/images/all/val__image164.jpg,/root/autodl-tmp/datasets/derived/construction_ppe3_canonical_v1_20260804_172437/labels/all/val__image164.txt,/root/autodl-tmp/datasets/sources/construction-ppe_ultralytics_2025_v1/images/val/image164.jpg,val,164,8,8b334d93ceb8e15731d692f0c31d0dc34deb7bf5feee6341bdc1e19c7066fa47,0e0d0e0b33078697,1,1,1,False,hardlink,hardlink
group_0024,train,20,/root/autodl-tmp/datasets/derived/construction_ppe3_canonical_v1_20260804_172437/images/all/val__image171.jpg,/root/autodl-tmp/datasets/derived/construction_ppe3_canonical_v1_20260804_172437/labels/all/val__image171.txt,/root/autodl-tmp/datasets/sources/construction-ppe_ultralytics_2025_v1/images/val/image171.jpg,val,171,8,520c77ecb5c0f9e24cfadfa8135118597d15b9bbef6c2c005e7ad79a64eb7b02,f3633b1b91f93c79,1,0,1,False,hardlink,hardlink
group_0024,train,20,/root/autodl-tmp/datasets/derived/construction_ppe3_canonical_v1_20260804_172437/images/all/val__image176.jpg,/root/autodl-tmp/datasets/derived/construction_ppe3_canonical_v1_20260804_172437/labels/all/val__image176.txt,/root/autodl-tmp/datasets/sources/construction-ppe_ultralytics_2025_v1/images/val/image176.jpg,val,176,8,70b8170b50dbd3385b6e842cf5db2dd788d29a433951d814b481421ac1f68309,4696b6b296d602a6,2,1,1,False,hardlink,hardlink
group_0024,train,20,/root/autodl-tmp/datasets/derived/construction_ppe3_canonical_v1_20260804_172437/images/all/test__image160.jpg,/root/autodl-tmp/datasets/derived/construction_ppe3_canonical_v1_20260804_172437/labels/all/test__image160.txt,/root/autodl-tmp/datasets/sources/construction-ppe_ultralytics_2025_v1/images/test/image160.jpg,test,160,8,08c5a64df7439897ae585bc16676de65d586143280883c990b19d851bea66bf4,01031312928b0e0e,1,1,1,False,hardlink,hardlink
group_0024,train,20,/root/autodl-tmp/datasets/derived/construction_ppe3_canonical_v1_20260804_172437/images/all/test__image161.jpg,/root/autodl-tmp/datasets/derived/construction_ppe3_canonical_v1_20260804_172437/labels/all/test__image161.txt,/root/autodl-tmp/datasets/sources/construction-ppe_ultralytics_2025_v1/images/test/image161.jpg,test,161,8,94ef6560070c057240bd39565a53c4acbe11946ad85d01b7843f80862276b461,cdcf8c1733393d8b,1,1,1,False,hardlink,hardlink
group_0024,train,20,/root/autodl-tmp/datasets/derived/construction_ppe3_canonical_v1_20260804_172437/images/all/test__image167.jpg,/root/autodl-tmp/datasets/derived/construction_ppe3_canonical_v1_20260804_172437/labels/all/test__image167.txt,/root/autodl-tmp/datasets/sources/construction-ppe_ultralytics_2025_v1/images/test/image167.jpg,test,167,8,6be703e91675f34ecf6a0620010773b972430fcdf23c0d8ffbbce6b53da3efc9,a2b23a7262645492,4,4,4,False,hardlink,hardlink
group_0024,train,20,/root/autodl-tmp/datasets/derived/construction_ppe3_canonical_v1_20260804_172437/images/all/test__image168.jpg,/root/autodl-tmp/datasets/derived/construction_ppe3_canonical_v1_20260804_172437/labels/all/test__image168.txt,/root/autodl-tmp/datasets/sources/construction-ppe_ultralytics_2025_v1/images/test/image168.jpg,test,168,8,35e830fec2c16d7fb1c81c9edcc6ca886c70dab9639f242d3b1fe0b46064d769,0e4c8f9b9b9f8f93,1,1,1,False,hardlink,hardlink
group_0024,train,20,/root/autodl-tmp/datasets/derived/construction_ppe3_canonical_v1_20260804_172437/images/all/test__image169.jpg,/root/autodl-tmp/datasets/derived/construction_ppe3_canonical_v1_20260804_172437/labels/all/test__image169.txt,/root/autodl-tmp/datasets/sources/construction-ppe_ultralytics_2025_v1/images/test/image169.jpg,test,169,8,9d87ea34191722dfe5760d9ebdeea0c6bd6dc931813aef0ce0507a15082dae85,e6f93beec6733bdb,1,1,1,False,hardlink,hardlink
group_0025,test,20,/root/autodl-tmp/datasets/derived/construction_ppe3_canonical_v1_20260804_172437/images/all/train__image181.jpg,/root/autodl-tmp/datasets/derived/construction_ppe3_canonical_v1_20260804_172437/labels/all/train__image181.txt,/root/autodl-tmp/datasets/sources/construction-ppe_ultralytics_2025_v1/images/train/image181.jpg,train,181,9,b503f41e4c70aca769362ce34a4a2f978736981c83a18ce9e7e9abce8325d042,9f9e1777662f2f2d,2,1,1,False,hardlink,hardlink
group_0025,test,20,/root/autodl-tmp/datasets/derived/construction_ppe3_canonical_v1_20260804_172437/images/all/train__image183.jpg,/root/autodl-tmp/datasets/derived/construction_ppe3_canonical_v1_20260804_172437/labels/all/train__image183.txt,/root/autodl-tmp/datasets/sources/construction-ppe_ultralytics_2025_v1/images/train/image183.jpg,train,183,9,2062f10116538c00640bffdc1206c60b4e9e76416f4cf42e2e33c7aa216abbba,619c995a5a727223,2,1,1,False,hardlink,hardlink
group_0025,test,20,/root/autodl-tmp/datasets/derived/construction_ppe3_canonical_v1_20260804_172437/images/all/train__image184.jpg,/root/autodl-tmp/datasets/derived/construction_ppe3_canonical_v1_20260804_172437/labels/all/train__image184.txt,/root/autodl-tmp/datasets/sources/construction-ppe_ultralytics_2025_v1/images/train/image184.jpg,train,184,9,7792e253b05160ab3b1639678cb050f31f7e0a5fe94c9c7354bb549ed0fcd0c3,b2f2a2b05979b179,6,3,3,False,hardlink,hardlink
group_0025,test,20,/root/autodl-tmp/datasets/derived/construction_ppe3_canonical_v1_20260804_172437/images/all/train__image185.jpg,/root/autodl-tmp/datasets/derived/construction_ppe3_canonical_v1_20260804_172437/labels/all/train__image185.txt,/root/autodl-tmp/datasets/sources/construction-ppe_ultralytics_2025_v1/images/train/image185.jpg,train,185,9,13e79f6cc2f3427791d8fad527abe9934278eb9644b15d82b6f5a451e5b770f5,f938d9db36e5c5e5,16,10,9,False,hardlink,hardlink
group_0025,test,20,/root/autodl-tmp/datasets/derived/construction_ppe3_canonical_v1_20260804_172437/images/all/train__image186.jpg,/root/autodl-tmp/datasets/derived/construction_ppe3_canonical_v1_20260804_172437/labels/all/train__image186.txt,/root/autodl-tmp/datasets/sources/construction-ppe_ultralytics_2025_v1/images/train/image186.jpg,train,186,9,206d9d5c531fae9c36aa1c66a24ad0f6ca4b6f1dd0aadb40a06dce98032ed3af,b39f9b0f2f276129,2,1,1,False,hardlink,hardlink
group_0025,test,20,/root/autodl-tmp/datasets/derived/construction_ppe3_canonical_v1_20260804_172437/images/all/train__image187.jpg,/root/autodl-tmp/datasets/derived/construction_ppe3_canonical_v1_20260804_172437/labels/all/train__image187.txt,/root/autodl-tmp/datasets/sources/construction-ppe_ultralytics_2025_v1/images/train/image187.jpg,train,187,9,2d4136d36c322b5f909981f619a8d7e1e317159784a678fc4869dc596353ab82,1902126c6c411f0e,3,1,1,False,hardlink,hardlink
group_0025,test,20,/root/autodl-tmp/datasets/derived/construction_ppe3_canonical_v1_20260804_172437/images/all/train__image188.jpg,/root/autodl-tmp/datasets/derived/construction_ppe3_canonical_v1_20260804_172437/labels/all/train__image188.txt,/root/autodl-tmp/datasets/sources/construction-ppe_ultralytics_2025_v1/images/train/image188.jpg,train,188,9,c836d013f539c41d3183756b216711ad3f3ca8fc94591b57cfce8b3bcbfec916,880868694848098c,6,3,6,False,hardlink,hardlink
group_0025,test,20,/root/autodl-tmp/datasets/derived/construction_ppe3_canonical_v1_20260804_172437/images/all/train__image189.jpg,/root/autodl-tmp/datasets/derived/construction_ppe3_canonical_v1_20260804_172437/labels/all/train__image189.txt,/root/autodl-tmp/datasets/sources/construction-ppe_ultralytics_2025_v1/images/train/image189.jpg,train,189,9,587817979d5e4a9df335ce3bd89a8b54d24a04509d1cc3d057998b0ef8c48997,2b2b6b7171633333,4,2,2,False,hardlink,hardlink
group_0025,test,20,/root/autodl-tmp/datasets/derived/construction_ppe3_canonical_v1_20260804_172437/images/all/train__image191.jpg,/root/autodl-tmp/datasets/derived/construction_ppe3_canonical_v1_20260804_172437/labels/all/train__image191.txt,/root/autodl-tmp/datasets/sources/construction-ppe_ultralytics_2025_v1/images/train/image191.jpg,train,191,9,d3801caf5442a6d71d37b26bd56ba44449ec01a0716266118229bed9fcde26b3,d0a5c91296971a94,2,1,1,False,hardlink,hardlink
group_0025,test,20,/root/autodl-tmp/datasets/derived/construction_ppe3_canonical_v1_20260804_172437/images/all/train__image192.jpg,/root/autodl-tmp/datasets/derived/construction_ppe3_canonical_v1_20260804_172437/labels/all/train__image192.txt,/root/autodl-tmp/datasets/sources/construction-ppe_ultralytics_2025_v1/images/train/image192.jpg,train,192,9,929cd83cdfb345206f5127f92b5f08c7c7e055759bb05fb6c4360ad93307e8c2,e6871b9f8e2bcae4,2,1,1,False,hardlink,hardlink
group_0025,test,20,/root/autodl-tmp/datasets/derived/construction_ppe3_canonical_v1_20260804_172437/images/all/train__image193.jpg,/root/autodl-tmp/datasets/derived/construction_ppe3_canonical_v1_20260804_172437/labels/all/train__image193.txt,/root/autodl-tmp/datasets/sources/construction-ppe_ultralytics_2025_v1/images/train/image193.jpg,train,193,9,2f4e9b381a61a276a4d537e7a6fc3a8cf4a3b8d1d6b5f933de5bdce0f083575a,07031716860f0e1e,2,1,1,False,hardlink,hardlink
group_0025,test,20,/root/autodl-tmp/datasets/derived/construction_ppe3_canonical_v1_20260804_172437/images/all/train__image194.jpg,/root/autodl-tmp/datasets/derived/construction_ppe3_canonical_v1_20260804_172437/labels/all/train__image194.txt,/root/autodl-tmp/datasets/sources/construction-ppe_ultralytics_2025_v1/images/train/image194.jpg,train,194,9,0f5e6618bed87130ee37787b59bc88de4616ae0fba9247f4ee8514ef2b077cfb,4caf23378c2b19c4,2,1,1,False,hardlink,hardlink
group_0025,test,20,/root/autodl-tmp/datasets/derived/construction_ppe3_canonical_v1_20260804_172437/images/all/train__image195.jpg,/root/autodl-tmp/datasets/derived/construction_ppe3_canonical_v1_20260804_172437/labels/all/train__image195.txt,/root/autodl-tmp/datasets/sources/construction-ppe_ultralytics_2025_v1/images/train/image195.jpg,train,195,9,c12534482c4f165d46d143f3e6f38578fb2d2e09aa23b365cff468dea7bafb78,c887862c6de3331e,2,1,1,False,hardlink,hardlink
group_0025,test,20,/root/autodl-tmp/datasets/derived/construction_ppe3_canonical_v1_20260804_172437/images/all/train__image196.jpg,/root/autodl-tmp/datasets/derived/construction_ppe3_canonical_v1_20260804_172437/labels/all/train__image196.txt,/root/autodl-tmp/datasets/sources/construction-ppe_ultralytics_2025_v1/images/train/image196.jpg,train,196,9,408954b2f91d93e058738c0d508b135dddd962c81031e993559f31bedb630c92,dca48b6c646858d2,2,1,1,False,hardlink,hardlink
group_0025,test,20,/root/autodl-tmp/datasets/derived/construction_ppe3_canonical_v1_20260804_172437/images/all/train__image197.jpg,/root/autodl-tmp/datasets/derived/construction_ppe3_canonical_v1_20260804_172437/labels/all/train__image197.txt,/root/autodl-tmp/datasets/sources/construction-ppe_ultralytics_2025_v1/images/train/image197.jpg,train,197,9,a964ecc8f72134e42c24d66a2a9bb71c0beab307dbd8781d79c52da0b48ff644,de6e6e2c8f8e8f82,2,1,1,False,hardlink,hardlink
group_0025,test,20,/root/autodl-tmp/datasets/derived/construction_ppe3_canonical_v1_20260804_172437/images/all/train__image198.jpg,/root/autodl-tmp/datasets/derived/construction_ppe3_canonical_v1_20260804_172437/labels/all/train__image198.txt,/root/autodl-tmp/datasets/sources/construction-ppe_ultralytics_2025_v1/images/train/image198.jpg,train,198,9,b5216d5a07f888e4e3f50df03a898fb9fe8f9d7ce58c59c018dc96909ef2fa97,828b8b9312161e1e,2,1,1,False,hardlink,hardlink
group_0025,test,20,/root/autodl-tmp/datasets/derived/construction_ppe3_canonical_v1_20260804_172437/images/all/val__image199.jpg,/root/autodl-tmp/datasets/derived/construction_ppe3_canonical_v1_20260804_172437/labels/all/val__image199.txt,/root/autodl-tmp/datasets/sources/construction-ppe_ultralytics_2025_v1/images/val/image199.jpg,val,199,9,d565554563ad44cc0a5503fb350771886aa49c95bb1d72a1f95b7d1e5ed14028,c0cf8f4fcea5a7ea,2,1,1,False,hardlink,hardlink
group_0025,test,20,/root/autodl-tmp/datasets/derived/construction_ppe3_canonical_v1_20260804_172437/images/all/test__image180.jpg,/root/autodl-tmp/datasets/derived/construction_ppe3_canonical_v1_20260804_172437/labels/all/test__image180.txt,/root/autodl-tmp/datasets/sources/construction-ppe_ultralytics_2025_v1/images/test/image180.jpg,test,180,9,3ba0b07055376f71e0a3b15e2c1fd2e02ceadbc664d20313f178ebd73918057f,0e4e8e2b0b1f9e16,2,1,1,False,hardlink,hardlink
group_0025,test,20,/root/autodl-tmp/datasets/derived/construction_ppe3_canonical_v1_20260804_172437/images/all/test__image182.jpg,/root/autodl-tmp/datasets/derived/construction_ppe3_canonical_v1_20260804_172437/labels/all/test__image182.txt,/root/autodl-tmp/datasets/sources/construction-ppe_ultralytics_2025_v1/images/test/image182.jpg,test,182,9,d2ae0fc65098c16b950c03c1b96eef5988520dc2e27b437a5b6f726c007310eb,2c5638cb4a6a4a40,13,14,6,False,hardlink,hardlink
group_0025,test,20,/root/autodl-tmp/datasets/derived/construction_ppe3_canonical_v1_20260804_172437/images/all/test__image190.jpg,/root/autodl-tmp/datasets/derived/construction_ppe3_canonical_v1_20260804_172437/labels/all/test__image190.txt,/root/autodl-tmp/datasets/sources/construction-ppe_ultralytics_2025_v1/images/test/image190.jpg,test,190,9,21c717b3164c3b0efe9f31f9b8cecdc7a38fa7047e4d133bbde035ccd9a447e9,f4de6e679697d3c8,2,1,1,False,hardlink,hardlink
group_0026,train,20,/root/autodl-tmp/datasets/derived/construction_ppe3_canonical_v1_20260804_172437/images/all/train__image20.jpg,/root/autodl-tmp/datasets/derived/construction_ppe3_canonical_v1_20260804_172437/labels/all/train__image20.txt,/root/autodl-tmp/datasets/sources/construction-ppe_ultralytics_2025_v1/images/train/image20.jpg,train,20,1,7d42bb4c627c64c5f1c5748cce15e5a24ee3ceb7ba68fcf0a50cf24d39c74ccc,0703131a92070e0e,2,1,1,False,hardlink,hardlink
group_0026,train,20,/root/autodl-tmp/datasets/derived/construction_ppe3_canonical_v1_20260804_172437/images/all/train__image21.jpeg,/root/autodl-tmp/datasets/derived/construction_ppe3_canonical_v1_20260804_172437/labels/all/train__image21.txt,/root/autodl-tmp/datasets/sources/construction-ppe_ultralytics_2025_v1/images/train/image21.jpeg,train,21,1,e1c6add940d41cd27cf1c46fb82f23f83ada26ecebcc10991ed25c8e2bd700ce,009679474d0d4d00,3,4,4,False,hardlink,hardlink
group_0026,train,20,/root/autodl-tmp/datasets/derived/construction_ppe3_canonical_v1_20260804_172437/images/all/train__image22.jpg,/root/autodl-tmp/datasets/derived/construction_ppe3_canonical_v1_20260804_172437/labels/all/train__image22.txt,/root/autodl-tmp/datasets/sources/construction-ppe_ultralytics_2025_v1/images/train/image22.jpg,train,22,1,6eefd712598052e5d7c1da4fef37aa1d69b7e96b64e410a141103bc361b231e5,00dbdb0a989a5f00,3,3,2,False,hardlink,hardlink
group_0026,train,20,/root/autodl-tmp/datasets/derived/construction_ppe3_canonical_v1_20260804_172437/images/all/train__image24.jpg,/root/autodl-tmp/datasets/derived/construction_ppe3_canonical_v1_20260804_172437/labels/all/train__image24.txt,/root/autodl-tmp/datasets/sources/construction-ppe_ultralytics_2025_v1/images/train/image24.jpg,train,24,1,e2cbeb41fc44b5f234b0d3d3da7b44e570cec6b3eddde84f358a99c57460cc00,05030312920f0e0e,1,1,1,False,hardlink,hardlink
group_0026,train,20,/root/autodl-tmp/datasets/derived/construction_ppe3_canonical_v1_20260804_172437/images/all/train__image25.jpeg,/root/autodl-tmp/datasets/derived/construction_ppe3_canonical_v1_20260804_172437/labels/all/train__image25.txt,/root/autodl-tmp/datasets/sources/construction-ppe_ultralytics_2025_v1/images/train/image25.jpeg,train,25,1,d2114c65ef3d642442677e49f0d05f84d02a9b54de6d6514fb1fc13ea8f9092d,003f969899c2eb00,5,5,5,False,hardlink,hardlink
group_0026,train,20,/root/autodl-tmp/datasets/derived/construction_ppe3_canonical_v1_20260804_172437/images/all/train__image26.jpeg,/root/autodl-tmp/datasets/derived/construction_ppe3_canonical_v1_20260804_172437/labels/all/train__image26.txt,/root/autodl-tmp/datasets/sources/construction-ppe_ultralytics_2025_v1/images/train/image26.jpeg,train,26,1,35ea1d6375a25396d1c56f268112f356af58adb7f78f00ef4b2435e50bb09dc2,00e64bf4e5e5c800,6,6,7,False,hardlink,hardlink
group_0026,train,20,/root/autodl-tmp/datasets/derived/construction_ppe3_canonical_v1_20260804_172437/images/all/train__image28.jpeg,/root/autodl-tmp/datasets/derived/construction_ppe3_canonical_v1_20260804_172437/labels/all/train__image28.txt,/root/autodl-tmp/datasets/sources/construction-ppe_ultralytics_2025_v1/images/train/image28.jpeg,train,28,1,df7d5e3ff937989c1d0b03c4001d1fe53c4f32f5d89d0a6a816d6fab5a397482,00f4c492caced800,2,2,2,False,hardlink,hardlink
group_0026,train,20,/root/autodl-tmp/datasets/derived/construction_ppe3_canonical_v1_20260804_172437/images/all/train__image29.jpeg,/root/autodl-tmp/datasets/derived/construction_ppe3_canonical_v1_20260804_172437/labels/all/train__image29.txt,/root/autodl-tmp/datasets/sources/construction-ppe_ultralytics_2025_v1/images/train/image29.jpeg,train,29,1,aa13f615ec4a2e31f2bf9db5dcd655fbc157bfbbac6a9111f24862aaa150351b,00f1b1f9f06aea00,1,1,1,False,hardlink,hardlink
group_0026,train,20,/root/autodl-tmp/datasets/derived/construction_ppe3_canonical_v1_20260804_172437/images/all/train__image30.jpeg,/root/autodl-tmp/datasets/derived/construction_ppe3_canonical_v1_20260804_172437/labels/all/train__image30.txt,/root/autodl-tmp/datasets/sources/construction-ppe_ultralytics_2025_v1/images/train/image30.jpeg,train,30,1,dbb5c5eb5d42eadaeebf79c39cb622d89551fd8ae351a86b5236a40d1380e396,00bc5ecfc7f6b800,1,1,1,False,hardlink,hardlink
group_0026,train,20,/root/autodl-tmp/datasets/derived/construction_ppe3_canonical_v1_20260804_172437/images/all/train__image32.jpeg,/root/autodl-tmp/datasets/derived/construction_ppe3_canonical_v1_20260804_172437/labels/all/train__image32.txt,/root/autodl-tmp/datasets/sources/construction-ppe_ultralytics_2025_v1/images/train/image32.jpeg,train,32,1,bb652fe3f598ba9503e0c5cec5fa9022d82d7ea49b24bf09aab3f4a5e9e410a4,00d8d0e6c6ce4c00,1,1,1,False,hardlink,hardlink
group_0026,train,20,/root/autodl-tmp/datasets/derived/construction_ppe3_canonical_v1_20260804_172437/images/all/train__image33.jpg,/root/autodl-tmp/datasets/derived/construction_ppe3_canonical_v1_20260804_172437/labels/all/train__image33.txt,/root/autodl-tmp/datasets/sources/construction-ppe_ultralytics_2025_v1/images/train/image33.jpg,train,33,1,63a86f919d30d4c2cd591181b14b22cf70e96a4cf28143e4fcaf0fc1647e0ba1,01030b1a9a0f0e0e,1,1,1,False,hardlink,hardlink
group_0026,train,20,/root/autodl-tmp/datasets/derived/construction_ppe3_canonical_v1_20260804_172437/images/all/train__image34.jpeg,/root/autodl-tmp/datasets/derived/construction_ppe3_canonical_v1_20260804_172437/labels/all/train__image34.txt,/root/autodl-tmp/datasets/sources/construction-ppe_ultralytics_2025_v1/images/train/image34.jpeg,train,34,1,ad5b1c972c512f45ec7a761d242b506bf91466c58ed20bcacdc14a8ded62e5af,d0e0e4e4e0e0e4e4,2,2,1,False,hardlink,hardlink
group_0026,train,20,/root/autodl-tmp/datasets/derived/construction_ppe3_canonical_v1_20260804_172437/images/all/train__image36.jpg,/root/autodl-tmp/datasets/derived/construction_ppe3_canonical_v1_20260804_172437/labels/all/train__image36.txt,/root/autodl-tmp/datasets/sources/construction-ppe_ultralytics_2025_v1/images/train/image36.jpg,train,36,1,07506210f32f04b19e55313d8483d7a6eea4f80a84cc9ed41f6a788eda7074e7,05031b1a8a07061e,1,1,1,False,hardlink,hardlink
group_0026,train,20,/root/autodl-tmp/datasets/derived/construction_ppe3_canonical_v1_20260804_172437/images/all/train__image37.jpeg,/root/autodl-tmp/datasets/derived/construction_ppe3_canonical_v1_20260804_172437/labels/all/train__image37.txt,/root/autodl-tmp/datasets/sources/construction-ppe_ultralytics_2025_v1/images/train/image37.jpeg,train,37,1,a3fe6ea30d5a588a195b51e02efcb885989dcda0b56abbaa0894c9ae30a2baa0,003460e07272e600,2,2,0,False,hardlink,hardlink
group_0026,train,20,/root/autodl-tmp/datasets/derived/construction_ppe3_canonical_v1_20260804_172437/images/all/train__image38.jpg,/root/autodl-tmp/datasets/derived/construction_ppe3_canonical_v1_20260804_172437/labels/all/train__image38.txt,/root/autodl-tmp/datasets/sources/construction-ppe_ultralytics_2025_v1/images/train/image38.jpg,train,38,1,3c6853995df2eb3d13f658793ced154c1dbc130be77c1a83ed81169d671aae40,00d8e4c519294c00,1,1,1,False,hardlink,hardlink
group_0026,train,20,/root/autodl-tmp/datasets/derived/construction_ppe3_canonical_v1_20260804_172437/images/all/train__image39.jpeg,/root/autodl-tmp/datasets/derived/construction_ppe3_canonical_v1_20260804_172437/labels/all/train__image39.txt,/root/autodl-tmp/datasets/sources/construction-ppe_ultralytics_2025_v1/images/train/image39.jpeg,train,39,1,3d52a186b282f8ec83ada73553e6285e9ada0c37f885d7b4124e94c3572e6b2f,104d4c141113fc00,1,0,1,False,hardlink,hardlink
group_0026,train,20,/root/autodl-tmp/datasets/derived/construction_ppe3_canonical_v1_20260804_172437/images/all/val__image23.jpeg,/root/autodl-tmp/datasets/derived/construction_ppe3_canonical_v1_20260804_172437/labels/all/val__image23.txt,/root/autodl-tmp/datasets/sources/construction-ppe_ultralytics_2025_v1/images/val/image23.jpeg,val,23,1,bf766e8092d8cf03584a0eb01c5ff8a806ee92715bb3f4ccb6a03f36750f9d6b,83a3a3a3a7a69898,0,1,3,False,hardlink,hardlink
group_0026,train,20,/root/autodl-tmp/datasets/derived/construction_ppe3_canonical_v1_20260804_172437/images/all/val__image27.jpeg,/root/autodl-tmp/datasets/derived/construction_ppe3_canonical_v1_20260804_172437/labels/all/val__image27.txt,/root/autodl-tmp/datasets/sources/construction-ppe_ultralytics_2025_v1/images/val/image27.jpeg,val,27,1,3746c24a3b12857bba34521e2924960a22987016f7029eb4fd69f71dfc344cc1,01402010ccc7f100,1,1,1,False,hardlink,hardlink
group_0026,train,20,/root/autodl-tmp/datasets/derived/construction_ppe3_canonical_v1_20260804_172437/images/all/val__image31.jpg,/root/autodl-tmp/datasets/derived/construction_ppe3_canonical_v1_20260804_172437/labels/all/val__image31.txt,/root/autodl-tmp/datasets/sources/construction-ppe_ultralytics_2025_v1/images/val/image31.jpg,val,31,1,00e9401eda62de8029f39a1bb9db73e3d08174cd100d71f3a9da192914cbea73,05030b1a9a0f0e0e,1,1,1,False,hardlink,hardlink
group_0026,train,20,/root/autodl-tmp/datasets/derived/construction_ppe3_canonical_v1_20260804_172437/images/all/val__image35.jpeg,/root/autodl-tmp/datasets/derived/construction_ppe3_canonical_v1_20260804_172437/labels/all/val__image35.txt,/root/autodl-tmp/datasets/sources/construction-ppe_ultralytics_2025_v1/images/val/image35.jpeg,val,35,1,8ced7c69304fc46a6e2fdfd3c06e3472292c94744aa30b89d1c1c0db07623399,0075d3d8dac84900,1,1,0,False,hardlink,hardlink
group_0027,train,20,/root/autodl-tmp/datasets/derived/construction_ppe3_canonical_v1_20260804_172437/images/all/train__image200.jpg,/root/autodl-tmp/datasets/derived/construction_ppe3_canonical_v1_20260804_172437/labels/all/train__image200.txt,/root/autodl-tmp/datasets/sources/construction-ppe_ultralytics_2025_v1/images/train/image200.jpg,train,200,10,9784cd345ff8a33348ba937277b10da4c8253fc33923f4194ea843488dc8dc76,42636b3617cb0f00,2,1,1,False,hardlink,hardlink
group_0027,train,20,/root/autodl-tmp/datasets/derived/construction_ppe3_canonical_v1_20260804_172437/images/all/train__image201.jpg,/root/autodl-tmp/datasets/derived/construction_ppe3_canonical_v1_20260804_172437/labels/all/train__image201.txt,/root/autodl-tmp/datasets/sources/construction-ppe_ultralytics_2025_v1/images/train/image201.jpg,train,201,10,2a55cd9eb6889548f74dba9ec09cebc38c0cd8c988e7b2b096216d857d4650e9,b89ad2532533a1a4,6,3,1,False,hardlink,hardlink
group_0027,train,20,/root/autodl-tmp/datasets/derived/construction_ppe3_canonical_v1_20260804_172437/images/all/train__image203.jpg,/root/autodl-tmp/datasets/derived/construction_ppe3_canonical_v1_20260804_172437/labels/all/train__image203.txt,/root/autodl-tmp/datasets/sources/construction-ppe_ultralytics_2025_v1/images/train/image203.jpg,train,203,10,5acd2f22995c12c41270776cc0a97a657c3d7ec8e0520deefdd445a0888b1f89,e494cd51d40c66e6,4,2,2,False,hardlink,hardlink
group_0027,train,20,/root/autodl-tmp/datasets/derived/construction_ppe3_canonical_v1_20260804_172437/images/all/train__image204.jpg,/root/autodl-tmp/datasets/derived/construction_ppe3_canonical_v1_20260804_172437/labels/all/train__image204.txt,/root/autodl-tmp/datasets/sources/construction-ppe_ultralytics_2025_v1/images/train/image204.jpg,train,204,10,48698264c6f0e7854c3bee8a80a73b2427ec24758917c6435c9ea9d3ddcc11ef,0505060e8e0b0616,2,1,1,False,hardlink,hardlink
group_0027,train,20,/root/autodl-tmp/datasets/derived/construction_ppe3_canonical_v1_20260804_172437/images/all/train__image205.jpg,/root/autodl-tmp/datasets/derived/construction_ppe3_canonical_v1_20260804_172437/labels/all/train__image205.txt,/root/autodl-tmp/datasets/sources/construction-ppe_ultralytics_2025_v1/images/train/image205.jpg,train,205,10,e01d2749e065a3dc4682db6d66e95efa8026dedeb3a750dfb08f20d618cf4211,d4a4bd670f3938f0,2,1,1,False,hardlink,hardlink
group_0027,train,20,/root/autodl-tmp/datasets/derived/construction_ppe3_canonical_v1_20260804_172437/images/all/train__image206.jpg,/root/autodl-tmp/datasets/derived/construction_ppe3_canonical_v1_20260804_172437/labels/all/train__image206.txt,/root/autodl-tmp/datasets/sources/construction-ppe_ultralytics_2025_v1/images/train/image206.jpg,train,206,10,36f1d00a1ec522847252c8a7420cc97ea7d03aac57522c5c2595adeaad9a471b,60b6a5e42d6b6aae,8,4,4,False,hardlink,hardlink
group_0027,train,20,/root/autodl-tmp/datasets/derived/construction_ppe3_canonical_v1_20260804_172437/images/all/train__image208.jpeg,/root/autodl-tmp/datasets/derived/construction_ppe3_canonical_v1_20260804_172437/labels/all/train__image208.txt,/root/autodl-tmp/datasets/sources/construction-ppe_ultralytics_2025_v1/images/train/image208.jpeg,train,208,10,7cf2ae48d3df51aeab6b4f7fb8aa2ce19bbb8ce5208029032755fb9f0e942450,c0b4ace8b0b6cccc,2,1,1,False,hardlink,hardlink
group_0027,train,20,/root/autodl-tmp/datasets/derived/construction_ppe3_canonical_v1_20260804_172437/images/all/train__image209.jpg,/root/autodl-tmp/datasets/derived/construction_ppe3_canonical_v1_20260804_172437/labels/all/train__image209.txt,/root/autodl-tmp/datasets/sources/construction-ppe_ultralytics_2025_v1/images/train/image209.jpg,train,209,10,2e1df1c7e0c480d3f78cb6f68b656357a04c0f3ce7b1fb2ac4e3210f9fff7121,838098181b82f23e,2,1,1,False,hardlink,hardlink
group_0027,train,20,/root/autodl-tmp/datasets/derived/construction_ppe3_canonical_v1_20260804_172437/images/all/train__image210.jpg,/root/autodl-tmp/datasets/derived/construction_ppe3_canonical_v1_20260804_172437/labels/all/train__image210.txt,/root/autodl-tmp/datasets/sources/construction-ppe_ultralytics_2025_v1/images/train/image210.jpg,train,210,10,2af8806a1198512af41beb9b399c17c29b63105c88adc9a540f98a75e630220a,b175268611a520e2,1,1,1,False,hardlink,hardlink
group_0027,train,20,/root/autodl-tmp/datasets/derived/construction_ppe3_canonical_v1_20260804_172437/images/all/train__image211.jpeg,/root/autodl-tmp/datasets/derived/construction_ppe3_canonical_v1_20260804_172437/labels/all/train__image211.txt,/root/autodl-tmp/datasets/sources/construction-ppe_ultralytics_2025_v1/images/train/image211.jpeg,train,211,10,4a02d16da7da2c58f5718cb265649b28fea17fe8cde96a97d072e0f9cd96fac3,f8d8d8e6c6c8e871,1,1,1,False,hardlink,hardlink
group_0027,train,20,/root/autodl-tmp/datasets/derived/construction_ppe3_canonical_v1_20260804_172437/images/all/train__image213.jpg,/root/autodl-tmp/datasets/derived/construction_ppe3_canonical_v1_20260804_172437/labels/all/train__image213.txt,/root/autodl-tmp/datasets/sources/construction-ppe_ultralytics_2025_v1/images/train/image213.jpg,train,213,10,1616515a874f31dc5c4e65077c7d247819b64dc6bb7f922ef6794bfc5c04e789,be8bd1132d484ada,1,0,1,False,hardlink,hardlink
group_0027,train,20,/root/autodl-tmp/datasets/derived/construction_ppe3_canonical_v1_20260804_172437/images/all/train__image214.jpeg,/root/autodl-tmp/datasets/derived/construction_ppe3_canonical_v1_20260804_172437/labels/all/train__image214.txt,/root/autodl-tmp/datasets/sources/construction-ppe_ultralytics_2025_v1/images/train/image214.jpeg,train,214,10,fc02af499b02d77ec112933ae5e737e02f3fbdec19be0d3a30afc5975f541d5d,f29089808adbe2a0,1,0,1,False,hardlink,hardlink
group_0027,train,20,/root/autodl-tmp/datasets/derived/construction_ppe3_canonical_v1_20260804_172437/images/all/train__image215.jpeg,/root/autodl-tmp/datasets/derived/construction_ppe3_canonical_v1_20260804_172437/labels/all/train__image215.txt,/root/autodl-tmp/datasets/sources/construction-ppe_ultralytics_2025_v1/images/train/image215.jpeg,train,215,10,303e8864857527bc778c37eb4074292ff3bbed55c26d509265b68fee8773b58b,00e66645d4b42900,1,0,1,False,hardlink,hardlink
group_0027,train,20,/root/autodl-tmp/datasets/derived/construction_ppe3_canonical_v1_20260804_172437/images/all/train__image216.jpg,/root/autodl-tmp/datasets/derived/construction_ppe3_canonical_v1_20260804_172437/labels/all/train__image216.txt,/root/autodl-tmp/datasets/sources/construction-ppe_ultralytics_2025_v1/images/train/image216.jpg,train,216,10,bc5367d3eac2e3c61c696a20badaea8469c3ba3c5d56044d8040cff7c39c3b4a,00003ed6f7e8fc0e,1,1,1,False,hardlink,hardlink
group_0027,train,20,/root/autodl-tmp/datasets/derived/construction_ppe3_canonical_v1_20260804_172437/images/all/train__image217.jpg,/root/autodl-tmp/datasets/derived/construction_ppe3_canonical_v1_20260804_172437/labels/all/train__image217.txt,/root/autodl-tmp/datasets/sources/construction-ppe_ultralytics_2025_v1/images/train/image217.jpg,train,217,10,77befcad5d99e7867439bcc947de9128c78064562cb7b601849042554b3ad878,3989887393936373,1,1,1,False,hardlink,hardlink
group_0027,train,20,/root/autodl-tmp/datasets/derived/construction_ppe3_canonical_v1_20260804_172437/images/all/train__image218.jpg,/root/autodl-tmp/datasets/derived/construction_ppe3_canonical_v1_20260804_172437/labels/all/train__image218.txt,/root/autodl-tmp/datasets/sources/construction-ppe_ultralytics_2025_v1/images/train/image218.jpg,train,218,10,4f673261ffdbac3f9f094df7a21db8e4d47f56ee85f764e0fc87d89f9479d980,e2d05362b38c8fe6,1,1,1,False,hardlink,hardlink
group_0027,train,20,/root/autodl-tmp/datasets/derived/construction_ppe3_canonical_v1_20260804_172437/images/all/train__image219.jpg,/root/autodl-tmp/datasets/derived/construction_ppe3_canonical_v1_20260804_172437/labels/all/train__image219.txt,/root/autodl-tmp/datasets/sources/construction-ppe_ultralytics_2025_v1/images/train/image219.jpg,train,219,10,7f2a62e6b246b48188cf07ee785a093d1603a54202910866ebc30d0a4093c79e,b03c2d333198baba,1,1,1,False,hardlink,hardlink
group_0027,train,20,/root/autodl-tmp/datasets/derived/construction_ppe3_canonical_v1_20260804_172437/images/all/val__image202.jpg,/root/autodl-tmp/datasets/derived/construction_ppe3_canonical_v1_20260804_172437/labels/all/val__image202.txt,/root/autodl-tmp/datasets/sources/construction-ppe_ultralytics_2025_v1/images/val/image202.jpg,val,202,10,f8ce3ffefb3a57cc82ac294361b1eb5f064899a94787e32cbcf41d569058bd92,80242da9a9283636,6,3,3,False,hardlink,hardlink
group_0027,train,20,/root/autodl-tmp/datasets/derived/construction_ppe3_canonical_v1_20260804_172437/images/all/val__image212.jpg,/root/autodl-tmp/datasets/derived/construction_ppe3_canonical_v1_20260804_172437/labels/all/val__image212.txt,/root/autodl-tmp/datasets/sources/construction-ppe_ultralytics_2025_v1/images/val/image212.jpg,val,212,10,bee046863836454905411bf9623a721720fb9d9d53df68f31f4ac6cfc094e8bd,84989696bccae41e,3,3,3,False,hardlink,hardlink
group_0027,train,20,/root/autodl-tmp/datasets/derived/construction_ppe3_canonical_v1_20260804_172437/images/all/test__image207.jpg,/root/autodl-tmp/datasets/derived/construction_ppe3_canonical_v1_20260804_172437/labels/all/test__image207.txt,/root/autodl-tmp/datasets/sources/construction-ppe_ultralytics_2025_v1/images/test/image207.jpg,test,207,10,79c93d7f1268ff9c73efdc4c9fb3206a40a6bcc5eae8e46d734d389b65683f07,e7643c4916c484ee,2,1,1,False,hardlink,hardlink
group_0028,train,20,/root/autodl-tmp/datasets/derived/construction_ppe3_canonical_v1_20260804_172437/images/all/train__image220.jpg,/root/autodl-tmp/datasets/derived/construction_ppe3_canonical_v1_20260804_172437/labels/all/train__image220.txt,/root/autodl-tmp/datasets/sources/construction-ppe_ultralytics_2025_v1/images/train/image220.jpg,train,220,11,dbab91111bb0974a14b300a4f382f2780cd6544fd2a579e53f1fbe8eb3f194ed,040780ff770bc8f6,1,1,1,False,hardlink,hardlink
group_0028,train,20,/root/autodl-tmp/datasets/derived/construction_ppe3_canonical_v1_20260804_172437/images/all/train__image221.jpg,/root/autodl-tmp/datasets/derived/construction_ppe3_canonical_v1_20260804_172437/labels/all/train__image221.txt,/root/autodl-tmp/datasets/sources/construction-ppe_ultralytics_2025_v1/images/train/image221.jpg,train,221,11,3a3e4f80dc25ce14f31f54dd87f0f902b8f750b7a01d5fed247747bc86c12952,a3f37377f8672dfe,1,1,1,False,hardlink,hardlink
group_0028,train,20,/root/autodl-tmp/datasets/derived/construction_ppe3_canonical_v1_20260804_172437/images/all/train__image222.jpg,/root/autodl-tmp/datasets/derived/construction_ppe3_canonical_v1_20260804_172437/labels/all/train__image222.txt,/root/autodl-tmp/datasets/sources/construction-ppe_ultralytics_2025_v1/images/train/image222.jpg,train,222,11,6cc4847a2287daa148c55d0f757c0cdebfdc97bd5e3c4172cebfe524346cc8ab,aa19391a61a3a9e4,4,4,4,False,hardlink,hardlink
group_0028,train,20,/root/autodl-tmp/datasets/derived/construction_ppe3_canonical_v1_20260804_172437/images/all/train__image223.jpg,/root/autodl-tmp/datasets/derived/construction_ppe3_canonical_v1_20260804_172437/labels/all/train__image223.txt,/root/autodl-tmp/datasets/sources/construction-ppe_ultralytics_2025_v1/images/train/image223.jpg,train,223,11,e1bc70affa3f70cb5483128ac54b6a19656b1d4689f74d7dfc34af9200987a8d,46f63024d2d7e5e1,1,0,1,False,hardlink,hardlink
group_0028,train,20,/root/autodl-tmp/datasets/derived/construction_ppe3_canonical_v1_20260804_172437/images/all/train__image224.jpg,/root/autodl-tmp/datasets/derived/construction_ppe3_canonical_v1_20260804_172437/labels/all/train__image224.txt,/root/autodl-tmp/datasets/sources/construction-ppe_ultralytics_2025_v1/images/train/image224.jpg,train,224,11,9be1f070d8fafd2ecb28f07298afa55e01a23d0b9a2fff62a8c249a1651b93f4,90515a9c2e383838,1,1,1,False,hardlink,hardlink
group_0028,train,20,/root/autodl-tmp/datasets/derived/construction_ppe3_canonical_v1_20260804_172437/images/all/train__image226.jpg,/root/autodl-tmp/datasets/derived/construction_ppe3_canonical_v1_20260804_172437/labels/all/train__image226.txt,/root/autodl-tmp/datasets/sources/construction-ppe_ultralytics_2025_v1/images/train/image226.jpg,train,226,11,1a63729a41c4a9a2aa3c89741fc7cbe68bc4d5bccd63b321e17f61577cc943f2,008b9b9bee8f8400,5,6,5,False,hardlink,hardlink
group_0028,train,20,/root/autodl-tmp/datasets/derived/construction_ppe3_canonical_v1_20260804_172437/images/all/train__image227.jpg,/root/autodl-tmp/datasets/derived/construction_ppe3_canonical_v1_20260804_172437/labels/all/train__image227.txt,/root/autodl-tmp/datasets/sources/construction-ppe_ultralytics_2025_v1/images/train/image227.jpg,train,227,11,1948e5db9eaecd1dd4903f0bcf73a959f8946243284d917b92027c28a6a88b31,9cdc8c890c1430b0,1,1,1,False,hardlink,hardlink
group_0028,train,20,/root/autodl-tmp/datasets/derived/construction_ppe3_canonical_v1_20260804_172437/images/all/train__image228.jpg,/root/autodl-tmp/datasets/derived/construction_ppe3_canonical_v1_20260804_172437/labels/all/train__image228.txt,/root/autodl-tmp/datasets/sources/construction-ppe_ultralytics_2025_v1/images/train/image228.jpg,train,228,11,16cc871df43a7074b5db353058bc4b64adbf726bdb16f9565177e735c05046b9,aeaa9f0d7430b0e8,1,0,1,False,hardlink,hardlink
group_0028,train,20,/root/autodl-tmp/datasets/derived/construction_ppe3_canonical_v1_20260804_172437/images/all/train__image229.jpg,/root/autodl-tmp/datasets/derived/construction_ppe3_canonical_v1_20260804_172437/labels/all/train__image229.txt,/root/autodl-tmp/datasets/sources/construction-ppe_ultralytics_2025_v1/images/train/image229.jpg,train,229,11,22fc967f03c0beefd48739783aadc3facc7b843caa075dff8455c1a9e317b419,9cdc059434381970,1,0,1,False,hardlink,hardlink
group_0028,train,20,/root/autodl-tmp/datasets/derived/construction_ppe3_canonical_v1_20260804_172437/images/all/train__image232.jpg,/root/autodl-tmp/datasets/derived/construction_ppe3_canonical_v1_20260804_172437/labels/all/train__image232.txt,/root/autodl-tmp/datasets/sources/construction-ppe_ultralytics_2025_v1/images/train/image232.jpg,train,232,11,dea53620c0419a331fdab04688b9f947e91e83b918c8fa074c6b70e53e3c7521,28761b49b4bdb9f0,1,1,1,False,hardlink,hardlink
group_0028,train,20,/root/autodl-tmp/datasets/derived/construction_ppe3_canonical_v1_20260804_172437/images/all/train__image233.jpg,/root/autodl-tmp/datasets/derived/construction_ppe3_canonical_v1_20260804_172437/labels/all/train__image233.txt,/root/autodl-tmp/datasets/sources/construction-ppe_ultralytics_2025_v1/images/train/image233.jpg,train,233,11,a736f5cc3dac0769a9f17bae709e5d9d8b6aed111febc680fd45f88e28053b69,7c48f89aa4ccd8bc,1,1,1,False,hardlink,hardlink
group_0028,train,20,/root/autodl-tmp/datasets/derived/construction_ppe3_canonical_v1_20260804_172437/images/all/train__image234.jpg,/root/autodl-tmp/datasets/derived/construction_ppe3_canonical_v1_20260804_172437/labels/all/train__image234.txt,/root/autodl-tmp/datasets/sources/construction-ppe_ultralytics_2025_v1/images/train/image234.jpg,train,234,11,25c36ebce51f965157594e414f65fef48476819357f39fcbbbf0788014241c13,7878f29994349993,1,1,1,False,hardlink,hardlink
group_0028,train,20,/root/autodl-tmp/datasets/derived/construction_ppe3_canonical_v1_20260804_172437/images/all/train__image235.jpg,/root/autodl-tmp/datasets/derived/construction_ppe3_canonical_v1_20260804_172437/labels/all/train__image235.txt,/root/autodl-tmp/datasets/sources/construction-ppe_ultralytics_2025_v1/images/train/image235.jpg,train,235,11,7390896ef70b4841b08288a2b827533c331f2073260097b5d98681f7dd12f2fa,a21f1f8defe686a8,1,1,1,False,hardlink,hardlink
group_0028,train,20,/root/autodl-tmp/datasets/derived/construction_ppe3_canonical_v1_20260804_172437/images/all/train__image236.jpg,/root/autodl-tmp/datasets/derived/construction_ppe3_canonical_v1_20260804_172437/labels/all/train__image236.txt,/root/autodl-tmp/datasets/sources/construction-ppe_ultralytics_2025_v1/images/train/image236.jpg,train,236,11,0a03504dcd0c5341cbe7248942bd3f084e59f9bf14ef3f8ca3ce2bf07507de2b,f01687044c4c0af4,1,1,1,False,hardlink,hardlink
group_0028,train,20,/root/autodl-tmp/datasets/derived/construction_ppe3_canonical_v1_20260804_172437/images/all/train__image237.jpg,/root/autodl-tmp/datasets/derived/construction_ppe3_canonical_v1_20260804_172437/labels/all/train__image237.txt,/root/autodl-tmp/datasets/sources/construction-ppe_ultralytics_2025_v1/images/train/image237.jpg,train,237,11,6b49156c27c0fb8628c9dbb0eeb5f4e6be904b71ee5cd445f7b0f24dffe151a7,bb83a286a4ac0cac,1,1,1,False,hardlink,hardlink
group_0028,train,20,/root/autodl-tmp/datasets/derived/construction_ppe3_canonical_v1_20260804_172437/images/all/train__image239.jpg,/root/autodl-tmp/datasets/derived/construction_ppe3_canonical_v1_20260804_172437/labels/all/train__image239.txt,/root/autodl-tmp/datasets/sources/construction-ppe_ultralytics_2025_v1/images/train/image239.jpg,train,239,11,bc606c2211805b80f225257b41d67abd6877bf1f0bd1791573eddbb28e390352,fc1c9a9f4c4d4fb0,1,1,1,False,hardlink,hardlink
group_0028,train,20,/root/autodl-tmp/datasets/derived/construction_ppe3_canonical_v1_20260804_172437/images/all/val__image230.jpg,/root/autodl-tmp/datasets/derived/construction_ppe3_canonical_v1_20260804_172437/labels/all/val__image230.txt,/root/autodl-tmp/datasets/sources/construction-ppe_ultralytics_2025_v1/images/val/image230.jpg,val,230,11,79a77824ed74f7237f11a72054a97c418c938e62bb2ccd3572d468a7ad407fee,e031a34f871a9cac,1,1,1,False,hardlink,hardlink
group_0028,train,20,/root/autodl-tmp/datasets/derived/construction_ppe3_canonical_v1_20260804_172437/images/all/val__image238.jpg,/root/autodl-tmp/datasets/derived/construction_ppe3_canonical_v1_20260804_172437/labels/all/val__image238.txt,/root/autodl-tmp/datasets/sources/construction-ppe_ultralytics_2025_v1/images/val/image238.jpg,val,238,11,733c2457decd35871b226ccc88198eab38c462c8b16e6cbfd5c576410da90fb6,c6062f2f1f99ceec,1,1,1,False,hardlink,hardlink
group_0028,train,20,/root/autodl-tmp/datasets/derived/construction_ppe3_canonical_v1_20260804_172437/images/all/test__image225.jpg,/root/autodl-tmp/datasets/derived/construction_ppe3_canonical_v1_20260804_172437/labels/all/test__image225.txt,/root/autodl-tmp/datasets/sources/construction-ppe_ultralytics_2025_v1/images/test/image225.jpg,test,225,11,7a2994e48f0567402b6b1941a9c3ca5f43e991914f49453e07caeaf0960f6797,50515a1c1a1818b8,1,1,1,False,hardlink,hardlink
group_0028,train,20,/root/autodl-tmp/datasets/derived/construction_ppe3_canonical_v1_20260804_172437/images/all/test__image231.jpg,/root/autodl-tmp/datasets/derived/construction_ppe3_canonical_v1_20260804_172437/labels/all/test__image231.txt,/root/autodl-tmp/datasets/sources/construction-ppe_ultralytics_2025_v1/images/test/image231.jpg,test,231,11,b0f3010eead0c97684e5c74ea7a25a802813fa643aee68d3c6679124bbe187bd,f292044ad0c362e0,1,1,1,False,hardlink,hardlink
group_0029,train,20,/root/autodl-tmp/datasets/derived/construction_ppe3_canonical_v1_20260804_172437/images/all/train__image240.jpg,/root/autodl-tmp/datasets/derived/construction_ppe3_canonical_v1_20260804_172437/labels/all/train__image240.txt,/root/autodl-tmp/datasets/sources/construction-ppe_ultralytics_2025_v1/images/train/image240.jpg,train,240,12,20f94dd954bbd7fbbb103f2d05e881b611768bfd75df544a73a1a1912097ca04,dacdc7cfce260798,1,1,1,False,hardlink,hardlink
group_0029,train,20,/root/autodl-tmp/datasets/derived/construction_ppe3_canonical_v1_20260804_172437/images/all/train__image242.jpg,/root/autodl-tmp/datasets/derived/construction_ppe3_canonical_v1_20260804_172437/labels/all/train__image242.txt,/root/autodl-tmp/datasets/sources/construction-ppe_ultralytics_2025_v1/images/train/image242.jpg,train,242,12,6ab88cb6aa79ac7b50138d94dc5cea55951b6039744dd4170f6389d47202e434,d416160c9c9a9ee6,1,1,1,False,hardlink,hardlink
group_0029,train,20,/root/autodl-tmp/datasets/derived/construction_ppe3_canonical_v1_20260804_172437/images/all/train__image243.jpg,/root/autodl-tmp/datasets/derived/construction_ppe3_canonical_v1_20260804_172437/labels/all/train__image243.txt,/root/autodl-tmp/datasets/sources/construction-ppe_ultralytics_2025_v1/images/train/image243.jpg,train,243,12,7b54e59e3b140b1ae5e0c54f09c0d9befc54bba8b21043ec0dead0682f32b8d7,c02a3f5c989d9cc0,1,1,1,False,hardlink,hardlink
group_0029,train,20,/root/autodl-tmp/datasets/derived/construction_ppe3_canonical_v1_20260804_172437/images/all/train__image244.jpg,/root/autodl-tmp/datasets/derived/construction_ppe3_canonical_v1_20260804_172437/labels/all/train__image244.txt,/root/autodl-tmp/datasets/sources/construction-ppe_ultralytics_2025_v1/images/train/image244.jpg,train,244,12,dca444051469eec497eb1e550b5d169ab6a9cd7f95a3028176df52bf74a280ac,80f6c709068606ce,1,1,1,False,hardlink,hardlink
group_0029,train,20,/root/autodl-tmp/datasets/derived/construction_ppe3_canonical_v1_20260804_172437/images/all/train__image245.jpg,/root/autodl-tmp/datasets/derived/construction_ppe3_canonical_v1_20260804_172437/labels/all/train__image245.txt,/root/autodl-tmp/datasets/sources/construction-ppe_ultralytics_2025_v1/images/train/image245.jpg,train,245,12,7e8ba2c2066f7d8782cf8f533533cb1ce647f93c9ff307b5b19210ff5f150a45,b6070be6042d4d8c,1,1,1,False,hardlink,hardlink
group_0029,train,20,/root/autodl-tmp/datasets/derived/construction_ppe3_canonical_v1_20260804_172437/images/all/train__image246.jpg,/root/autodl-tmp/datasets/derived/construction_ppe3_canonical_v1_20260804_172437/labels/all/train__image246.txt,/root/autodl-tmp/datasets/sources/construction-ppe_ultralytics_2025_v1/images/train/image246.jpg,train,246,12,8edad3036eb595a94db68ff099e8148437ab212a3ac65021c3ec4b7fbfe6cfbd,f893834686246eca,1,1,1,False,hardlink,hardlink
group_0029,train,20,/root/autodl-tmp/datasets/derived/construction_ppe3_canonical_v1_20260804_172437/images/all/train__image247.jpg,/root/autodl-tmp/datasets/derived/construction_ppe3_canonical_v1_20260804_172437/labels/all/train__image247.txt,/root/autodl-tmp/datasets/sources/construction-ppe_ultralytics_2025_v1/images/train/image247.jpg,train,247,12,fa7f36434103c65f218b3fcc20c1cc5c20ddd9a1f24097ce3eb5efeb9f657c62,07030706860f1e1e,1,1,1,False,hardlink,hardlink
group_0029,train,20,/root/autodl-tmp/datasets/derived/construction_ppe3_canonical_v1_20260804_172437/images/all/train__image248.jpg,/root/autodl-tmp/datasets/derived/construction_ppe3_canonical_v1_20260804_172437/labels/all/train__image248.txt,/root/autodl-tmp/datasets/sources/construction-ppe_ultralytics_2025_v1/images/train/image248.jpg,train,248,12,d83425b0da6a50c92a8070c63f90ceb63a8167804b397772c35978c366e901a7,f07c6f0780c836b6,1,1,1,False,hardlink,hardlink
group_0029,train,20,/root/autodl-tmp/datasets/derived/construction_ppe3_canonical_v1_20260804_172437/images/all/train__image249.jpg,/root/autodl-tmp/datasets/derived/construction_ppe3_canonical_v1_20260804_172437/labels/all/train__image249.txt,/root/autodl-tmp/datasets/sources/construction-ppe_ultralytics_2025_v1/images/train/image249.jpg,train,249,12,0e85ea7dea70f8c8100a1a22931d79b28ede4c190f37d5eb663ebdaca867724e,c0001f1fecc5a9a8,1,1,1,False,hardlink,hardlink
group_0029,train,20,/root/autodl-tmp/datasets/derived/construction_ppe3_canonical_v1_20260804_172437/images/all/train__image250.jpg,/root/autodl-tmp/datasets/derived/construction_ppe3_canonical_v1_20260804_172437/labels/all/train__image250.txt,/root/autodl-tmp/datasets/sources/construction-ppe_ultralytics_2025_v1/images/train/image250.jpg,train,250,12,d275513d53cd97475c88aa677226720498dc580e49b7a0989997840d7ee3edae,e0000f4fe8865b8c,1,1,1,False,hardlink,hardlink
group_0029,train,20,/root/autodl-tmp/datasets/derived/construction_ppe3_canonical_v1_20260804_172437/images/all/train__image251.jpg,/root/autodl-tmp/datasets/derived/construction_ppe3_canonical_v1_20260804_172437/labels/all/train__image251.txt,/root/autodl-tmp/datasets/sources/construction-ppe_ultralytics_2025_v1/images/train/image251.jpg,train,251,12,73c7cd3c27d18621ffee775ec028e71e92adb455f5b5291e62c697dd2d8b5ef3,e0080cefec129388,1,1,1,False,hardlink,hardlink
group_0029,train,20,/root/autodl-tmp/datasets/derived/construction_ppe3_canonical_v1_20260804_172437/images/all/train__image252.jpg,/root/autodl-tmp/datasets/derived/construction_ppe3_canonical_v1_20260804_172437/labels/all/train__image252.txt,/root/autodl-tmp/datasets/sources/construction-ppe_ultralytics_2025_v1/images/train/image252.jpg,train,252,12,dcb8481c891e73ec2d59b66f7972adbf7bc934938ae394ff00b1614a37a2089f,f0f6276dcc620efa,1,1,1,False,hardlink,hardlink
group_0029,train,20,/root/autodl-tmp/datasets/derived/construction_ppe3_canonical_v1_20260804_172437/images/all/train__image254.jpg,/root/autodl-tmp/datasets/derived/construction_ppe3_canonical_v1_20260804_172437/labels/all/train__image254.txt,/root/autodl-tmp/datasets/sources/construction-ppe_ultralytics_2025_v1/images/train/image254.jpg,train,254,12,c38b9abc5db949a7345f5a88531e6efc8c8e5be1fe51e80ad227b258d804418c,800a1cc98c4e4ca2,1,1,1,False,hardlink,hardlink
group_0029,train,20,/root/autodl-tmp/datasets/derived/construction_ppe3_canonical_v1_20260804_172437/images/all/train__image255.jpg,/root/autodl-tmp/datasets/derived/construction_ppe3_canonical_v1_20260804_172437/labels/all/train__image255.txt,/root/autodl-tmp/datasets/sources/construction-ppe_ultralytics_2025_v1/images/train/image255.jpg,train,255,12,c16e9d584d628a470c5388677a915f0b69338696c53e701bbcc0d9197596195a,a0cf0d0c4c5a6864,1,1,1,False,hardlink,hardlink
group_0029,train,20,/root/autodl-tmp/datasets/derived/construction_ppe3_canonical_v1_20260804_172437/images/all/train__image256.jpg,/root/autodl-tmp/datasets/derived/construction_ppe3_canonical_v1_20260804_172437/labels/all/train__image256.txt,/root/autodl-tmp/datasets/sources/construction-ppe_ultralytics_2025_v1/images/train/image256.jpg,train,256,12,57eec2444f6d95664ec5014f8afce11b935b536cbc5609fc7cdcc7946fc0a29f,e0cf9dd8d81d9932,1,1,1,False,hardlink,hardlink
group_0029,train,20,/root/autodl-tmp/datasets/derived/construction_ppe3_canonical_v1_20260804_172437/images/all/train__image258.jpg,/root/autodl-tmp/datasets/derived/construction_ppe3_canonical_v1_20260804_172437/labels/all/train__image258.txt,/root/autodl-tmp/datasets/sources/construction-ppe_ultralytics_2025_v1/images/train/image258.jpg,train,258,12,59a49bdc8717b62549ccff97364f2b93029665e7d7d2d63477f5243360f82c68,ec1717151c189ee6,1,1,1,False,hardlink,hardlink
group_0029,train,20,/root/autodl-tmp/datasets/derived/construction_ppe3_canonical_v1_20260804_172437/images/all/val__image253.jpg,/root/autodl-tmp/datasets/derived/construction_ppe3_canonical_v1_20260804_172437/labels/all/val__image253.txt,/root/autodl-tmp/datasets/sources/construction-ppe_ultralytics_2025_v1/images/val/image253.jpg,val,253,12,268e194263fc7327fb937b45ee13567a0994e4475feedf4c90f31ed8637dabe9,c0180dcd8cccaeb0,1,1,1,False,hardlink,hardlink
group_0029,train,20,/root/autodl-tmp/datasets/derived/construction_ppe3_canonical_v1_20260804_172437/images/all/val__image259.jpg,/root/autodl-tmp/datasets/derived/construction_ppe3_canonical_v1_20260804_172437/labels/all/val__image259.txt,/root/autodl-tmp/datasets/sources/construction-ppe_ultralytics_2025_v1/images/val/image259.jpg,val,259,12,26519faba73104443f3aca08803e659ea718537d832924cb823c03592d0b5886,a78703068e4c8dcd,1,1,1,False,hardlink,hardlink
group_0029,train,20,/root/autodl-tmp/datasets/derived/construction_ppe3_canonical_v1_20260804_172437/images/all/test__image241.jpg,/root/autodl-tmp/datasets/derived/construction_ppe3_canonical_v1_20260804_172437/labels/all/test__image241.txt,/root/autodl-tmp/datasets/sources/construction-ppe_ultralytics_2025_v1/images/test/image241.jpg,test,241,12,7ff8a9fe6423124551f96a2f8230aceace49d2198609a031169075ebea0ed722,585a3d9d1c9a9b1a,1,1,1,False,hardlink,hardlink
group_0029,train,20,/root/autodl-tmp/datasets/derived/construction_ppe3_canonical_v1_20260804_172437/images/all/test__image257.jpg,/root/autodl-tmp/datasets/derived/construction_ppe3_canonical_v1_20260804_172437/labels/all/test__image257.txt,/root/autodl-tmp/datasets/sources/construction-ppe_ultralytics_2025_v1/images/test/image257.jpg,test,257,12,84aba63c6f77747e84a12b250127eee7838e76aec251f5dde884c1b78960fbdf,cdee87840fc81ee2,1,1,1,False,hardlink,hardlink
group_0030,val,20,/root/autodl-tmp/datasets/derived/construction_ppe3_canonical_v1_20260804_172437/images/all/train__image260.jpg,/root/autodl-tmp/datasets/derived/construction_ppe3_canonical_v1_20260804_172437/labels/all/train__image260.txt,/root/autodl-tmp/datasets/sources/construction-ppe_ultralytics_2025_v1/images/train/image260.jpg,train,260,13,9b06397f019d7a0efe2543ddb66462d3927990531023addedbfceee68bac7973,d8ce8b99181c2aac,1,1,1,False,hardlink,hardlink
group_0030,val,20,/root/autodl-tmp/datasets/derived/construction_ppe3_canonical_v1_20260804_172437/images/all/train__image261.jpg,/root/autodl-tmp/datasets/derived/construction_ppe3_canonical_v1_20260804_172437/labels/all/train__image261.txt,/root/autodl-tmp/datasets/sources/construction-ppe_ultralytics_2025_v1/images/train/image261.jpg,train,261,13,7e0cbb7e8eb75af4021cfbdcb4ad19761fd5e99dd6544b43cb9a6463daa4a3d4,e88786164e0706c8,1,1,1,False,hardlink,hardlink
group_0030,val,20,/root/autodl-tmp/datasets/derived/construction_ppe3_canonical_v1_20260804_172437/images/all/train__image262.jpg,/root/autodl-tmp/datasets/derived/construction_ppe3_canonical_v1_20260804_172437/labels/all/train__image262.txt,/root/autodl-tmp/datasets/sources/construction-ppe_ultralytics_2025_v1/images/train/image262.jpg,train,262,13,d6d970655a7e37f826f55f1e32903096fb83085fdafbf2202aaf695b05d8376f,c747160e0c0d2522,1,1,1,False,hardlink,hardlink
group_0030,val,20,/root/autodl-tmp/datasets/derived/construction_ppe3_canonical_v1_20260804_172437/images/all/train__image263.jpg,/root/autodl-tmp/datasets/derived/construction_ppe3_canonical_v1_20260804_172437/labels/all/train__image263.txt,/root/autodl-tmp/datasets/sources/construction-ppe_ultralytics_2025_v1/images/train/image263.jpg,train,263,13,c4505dd0fded11c9f71a085e58a7b45dc9dbe0470d90ccc71bbb90b4393e51cb,669e1e1c9a1a1cec,1,1,1,False,hardlink,hardlink
group_0030,val,20,/root/autodl-tmp/datasets/derived/construction_ppe3_canonical_v1_20260804_172437/images/all/train__image264.jpg,/root/autodl-tmp/datasets/derived/construction_ppe3_canonical_v1_20260804_172437/labels/all/train__image264.txt,/root/autodl-tmp/datasets/sources/construction-ppe_ultralytics_2025_v1/images/train/image264.jpg,train,264,13,c5359fdc3569725eace21d5aae5b0d1e2b6b03f24eeb4c2e38f750bcfc57e4ff,a69793964d8e0ee6,1,1,1,False,hardlink,hardlink
group_0030,val,20,/root/autodl-tmp/datasets/derived/construction_ppe3_canonical_v1_20260804_172437/images/all/train__image265.jpg,/root/autodl-tmp/datasets/derived/construction_ppe3_canonical_v1_20260804_172437/labels/all/train__image265.txt,/root/autodl-tmp/datasets/sources/construction-ppe_ultralytics_2025_v1/images/train/image265.jpg,train,265,13,c52a84e49180160084c04249022b7f9f18a787afa7fa50e4ddd25c54e93e3413,b097131b9e8c2bcc,1,1,1,False,hardlink,hardlink
group_0030,val,20,/root/autodl-tmp/datasets/derived/construction_ppe3_canonical_v1_20260804_172437/images/all/train__image266.jpg,/root/autodl-tmp/datasets/derived/construction_ppe3_canonical_v1_20260804_172437/labels/all/train__image266.txt,/root/autodl-tmp/datasets/sources/construction-ppe_ultralytics_2025_v1/images/train/image266.jpg,train,266,13,23c7f7340f83263cbb3f8efa45092fe85f3833d35edbd8b8378abadf7c76fd3b,f096ae6f4d9d97da,1,1,1,False,hardlink,hardlink
group_0030,val,20,/root/autodl-tmp/datasets/derived/construction_ppe3_canonical_v1_20260804_172437/images/all/train__image267.jpg,/root/autodl-tmp/datasets/derived/construction_ppe3_canonical_v1_20260804_172437/labels/all/train__image267.txt,/root/autodl-tmp/datasets/sources/construction-ppe_ultralytics_2025_v1/images/train/image267.jpg,train,267,13,9d982d46df92db4076ef0dbbf5128c4a686c8defb72275f648dbeb1b39f5ec10,080e3b93cf2b4bd8,1,1,1,False,hardlink,hardlink
group_0030,val,20,/root/autodl-tmp/datasets/derived/construction_ppe3_canonical_v1_20260804_172437/images/all/train__image268.jpg,/root/autodl-tmp/datasets/derived/construction_ppe3_canonical_v1_20260804_172437/labels/all/train__image268.txt,/root/autodl-tmp/datasets/sources/construction-ppe_ultralytics_2025_v1/images/train/image268.jpg,train,268,13,1fce8721a4563043d0a7d248b0fd364e036b0d71d856f1241c26e752b2dcfd0b,0b0b0b0a8e0f0e1e,1,1,1,False,hardlink,hardlink
group_0030,val,20,/root/autodl-tmp/datasets/derived/construction_ppe3_canonical_v1_20260804_172437/images/all/train__image269.jpg,/root/autodl-tmp/datasets/derived/construction_ppe3_canonical_v1_20260804_172437/labels/all/train__image269.txt,/root/autodl-tmp/datasets/sources/construction-ppe_ultralytics_2025_v1/images/train/image269.jpg,train,269,13,d115f5df54bad5e226bd22f5c98ee104ec29087709e7f0d16fce9cb0cf6d9516,121637268e974fca,1,1,1,False,hardlink,hardlink
group_0030,val,20,/root/autodl-tmp/datasets/derived/construction_ppe3_canonical_v1_20260804_172437/images/all/train__image272.jpg,/root/autodl-tmp/datasets/derived/construction_ppe3_canonical_v1_20260804_172437/labels/all/train__image272.txt,/root/autodl-tmp/datasets/sources/construction-ppe_ultralytics_2025_v1/images/train/image272.jpg,train,272,13,37162a67fe1759976a5a00f1831143d6aaa9c5a1ac1a54c7845c569cff321939,2c8f23371c381a94,1,1,1,False,hardlink,hardlink
group_0030,val,20,/root/autodl-tmp/datasets/derived/construction_ppe3_canonical_v1_20260804_172437/images/all/train__image273.jpg,/root/autodl-tmp/datasets/derived/construction_ppe3_canonical_v1_20260804_172437/labels/all/train__image273.txt,/root/autodl-tmp/datasets/sources/construction-ppe_ultralytics_2025_v1/images/train/image273.jpg,train,273,13,90c85216a8c019dca1a013f5449ca87b310a3b3596bd1a2bd2fcf681002ec2ce,84961b0b4e8d9eda,1,1,1,False,hardlink,hardlink
group_0030,val,20,/root/autodl-tmp/datasets/derived/construction_ppe3_canonical_v1_20260804_172437/images/all/train__image274.jpg,/root/autodl-tmp/datasets/derived/construction_ppe3_canonical_v1_20260804_172437/labels/all/train__image274.txt,/root/autodl-tmp/datasets/sources/construction-ppe_ultralytics_2025_v1/images/train/image274.jpg,train,274,13,7a78534811eb085ffc3e86f1db71fc05b804bcdb23231d1a1018df35e2de54d6,ce1e3eb7c7cf8fac,1,1,1,False,hardlink,hardlink
group_0030,val,20,/root/autodl-tmp/datasets/derived/construction_ppe3_canonical_v1_20260804_172437/images/all/train__image275.jpg,/root/autodl-tmp/datasets/derived/construction_ppe3_canonical_v1_20260804_172437/labels/all/train__image275.txt,/root/autodl-tmp/datasets/sources/construction-ppe_ultralytics_2025_v1/images/train/image275.jpg,train,275,13,968dbf764e6bc52c21d099fd85a2bd252a1672ac1ba5db3dad5d93cef816145d,c2a301131c0c9bda,1,1,1,False,hardlink,hardlink
group_0030,val,20,/root/autodl-tmp/datasets/derived/construction_ppe3_canonical_v1_20260804_172437/images/all/train__image276.jpg,/root/autodl-tmp/datasets/derived/construction_ppe3_canonical_v1_20260804_172437/labels/all/train__image276.txt,/root/autodl-tmp/datasets/sources/construction-ppe_ultralytics_2025_v1/images/train/image276.jpg,train,276,13,9036eb2f21df4f1952fefab9d5d7a660ee259a08d819dd17db3a4a9eae05987e,86860f4e4e4dccce,1,1,1,False,hardlink,hardlink
group_0030,val,20,/root/autodl-tmp/datasets/derived/construction_ppe3_canonical_v1_20260804_172437/images/all/train__image277.jpg,/root/autodl-tmp/datasets/derived/construction_ppe3_canonical_v1_20260804_172437/labels/all/train__image277.txt,/root/autodl-tmp/datasets/sources/construction-ppe_ultralytics_2025_v1/images/train/image277.jpg,train,277,13,99bbeb71207b9b6b7a0ce225989d66dda831dee9caf17dce2efc77d647a68d6a,cdcf060d9c9b1a9a,1,1,1,False,hardlink,hardlink
group_0030,val,20,/root/autodl-tmp/datasets/derived/construction_ppe3_canonical_v1_20260804_172437/images/all/train__image279.jpg,/root/autodl-tmp/datasets/derived/construction_ppe3_canonical_v1_20260804_172437/labels/all/train__image279.txt,/root/autodl-tmp/datasets/sources/construction-ppe_ultralytics_2025_v1/images/train/image279.jpg,train,279,13,747876a0f835e7dc45a1d92754ac0e0eaa6e81125b6dde8856cbd3d556c9613d,07031716960f0e1e,1,1,1,False,hardlink,hardlink
group_0030,val,20,/root/autodl-tmp/datasets/derived/construction_ppe3_canonical_v1_20260804_172437/images/all/val__image270.jpg,/root/autodl-tmp/datasets/derived/construction_ppe3_canonical_v1_20260804_172437/labels/all/val__image270.txt,/root/autodl-tmp/datasets/sources/construction-ppe_ultralytics_2025_v1/images/val/image270.jpg,val,270,13,0ac4b25914834e3f80ded79a4b2db146239685c56c1657bb957651cef2c25422,b697931b4e0c0ec6,1,1,1,False,hardlink,hardlink
group_0030,val,20,/root/autodl-tmp/datasets/derived/construction_ppe3_canonical_v1_20260804_172437/images/all/val__image278.jpg,/root/autodl-tmp/datasets/derived/construction_ppe3_canonical_v1_20260804_172437/labels/all/val__image278.txt,/root/autodl-tmp/datasets/sources/construction-ppe_ultralytics_2025_v1/images/val/image278.jpg,val,278,13,7ef585455127c26384b2af86ae2a91fbad649fcf2ba5d89f0e6de4f28bd24835,26864e0e4e4ccecd,1,1,1,False,hardlink,hardlink
group_0030,val,20,/root/autodl-tmp/datasets/derived/construction_ppe3_canonical_v1_20260804_172437/images/all/test__image271.jpg,/root/autodl-tmp/datasets/derived/construction_ppe3_canonical_v1_20260804_172437/labels/all/test__image271.txt,/root/autodl-tmp/datasets/sources/construction-ppe_ultralytics_2025_v1/images/test/image271.jpg,test,271,13,6625588378f513b56fb2c561ae5b5deb596481311d289d575016c9a07e3d3176,f81e3f3746ceaba5,1,1,1,False,hardlink,hardlink
group_0031,train,20,/root/autodl-tmp/datasets/derived/construction_ppe3_canonical_v1_20260804_172437/images/all/train__image280.jpg,/root/autodl-tmp/datasets/derived/construction_ppe3_canonical_v1_20260804_172437/labels/all/train__image280.txt,/root/autodl-tmp/datasets/sources/construction-ppe_ultralytics_2025_v1/images/train/image280.jpg,train,280,14,bd4bbf14d4df1ff62690eb76b326dbc1d21cfa2993e3223f5265256efc66a033,d89a3fa78d8c8c8f,1,1,1,False,hardlink,hardlink
group_0031,train,20,/root/autodl-tmp/datasets/derived/construction_ppe3_canonical_v1_20260804_172437/images/all/train__image281.jpg,/root/autodl-tmp/datasets/derived/construction_ppe3_canonical_v1_20260804_172437/labels/all/train__image281.txt,/root/autodl-tmp/datasets/sources/construction-ppe_ultralytics_2025_v1/images/train/image281.jpg,train,281,14,edf719d1c3dba96aff39d864e31693df88eeca80835463c3f29ce5ccf46addc6,c64edb17c6a763d0,1,1,1,False,hardlink,hardlink
group_0031,train,20,/root/autodl-tmp/datasets/derived/construction_ppe3_canonical_v1_20260804_172437/images/all/train__image282.jpg,/root/autodl-tmp/datasets/derived/construction_ppe3_canonical_v1_20260804_172437/labels/all/train__image282.txt,/root/autodl-tmp/datasets/sources/construction-ppe_ultralytics_2025_v1/images/train/image282.jpg,train,282,14,f0bc74eba96c9a49d638f6e149b648fd9ae5d29b189f43e5554783e8d591db67,473b6f4d0f9d9ec8,1,1,1,False,hardlink,hardlink
group_0031,train,20,/root/autodl-tmp/datasets/derived/construction_ppe3_canonical_v1_20260804_172437/images/all/train__image283.jpg,/root/autodl-tmp/datasets/derived/construction_ppe3_canonical_v1_20260804_172437/labels/all/train__image283.txt,/root/autodl-tmp/datasets/sources/construction-ppe_ultralytics_2025_v1/images/train/image283.jpg,train,283,14,938b252d7212c4d17280fb1b10f7d017d4f47bd3b873038946cc322f0ddf375a,992f3d6f0d9e9d9c,1,1,1,False,hardlink,hardlink
group_0031,train,20,/root/autodl-tmp/datasets/derived/construction_ppe3_canonical_v1_20260804_172437/images/all/train__image284.jpg,/root/autodl-tmp/datasets/derived/construction_ppe3_canonical_v1_20260804_172437/labels/all/train__image284.txt,/root/autodl-tmp/datasets/sources/construction-ppe_ultralytics_2025_v1/images/train/image284.jpg,train,284,14,5a5784c1bed581753dce02d3062e9310b546584dd06d558678a14c9cb0da86dc,8503171693cf8f8f,1,1,1,False,hardlink,hardlink
group_0031,train,20,/root/autodl-tmp/datasets/derived/construction_ppe3_canonical_v1_20260804_172437/images/all/train__image285.jpg,/root/autodl-tmp/datasets/derived/construction_ppe3_canonical_v1_20260804_172437/labels/all/train__image285.txt,/root/autodl-tmp/datasets/sources/construction-ppe_ultralytics_2025_v1/images/train/image285.jpg,train,285,14,389c6055aa402fd6bbec577d7b6afe93dedc9f4668be33ea5c72dcc5f00c0af9,fe3e2726978f8787,1,1,1,False,hardlink,hardlink
group_0031,train,20,/root/autodl-tmp/datasets/derived/construction_ppe3_canonical_v1_20260804_172437/images/all/train__image286.jpg,/root/autodl-tmp/datasets/derived/construction_ppe3_canonical_v1_20260804_172437/labels/all/train__image286.txt,/root/autodl-tmp/datasets/sources/construction-ppe_ultralytics_2025_v1/images/train/image286.jpg,train,286,14,8a6b40a0883f21a5ec1bebb2f3f3f0ba175f8175d468aaf191970b5b35eee252,820327a7260e1e3e,1,1,1,False,hardlink,hardlink
group_0031,train,20,/root/autodl-tmp/datasets/derived/construction_ppe3_canonical_v1_20260804_172437/images/all/train__image288.jpg,/root/autodl-tmp/datasets/derived/construction_ppe3_canonical_v1_20260804_172437/labels/all/train__image288.txt,/root/autodl-tmp/datasets/sources/construction-ppe_ultralytics_2025_v1/images/train/image288.jpg,train,288,14,c8c1a0f47b90443c186add1df284650661a54bd5b5210f0f814defa240803b5f,9e4b12094f860e8c,1,1,1,False,hardlink,hardlink
group_0031,train,20,/root/autodl-tmp/datasets/derived/construction_ppe3_canonical_v1_20260804_172437/images/all/train__image289.jpg,/root/autodl-tmp/datasets/derived/construction_ppe3_canonical_v1_20260804_172437/labels/all/train__image289.txt,/root/autodl-tmp/datasets/sources/construction-ppe_ultralytics_2025_v1/images/train/image289.jpg,train,289,14,d0804d214d9e964d3a893864ace93faf76a9eabc3f670198825694f2dbdfa433,9357270f1d1c9d88,1,1,1,False,hardlink,hardlink
group_0031,train,20,/root/autodl-tmp/datasets/derived/construction_ppe3_canonical_v1_20260804_172437/images/all/train__image290.jpg,/root/autodl-tmp/datasets/derived/construction_ppe3_canonical_v1_20260804_172437/labels/all/train__image290.txt,/root/autodl-tmp/datasets/sources/construction-ppe_ultralytics_2025_v1/images/train/image290.jpg,train,290,14,b3e8422c97c39a5ef67d854bc4f6e631ae6ffd81fa0d102810dfe9ce9ff64019,07131312920f0e0e,1,1,1,False,hardlink,hardlink
group_0031,train,20,/root/autodl-tmp/datasets/derived/construction_ppe3_canonical_v1_20260804_172437/images/all/train__image291.jpg,/root/autodl-tmp/datasets/derived/construction_ppe3_canonical_v1_20260804_172437/labels/all/train__image291.txt,/root/autodl-tmp/datasets/sources/construction-ppe_ultralytics_2025_v1/images/train/image291.jpg,train,291,14,d67e30b89d5fad7f6a0a83b02dcd3e8576485e137e5e593689b68d92ca9ab42e,cac69396ce0e8b92,1,1,1,False,hardlink,hardlink
group_0031,train,20,/root/autodl-tmp/datasets/derived/construction_ppe3_canonical_v1_20260804_172437/images/all/train__image292.jpg,/root/autodl-tmp/datasets/derived/construction_ppe3_canonical_v1_20260804_172437/labels/all/train__image292.txt,/root/autodl-tmp/datasets/sources/construction-ppe_ultralytics_2025_v1/images/train/image292.jpg,train,292,14,6a96a6d9c6446b6886a215cab27d8c2f30a69d56e26143e4380a7c7ac364d8fb,ce17129f8c2a0ae4,1,1,1,False,hardlink,hardlink
group_0031,train,20,/root/autodl-tmp/datasets/derived/construction_ppe3_canonical_v1_20260804_172437/images/all/train__image293.jpeg,/root/autodl-tmp/datasets/derived/construction_ppe3_canonical_v1_20260804_172437/labels/all/train__image293.txt,/root/autodl-tmp/datasets/sources/construction-ppe_ultralytics_2025_v1/images/train/image293.jpeg,train,293,14,bcf7ba9a02645db9ee7d4cc0d148a99cde99fff177ef4607b6f7970e6c3a228a,efac26ceb6364c00,1,0,1,False,hardlink,hardlink
group_0031,train,20,/root/autodl-tmp/datasets/derived/construction_ppe3_canonical_v1_20260804_172437/images/all/train__image294.jpg,/root/autodl-tmp/datasets/derived/construction_ppe3_canonical_v1_20260804_172437/labels/all/train__image294.txt,/root/autodl-tmp/datasets/sources/construction-ppe_ultralytics_2025_v1/images/train/image294.jpg,train,294,14,931aad1015c47dbe53cf93f0617c37630434f6619aaf5643e10080ec07defd3e,9ecf92138f8d0c36,1,1,1,False,hardlink,hardlink
group_0031,train,20,/root/autodl-tmp/datasets/derived/construction_ppe3_canonical_v1_20260804_172437/images/all/train__image295.jpg,/root/autodl-tmp/datasets/derived/construction_ppe3_canonical_v1_20260804_172437/labels/all/train__image295.txt,/root/autodl-tmp/datasets/sources/construction-ppe_ultralytics_2025_v1/images/train/image295.jpg,train,295,14,2adc817f4430ceb69a0c27525ca97f06ecdb656353db010fd9f7ad8f24e88bdf,96163706ce2b4dd8,1,1,1,False,hardlink,hardlink
group_0031,train,20,/root/autodl-tmp/datasets/derived/construction_ppe3_canonical_v1_20260804_172437/images/all/train__image297.jpg,/root/autodl-tmp/datasets/derived/construction_ppe3_canonical_v1_20260804_172437/labels/all/train__image297.txt,/root/autodl-tmp/datasets/sources/construction-ppe_ultralytics_2025_v1/images/train/image297.jpg,train,297,14,6e4411d218381497807e989159d029269b45658e184109ad2239d2f5144ba872,9c17129c8c8a4acc,1,1,1,False,hardlink,hardlink
group_0031,train,20,/root/autodl-tmp/datasets/derived/construction_ppe3_canonical_v1_20260804_172437/images/all/train__image298.jpg,/root/autodl-tmp/datasets/derived/construction_ppe3_canonical_v1_20260804_172437/labels/all/train__image298.txt,/root/autodl-tmp/datasets/sources/construction-ppe_ultralytics_2025_v1/images/train/image298.jpg,train,298,14,cdad27a05541b3fd596d1dffb33f121aef3d0bbc4831d73c0752ac999b7d958f,3d27969c8a29c5e8,1,1,1,False,hardlink,hardlink
group_0031,train,20,/root/autodl-tmp/datasets/derived/construction_ppe3_canonical_v1_20260804_172437/images/all/train__image299.jpg,/root/autodl-tmp/datasets/derived/construction_ppe3_canonical_v1_20260804_172437/labels/all/train__image299.txt,/root/autodl-tmp/datasets/sources/construction-ppe_ultralytics_2025_v1/images/train/image299.jpg,train,299,14,29ac1640579fd7b8f98d6c01002d7c7c5b6f0f46c1eae00d520f7218ce8f2fed,c61eef4f9cde5b90,1,1,1,False,hardlink,hardlink
group_0031,train,20,/root/autodl-tmp/datasets/derived/construction_ppe3_canonical_v1_20260804_172437/images/all/test__image287.jpg,/root/autodl-tmp/datasets/derived/construction_ppe3_canonical_v1_20260804_172437/labels/all/test__image287.txt,/root/autodl-tmp/datasets/sources/construction-ppe_ultralytics_2025_v1/images/test/image287.jpg,test,287,14,28d04a3266f299f683e5877aed4b4460b97bac4a6445a8eff334d053d5ec3eef,a3a39397069a1eb6,1,1,1,False,hardlink,hardlink
group_0031,train,20,/root/autodl-tmp/datasets/derived/construction_ppe3_canonical_v1_20260804_172437/images/all/test__image296.jpg,/root/autodl-tmp/datasets/derived/construction_ppe3_canonical_v1_20260804_172437/labels/all/test__image296.txt,/root/autodl-tmp/datasets/sources/construction-ppe_ultralytics_2025_v1/images/test/image296.jpg,test,296,14,322b63f69a10a00e4b4592d106c83a61b758d43cebca40c90144f92ca7b258bd,9e03194e061525c6,1,1,1,False,hardlink,hardlink
group_0032,val,20,/root/autodl-tmp/datasets/derived/construction_ppe3_canonical_v1_20260804_172437/images/all/train__image300.jpeg,/root/autodl-tmp/datasets/derived/construction_ppe3_canonical_v1_20260804_172437/labels/all/train__image300.txt,/root/autodl-tmp/datasets/sources/construction-ppe_ultralytics_2025_v1/images/train/image300.jpeg,train,300,15,c0acd2be72d274ba10e0a52226d22e7bf569434f3483c956ffb3c160c152c759,80c0e0b42d6cfe0f,3,0,3,False,hardlink,hardlink
group_0032,val,20,/root/autodl-tmp/datasets/derived/construction_ppe3_canonical_v1_20260804_172437/images/all/train__image301.jpg,/root/autodl-tmp/datasets/derived/construction_ppe3_canonical_v1_20260804_172437/labels/all/train__image301.txt,/root/autodl-tmp/datasets/sources/construction-ppe_ultralytics_2025_v1/images/train/image301.jpg,train,301,15,53c1e367d10472d619f1a03ef70f3a307a216f1debc3d171bf31ceb2b62293b6,03031b1a8a070e0e,1,1,1,False,hardlink,hardlink
group_0032,val,20,/root/autodl-tmp/datasets/derived/construction_ppe3_canonical_v1_20260804_172437/images/all/train__image302.jpg,/root/autodl-tmp/datasets/derived/construction_ppe3_canonical_v1_20260804_172437/labels/all/train__image302.txt,/root/autodl-tmp/datasets/sources/construction-ppe_ultralytics_2025_v1/images/train/image302.jpg,train,302,15,842fc976c447ec673ce7560cdc337a9da058b077f102da4e8f6b0f94b8b22051,9885094e040c65f4,1,1,1,False,hardlink,hardlink
group_0032,val,20,/root/autodl-tmp/datasets/derived/construction_ppe3_canonical_v1_20260804_172437/images/all/train__image303.jpg,/root/autodl-tmp/datasets/derived/construction_ppe3_canonical_v1_20260804_172437/labels/all/train__image303.txt,/root/autodl-tmp/datasets/sources/construction-ppe_ultralytics_2025_v1/images/train/image303.jpg,train,303,15,c3980b851ab8d01aac1e24099096ce5da1e5af3132f1fb4fac547cef2c7d5f67,8b931f4c8d9532f2,1,1,1,False,hardlink,hardlink
group_0032,val,20,/root/autodl-tmp/datasets/derived/construction_ppe3_canonical_v1_20260804_172437/images/all/train__image304.jpg,/root/autodl-tmp/datasets/derived/construction_ppe3_canonical_v1_20260804_172437/labels/all/train__image304.txt,/root/autodl-tmp/datasets/sources/construction-ppe_ultralytics_2025_v1/images/train/image304.jpg,train,304,15,7bb5f194b803fb2902751ee40929f44f1b739c0917bd49490b570fda9ac5321c,d898491158c88ccc,4,0,4,False,hardlink,hardlink
group_0032,val,20,/root/autodl-tmp/datasets/derived/construction_ppe3_canonical_v1_20260804_172437/images/all/train__image305.jpg,/root/autodl-tmp/datasets/derived/construction_ppe3_canonical_v1_20260804_172437/labels/all/train__image305.txt,/root/autodl-tmp/datasets/sources/construction-ppe_ultralytics_2025_v1/images/train/image305.jpg,train,305,15,6ebeeda5f3594540686cede4c011d29d83b1321cda62a2090139ea9be172f514,c8cf9b99b5edcaba,3,4,3,False,hardlink,hardlink
group_0032,val,20,/root/autodl-tmp/datasets/derived/construction_ppe3_canonical_v1_20260804_172437/images/all/train__image306.jpg,/root/autodl-tmp/datasets/derived/construction_ppe3_canonical_v1_20260804_172437/labels/all/train__image306.txt,/root/autodl-tmp/datasets/sources/construction-ppe_ultralytics_2025_v1/images/train/image306.jpg,train,306,15,5e153c6c2a1807557998bee2118cc4c219ac093c58fa3c0b1b48cea2b1ef0610,84c0689cdcec7c9e,5,9,7,False,hardlink,hardlink
group_0032,val,20,/root/autodl-tmp/datasets/derived/construction_ppe3_canonical_v1_20260804_172437/images/all/train__image307.jpg,/root/autodl-tmp/datasets/derived/construction_ppe3_canonical_v1_20260804_172437/labels/all/train__image307.txt,/root/autodl-tmp/datasets/sources/construction-ppe_ultralytics_2025_v1/images/train/image307.jpg,train,307,15,9476fb4d706cd98a65740fbdb056bf170060e2ef2abaa5407e1644f0e8800782,c2f0b965c94c46c2,7,0,5,False,hardlink,hardlink
group_0032,val,20,/root/autodl-tmp/datasets/derived/construction_ppe3_canonical_v1_20260804_172437/images/all/train__image308.jpg,/root/autodl-tmp/datasets/derived/construction_ppe3_canonical_v1_20260804_172437/labels/all/train__image308.txt,/root/autodl-tmp/datasets/sources/construction-ppe_ultralytics_2025_v1/images/train/image308.jpg,train,308,15,6f9c1097a8fb1075c1d4c16d2e2172f52c332808b09b04f15fd028468bc4f845,06f440204c999005,6,6,5,False,hardlink,hardlink
group_0032,val,20,/root/autodl-tmp/datasets/derived/construction_ppe3_canonical_v1_20260804_172437/images/all/train__image309.jpg,/root/autodl-tmp/datasets/derived/construction_ppe3_canonical_v1_20260804_172437/labels/all/train__image309.txt,/root/autodl-tmp/datasets/sources/construction-ppe_ultralytics_2025_v1/images/train/image309.jpg,train,309,15,91de4823d21c08b151a45dac52a1101b9cfb0e4f3283fce3a5572b93764bf237,c4c0d8dc29dd3819,6,10,0,False,hardlink,hardlink
group_0032,val,20,/root/autodl-tmp/datasets/derived/construction_ppe3_canonical_v1_20260804_172437/images/all/train__image310.jpg,/root/autodl-tmp/datasets/derived/construction_ppe3_canonical_v1_20260804_172437/labels/all/train__image310.txt,/root/autodl-tmp/datasets/sources/construction-ppe_ultralytics_2025_v1/images/train/image310.jpg,train,310,15,f06f7195402f52662730b1bbc54b7a1e17188e7071a6957d17a25ed999aeff75,8e8f1e73737b293b,1,1,1,False,hardlink,hardlink
group_0032,val,20,/root/autodl-tmp/datasets/derived/construction_ppe3_canonical_v1_20260804_172437/images/all/train__image311.jpg,/root/autodl-tmp/datasets/derived/construction_ppe3_canonical_v1_20260804_172437/labels/all/train__image311.txt,/root/autodl-tmp/datasets/sources/construction-ppe_ultralytics_2025_v1/images/train/image311.jpg,train,311,15,7e9a077121f48dbe269e62ef3544d83a2aa4c6b8fa87f8e45c32965053e5c96c,fe4e6f2ea78fc7c7,1,1,1,False,hardlink,hardlink
group_0032,val,20,/root/autodl-tmp/datasets/derived/construction_ppe3_canonical_v1_20260804_172437/images/all/train__image312.jpg,/root/autodl-tmp/datasets/derived/construction_ppe3_canonical_v1_20260804_172437/labels/all/train__image312.txt,/root/autodl-tmp/datasets/sources/construction-ppe_ultralytics_2025_v1/images/train/image312.jpg,train,312,15,951eb62fc3841df549355dee706399872c95c68bca636baaf8d7d90f9740ea20,e7e7842d237332ae,1,1,1,False,hardlink,hardlink
group_0032,val,20,/root/autodl-tmp/datasets/derived/construction_ppe3_canonical_v1_20260804_172437/images/all/train__image313.jpg,/root/autodl-tmp/datasets/derived/construction_ppe3_canonical_v1_20260804_172437/labels/all/train__image313.txt,/root/autodl-tmp/datasets/sources/construction-ppe_ultralytics_2025_v1/images/train/image313.jpg,train,313,15,edcc4f28d89b002c9d209dbce7becdbcc81c3c56dda8f9427d531e8bb6f6a5e6,262e31be1a9d9596,1,1,1,False,hardlink,hardlink
group_0032,val,20,/root/autodl-tmp/datasets/derived/construction_ppe3_canonical_v1_20260804_172437/images/all/train__image314.jpg,/root/autodl-tmp/datasets/derived/construction_ppe3_canonical_v1_20260804_172437/labels/all/train__image314.txt,/root/autodl-tmp/datasets/sources/construction-ppe_ultralytics_2025_v1/images/train/image314.jpg,train,314,15,d042f44b26a9a565a30438ceb84214e697007242d4b584d8c60ce1ae90792387,8499193337270e94,1,1,1,False,hardlink,hardlink
group_0032,val,20,/root/autodl-tmp/datasets/derived/construction_ppe3_canonical_v1_20260804_172437/images/all/train__image315.jpg,/root/autodl-tmp/datasets/derived/construction_ppe3_canonical_v1_20260804_172437/labels/all/train__image315.txt,/root/autodl-tmp/datasets/sources/construction-ppe_ultralytics_2025_v1/images/train/image315.jpg,train,315,15,1f6d5279303f745803a055e4cb91a24d292c8f6d7c5d42a22448b0fbf8a07182,d373637172727139,2,2,2,False,hardlink,hardlink
group_0032,val,20,/root/autodl-tmp/datasets/derived/construction_ppe3_canonical_v1_20260804_172437/images/all/train__image316.jpg,/root/autodl-tmp/datasets/derived/construction_ppe3_canonical_v1_20260804_172437/labels/all/train__image316.txt,/root/autodl-tmp/datasets/sources/construction-ppe_ultralytics_2025_v1/images/train/image316.jpg,train,316,15,752c48bf5304ce2fe8ed3cea6d73805b23ddadad2bd8d528b962ac822e892935,c0a3db938f9614fc,1,1,1,False,hardlink,hardlink
group_0032,val,20,/root/autodl-tmp/datasets/derived/construction_ppe3_canonical_v1_20260804_172437/images/all/train__image317.jpg,/root/autodl-tmp/datasets/derived/construction_ppe3_canonical_v1_20260804_172437/labels/all/train__image317.txt,/root/autodl-tmp/datasets/sources/construction-ppe_ultralytics_2025_v1/images/train/image317.jpg,train,317,15,2eb8e8a9d2e822ac129fb68365d8873dcaffc988ad0b8dc733e22bc307976cc1,82039787069636be,1,1,1,False,hardlink,hardlink
group_0032,val,20,/root/autodl-tmp/datasets/derived/construction_ppe3_canonical_v1_20260804_172437/images/all/train__image319.jpg,/root/autodl-tmp/datasets/derived/construction_ppe3_canonical_v1_20260804_172437/labels/all/train__image319.txt,/root/autodl-tmp/datasets/sources/construction-ppe_ultralytics_2025_v1/images/train/image319.jpg,train,319,15,cdbd416909a60471ed109cd15ae9948d178971f5bbe1d4022784013515c4c86f,848b9b17272638f8,1,1,1,False,hardlink,hardlink
group_0032,val,20,/root/autodl-tmp/datasets/derived/construction_ppe3_canonical_v1_20260804_172437/images/all/val__image318.jpg,/root/autodl-tmp/datasets/derived/construction_ppe3_canonical_v1_20260804_172437/labels/all/val__image318.txt,/root/autodl-tmp/datasets/sources/construction-ppe_ultralytics_2025_v1/images/val/image318.jpg,val,318,15,27ad01984c3e54bb5b31ab8ff6558a161988f13e8b912fdca6d4b0a6dbdea602,948b9b77373e1c1e,1,1,1,False,hardlink,hardlink
group_0033,train,20,/root/autodl-tmp/datasets/derived/construction_ppe3_canonical_v1_20260804_172437/images/all/train__image320.jpg,/root/autodl-tmp/datasets/derived/construction_ppe3_canonical_v1_20260804_172437/labels/all/train__image320.txt,/root/autodl-tmp/datasets/sources/construction-ppe_ultralytics_2025_v1/images/train/image320.jpg,train,320,16,ee1893c97c29dd4efc59ce1d0eba626fb28916478f0d03f43fa7a31b1e691435,e01a0eecd97aab86,5,5,5,False,hardlink,hardlink
group_0033,train,20,/root/autodl-tmp/datasets/derived/construction_ppe3_canonical_v1_20260804_172437/images/all/train__image321.jpg,/root/autodl-tmp/datasets/derived/construction_ppe3_canonical_v1_20260804_172437/labels/all/train__image321.txt,/root/autodl-tmp/datasets/sources/construction-ppe_ultralytics_2025_v1/images/train/image321.jpg,train,321,16,42b9984f50640774822cd18b4d7d51e92af35d53bc976962195f559249e63c4e,b01d8fe5a464b6ec,4,4,5,False,hardlink,hardlink
group_0033,train,20,/root/autodl-tmp/datasets/derived/construction_ppe3_canonical_v1_20260804_172437/images/all/train__image322.jpg,/root/autodl-tmp/datasets/derived/construction_ppe3_canonical_v1_20260804_172437/labels/all/train__image322.txt,/root/autodl-tmp/datasets/sources/construction-ppe_ultralytics_2025_v1/images/train/image322.jpg,train,322,16,1161168b25ddee0eea8e5f0d01f826e7976448e947639f1c146ad1abad24a7e0,80b9b080281c1616,5,6,6,False,hardlink,hardlink
group_0033,train,20,/root/autodl-tmp/datasets/derived/construction_ppe3_canonical_v1_20260804_172437/images/all/train__image323.jpg,/root/autodl-tmp/datasets/derived/construction_ppe3_canonical_v1_20260804_172437/labels/all/train__image323.txt,/root/autodl-tmp/datasets/sources/construction-ppe_ultralytics_2025_v1/images/train/image323.jpg,train,323,16,5ae91be0dec2f0af5f000d29b9ca3809fe56b832f9707e0f7b3644c093ffa3af,e0a4a496ca6b6b45,3,3,3,False,hardlink,hardlink
group_0033,train,20,/root/autodl-tmp/datasets/derived/construction_ppe3_canonical_v1_20260804_172437/images/all/train__image325.jpg,/root/autodl-tmp/datasets/derived/construction_ppe3_canonical_v1_20260804_172437/labels/all/train__image325.txt,/root/autodl-tmp/datasets/sources/construction-ppe_ultralytics_2025_v1/images/train/image325.jpg,train,325,16,c27b6f554de326a7fb7d2471efde6fa78d74087484e343bee3d279f5154be3e0,4fc568099616c4a4,1,1,1,False,hardlink,hardlink
group_0033,train,20,/root/autodl-tmp/datasets/derived/construction_ppe3_canonical_v1_20260804_172437/images/all/train__image326.jpg,/root/autodl-tmp/datasets/derived/construction_ppe3_canonical_v1_20260804_172437/labels/all/train__image326.txt,/root/autodl-tmp/datasets/sources/construction-ppe_ultralytics_2025_v1/images/train/image326.jpg,train,326,16,2428635f10cf809de015d41f3b874aa82472af43b490c2fdbea874f3752e0247,0d4ceb37dedfc88c,1,1,1,False,hardlink,hardlink
group_0033,train,20,/root/autodl-tmp/datasets/derived/construction_ppe3_canonical_v1_20260804_172437/images/all/train__image327.jpeg,/root/autodl-tmp/datasets/derived/construction_ppe3_canonical_v1_20260804_172437/labels/all/train__image327.txt,/root/autodl-tmp/datasets/sources/construction-ppe_ultralytics_2025_v1/images/train/image327.jpeg,train,327,16,103b4fd13c0de0aea859abd8be2b8d028bb85a3d4c1c8144d51ec72b6fa7b04d,f4ccccd4c4c4c4d4,1,1,1,False,hardlink,hardlink
group_0033,train,20,/root/autodl-tmp/datasets/derived/construction_ppe3_canonical_v1_20260804_172437/images/all/train__image328.jpeg,/root/autodl-tmp/datasets/derived/construction_ppe3_canonical_v1_20260804_172437/labels/all/train__image328.txt,/root/autodl-tmp/datasets/sources/construction-ppe_ultralytics_2025_v1/images/train/image328.jpeg,train,328,16,2d8f94aaea990e29cd194c1a1287143f023b58ade9264da91d83aff1eb649f59,eae4c6cacad4d494,1,1,1,False,hardlink,hardlink
group_0033,train,20,/root/autodl-tmp/datasets/derived/construction_ppe3_canonical_v1_20260804_172437/images/all/train__image331.jpg,/root/autodl-tmp/datasets/derived/construction_ppe3_canonical_v1_20260804_172437/labels/all/train__image331.txt,/root/autodl-tmp/datasets/sources/construction-ppe_ultralytics_2025_v1/images/train/image331.jpg,train,331,16,d88b3ae072e8d50846cbc43c53083a0beacbc6e2bab3e739caa7fd129fa84b8a,91b637cb18121292,1,0,1,False,hardlink,hardlink
group_0033,train,20,/root/autodl-tmp/datasets/derived/construction_ppe3_canonical_v1_20260804_172437/images/all/train__image332.jpg,/root/autodl-tmp/datasets/derived/construction_ppe3_canonical_v1_20260804_172437/labels/all/train__image332.txt,/root/autodl-tmp/datasets/sources/construction-ppe_ultralytics_2025_v1/images/train/image332.jpg,train,332,16,a8b40b854dc34d404966ee2aed2064205ff0ddaeb6dd6de1ce779554cfd051ba,0703073696070e0e,1,1,1,False,hardlink,hardlink
group_0033,train,20,/root/autodl-tmp/datasets/derived/construction_ppe3_canonical_v1_20260804_172437/images/all/train__image333.jpg,/root/autodl-tmp/datasets/derived/construction_ppe3_canonical_v1_20260804_172437/labels/all/train__image333.txt,/root/autodl-tmp/datasets/sources/construction-ppe_ultralytics_2025_v1/images/train/image333.jpg,train,333,16,a527aebf66d82f9503a0c23d77c032e9ec1ab20fc7bc858cd9c3fd1f474d682d,c6e611291d9d989e,1,1,1,False,hardlink,hardlink
group_0033,train,20,/root/autodl-tmp/datasets/derived/construction_ppe3_canonical_v1_20260804_172437/images/all/train__image334.jpg,/root/autodl-tmp/datasets/derived/construction_ppe3_canonical_v1_20260804_172437/labels/all/train__image334.txt,/root/autodl-tmp/datasets/sources/construction-ppe_ultralytics_2025_v1/images/train/image334.jpg,train,334,16,412caf545411a069a5c84d312221ebaefbd383b9b82934e6f8003fb156ee80ce,16067766641e9e1e,1,1,1,False,hardlink,hardlink
group_0033,train,20,/root/autodl-tmp/datasets/derived/construction_ppe3_canonical_v1_20260804_172437/images/all/train__image335.jpg,/root/autodl-tmp/datasets/derived/construction_ppe3_canonical_v1_20260804_172437/labels/all/train__image335.txt,/root/autodl-tmp/datasets/sources/construction-ppe_ultralytics_2025_v1/images/train/image335.jpg,train,335,16,40984434446f936162f5a0ec5f5ff3b5765c201f912ef2f959c0d9364ca2eb7f,e0b2932766ecc092,1,1,1,False,hardlink,hardlink
group_0033,train,20,/root/autodl-tmp/datasets/derived/construction_ppe3_canonical_v1_20260804_172437/images/all/train__image336.jpg,/root/autodl-tmp/datasets/derived/construction_ppe3_canonical_v1_20260804_172437/labels/all/train__image336.txt,/root/autodl-tmp/datasets/sources/construction-ppe_ultralytics_2025_v1/images/train/image336.jpg,train,336,16,932dfce945f5c69f10faf7fbb85ad97e21f8f3bcd6fe852fc43f6b4c23d23047,d606663212aa4cac,2,2,2,False,hardlink,hardlink
group_0033,train,20,/root/autodl-tmp/datasets/derived/construction_ppe3_canonical_v1_20260804_172437/images/all/train__image338.jpg,/root/autodl-tmp/datasets/derived/construction_ppe3_canonical_v1_20260804_172437/labels/all/train__image338.txt,/root/autodl-tmp/datasets/sources/construction-ppe_ultralytics_2025_v1/images/train/image338.jpg,train,338,16,e868f54a18f0ce38ec8705e52c58f6a449bba2d44f8e41ba8f174791194f36a2,dada4a6ecbb3f3f3,1,1,1,False,hardlink,hardlink
group_0033,train,20,/root/autodl-tmp/datasets/derived/construction_ppe3_canonical_v1_20260804_172437/images/all/train__image339.jpg,/root/autodl-tmp/datasets/derived/construction_ppe3_canonical_v1_20260804_172437/labels/all/train__image339.txt,/root/autodl-tmp/datasets/sources/construction-ppe_ultralytics_2025_v1/images/train/image339.jpg,train,339,16,cf3e3797abfa15373a4af6b53582d0122da28a69bbd35f2bdf38f573005b134f,a4b46d292c36b0a9,1,1,1,False,hardlink,hardlink
group_0033,train,20,/root/autodl-tmp/datasets/derived/construction_ppe3_canonical_v1_20260804_172437/images/all/val__image329.jpeg,/root/autodl-tmp/datasets/derived/construction_ppe3_canonical_v1_20260804_172437/labels/all/val__image329.txt,/root/autodl-tmp/datasets/sources/construction-ppe_ultralytics_2025_v1/images/val/image329.jpeg,val,329,16,c10f64176ecf1ce3749e6eed0b6736d7b1b317bcbe9b424a94346fa9d9e8bc98,d8d8c2a6e6c8e4b8,1,1,1,False,hardlink,hardlink
group_0033,train,20,/root/autodl-tmp/datasets/derived/construction_ppe3_canonical_v1_20260804_172437/images/all/val__image330.jpg,/root/autodl-tmp/datasets/derived/construction_ppe3_canonical_v1_20260804_172437/labels/all/val__image330.txt,/root/autodl-tmp/datasets/sources/construction-ppe_ultralytics_2025_v1/images/val/image330.jpg,val,330,16,4815828f5c05da8184e4c3c10b934f1869aae957726c8001fec84ce7d1b1c4d6,72d29b36d7d273b2,1,1,1,False,hardlink,hardlink
group_0033,train,20,/root/autodl-tmp/datasets/derived/construction_ppe3_canonical_v1_20260804_172437/images/all/val__image337.jpg,/root/autodl-tmp/datasets/derived/construction_ppe3_canonical_v1_20260804_172437/labels/all/val__image337.txt,/root/autodl-tmp/datasets/sources/construction-ppe_ultralytics_2025_v1/images/val/image337.jpg,val,337,16,be5f170c55899a7d0e3cf148266fb935af9fb011f4b96668b2b4f3961a1c5718,cbcbeaefc3d373ea,1,1,1,False,hardlink,hardlink
group_0033,train,20,/root/autodl-tmp/datasets/derived/construction_ppe3_canonical_v1_20260804_172437/images/all/test__image324.jpg,/root/autodl-tmp/datasets/derived/construction_ppe3_canonical_v1_20260804_172437/labels/all/test__image324.txt,/root/autodl-tmp/datasets/sources/construction-ppe_ultralytics_2025_v1/images/test/image324.jpg,test,324,16,1fa2528fa5a2be45290397ff1cc81e1b9292cd0f04254393aaf28c8ddc30e65a,3f4c6d4656966622,6,3,6,False,hardlink,hardlink
group_0034,train,20,/root/autodl-tmp/datasets/derived/construction_ppe3_canonical_v1_20260804_172437/images/all/train__image340.jpg,/root/autodl-tmp/datasets/derived/construction_ppe3_canonical_v1_20260804_172437/labels/all/train__image340.txt,/root/autodl-tmp/datasets/sources/construction-ppe_ultralytics_2025_v1/images/train/image340.jpg,train,340,17,9564981c83fa394ef2f4782e88c59a8bfc3e1a208e13cb2b1fb8dd3cbebb3eb7,e4944b67c1d9f8fc,1,1,1,False,hardlink,hardlink
group_0034,train,20,/root/autodl-tmp/datasets/derived/construction_ppe3_canonical_v1_20260804_172437/images/all/train__image341.jpg,/root/autodl-tmp/datasets/derived/construction_ppe3_canonical_v1_20260804_172437/labels/all/train__image341.txt,/root/autodl-tmp/datasets/sources/construction-ppe_ultralytics_2025_v1/images/train/image341.jpg,train,341,17,d72f77d4e26f2b3c278af16c0e186cc593c13afbd4d5da1521c54ab60f872ba4,96f40d0934606968,1,1,1,False,hardlink,hardlink
group_0034,train,20,/root/autodl-tmp/datasets/derived/construction_ppe3_canonical_v1_20260804_172437/images/all/train__image342.jpg,/root/autodl-tmp/datasets/derived/construction_ppe3_canonical_v1_20260804_172437/labels/all/train__image342.txt,/root/autodl-tmp/datasets/sources/construction-ppe_ultralytics_2025_v1/images/train/image342.jpg,train,342,17,1af28d08ae98906539f8501e50c23e41dcc4691d5a3cdab38fe81764c2752968,72b4c50b824c8eac,1,1,1,False,hardlink,hardlink
group_0034,train,20,/root/autodl-tmp/datasets/derived/construction_ppe3_canonical_v1_20260804_172437/images/all/train__image343.jpeg,/root/autodl-tmp/datasets/derived/construction_ppe3_canonical_v1_20260804_172437/labels/all/train__image343.txt,/root/autodl-tmp/datasets/sources/construction-ppe_ultralytics_2025_v1/images/train/image343.jpeg,train,343,17,b70f96714d6d91e14ca9d5f7c74ef2ad2fb46072e3e5f21384862a2dc68fb8e5,c4d4e8ba9292d0e0,4,4,4,False,hardlink,hardlink
group_0034,train,20,/root/autodl-tmp/datasets/derived/construction_ppe3_canonical_v1_20260804_172437/images/all/train__image344.jpg,/root/autodl-tmp/datasets/derived/construction_ppe3_canonical_v1_20260804_172437/labels/all/train__image344.txt,/root/autodl-tmp/datasets/sources/construction-ppe_ultralytics_2025_v1/images/train/image344.jpg,train,344,17,c2802a31ba1cc25fce0d004f81b60ed077cdbd74644cc65ed9abe4bc8e4ebe7f,3c391b4cb4cc189c,1,1,1,False,hardlink,hardlink
group_0034,train,20,/root/autodl-tmp/datasets/derived/construction_ppe3_canonical_v1_20260804_172437/images/all/train__image346.jpg,/root/autodl-tmp/datasets/derived/construction_ppe3_canonical_v1_20260804_172437/labels/all/train__image346.txt,/root/autodl-tmp/datasets/sources/construction-ppe_ultralytics_2025_v1/images/train/image346.jpg,train,346,17,783845f354c9941ecd290d3b6bf59e88f6458b944580f70f4c95f5ff10210894,315358bc769c8c9c,1,1,1,False,hardlink,hardlink
group_0034,train,20,/root/autodl-tmp/datasets/derived/construction_ppe3_canonical_v1_20260804_172437/images/all/train__image348.jpg,/root/autodl-tmp/datasets/derived/construction_ppe3_canonical_v1_20260804_172437/labels/all/train__image348.txt,/root/autodl-tmp/datasets/sources/construction-ppe_ultralytics_2025_v1/images/train/image348.jpg,train,348,17,0dfef735a0b35c14e13fbac2908510ee88271ca12b2a9f05f9d34bd3ccafc57e,cecddc0c8335c184,1,1,1,False,hardlink,hardlink
group_0034,train,20,/root/autodl-tmp/datasets/derived/construction_ppe3_canonical_v1_20260804_172437/images/all/train__image349.jpg,/root/autodl-tmp/datasets/derived/construction_ppe3_canonical_v1_20260804_172437/labels/all/train__image349.txt,/root/autodl-tmp/datasets/sources/construction-ppe_ultralytics_2025_v1/images/train/image349.jpg,train,349,17,30a815324d45fec68c76a4d6cc3d0d89457a61771ad147b5cc0e2ad51dbe63cf,7e469a9ad4466c30,5,0,5,False,hardlink,hardlink
group_0034,train,20,/root/autodl-tmp/datasets/derived/construction_ppe3_canonical_v1_20260804_172437/images/all/train__image351.jpg,/root/autodl-tmp/datasets/derived/construction_ppe3_canonical_v1_20260804_172437/labels/all/train__image351.txt,/root/autodl-tmp/datasets/sources/construction-ppe_ultralytics_2025_v1/images/train/image351.jpg,train,351,17,a9fd3bbb5c4959ff5b5c4662c3319a419aa1133a975ceeeb10548bc8b26a57bf,fcf7030b4c8c2d86,1,1,1,False,hardlink,hardlink
group_0034,train,20,/root/autodl-tmp/datasets/derived/construction_ppe3_canonical_v1_20260804_172437/images/all/train__image352.jpg,/root/autodl-tmp/datasets/derived/construction_ppe3_canonical_v1_20260804_172437/labels/all/train__image352.txt,/root/autodl-tmp/datasets/sources/construction-ppe_ultralytics_2025_v1/images/train/image352.jpg,train,352,17,501fe5476308863d1c5882882240981a459728a8f639c7f9c6daac4994b52ce9,8090969eb959969e,2,2,2,False,hardlink,hardlink
group_0034,train,20,/root/autodl-tmp/datasets/derived/construction_ppe3_canonical_v1_20260804_172437/images/all/train__image353.jpg,/root/autodl-tmp/datasets/derived/construction_ppe3_canonical_v1_20260804_172437/labels/all/train__image353.txt,/root/autodl-tmp/datasets/sources/construction-ppe_ultralytics_2025_v1/images/train/image353.jpg,train,353,17,070cc728df02cc3d4a1bb7f0ba7dd3928394212bbf9cb9adf25586a3e8469c7d,a03a2e1c9c1d9e88,1,1,1,False,hardlink,hardlink
group_0034,train,20,/root/autodl-tmp/datasets/derived/construction_ppe3_canonical_v1_20260804_172437/images/all/train__image354.jpg,/root/autodl-tmp/datasets/derived/construction_ppe3_canonical_v1_20260804_172437/labels/all/train__image354.txt,/root/autodl-tmp/datasets/sources/construction-ppe_ultralytics_2025_v1/images/train/image354.jpg,train,354,17,aab763126ac4be003e4125ad943b99ab92577a76fa78d2f75adecfa30d515ca4,00179f37a7606281,1,1,1,False,hardlink,hardlink
group_0034,train,20,/root/autodl-tmp/datasets/derived/construction_ppe3_canonical_v1_20260804_172437/images/all/train__image356.jpg,/root/autodl-tmp/datasets/derived/construction_ppe3_canonical_v1_20260804_172437/labels/all/train__image356.txt,/root/autodl-tmp/datasets/sources/construction-ppe_ultralytics_2025_v1/images/train/image356.jpg,train,356,17,e823abf8477ca7134867bf7b7f6b8830061d82addfcedf2a1317d58ab1fe5005,120d2f1e4c0d1b4c,1,1,1,False,hardlink,hardlink
group_0034,train,20,/root/autodl-tmp/datasets/derived/construction_ppe3_canonical_v1_20260804_172437/images/all/train__image357.jpg,/root/autodl-tmp/datasets/derived/construction_ppe3_canonical_v1_20260804_172437/labels/all/train__image357.txt,/root/autodl-tmp/datasets/sources/construction-ppe_ultralytics_2025_v1/images/train/image357.jpg,train,357,17,fa10176dc67782d6e3b466c9c4a95a6d6766833edb3fd5835cf350937d37eefe,f0099b47e6068590,1,1,1,False,hardlink,hardlink
group_0034,train,20,/root/autodl-tmp/datasets/derived/construction_ppe3_canonical_v1_20260804_172437/images/all/train__image358.jpg,/root/autodl-tmp/datasets/derived/construction_ppe3_canonical_v1_20260804_172437/labels/all/train__image358.txt,/root/autodl-tmp/datasets/sources/construction-ppe_ultralytics_2025_v1/images/train/image358.jpg,train,358,17,83a0e1bb4727c79b90e60840564a2cc682636f5cc60b856dae9d99b6f6ebe865,d0189e9e8d4d8ea0,1,1,1,False,hardlink,hardlink
group_0034,train,20,/root/autodl-tmp/datasets/derived/construction_ppe3_canonical_v1_20260804_172437/images/all/train__image359.jpg,/root/autodl-tmp/datasets/derived/construction_ppe3_canonical_v1_20260804_172437/labels/all/train__image359.txt,/root/autodl-tmp/datasets/sources/construction-ppe_ultralytics_2025_v1/images/train/image359.jpg,train,359,17,0e210ce771fb048481ac96207cff0fc89616767c8ff84c0add8b15dee9e48cfa,880dcdcf4c868ca8,1,1,1,False,hardlink,hardlink
group_0034,train,20,/root/autodl-tmp/datasets/derived/construction_ppe3_canonical_v1_20260804_172437/images/all/val__image347.jpg,/root/autodl-tmp/datasets/derived/construction_ppe3_canonical_v1_20260804_172437/labels/all/val__image347.txt,/root/autodl-tmp/datasets/sources/construction-ppe_ultralytics_2025_v1/images/val/image347.jpg,val,347,17,ce65644b1c74a38dee74c63b11b52225851216401ee2374dbac7c9ea2fbe4e41,d2e5e1a0949898cd,1,1,1,False,hardlink,hardlink
group_0034,train,20,/root/autodl-tmp/datasets/derived/construction_ppe3_canonical_v1_20260804_172437/images/all/val__image355.jpg,/root/autodl-tmp/datasets/derived/construction_ppe3_canonical_v1_20260804_172437/labels/all/val__image355.txt,/root/autodl-tmp/datasets/sources/construction-ppe_ultralytics_2025_v1/images/val/image355.jpg,val,355,17,af1bdcf3659152fff68b1160544c8331e79fb5c71ae4c01287d60557e66f7138,c808968fcd4c8624,1,1,1,False,hardlink,hardlink
group_0034,train,20,/root/autodl-tmp/datasets/derived/construction_ppe3_canonical_v1_20260804_172437/images/all/test__image345.jpg,/root/autodl-tmp/datasets/derived/construction_ppe3_canonical_v1_20260804_172437/labels/all/test__image345.txt,/root/autodl-tmp/datasets/sources/construction-ppe_ultralytics_2025_v1/images/test/image345.jpg,test,345,17,39dfef8b8a4c895ad7be63812e8807ca094cbcae442801f29800eb2e8a19fae7,f07191c782c3cec6,1,1,1,False,hardlink,hardlink
group_0034,train,20,/root/autodl-tmp/datasets/derived/construction_ppe3_canonical_v1_20260804_172437/images/all/test__image350.jpg,/root/autodl-tmp/datasets/derived/construction_ppe3_canonical_v1_20260804_172437/labels/all/test__image350.txt,/root/autodl-tmp/datasets/sources/construction-ppe_ultralytics_2025_v1/images/test/image350.jpg,test,350,17,c5c6f43a821cfc8984aa18e97bd1db79a42eb1f8f7b3fafbb676078cce054239,f8af1716cc8f2dee,1,1,1,False,hardlink,hardlink
group_0035,train,20,/root/autodl-tmp/datasets/derived/construction_ppe3_canonical_v1_20260804_172437/images/all/train__image362.jpg,/root/autodl-tmp/datasets/derived/construction_ppe3_canonical_v1_20260804_172437/labels/all/train__image362.txt,/root/autodl-tmp/datasets/sources/construction-ppe_ultralytics_2025_v1/images/train/image362.jpg,train,362,18,f25c9bb17a90c68e96965b589f139de3fb733187d219ec4bf5e16962bc641ac6,f8981297cccd8fac,1,0,0,False,hardlink,hardlink
group_0035,train,20,/root/autodl-tmp/datasets/derived/construction_ppe3_canonical_v1_20260804_172437/images/all/train__image363.jpg,/root/autodl-tmp/datasets/derived/construction_ppe3_canonical_v1_20260804_172437/labels/all/train__image363.txt,/root/autodl-tmp/datasets/sources/construction-ppe_ultralytics_2025_v1/images/train/image363.jpg,train,363,18,effa395a29947d08d127cfc7c59ef603bfa81030a1d0bfd1f8bcc7e8ab0f29b4,c80ec7ce06a68690,1,1,1,False,hardlink,hardlink
group_0035,train,20,/root/autodl-tmp/datasets/derived/construction_ppe3_canonical_v1_20260804_172437/images/all/train__image364.jpg,/root/autodl-tmp/datasets/derived/construction_ppe3_canonical_v1_20260804_172437/labels/all/train__image364.txt,/root/autodl-tmp/datasets/sources/construction-ppe_ultralytics_2025_v1/images/train/image364.jpg,train,364,18,d4545eb7bc51173320358510ea7f33b04a7e0999658b60f37c518079431b5265,208c9c1c1c9a9ec0,1,1,1,False,hardlink,hardlink
group_0035,train,20,/root/autodl-tmp/datasets/derived/construction_ppe3_canonical_v1_20260804_172437/images/all/train__image365.jpg,/root/autodl-tmp/datasets/derived/construction_ppe3_canonical_v1_20260804_172437/labels/all/train__image365.txt,/root/autodl-tmp/datasets/sources/construction-ppe_ultralytics_2025_v1/images/train/image365.jpg,train,365,18,90910bd09a2af85965b144f6eb04253268f9c6c974cfdcd81c1d2e1224fb842e,07030726860f0e0e,1,1,1,False,hardlink,hardlink
group_0035,train,20,/root/autodl-tmp/datasets/derived/construction_ppe3_canonical_v1_20260804_172437/images/all/train__image366.jpg,/root/autodl-tmp/datasets/derived/construction_ppe3_canonical_v1_20260804_172437/labels/all/train__image366.txt,/root/autodl-tmp/datasets/sources/construction-ppe_ultralytics_2025_v1/images/train/image366.jpg,train,366,18,009f773d3d7d4dd7252c9abea7d1da3dcacd4b5dea92dc3247b04a7c68d4a4c8,ec4c0716c6a626dc,1,1,1,False,hardlink,hardlink
group_0035,train,20,/root/autodl-tmp/datasets/derived/construction_ppe3_canonical_v1_20260804_172437/images/all/train__image367.jpg,/root/autodl-tmp/datasets/derived/construction_ppe3_canonical_v1_20260804_172437/labels/all/train__image367.txt,/root/autodl-tmp/datasets/sources/construction-ppe_ultralytics_2025_v1/images/train/image367.jpg,train,367,18,62da6cbaa57722a809b2591dbb574427586e6bb915023d0670667d3c7d095217,ca1e3f2f9b9e9ca8,1,1,1,False,hardlink,hardlink
group_0035,train,20,/root/autodl-tmp/datasets/derived/construction_ppe3_canonical_v1_20260804_172437/images/all/train__image368.jpg,/root/autodl-tmp/datasets/derived/construction_ppe3_canonical_v1_20260804_172437/labels/all/train__image368.txt,/root/autodl-tmp/datasets/sources/construction-ppe_ultralytics_2025_v1/images/train/image368.jpg,train,368,18,32738c3db01a2d105a848af695e77065f78f1c46e0f2533acc0137838c2a8525,cc1f2f3818343a6e,1,1,1,False,hardlink,hardlink
group_0035,train,20,/root/autodl-tmp/datasets/derived/construction_ppe3_canonical_v1_20260804_172437/images/all/train__image369.jpg,/root/autodl-tmp/datasets/derived/construction_ppe3_canonical_v1_20260804_172437/labels/all/train__image369.txt,/root/autodl-tmp/datasets/sources/construction-ppe_ultralytics_2025_v1/images/train/image369.jpg,train,369,18,e4baaf83acea01e6e57956baea124a66feaefeb0cafb1d7752c041f1fd9bcbc6,c010272f9c9d8cc4,1,1,1,False,hardlink,hardlink
group_0035,train,20,/root/autodl-tmp/datasets/derived/construction_ppe3_canonical_v1_20260804_172437/images/all/train__image370.jpg,/root/autodl-tmp/datasets/derived/construction_ppe3_canonical_v1_20260804_172437/labels/all/train__image370.txt,/root/autodl-tmp/datasets/sources/construction-ppe_ultralytics_2025_v1/images/train/image370.jpg,train,370,18,6fb31426d12f3227dbc23687b4e1760b9bf1c46e94d8720cd178a69c1e23ffc7,a0fb6303a6464ec8,1,1,1,False,hardlink,hardlink
group_0035,train,20,/root/autodl-tmp/datasets/derived/construction_ppe3_canonical_v1_20260804_172437/images/all/train__image371.jpg,/root/autodl-tmp/datasets/derived/construction_ppe3_canonical_v1_20260804_172437/labels/all/train__image371.txt,/root/autodl-tmp/datasets/sources/construction-ppe_ultralytics_2025_v1/images/train/image371.jpg,train,371,18,117d5f9e69d92964e51f89590737e3017e91a34385a5b5faafdad9becfea7a15,203b6f9a9d0ca4a6,1,1,1,False,hardlink,hardlink
group_0035,train,20,/root/autodl-tmp/datasets/derived/construction_ppe3_canonical_v1_20260804_172437/images/all/train__image372.jpg,/root/autodl-tmp/datasets/derived/construction_ppe3_canonical_v1_20260804_172437/labels/all/train__image372.txt,/root/autodl-tmp/datasets/sources/construction-ppe_ultralytics_2025_v1/images/train/image372.jpg,train,372,18,c4900593a8d3fd24d902c555676624747122f0fe1aea87f6438cf168424182d9,f0405f3c3a99ccc8,1,1,1,False,hardlink,hardlink
group_0035,train,20,/root/autodl-tmp/datasets/derived/construction_ppe3_canonical_v1_20260804_172437/images/all/train__image373.jpg,/root/autodl-tmp/datasets/derived/construction_ppe3_canonical_v1_20260804_172437/labels/all/train__image373.txt,/root/autodl-tmp/datasets/sources/construction-ppe_ultralytics_2025_v1/images/train/image373.jpg,train,373,18,d713c756f0b28ea50706af662bc96d29343892cb339c0368c7df61fa44afc679,f0102f981da4a4a0,1,1,1,False,hardlink,hardlink
group_0035,train,20,/root/autodl-tmp/datasets/derived/construction_ppe3_canonical_v1_20260804_172437/images/all/train__image374.jpg,/root/autodl-tmp/datasets/derived/construction_ppe3_canonical_v1_20260804_172437/labels/all/train__image374.txt,/root/autodl-tmp/datasets/sources/construction-ppe_ultralytics_2025_v1/images/train/image374.jpg,train,374,18,630019dbc01deb74156ea63b67ccf13934da9e92c701df30dd47ed42c2ac2a64,c0810f0e7ce5c5c4,1,1,1,False,hardlink,hardlink
group_0035,train,20,/root/autodl-tmp/datasets/derived/construction_ppe3_canonical_v1_20260804_172437/images/all/train__image375.jpg,/root/autodl-tmp/datasets/derived/construction_ppe3_canonical_v1_20260804_172437/labels/all/train__image375.txt,/root/autodl-tmp/datasets/sources/construction-ppe_ultralytics_2025_v1/images/train/image375.jpg,train,375,18,795f40c5f279ef0faf6111f22cacbaa01d019a6413300fbdea83bef2ca5a347c,c0000f6eec8693cc,1,1,1,False,hardlink,hardlink
group_0035,train,20,/root/autodl-tmp/datasets/derived/construction_ppe3_canonical_v1_20260804_172437/images/all/train__image376.jpg,/root/autodl-tmp/datasets/derived/construction_ppe3_canonical_v1_20260804_172437/labels/all/train__image376.txt,/root/autodl-tmp/datasets/sources/construction-ppe_ultralytics_2025_v1/images/train/image376.jpg,train,376,18,24551a5f78337a68f1a5df04628e0acb4ea8456bccafecbb077c8d80cb2e96dd,07031716920f0e1e,1,1,1,False,hardlink,hardlink
group_0035,train,20,/root/autodl-tmp/datasets/derived/construction_ppe3_canonical_v1_20260804_172437/images/all/train__image377.jpg,/root/autodl-tmp/datasets/derived/construction_ppe3_canonical_v1_20260804_172437/labels/all/train__image377.txt,/root/autodl-tmp/datasets/sources/construction-ppe_ultralytics_2025_v1/images/train/image377.jpg,train,377,18,fde31c8ed24fdef3993d2f85ba284837dd5e8f82aa29d82b97afb5d6ee6b2d58,e0fe0f0d48504aea,1,1,1,False,hardlink,hardlink
group_0035,train,20,/root/autodl-tmp/datasets/derived/construction_ppe3_canonical_v1_20260804_172437/images/all/train__image378.jpg,/root/autodl-tmp/datasets/derived/construction_ppe3_canonical_v1_20260804_172437/labels/all/train__image378.txt,/root/autodl-tmp/datasets/sources/construction-ppe_ultralytics_2025_v1/images/train/image378.jpg,train,378,18,abfbcf68420409a89320579048cc00c5a83995f4fe6b67f8b31c2da5b2320a68,f00c0f1bc706a6b3,1,1,1,False,hardlink,hardlink
group_0035,train,20,/root/autodl-tmp/datasets/derived/construction_ppe3_canonical_v1_20260804_172437/images/all/train__image379.jpg,/root/autodl-tmp/datasets/derived/construction_ppe3_canonical_v1_20260804_172437/labels/all/train__image379.txt,/root/autodl-tmp/datasets/sources/construction-ppe_ultralytics_2025_v1/images/train/image379.jpg,train,379,18,3c891bd3739627eda4bb62277c40a75d9ab7bd3b41c1a7d8bb9313050cec9e7f,904f0f26949c8c0a,1,1,1,False,hardlink,hardlink
group_0035,train,20,/root/autodl-tmp/datasets/derived/construction_ppe3_canonical_v1_20260804_172437/images/all/val__image360.jpg,/root/autodl-tmp/datasets/derived/construction_ppe3_canonical_v1_20260804_172437/labels/all/val__image360.txt,/root/autodl-tmp/datasets/sources/construction-ppe_ultralytics_2025_v1/images/val/image360.jpg,val,360,18,8f35133ed9fbe748a0aa90bdde7c20d2a298d471b16d0534675fbe2826fd54ee,fc6ce77663f383a8,1,0,0,False,hardlink,hardlink
group_0035,train,20,/root/autodl-tmp/datasets/derived/construction_ppe3_canonical_v1_20260804_172437/images/all/test__image361.jpg,/root/autodl-tmp/datasets/derived/construction_ppe3_canonical_v1_20260804_172437/labels/all/test__image361.txt,/root/autodl-tmp/datasets/sources/construction-ppe_ultralytics_2025_v1/images/test/image361.jpg,test,361,18,1bc33eff291c3a32c919b29cb3c4e45b6882bb30e0d63f13d83591af955a34a6,87b3373f991b9f8e,1,0,0,False,hardlink,hardlink
group_0036,train,20,/root/autodl-tmp/datasets/derived/construction_ppe3_canonical_v1_20260804_172437/images/all/train__image380.jpg,/root/autodl-tmp/datasets/derived/construction_ppe3_canonical_v1_20260804_172437/labels/all/train__image380.txt,/root/autodl-tmp/datasets/sources/construction-ppe_ultralytics_2025_v1/images/train/image380.jpg,train,380,19,b6a03d45b969f69a021ab79e00ba9f9dce9c0296581986121db224e063fdb2d0,ac8f0f99182a8ef4,1,1,1,False,hardlink,hardlink
group_0036,train,20,/root/autodl-tmp/datasets/derived/construction_ppe3_canonical_v1_20260804_172437/images/all/train__image382.jpg,/root/autodl-tmp/datasets/derived/construction_ppe3_canonical_v1_20260804_172437/labels/all/train__image382.txt,/root/autodl-tmp/datasets/sources/construction-ppe_ultralytics_2025_v1/images/train/image382.jpg,train,382,19,c047321f6bbbb526333b17e684efd57158f65508b93aab61f51f47d02543edfd,d0103f2f9cca4e8c,1,1,1,False,hardlink,hardlink
group_0036,train,20,/root/autodl-tmp/datasets/derived/construction_ppe3_canonical_v1_20260804_172437/images/all/train__image383.jpg,/root/autodl-tmp/datasets/derived/construction_ppe3_canonical_v1_20260804_172437/labels/all/train__image383.txt,/root/autodl-tmp/datasets/sources/construction-ppe_ultralytics_2025_v1/images/train/image383.jpg,train,383,19,f2d96d596b175cece97bed88b7327182c2545baa5ec2dd9b07e2c61cc918b047,84070bc3d31343a3,1,1,1,False,hardlink,hardlink
group_0036,train,20,/root/autodl-tmp/datasets/derived/construction_ppe3_canonical_v1_20260804_172437/images/all/train__image384.jpg,/root/autodl-tmp/datasets/derived/construction_ppe3_canonical_v1_20260804_172437/labels/all/train__image384.txt,/root/autodl-tmp/datasets/sources/construction-ppe_ultralytics_2025_v1/images/train/image384.jpg,train,384,19,44578df0a0ae2ec6b5de1858555df27f342cf28bc9eca11016cfc05c3884f1f0,c013afeced6336b0,1,1,1,False,hardlink,hardlink
group_0036,train,20,/root/autodl-tmp/datasets/derived/construction_ppe3_canonical_v1_20260804_172437/images/all/train__image385.jpg,/root/autodl-tmp/datasets/derived/construction_ppe3_canonical_v1_20260804_172437/labels/all/train__image385.txt,/root/autodl-tmp/datasets/sources/construction-ppe_ultralytics_2025_v1/images/train/image385.jpg,train,385,19,8cb8157894093c55279f37a088dbff370b310f8881a81540dbac26cac1a4b632,08478f6f6fe6b6ac,1,1,1,False,hardlink,hardlink
group_0036,train,20,/root/autodl-tmp/datasets/derived/construction_ppe3_canonical_v1_20260804_172437/images/all/train__image386.jpg,/root/autodl-tmp/datasets/derived/construction_ppe3_canonical_v1_20260804_172437/labels/all/train__image386.txt,/root/autodl-tmp/datasets/sources/construction-ppe_ultralytics_2025_v1/images/train/image386.jpg,train,386,19,01f8e6630a210fee6e90ad1f71cf54d4c563553c6f07c7fbd83c65b18ec367ca,bc2647cbc8941ae4,1,1,1,False,hardlink,hardlink
group_0036,train,20,/root/autodl-tmp/datasets/derived/construction_ppe3_canonical_v1_20260804_172437/images/all/train__image387.jpg,/root/autodl-tmp/datasets/derived/construction_ppe3_canonical_v1_20260804_172437/labels/all/train__image387.txt,/root/autodl-tmp/datasets/sources/construction-ppe_ultralytics_2025_v1/images/train/image387.jpg,train,387,19,4407026f29c9654df5346d74bcb0040f38e3456e6bce54c5f95f855790e43d0d,e08a1d6ce686a6d8,1,1,1,False,hardlink,hardlink
group_0036,train,20,/root/autodl-tmp/datasets/derived/construction_ppe3_canonical_v1_20260804_172437/images/all/train__image388.jpg,/root/autodl-tmp/datasets/derived/construction_ppe3_canonical_v1_20260804_172437/labels/all/train__image388.txt,/root/autodl-tmp/datasets/sources/construction-ppe_ultralytics_2025_v1/images/train/image388.jpg,train,388,19,a262397b2b3c916da21d902d857058bd124eca8335ff3a4ca59b4ffbc3f94224,eecd1a4ccc8cda4c,1,1,1,False,hardlink,hardlink
group_0036,train,20,/root/autodl-tmp/datasets/derived/construction_ppe3_canonical_v1_20260804_172437/images/all/train__image390.jpg,/root/autodl-tmp/datasets/derived/construction_ppe3_canonical_v1_20260804_172437/labels/all/train__image390.txt,/root/autodl-tmp/datasets/sources/construction-ppe_ultralytics_2025_v1/images/train/image390.jpg,train,390,19,2687290bc51fe213fe2ff1f7e3761ffbe404c58e179a82b963cc38542e4a8be1,c0081f748fef873c,1,1,1,False,hardlink,hardlink
group_0036,train,20,/root/autodl-tmp/datasets/derived/construction_ppe3_canonical_v1_20260804_172437/images/all/train__image394.jpg,/root/autodl-tmp/datasets/derived/construction_ppe3_canonical_v1_20260804_172437/labels/all/train__image394.txt,/root/autodl-tmp/datasets/sources/construction-ppe_ultralytics_2025_v1/images/train/image394.jpg,train,394,19,81504a4bd97ad4716210364ac383b27dc8b872bc245a815d4e43352a06077c8d,c0ab9f86171e8f94,1,1,1,False,hardlink,hardlink
group_0036,train,20,/root/autodl-tmp/datasets/derived/construction_ppe3_canonical_v1_20260804_172437/images/all/train__image397.jpg,/root/autodl-tmp/datasets/derived/construction_ppe3_canonical_v1_20260804_172437/labels/all/train__image397.txt,/root/autodl-tmp/datasets/sources/construction-ppe_ultralytics_2025_v1/images/train/image397.jpg,train,397,19,62ece786fd556ead37d0e8bcd5ad6cbdd1c9395730d2c0a249b085490086ef47,0303139a9a0f0e0e,1,1,1,False,hardlink,hardlink
group_0036,train,20,/root/autodl-tmp/datasets/derived/construction_ppe3_canonical_v1_20260804_172437/images/all/train__image398.jpg,/root/autodl-tmp/datasets/derived/construction_ppe3_canonical_v1_20260804_172437/labels/all/train__image398.txt,/root/autodl-tmp/datasets/sources/construction-ppe_ultralytics_2025_v1/images/train/image398.jpg,train,398,19,de5eb47e1ca41d259f9999b1fe7012f34408ae90a84db370e0e4203938cea169,b687230c0f4c82ca,1,1,1,False,hardlink,hardlink
group_0036,train,20,/root/autodl-tmp/datasets/derived/construction_ppe3_canonical_v1_20260804_172437/images/all/train__image399.jpg,/root/autodl-tmp/datasets/derived/construction_ppe3_canonical_v1_20260804_172437/labels/all/train__image399.txt,/root/autodl-tmp/datasets/sources/construction-ppe_ultralytics_2025_v1/images/train/image399.jpg,train,399,19,363a10b54d9dbd130f862f2f76ed963876149f47da8f3ff9731429891cb17bed,c68c1d8dcc8fafca,1,1,1,False,hardlink,hardlink
group_0036,train,20,/root/autodl-tmp/datasets/derived/construction_ppe3_canonical_v1_20260804_172437/images/all/val__image391.jpg,/root/autodl-tmp/datasets/derived/construction_ppe3_canonical_v1_20260804_172437/labels/all/val__image391.txt,/root/autodl-tmp/datasets/sources/construction-ppe_ultralytics_2025_v1/images/val/image391.jpg,val,391,19,d1b33a4bfc054c5c8ebec82ac2a4cf79474368f0327e21a20bc37d912c82e17a,200c4c148e4d8ee6,1,1,1,False,hardlink,hardlink
group_0036,train,20,/root/autodl-tmp/datasets/derived/construction_ppe3_canonical_v1_20260804_172437/images/all/val__image392.jpg,/root/autodl-tmp/datasets/derived/construction_ppe3_canonical_v1_20260804_172437/labels/all/val__image392.txt,/root/autodl-tmp/datasets/sources/construction-ppe_ultralytics_2025_v1/images/val/image392.jpg,val,392,19,3ed6fbf53a2d3443215941b52dfdb14adc34d827022cf5ae5ab9bb4a478f905b,fc260f071e8e18d8,1,1,1,False,hardlink,hardlink
group_0036,train,20,/root/autodl-tmp/datasets/derived/construction_ppe3_canonical_v1_20260804_172437/images/all/val__image395.jpg,/root/autodl-tmp/datasets/derived/construction_ppe3_canonical_v1_20260804_172437/labels/all/val__image395.txt,/root/autodl-tmp/datasets/sources/construction-ppe_ultralytics_2025_v1/images/val/image395.jpg,val,395,19,860fcd03c8261cf01155bd5270923f7a5673430e49840861bf3dc6970ef73324,f6376706078424e6,1,1,1,False,hardlink,hardlink
group_0036,train,20,/root/autodl-tmp/datasets/derived/construction_ppe3_canonical_v1_20260804_172437/images/all/val__image396.jpg,/root/autodl-tmp/datasets/derived/construction_ppe3_canonical_v1_20260804_172437/labels/all/val__image396.txt,/root/autodl-tmp/datasets/sources/construction-ppe_ultralytics_2025_v1/images/val/image396.jpg,val,396,19,8eafa32397da90781d53f117100f7b8332bbb924ef83f86df2ebc8b1401f88a8,c8cf050c880e29a4,1,1,1,False,hardlink,hardlink
group_0036,train,20,/root/autodl-tmp/datasets/derived/construction_ppe3_canonical_v1_20260804_172437/images/all/test__image381.jpg,/root/autodl-tmp/datasets/derived/construction_ppe3_canonical_v1_20260804_172437/labels/all/test__image381.txt,/root/autodl-tmp/datasets/sources/construction-ppe_ultralytics_2025_v1/images/test/image381.jpg,test,381,19,44104eaa459d34614c1bf107b4574089c0d6a063d1dbb893df2496059a2c22ec,e0920f0767e585c8,1,1,1,False,hardlink,hardlink
group_0036,train,20,/root/autodl-tmp/datasets/derived/construction_ppe3_canonical_v1_20260804_172437/images/all/test__image389.jpg,/root/autodl-tmp/datasets/derived/construction_ppe3_canonical_v1_20260804_172437/labels/all/test__image389.txt,/root/autodl-tmp/datasets/sources/construction-ppe_ultralytics_2025_v1/images/test/image389.jpg,test,389,19,c14c88cd2309ecb17d24f55c7fe14bd90e66cd62966eed82ab44d866f1cca69c,8c0c54c4cd8c5e90,1,1,1,False,hardlink,hardlink
group_0036,train,20,/root/autodl-tmp/datasets/derived/construction_ppe3_canonical_v1_20260804_172437/images/all/test__image393.jpg,/root/autodl-tmp/datasets/derived/construction_ppe3_canonical_v1_20260804_172437/labels/all/test__image393.txt,/root/autodl-tmp/datasets/sources/construction-ppe_ultralytics_2025_v1/images/test/image393.jpg,test,393,19,e31010f18d73bb947a30003a2bf18e20819013afb626bda06ecf252c114a2d54,c60c173707060bae,1,1,1,False,hardlink,hardlink
group_0037,train,20,/root/autodl-tmp/datasets/derived/construction_ppe3_canonical_v1_20260804_172437/images/all/train__image400.jpg,/root/autodl-tmp/datasets/derived/construction_ppe3_canonical_v1_20260804_172437/labels/all/train__image400.txt,/root/autodl-tmp/datasets/sources/construction-ppe_ultralytics_2025_v1/images/train/image400.jpg,train,400,20,77bc3f334f46fd292d18b5a802055ab412380fa76e26c27a55fbdd6812bb6a66,c40e3d8f4dcf8fa4,1,1,1,False,hardlink,hardlink
group_0037,train,20,/root/autodl-tmp/datasets/derived/construction_ppe3_canonical_v1_20260804_172437/images/all/train__image402.jpg,/root/autodl-tmp/datasets/derived/construction_ppe3_canonical_v1_20260804_172437/labels/all/train__image402.txt,/root/autodl-tmp/datasets/sources/construction-ppe_ultralytics_2025_v1/images/train/image402.jpg,train,402,20,6831b8098d94d3e3d32ee6acc7470fab78ab5d47cd7cdbd245db54c88d401ac0,f6a32303c60616e2,1,1,1,False,hardlink,hardlink
group_0037,train,20,/root/autodl-tmp/datasets/derived/construction_ppe3_canonical_v1_20260804_172437/images/all/train__image403.jpg,/root/autodl-tmp/datasets/derived/construction_ppe3_canonical_v1_20260804_172437/labels/all/train__image403.txt,/root/autodl-tmp/datasets/sources/construction-ppe_ultralytics_2025_v1/images/train/image403.jpg,train,403,20,ec2139add760f555e0f1fb910c753df994237d457924279897895f858b9f12d7,e4c7c726c783a7a6,1,1,1,False,hardlink,hardlink
group_0037,train,20,/root/autodl-tmp/datasets/derived/construction_ppe3_canonical_v1_20260804_172437/images/all/train__image404.jpg,/root/autodl-tmp/datasets/derived/construction_ppe3_canonical_v1_20260804_172437/labels/all/train__image404.txt,/root/autodl-tmp/datasets/sources/construction-ppe_ultralytics_2025_v1/images/train/image404.jpg,train,404,20,7066a36010f7e03ad523b970e62664a44ec572527c9b77ec9509279727784955,ba93910d67460dea,1,1,1,False,hardlink,hardlink
group_0037,train,20,/root/autodl-tmp/datasets/derived/construction_ppe3_canonical_v1_20260804_172437/images/all/train__image405.jpg,/root/autodl-tmp/datasets/derived/construction_ppe3_canonical_v1_20260804_172437/labels/all/train__image405.txt,/root/autodl-tmp/datasets/sources/construction-ppe_ultralytics_2025_v1/images/train/image405.jpg,train,405,20,2b71e8246098c7145bead4544e60b8ca63766890a0eb38c9e52353bab819860a,9cbc261f889a0ef2,1,1,1,False,hardlink,hardlink
group_0037,train,20,/root/autodl-tmp/datasets/derived/construction_ppe3_canonical_v1_20260804_172437/images/all/train__image406.jpg,/root/autodl-tmp/datasets/derived/construction_ppe3_canonical_v1_20260804_172437/labels/all/train__image406.txt,/root/autodl-tmp/datasets/sources/construction-ppe_ultralytics_2025_v1/images/train/image406.jpg,train,406,20,38f1950a6bf786f911e0165d9f3f4cbd70ccce755cec4f135eb6781490bb5cc7,dc3c2c3e2c2a0ee6,1,1,1,False,hardlink,hardlink
group_0037,train,20,/root/autodl-tmp/datasets/derived/construction_ppe3_canonical_v1_20260804_172437/images/all/train__image408.jpg,/root/autodl-tmp/datasets/derived/construction_ppe3_canonical_v1_20260804_172437/labels/all/train__image408.txt,/root/autodl-tmp/datasets/sources/construction-ppe_ultralytics_2025_v1/images/train/image408.jpg,train,408,20,a2b20a3cb7885251cd8f7b44c677748982b2a16561e97e9d37686de56feda47c,0303139e8a0f0e0e,1,1,1,False,hardlink,hardlink
group_0037,train,20,/root/autodl-tmp/datasets/derived/construction_ppe3_canonical_v1_20260804_172437/images/all/train__image409.jpg,/root/autodl-tmp/datasets/derived/construction_ppe3_canonical_v1_20260804_172437/labels/all/train__image409.txt,/root/autodl-tmp/datasets/sources/construction-ppe_ultralytics_2025_v1/images/train/image409.jpg,train,409,20,219cf37bcc5ee179ae70db9499adf51506de8398b3c4996f707f187c676e8608,2c170b9f8c1a5dec,1,1,1,False,hardlink,hardlink
group_0037,train,20,/root/autodl-tmp/datasets/derived/construction_ppe3_canonical_v1_20260804_172437/images/all/train__image410.jpg,/root/autodl-tmp/datasets/derived/construction_ppe3_canonical_v1_20260804_172437/labels/all/train__image410.txt,/root/autodl-tmp/datasets/sources/construction-ppe_ultralytics_2025_v1/images/train/image410.jpg,train,410,20,2ed68056d433aaf7ec53eb42b4e3d1fa31b4394d7e34a08edaccb63211785c12,923b134bcd2d4e90,1,0,1,False,hardlink,hardlink
group_0037,train,20,/root/autodl-tmp/datasets/derived/construction_ppe3_canonical_v1_20260804_172437/images/all/train__image412.jpg,/root/autodl-tmp/datasets/derived/construction_ppe3_canonical_v1_20260804_172437/labels/all/train__image412.txt,/root/autodl-tmp/datasets/sources/construction-ppe_ultralytics_2025_v1/images/train/image412.jpg,train,412,20,be6ee84995ac5a4286e5a20f7ba789c9f636f88b40c3982b67adff67bb07de2d,931737a78f8f8f9a,1,1,1,False,hardlink,hardlink
group_0037,train,20,/root/autodl-tmp/datasets/derived/construction_ppe3_canonical_v1_20260804_172437/images/all/train__image413.jpg,/root/autodl-tmp/datasets/derived/construction_ppe3_canonical_v1_20260804_172437/labels/all/train__image413.txt,/root/autodl-tmp/datasets/sources/construction-ppe_ultralytics_2025_v1/images/train/image413.jpg,train,413,20,e389df68e977bcf676436b723672c05d11459dc8ca407cfe5f407d3e94982d39,921637b6c68eaf84,1,1,1,False,hardlink,hardlink
group_0037,train,20,/root/autodl-tmp/datasets/derived/construction_ppe3_canonical_v1_20260804_172437/images/all/train__image414.jpg,/root/autodl-tmp/datasets/derived/construction_ppe3_canonical_v1_20260804_172437/labels/all/train__image414.txt,/root/autodl-tmp/datasets/sources/construction-ppe_ultralytics_2025_v1/images/train/image414.jpg,train,414,20,c0d8fc49736d19fc4eb4d8849e7efa49f29dd0018c62ef19d1a7b0ce1d8dca1a,b69712129c8c0a9a,1,1,1,False,hardlink,hardlink
group_0037,train,20,/root/autodl-tmp/datasets/derived/construction_ppe3_canonical_v1_20260804_172437/images/all/train__image415.jpg,/root/autodl-tmp/datasets/derived/construction_ppe3_canonical_v1_20260804_172437/labels/all/train__image415.txt,/root/autodl-tmp/datasets/sources/construction-ppe_ultralytics_2025_v1/images/train/image415.jpg,train,415,20,3ab36963587bfed011b84ee16993476544c03db3f6d49dc78800893f345c179b,cf8f23271c9f1adc,1,1,1,False,hardlink,hardlink
group_0037,train,20,/root/autodl-tmp/datasets/derived/construction_ppe3_canonical_v1_20260804_172437/images/all/train__image416.jpg,/root/autodl-tmp/datasets/derived/construction_ppe3_canonical_v1_20260804_172437/labels/all/train__image416.txt,/root/autodl-tmp/datasets/sources/construction-ppe_ultralytics_2025_v1/images/train/image416.jpg,train,416,20,8c625c47abf56a2bbe8a1a50dd45c12285c9906c0408de39eed6d765574e1e7d,b41715139c8e1a8c,1,1,1,False,hardlink,hardlink
group_0037,train,20,/root/autodl-tmp/datasets/derived/construction_ppe3_canonical_v1_20260804_172437/images/all/train__image417.jpg,/root/autodl-tmp/datasets/derived/construction_ppe3_canonical_v1_20260804_172437/labels/all/train__image417.txt,/root/autodl-tmp/datasets/sources/construction-ppe_ultralytics_2025_v1/images/train/image417.jpg,train,417,20,729c805f4271b58d51a72a5529146b55e0c3b732316b84770c69e7bbae5f3518,868703131c0d0dda,1,1,1,False,hardlink,hardlink
group_0037,train,20,/root/autodl-tmp/datasets/derived/construction_ppe3_canonical_v1_20260804_172437/images/all/train__image418.jpg,/root/autodl-tmp/datasets/derived/construction_ppe3_canonical_v1_20260804_172437/labels/all/train__image418.txt,/root/autodl-tmp/datasets/sources/construction-ppe_ultralytics_2025_v1/images/train/image418.jpg,train,418,20,2ec689031423094f051a0b35c18f0f29749e0fc4ee631000a7ab70a01076b1e2,8f0e1f17c60687a4,1,1,1,False,hardlink,hardlink
group_0037,train,20,/root/autodl-tmp/datasets/derived/construction_ppe3_canonical_v1_20260804_172437/images/all/val__image407.jpg,/root/autodl-tmp/datasets/derived/construction_ppe3_canonical_v1_20260804_172437/labels/all/val__image407.txt,/root/autodl-tmp/datasets/sources/construction-ppe_ultralytics_2025_v1/images/val/image407.jpg,val,407,20,ec9682478cbc68a04498b68c6c8dd16dcfc3a1afce5ffb7308a79d850803f781,c4cb9b03cb4a1fb8,1,1,1,False,hardlink,hardlink
group_0037,train,20,/root/autodl-tmp/datasets/derived/construction_ppe3_canonical_v1_20260804_172437/images/all/val__image411.jpg,/root/autodl-tmp/datasets/derived/construction_ppe3_canonical_v1_20260804_172437/labels/all/val__image411.txt,/root/autodl-tmp/datasets/sources/construction-ppe_ultralytics_2025_v1/images/val/image411.jpg,val,411,20,56438f323d6e40a02cd6c2e82f9222512d54a11846403a9f7635c51fa9b29d65,828f9b93e7d7e2d0,1,1,1,False,hardlink,hardlink
group_0037,train,20,/root/autodl-tmp/datasets/derived/construction_ppe3_canonical_v1_20260804_172437/images/all/val__image419.jpg,/root/autodl-tmp/datasets/derived/construction_ppe3_canonical_v1_20260804_172437/labels/all/val__image419.txt,/root/autodl-tmp/datasets/sources/construction-ppe_ultralytics_2025_v1/images/val/image419.jpg,val,419,20,a8167b7012244a1bf0b53c9577dfba808448f561c2e9cae5798ad7ce36b2e6be,9c0c9f16c6a6a7d2,1,1,1,False,hardlink,hardlink
group_0037,train,20,/root/autodl-tmp/datasets/derived/construction_ppe3_canonical_v1_20260804_172437/images/all/test__image401.jpg,/root/autodl-tmp/datasets/derived/construction_ppe3_canonical_v1_20260804_172437/labels/all/test__image401.txt,/root/autodl-tmp/datasets/sources/construction-ppe_ultralytics_2025_v1/images/test/image401.jpg,test,401,20,9bf120a9e1d18aaaa736151a896633607942e399d0e842c2b987dbedba3e65e0,30498b968e4e0edd,1,1,1,False,hardlink,hardlink
group_0038,train,20,/root/autodl-tmp/datasets/derived/construction_ppe3_canonical_v1_20260804_172437/images/all/train__image41.jpeg,/root/autodl-tmp/datasets/derived/construction_ppe3_canonical_v1_20260804_172437/labels/all/train__image41.txt,/root/autodl-tmp/datasets/sources/construction-ppe_ultralytics_2025_v1/images/train/image41.jpeg,train,41,2,65ea0d048ee4321029d101bb7fb32bed06d385bbcea8b572fa83a0d4afae47c1,00108cb8141c1200,1,0,1,False,hardlink,hardlink
group_0038,train,20,/root/autodl-tmp/datasets/derived/construction_ppe3_canonical_v1_20260804_172437/images/all/train__image42.jpg,/root/autodl-tmp/datasets/derived/construction_ppe3_canonical_v1_20260804_172437/labels/all/train__image42.txt,/root/autodl-tmp/datasets/sources/construction-ppe_ultralytics_2025_v1/images/train/image42.jpg,train,42,2,0ecc2e1d63914baaa9e97d5b96afa625ea907220b3e9161acb3c21b92d05a501,05031712820f0e1e,1,1,1,False,hardlink,hardlink
group_0038,train,20,/root/autodl-tmp/datasets/derived/construction_ppe3_canonical_v1_20260804_172437/images/all/train__image43.jpeg,/root/autodl-tmp/datasets/derived/construction_ppe3_canonical_v1_20260804_172437/labels/all/train__image43.txt,/root/autodl-tmp/datasets/sources/construction-ppe_ultralytics_2025_v1/images/train/image43.jpeg,train,43,2,897718c6ebfac3f44939082f2779a4e4599482275423c6d3741786bfaa4401f1,006268280b4c0800,1,1,2,False,hardlink,hardlink
group_0038,train,20,/root/autodl-tmp/datasets/derived/construction_ppe3_canonical_v1_20260804_172437/images/all/train__image44.jpeg,/root/autodl-tmp/datasets/derived/construction_ppe3_canonical_v1_20260804_172437/labels/all/train__image44.txt,/root/autodl-tmp/datasets/sources/construction-ppe_ultralytics_2025_v1/images/train/image44.jpeg,train,44,2,8cb3724335d65b8d3593ab728ff6da8be5fe9e47f37a080a919f10724070aa2b,e4d8c4ece4e4eae8,4,1,4,False,hardlink,hardlink
group_0038,train,20,/root/autodl-tmp/datasets/derived/construction_ppe3_canonical_v1_20260804_172437/images/all/train__image45.jpg,/root/autodl-tmp/datasets/derived/construction_ppe3_canonical_v1_20260804_172437/labels/all/train__image45.txt,/root/autodl-tmp/datasets/sources/construction-ppe_ultralytics_2025_v1/images/train/image45.jpg,train,45,2,6e28d7d855eb4b677ca50cf8af2aadfb15c4ef3600b59494ef10cf01159931e2,05030b088807060e,1,1,1,False,hardlink,hardlink
group_0038,train,20,/root/autodl-tmp/datasets/derived/construction_ppe3_canonical_v1_20260804_172437/images/all/train__image47.jpg,/root/autodl-tmp/datasets/derived/construction_ppe3_canonical_v1_20260804_172437/labels/all/train__image47.txt,/root/autodl-tmp/datasets/sources/construction-ppe_ultralytics_2025_v1/images/train/image47.jpg,train,47,2,5f766eaf0a4ef45ff28dae18c4d230afc6c579318ea521322b341aa83f30b3da,05030b1a88070e0e,1,1,1,False,hardlink,hardlink
group_0038,train,20,/root/autodl-tmp/datasets/derived/construction_ppe3_canonical_v1_20260804_172437/images/all/train__image48.jpeg,/root/autodl-tmp/datasets/derived/construction_ppe3_canonical_v1_20260804_172437/labels/all/train__image48.txt,/root/autodl-tmp/datasets/sources/construction-ppe_ultralytics_2025_v1/images/train/image48.jpeg,train,48,2,c7fd84c36207bb74def620088547ff98d7c6a37de55bfd474fe98070ffc5f94b,0036d4ef8c247100,1,1,1,False,hardlink,hardlink
group_0038,train,20,/root/autodl-tmp/datasets/derived/construction_ppe3_canonical_v1_20260804_172437/images/all/train__image49.jpg,/root/autodl-tmp/datasets/derived/construction_ppe3_canonical_v1_20260804_172437/labels/all/train__image49.txt,/root/autodl-tmp/datasets/sources/construction-ppe_ultralytics_2025_v1/images/train/image49.jpg,train,49,2,17d99c985d321074b742602d18c471d08e22b98e39e2fe9a13bc00897f30ab43,05030d4c8c060616,1,1,1,False,hardlink,hardlink
group_0038,train,20,/root/autodl-tmp/datasets/derived/construction_ppe3_canonical_v1_20260804_172437/images/all/train__image50.jpeg,/root/autodl-tmp/datasets/derived/construction_ppe3_canonical_v1_20260804_172437/labels/all/train__image50.txt,/root/autodl-tmp/datasets/sources/construction-ppe_ultralytics_2025_v1/images/train/image50.jpeg,train,50,2,ea45842d9dc7e846010b77875ad800ac5c9901bea8cd87d348cafbfffb277ee6,00c1e686a7a31700,2,2,2,False,hardlink,hardlink
group_0038,train,20,/root/autodl-tmp/datasets/derived/construction_ppe3_canonical_v1_20260804_172437/images/all/train__image51.jpeg,/root/autodl-tmp/datasets/derived/construction_ppe3_canonical_v1_20260804_172437/labels/all/train__image51.txt,/root/autodl-tmp/datasets/sources/construction-ppe_ultralytics_2025_v1/images/train/image51.jpeg,train,51,2,58885fcad76056e9e6012de0c9a99e47c084e5497fe1d35a2a7d2de8992ea679,0034e9955fbb9a00,1,1,1,False,hardlink,hardlink
group_0038,train,20,/root/autodl-tmp/datasets/derived/construction_ppe3_canonical_v1_20260804_172437/images/all/train__image52.jpg,/root/autodl-tmp/datasets/derived/construction_ppe3_canonical_v1_20260804_172437/labels/all/train__image52.txt,/root/autodl-tmp/datasets/sources/construction-ppe_ultralytics_2025_v1/images/train/image52.jpg,train,52,2,67fc44bbf9327331548378456e7280772933bd492d889ce9e21c65ee4f9ba9ba,05030b0a8a070e1e,1,1,1,False,hardlink,hardlink
group_0038,train,20,/root/autodl-tmp/datasets/derived/construction_ppe3_canonical_v1_20260804_172437/images/all/train__image53.jpeg,/root/autodl-tmp/datasets/derived/construction_ppe3_canonical_v1_20260804_172437/labels/all/train__image53.txt,/root/autodl-tmp/datasets/sources/construction-ppe_ultralytics_2025_v1/images/train/image53.jpeg,train,53,2,9d0e9fb40ed833e5ac7a341a156ce7c33da2aecfda5352d3ede3897811734c78,003163cd3e1b8500,1,1,1,False,hardlink,hardlink
group_0038,train,20,/root/autodl-tmp/datasets/derived/construction_ppe3_canonical_v1_20260804_172437/images/all/train__image54.jpg,/root/autodl-tmp/datasets/derived/construction_ppe3_canonical_v1_20260804_172437/labels/all/train__image54.txt,/root/autodl-tmp/datasets/sources/construction-ppe_ultralytics_2025_v1/images/train/image54.jpg,train,54,2,0c88bd96c0a224a8c3798ec9c0fb862ecebedb54ee4e94f2e03bd9d154fcf82f,07031316860f0e1e,1,1,1,False,hardlink,hardlink
group_0038,train,20,/root/autodl-tmp/datasets/derived/construction_ppe3_canonical_v1_20260804_172437/images/all/train__image55.jpeg,/root/autodl-tmp/datasets/derived/construction_ppe3_canonical_v1_20260804_172437/labels/all/train__image55.txt,/root/autodl-tmp/datasets/sources/construction-ppe_ultralytics_2025_v1/images/train/image55.jpeg,train,55,2,d24e2163c2e1cbadb968dd10ce5eae275db3c7d145cd0a141e9927bfc80daa5a,00313a3a1a5c6700,3,0,4,False,hardlink,hardlink
group_0038,train,20,/root/autodl-tmp/datasets/derived/construction_ppe3_canonical_v1_20260804_172437/images/all/train__image56.jpg,/root/autodl-tmp/datasets/derived/construction_ppe3_canonical_v1_20260804_172437/labels/all/train__image56.txt,/root/autodl-tmp/datasets/sources/construction-ppe_ultralytics_2025_v1/images/train/image56.jpg,train,56,2,5417b63f112dbc951d1ee4cb4ecd88a45cb96d7788fbd58c1c78ce2cf2f593c2,07031316860f0e1e,1,1,1,False,hardlink,hardlink
group_0038,train,20,/root/autodl-tmp/datasets/derived/construction_ppe3_canonical_v1_20260804_172437/images/all/train__image57.jpeg,/root/autodl-tmp/datasets/derived/construction_ppe3_canonical_v1_20260804_172437/labels/all/train__image57.txt,/root/autodl-tmp/datasets/sources/construction-ppe_ultralytics_2025_v1/images/train/image57.jpeg,train,57,2,c48689ea05a43347a3c8f620424f24a4a32d2ba3f4dca85cdf0f03fbc50a813a,00e822ee98929200,0,0,0,True,hardlink,hardlink
group_0038,train,20,/root/autodl-tmp/datasets/derived/construction_ppe3_canonical_v1_20260804_172437/images/all/train__image59.jpg,/root/autodl-tmp/datasets/derived/construction_ppe3_canonical_v1_20260804_172437/labels/all/train__image59.txt,/root/autodl-tmp/datasets/sources/construction-ppe_ultralytics_2025_v1/images/train/image59.jpg,train,59,2,4f2a444bb8cb0e16cd9695cb58a54ae40da4612c463a5ad49201ee83b2b8d574,070313168e0f0e16,1,1,1,False,hardlink,hardlink
group_0038,train,20,/root/autodl-tmp/datasets/derived/construction_ppe3_canonical_v1_20260804_172437/images/all/val__image46.jpeg,/root/autodl-tmp/datasets/derived/construction_ppe3_canonical_v1_20260804_172437/labels/all/val__image46.txt,/root/autodl-tmp/datasets/sources/construction-ppe_ultralytics_2025_v1/images/val/image46.jpeg,val,46,2,92abd57317625d12fde2f77513e044383f7619360200d120814486d9d44e3678,0024009531619000,1,1,0,False,hardlink,hardlink
group_0038,train,20,/root/autodl-tmp/datasets/derived/construction_ppe3_canonical_v1_20260804_172437/images/all/test__image40.jpg,/root/autodl-tmp/datasets/derived/construction_ppe3_canonical_v1_20260804_172437/labels/all/test__image40.txt,/root/autodl-tmp/datasets/sources/construction-ppe_ultralytics_2025_v1/images/test/image40.jpg,test,40,2,9829e94cd701d2de33d3f3817c72a4937ceccb0298d31e85a93ff164afb3f0fc,05031716920f0e1e,1,1,1,False,hardlink,hardlink
group_0038,train,20,/root/autodl-tmp/datasets/derived/construction_ppe3_canonical_v1_20260804_172437/images/all/test__image58.jpeg,/root/autodl-tmp/datasets/derived/construction_ppe3_canonical_v1_20260804_172437/labels/all/test__image58.txt,/root/autodl-tmp/datasets/sources/construction-ppe_ultralytics_2025_v1/images/test/image58.jpeg,test,58,2,a0abc2f161d8e19dae318a33f67ed34e39d23623b7d3119539fe74b55aec54e5,c4dcccf0f8c4c0d0,1,1,0,False,hardlink,hardlink
group_0039,train,20,/root/autodl-tmp/datasets/derived/construction_ppe3_canonical_v1_20260804_172437/images/all/train__image420.jpg,/root/autodl-tmp/datasets/derived/construction_ppe3_canonical_v1_20260804_172437/labels/all/train__image420.txt,/root/autodl-tmp/datasets/sources/construction-ppe_ultralytics_2025_v1/images/train/image420.jpg,train,420,21,8332e17c713eb0f10cbdbf8d04388a401ec807924732f91a47925d49307d82b3,9c189d16c626a7a6,1,1,1,False,hardlink,hardlink
group_0039,train,20,/root/autodl-tmp/datasets/derived/construction_ppe3_canonical_v1_20260804_172437/images/all/train__image421.jpg,/root/autodl-tmp/datasets/derived/construction_ppe3_canonical_v1_20260804_172437/labels/all/train__image421.txt,/root/autodl-tmp/datasets/sources/construction-ppe_ultralytics_2025_v1/images/train/image421.jpg,train,421,21,afb1e061879b04001f7e41290827131c3ea9b934247834d04b21fa6e2a9af592,fc3a9b37c7c62786,1,1,1,False,hardlink,hardlink
group_0039,train,20,/root/autodl-tmp/datasets/derived/construction_ppe3_canonical_v1_20260804_172437/images/all/train__image422.jpg,/root/autodl-tmp/datasets/derived/construction_ppe3_canonical_v1_20260804_172437/labels/all/train__image422.txt,/root/autodl-tmp/datasets/sources/construction-ppe_ultralytics_2025_v1/images/train/image422.jpg,train,422,21,f645f5cc817d0fd32c1a88dac0d7bdb12edc9e5541318df149c05f8644f2941b,b68726064c4c1aea,1,1,1,False,hardlink,hardlink
group_0039,train,20,/root/autodl-tmp/datasets/derived/construction_ppe3_canonical_v1_20260804_172437/images/all/train__image424.jpg,/root/autodl-tmp/datasets/derived/construction_ppe3_canonical_v1_20260804_172437/labels/all/train__image424.txt,/root/autodl-tmp/datasets/sources/construction-ppe_ultralytics_2025_v1/images/train/image424.jpg,train,424,21,0ee8f9edf3ce31b57b683a83caf68ac0ebd4e25919bccd64154931045d31fb27,d01e2d874ec62684,1,1,1,False,hardlink,hardlink
group_0039,train,20,/root/autodl-tmp/datasets/derived/construction_ppe3_canonical_v1_20260804_172437/images/all/train__image425.jpg,/root/autodl-tmp/datasets/derived/construction_ppe3_canonical_v1_20260804_172437/labels/all/train__image425.txt,/root/autodl-tmp/datasets/sources/construction-ppe_ultralytics_2025_v1/images/train/image425.jpg,train,425,21,5e26ed29d1c17380fea75274b921e36996925ed6f0df3b2661e71f2c90d9551f,e00e06c726e6b386,1,1,1,False,hardlink,hardlink
group_0039,train,20,/root/autodl-tmp/datasets/derived/construction_ppe3_canonical_v1_20260804_172437/images/all/train__image426.jpg,/root/autodl-tmp/datasets/derived/construction_ppe3_canonical_v1_20260804_172437/labels/all/train__image426.txt,/root/autodl-tmp/datasets/sources/construction-ppe_ultralytics_2025_v1/images/train/image426.jpg,train,426,21,e6f31246c4492626436509951e448b84043eff820965f6abed66c8d5a9d44fd8,0a0f4607c6264690,1,1,1,False,hardlink,hardlink
group_0039,train,20,/root/autodl-tmp/datasets/derived/construction_ppe3_canonical_v1_20260804_172437/images/all/train__image427.jpg,/root/autodl-tmp/datasets/derived/construction_ppe3_canonical_v1_20260804_172437/labels/all/train__image427.txt,/root/autodl-tmp/datasets/sources/construction-ppe_ultralytics_2025_v1/images/train/image427.jpg,train,427,21,398d640765fc24bfdcc29656c65a7a50ebb680a2ceca9a32dde2bb0e823b817c,42470b0be6a667c2,1,1,1,False,hardlink,hardlink
group_0039,train,20,/root/autodl-tmp/datasets/derived/construction_ppe3_canonical_v1_20260804_172437/images/all/train__image428.jpg,/root/autodl-tmp/datasets/derived/construction_ppe3_canonical_v1_20260804_172437/labels/all/train__image428.txt,/root/autodl-tmp/datasets/sources/construction-ppe_ultralytics_2025_v1/images/train/image428.jpg,train,428,21,8b2e16bb3f0a7496693969ebc384561591497d72ffe979aa73766b66c01942f4,8c9f371c3930fef4,1,1,1,False,hardlink,hardlink
group_0039,train,20,/root/autodl-tmp/datasets/derived/construction_ppe3_canonical_v1_20260804_172437/images/all/train__image429.jpg,/root/autodl-tmp/datasets/derived/construction_ppe3_canonical_v1_20260804_172437/labels/all/train__image429.txt,/root/autodl-tmp/datasets/sources/construction-ppe_ultralytics_2025_v1/images/train/image429.jpg,train,429,21,84236947d3d0c89abee767aab45258d2daafbe37506385201e2422c13638c8ad,07030b96960f0e1e,1,1,1,False,hardlink,hardlink
group_0039,train,20,/root/autodl-tmp/datasets/derived/construction_ppe3_canonical_v1_20260804_172437/images/all/train__image432.jpg,/root/autodl-tmp/datasets/derived/construction_ppe3_canonical_v1_20260804_172437/labels/all/train__image432.txt,/root/autodl-tmp/datasets/sources/construction-ppe_ultralytics_2025_v1/images/train/image432.jpg,train,432,21,3253ffd422e2cb47b948a77ae402078beb898a77d668400ea491ba52bcafa042,aa9f141e9d1a9ae4,1,1,1,False,hardlink,hardlink
group_0039,train,20,/root/autodl-tmp/datasets/derived/construction_ppe3_canonical_v1_20260804_172437/images/all/train__image433.jpg,/root/autodl-tmp/datasets/derived/construction_ppe3_canonical_v1_20260804_172437/labels/all/train__image433.txt,/root/autodl-tmp/datasets/sources/construction-ppe_ultralytics_2025_v1/images/train/image433.jpg,train,433,21,a33787ff144dd264251a99b5616591232ab3cc499e52b7da0fd27f7979f3997c,c617178667f797c8,1,1,1,False,hardlink,hardlink
group_0039,train,20,/root/autodl-tmp/datasets/derived/construction_ppe3_canonical_v1_20260804_172437/images/all/train__image434.jpg,/root/autodl-tmp/datasets/derived/construction_ppe3_canonical_v1_20260804_172437/labels/all/train__image434.txt,/root/autodl-tmp/datasets/sources/construction-ppe_ultralytics_2025_v1/images/train/image434.jpg,train,434,21,776e3ec91cf118928341098cbb386ae47fc233e55590ba81f9d94bd3dba79d2d,ce4b9343c72765b0,1,1,1,False,hardlink,hardlink
group_0039,train,20,/root/autodl-tmp/datasets/derived/construction_ppe3_canonical_v1_20260804_172437/images/all/train__image435.jpg,/root/autodl-tmp/datasets/derived/construction_ppe3_canonical_v1_20260804_172437/labels/all/train__image435.txt,/root/autodl-tmp/datasets/sources/construction-ppe_ultralytics_2025_v1/images/train/image435.jpg,train,435,21,565da504c7fdf7e9bd07a8b92559aea165ce77a6c198c4b94e3234f12454d080,1c956d2e1e9b0c9d,1,1,1,False,hardlink,hardlink
group_0039,train,20,/root/autodl-tmp/datasets/derived/construction_ppe3_canonical_v1_20260804_172437/images/all/train__image436.jpg,/root/autodl-tmp/datasets/derived/construction_ppe3_canonical_v1_20260804_172437/labels/all/train__image436.txt,/root/autodl-tmp/datasets/sources/construction-ppe_ultralytics_2025_v1/images/train/image436.jpg,train,436,21,76effb4b55d91be4f6275bd61e2e4793616a624bca49f2c5556e5d3eb9561de5,062e2e24838f8b0b,1,1,1,False,hardlink,hardlink
group_0039,train,20,/root/autodl-tmp/datasets/derived/construction_ppe3_canonical_v1_20260804_172437/images/all/train__image437.jpg,/root/autodl-tmp/datasets/derived/construction_ppe3_canonical_v1_20260804_172437/labels/all/train__image437.txt,/root/autodl-tmp/datasets/sources/construction-ppe_ultralytics_2025_v1/images/train/image437.jpg,train,437,21,5fe7cb834672aa0722c8a6ca9789a84d78de46f1afc4f304bc42e3c6f8c9e3ce,aa9f9bd3b61e1f1f,1,1,1,False,hardlink,hardlink
group_0039,train,20,/root/autodl-tmp/datasets/derived/construction_ppe3_canonical_v1_20260804_172437/images/all/train__image438.jpg,/root/autodl-tmp/datasets/derived/construction_ppe3_canonical_v1_20260804_172437/labels/all/train__image438.txt,/root/autodl-tmp/datasets/sources/construction-ppe_ultralytics_2025_v1/images/train/image438.jpg,train,438,21,a2b5827dfb77679dd191a59a88590af90fd280c38625dfe17193f8de6ffc3163,838b5bd3ce0a9e96,1,1,1,False,hardlink,hardlink
group_0039,train,20,/root/autodl-tmp/datasets/derived/construction_ppe3_canonical_v1_20260804_172437/images/all/val__image430.jpg,/root/autodl-tmp/datasets/derived/construction_ppe3_canonical_v1_20260804_172437/labels/all/val__image430.txt,/root/autodl-tmp/datasets/sources/construction-ppe_ultralytics_2025_v1/images/val/image430.jpg,val,430,21,6e92840ec761576e423da415246eb965a1b5c421b596dc2e1be25b1b7f6ecf50,e02e3e2f0d8c8dce,1,1,1,False,hardlink,hardlink
group_0039,train,20,/root/autodl-tmp/datasets/derived/construction_ppe3_canonical_v1_20260804_172437/images/all/val__image439.jpeg,/root/autodl-tmp/datasets/derived/construction_ppe3_canonical_v1_20260804_172437/labels/all/val__image439.txt,/root/autodl-tmp/datasets/sources/construction-ppe_ultralytics_2025_v1/images/val/image439.jpeg,val,439,21,9e4211b5fc8fb776bd6d4b73f9edb6169f02d2647767c75a997f7458ff542d76,0080e08888c18a06,2,4,2,False,hardlink,hardlink
group_0039,train,20,/root/autodl-tmp/datasets/derived/construction_ppe3_canonical_v1_20260804_172437/images/all/test__image423.jpg,/root/autodl-tmp/datasets/derived/construction_ppe3_canonical_v1_20260804_172437/labels/all/test__image423.txt,/root/autodl-tmp/datasets/sources/construction-ppe_ultralytics_2025_v1/images/test/image423.jpg,test,423,21,a9f89253b5087733a87b7f242d8183c26f331cab59f7b94744d86876d54da327,f7a7820646650dce,1,1,1,False,hardlink,hardlink
group_0039,train,20,/root/autodl-tmp/datasets/derived/construction_ppe3_canonical_v1_20260804_172437/images/all/test__image431.jpg,/root/autodl-tmp/datasets/derived/construction_ppe3_canonical_v1_20260804_172437/labels/all/test__image431.txt,/root/autodl-tmp/datasets/sources/construction-ppe_ultralytics_2025_v1/images/test/image431.jpg,test,431,21,b489dcdab81b5c9753b233a2a16243cc4a906446cee46ada7d2fd88ea2ed143e,908657d746e7a784,1,1,1,False,hardlink,hardlink
group_0040,train,20,/root/autodl-tmp/datasets/derived/construction_ppe3_canonical_v1_20260804_172437/images/all/train__image440.jpg,/root/autodl-tmp/datasets/derived/construction_ppe3_canonical_v1_20260804_172437/labels/all/train__image440.txt,/root/autodl-tmp/datasets/sources/construction-ppe_ultralytics_2025_v1/images/train/image440.jpg,train,440,22,8c1e3a8bcf9b830553bc867980436e6e18dab28dba539e2391748b129fa409ff,82039396161a1ebe,1,1,0,False,hardlink,hardlink
group_0040,train,20,/root/autodl-tmp/datasets/derived/construction_ppe3_canonical_v1_20260804_172437/images/all/train__image442.jpg,/root/autodl-tmp/datasets/derived/construction_ppe3_canonical_v1_20260804_172437/labels/all/train__image442.txt,/root/autodl-tmp/datasets/sources/construction-ppe_ultralytics_2025_v1/images/train/image442.jpg,train,442,22,5328bba4cee58cc2e40c9abbd7e32c189007b34b12ff61db9a134175c383d0cd,8c97120ec69524e6,1,1,1,False,hardlink,hardlink
group_0040,train,20,/root/autodl-tmp/datasets/derived/construction_ppe3_canonical_v1_20260804_172437/images/all/train__image443.jpg,/root/autodl-tmp/datasets/derived/construction_ppe3_canonical_v1_20260804_172437/labels/all/train__image443.txt,/root/autodl-tmp/datasets/sources/construction-ppe_ultralytics_2025_v1/images/train/image443.jpg,train,443,22,51ea99ca3481ba34bd733c068bc80e37ce8cf9fab6b7345063b6cc3527240851,808293d78e8a1af6,1,1,1,False,hardlink,hardlink
group_0040,train,20,/root/autodl-tmp/datasets/derived/construction_ppe3_canonical_v1_20260804_172437/images/all/train__image445.jpg,/root/autodl-tmp/datasets/derived/construction_ppe3_canonical_v1_20260804_172437/labels/all/train__image445.txt,/root/autodl-tmp/datasets/sources/construction-ppe_ultralytics_2025_v1/images/train/image445.jpg,train,445,22,c914e693f22b803da8b4018cfb330a542cf84e9db841db2536018d16f7f10b5d,8c9e0b0e468526e6,1,1,1,False,hardlink,hardlink
group_0040,train,20,/root/autodl-tmp/datasets/derived/construction_ppe3_canonical_v1_20260804_172437/images/all/train__image447.jpg,/root/autodl-tmp/datasets/derived/construction_ppe3_canonical_v1_20260804_172437/labels/all/train__image447.txt,/root/autodl-tmp/datasets/sources/construction-ppe_ultralytics_2025_v1/images/train/image447.jpg,train,447,22,0f407772b39f84feed99bc6c58f5abf217fdcb89d93d9e1630e7f51e7cbc450c,c8f3f2d658796d67,1,0,1,False,hardlink,hardlink
group_0040,train,20,/root/autodl-tmp/datasets/derived/construction_ppe3_canonical_v1_20260804_172437/images/all/train__image448.jpg,/root/autodl-tmp/datasets/derived/construction_ppe3_canonical_v1_20260804_172437/labels/all/train__image448.txt,/root/autodl-tmp/datasets/sources/construction-ppe_ultralytics_2025_v1/images/train/image448.jpg,train,448,22,27262be5cfdaa7cac69f13c647ceb340a106543b7720a7cec30ac7941a88e2ea,a16b09796373272c,2,1,2,False,hardlink,hardlink
group_0040,train,20,/root/autodl-tmp/datasets/derived/construction_ppe3_canonical_v1_20260804_172437/images/all/train__image449.jpg,/root/autodl-tmp/datasets/derived/construction_ppe3_canonical_v1_20260804_172437/labels/all/train__image449.txt,/root/autodl-tmp/datasets/sources/construction-ppe_ultralytics_2025_v1/images/train/image449.jpg,train,449,22,63d3434a8e759c1029d94ea8cebc7dae52ff3f42535af9261b39aa8375003a2f,3a1e17d7260e5d1c,1,1,1,False,hardlink,hardlink
group_0040,train,20,/root/autodl-tmp/datasets/derived/construction_ppe3_canonical_v1_20260804_172437/images/all/train__image451.jpg,/root/autodl-tmp/datasets/derived/construction_ppe3_canonical_v1_20260804_172437/labels/all/train__image451.txt,/root/autodl-tmp/datasets/sources/construction-ppe_ultralytics_2025_v1/images/train/image451.jpg,train,451,22,bc63d8f21c2a19178e4009f5c2307a46f844a76bea668937616032849985c099,12130b0c8a870706,1,1,1,False,hardlink,hardlink
group_0040,train,20,/root/autodl-tmp/datasets/derived/construction_ppe3_canonical_v1_20260804_172437/images/all/train__image452.jpg,/root/autodl-tmp/datasets/derived/construction_ppe3_canonical_v1_20260804_172437/labels/all/train__image452.txt,/root/autodl-tmp/datasets/sources/construction-ppe_ultralytics_2025_v1/images/train/image452.jpg,train,452,22,d4ec1054dc5a58ed42e97ea5a8232bd2d564340cc38ae09d051e98f84e18ffa7,c0891b92171332f6,1,1,1,False,hardlink,hardlink
group_0040,train,20,/root/autodl-tmp/datasets/derived/construction_ppe3_canonical_v1_20260804_172437/images/all/train__image453.jpg,/root/autodl-tmp/datasets/derived/construction_ppe3_canonical_v1_20260804_172437/labels/all/train__image453.txt,/root/autodl-tmp/datasets/sources/construction-ppe_ultralytics_2025_v1/images/train/image453.jpg,train,453,22,e9ba9cc163447654c30dbead7b4712dbb6420e8a213d24c237a8a9538d8a752e,e0e7c62e2d63333e,1,1,1,False,hardlink,hardlink
group_0040,train,20,/root/autodl-tmp/datasets/derived/construction_ppe3_canonical_v1_20260804_172437/images/all/train__image454.jpg,/root/autodl-tmp/datasets/derived/construction_ppe3_canonical_v1_20260804_172437/labels/all/train__image454.txt,/root/autodl-tmp/datasets/sources/construction-ppe_ultralytics_2025_v1/images/train/image454.jpg,train,454,22,76105b62536052cbe6c2666b9b1030f7fb5c98d64c85c66ca211e985ac719c53,ca9b9393969606de,1,1,0,False,hardlink,hardlink
group_0040,train,20,/root/autodl-tmp/datasets/derived/construction_ppe3_canonical_v1_20260804_172437/images/all/train__image455.jpg,/root/autodl-tmp/datasets/derived/construction_ppe3_canonical_v1_20260804_172437/labels/all/train__image455.txt,/root/autodl-tmp/datasets/sources/construction-ppe_ultralytics_2025_v1/images/train/image455.jpg,train,455,22,9c3adbd78077d7ecd141993222969796f7fe8af8970e7ea0b22735b49d89e14f,d81a0ad9c9e96da4,1,0,1,False,hardlink,hardlink
group_0040,train,20,/root/autodl-tmp/datasets/derived/construction_ppe3_canonical_v1_20260804_172437/images/all/train__image456.jpg,/root/autodl-tmp/datasets/derived/construction_ppe3_canonical_v1_20260804_172437/labels/all/train__image456.txt,/root/autodl-tmp/datasets/sources/construction-ppe_ultralytics_2025_v1/images/train/image456.jpg,train,456,22,a60de3e1f2d649bc4fe390791091d45dda5459573051bcc46bc1f73c982698b8,84030784868f9a9a,1,1,1,False,hardlink,hardlink
group_0040,train,20,/root/autodl-tmp/datasets/derived/construction_ppe3_canonical_v1_20260804_172437/images/all/train__image457.jpg,/root/autodl-tmp/datasets/derived/construction_ppe3_canonical_v1_20260804_172437/labels/all/train__image457.txt,/root/autodl-tmp/datasets/sources/construction-ppe_ultralytics_2025_v1/images/train/image457.jpg,train,457,22,b3a0c9b02d684659d4c787f6b39a919e35900931a97e746b2e3c9d1765132bdb,b693121a87878784,1,1,1,False,hardlink,hardlink
group_0040,train,20,/root/autodl-tmp/datasets/derived/construction_ppe3_canonical_v1_20260804_172437/images/all/train__image458.jpg,/root/autodl-tmp/datasets/derived/construction_ppe3_canonical_v1_20260804_172437/labels/all/train__image458.txt,/root/autodl-tmp/datasets/sources/construction-ppe_ultralytics_2025_v1/images/train/image458.jpg,train,458,22,bf6212790449237a4512400dc2917cfd5052534657f01329f5380e638de12050,2e6f32b31b9f8793,1,1,1,False,hardlink,hardlink
group_0040,train,20,/root/autodl-tmp/datasets/derived/construction_ppe3_canonical_v1_20260804_172437/images/all/val__image446.jpg,/root/autodl-tmp/datasets/derived/construction_ppe3_canonical_v1_20260804_172437/labels/all/val__image446.txt,/root/autodl-tmp/datasets/sources/construction-ppe_ultralytics_2025_v1/images/val/image446.jpg,val,446,22,1b4a59c06b29a485ea5aaf2c54a3aa3871d46bfe4029c5a06058798389cb0ea5,9b35278f4d46d390,1,1,1,False,hardlink,hardlink
group_0040,train,20,/root/autodl-tmp/datasets/derived/construction_ppe3_canonical_v1_20260804_172437/images/all/test__image441.jpg,/root/autodl-tmp/datasets/derived/construction_ppe3_canonical_v1_20260804_172437/labels/all/test__image441.txt,/root/autodl-tmp/datasets/sources/construction-ppe_ultralytics_2025_v1/images/test/image441.jpg,test,441,22,cadb00858d36ca39dd0d70081768cc25b5fb82d75315d26ca5d89889ea4fa91e,182737474e0e4bd9,1,1,1,False,hardlink,hardlink
group_0040,train,20,/root/autodl-tmp/datasets/derived/construction_ppe3_canonical_v1_20260804_172437/images/all/test__image444.jpg,/root/autodl-tmp/datasets/derived/construction_ppe3_canonical_v1_20260804_172437/labels/all/test__image444.txt,/root/autodl-tmp/datasets/sources/construction-ppe_ultralytics_2025_v1/images/test/image444.jpg,test,444,22,21db04b8dbc87a9987f72a45d2320427363207a5544eaf6a20dcd599cb0be3e4,4f17b78d4d9e9b19,1,1,1,False,hardlink,hardlink
group_0040,train,20,/root/autodl-tmp/datasets/derived/construction_ppe3_canonical_v1_20260804_172437/images/all/test__image450.jpg,/root/autodl-tmp/datasets/derived/construction_ppe3_canonical_v1_20260804_172437/labels/all/test__image450.txt,/root/autodl-tmp/datasets/sources/construction-ppe_ultralytics_2025_v1/images/test/image450.jpg,test,450,22,ce1f9ecdbe95834edb4ec2f960413d1b13643421a817286b2291f3b03becca6b,708c90d0c8f47609,4,4,0,False,hardlink,hardlink
group_0040,train,20,/root/autodl-tmp/datasets/derived/construction_ppe3_canonical_v1_20260804_172437/images/all/test__image459.jpg,/root/autodl-tmp/datasets/derived/construction_ppe3_canonical_v1_20260804_172437/labels/all/test__image459.txt,/root/autodl-tmp/datasets/sources/construction-ppe_ultralytics_2025_v1/images/test/image459.jpg,test,459,22,7e4557a2239a15d72a85233b5bbd4bdc0cb79e2ac70ba5c327acba2882d1956e,a0834b939616343c,1,1,1,False,hardlink,hardlink
group_0041,test,20,/root/autodl-tmp/datasets/derived/construction_ppe3_canonical_v1_20260804_172437/images/all/train__image461.jpg,/root/autodl-tmp/datasets/derived/construction_ppe3_canonical_v1_20260804_172437/labels/all/train__image461.txt,/root/autodl-tmp/datasets/sources/construction-ppe_ultralytics_2025_v1/images/train/image461.jpg,train,461,23,f81c808a3042d5f5c08f13b8bc2f27f63d604d1e7d3cae2fc318938ca152bdbd,98cced4ce41810d8,1,1,1,False,hardlink,hardlink
group_0041,test,20,/root/autodl-tmp/datasets/derived/construction_ppe3_canonical_v1_20260804_172437/images/all/train__image463.jpg,/root/autodl-tmp/datasets/derived/construction_ppe3_canonical_v1_20260804_172437/labels/all/train__image463.txt,/root/autodl-tmp/datasets/sources/construction-ppe_ultralytics_2025_v1/images/train/image463.jpg,train,463,23,8439ea0189a08aa8dd406bdd58f6ba6c24f58d3686f4bfb54d09f3a95654b834,ea4893a2cc5cbeb8,4,7,7,False,hardlink,hardlink
group_0041,test,20,/root/autodl-tmp/datasets/derived/construction_ppe3_canonical_v1_20260804_172437/images/all/train__image465.jpg,/root/autodl-tmp/datasets/derived/construction_ppe3_canonical_v1_20260804_172437/labels/all/train__image465.txt,/root/autodl-tmp/datasets/sources/construction-ppe_ultralytics_2025_v1/images/train/image465.jpg,train,465,23,3d8a3801fc35a758bf2065792ff2266120c818a84eabacb55198a2565ffd6712,00f9f3ebcfdfbb7c,5,6,6,False,hardlink,hardlink
group_0041,test,20,/root/autodl-tmp/datasets/derived/construction_ppe3_canonical_v1_20260804_172437/images/all/train__image466.jpg,/root/autodl-tmp/datasets/derived/construction_ppe3_canonical_v1_20260804_172437/labels/all/train__image466.txt,/root/autodl-tmp/datasets/sources/construction-ppe_ultralytics_2025_v1/images/train/image466.jpg,train,466,23,9e5b6a073647ee3b3c2602fe3db2bf707d4333ae46442aaae05071dd51e6d8ba,b63766eeb6dc8cbc,4,4,5,False,hardlink,hardlink
group_0041,test,20,/root/autodl-tmp/datasets/derived/construction_ppe3_canonical_v1_20260804_172437/images/all/train__image467.jpg,/root/autodl-tmp/datasets/derived/construction_ppe3_canonical_v1_20260804_172437/labels/all/train__image467.txt,/root/autodl-tmp/datasets/sources/construction-ppe_ultralytics_2025_v1/images/train/image467.jpg,train,467,23,6b3e1857fcbb22cde38b55ed27510b4fb6fc40b25565df09cb40bf2af2b25e95,9c8ca89a125056d6,2,2,2,False,hardlink,hardlink
group_0041,test,20,/root/autodl-tmp/datasets/derived/construction_ppe3_canonical_v1_20260804_172437/images/all/train__image468.jpg,/root/autodl-tmp/datasets/derived/construction_ppe3_canonical_v1_20260804_172437/labels/all/train__image468.txt,/root/autodl-tmp/datasets/sources/construction-ppe_ultralytics_2025_v1/images/train/image468.jpg,train,468,23,ff82f3dd5a964d7e663a37b68ca0eace83f0bd38039e95ce039c788d5f5f928b,f0a435b0d35969aa,4,4,2,False,hardlink,hardlink
group_0041,test,20,/root/autodl-tmp/datasets/derived/construction_ppe3_canonical_v1_20260804_172437/images/all/train__image469.jpg,/root/autodl-tmp/datasets/derived/construction_ppe3_canonical_v1_20260804_172437/labels/all/train__image469.txt,/root/autodl-tmp/datasets/sources/construction-ppe_ultralytics_2025_v1/images/train/image469.jpg,train,469,23,89c5c5e9936e80fe03d143905c72d193f9b88d5ec133c9f2b397fc69c71e003e,406c262de4b9719e,3,8,0,False,hardlink,hardlink
group_0041,test,20,/root/autodl-tmp/datasets/derived/construction_ppe3_canonical_v1_20260804_172437/images/all/train__image471.jpg,/root/autodl-tmp/datasets/derived/construction_ppe3_canonical_v1_20260804_172437/labels/all/train__image471.txt,/root/autodl-tmp/datasets/sources/construction-ppe_ultralytics_2025_v1/images/train/image471.jpg,train,471,23,a3c3af0ed17a866e81b9af38b11d99cc7b57158dec4abe45ac072c7242a899fd,78799936f6d27332,1,1,1,False,hardlink,hardlink
group_0041,test,20,/root/autodl-tmp/datasets/derived/construction_ppe3_canonical_v1_20260804_172437/images/all/train__image472.jpg,/root/autodl-tmp/datasets/derived/construction_ppe3_canonical_v1_20260804_172437/labels/all/train__image472.txt,/root/autodl-tmp/datasets/sources/construction-ppe_ultralytics_2025_v1/images/train/image472.jpg,train,472,23,153bf5ed9b00a730b2edbc0e1ba7d00913301ef3148d5e4c7ba1074b144e768b,1c584b67cbcee486,0,1,1,False,hardlink,hardlink
group_0041,test,20,/root/autodl-tmp/datasets/derived/construction_ppe3_canonical_v1_20260804_172437/images/all/train__image473.jpg,/root/autodl-tmp/datasets/derived/construction_ppe3_canonical_v1_20260804_172437/labels/all/train__image473.txt,/root/autodl-tmp/datasets/sources/construction-ppe_ultralytics_2025_v1/images/train/image473.jpg,train,473,23,2d6aa1dd1fe8dcc125d890cf1b291d05be4ae90186ab1c474ef809414026a90a,38b8899f7656f2b2,1,1,1,False,hardlink,hardlink
group_0041,test,20,/root/autodl-tmp/datasets/derived/construction_ppe3_canonical_v1_20260804_172437/images/all/train__image474.jpeg,/root/autodl-tmp/datasets/derived/construction_ppe3_canonical_v1_20260804_172437/labels/all/train__image474.txt,/root/autodl-tmp/datasets/sources/construction-ppe_ultralytics_2025_v1/images/train/image474.jpeg,train,474,23,e6590711c7a64cd991c7327dfdaa616016db1c7bd6f420ceb4df6e3fff7aeaaf,8080c40f8814ee0e,1,1,1,False,hardlink,hardlink
group_0041,test,20,/root/autodl-tmp/datasets/derived/construction_ppe3_canonical_v1_20260804_172437/images/all/train__image475.jpg,/root/autodl-tmp/datasets/derived/construction_ppe3_canonical_v1_20260804_172437/labels/all/train__image475.txt,/root/autodl-tmp/datasets/sources/construction-ppe_ultralytics_2025_v1/images/train/image475.jpg,train,475,23,c463c3df24270989e7e48fa083d42726865eb558b049952520e1e4a8569cd564,c6e729090c9190b6,0,0,1,False,hardlink,hardlink
group_0041,test,20,/root/autodl-tmp/datasets/derived/construction_ppe3_canonical_v1_20260804_172437/images/all/train__image476.jpg,/root/autodl-tmp/datasets/derived/construction_ppe3_canonical_v1_20260804_172437/labels/all/train__image476.txt,/root/autodl-tmp/datasets/sources/construction-ppe_ultralytics_2025_v1/images/train/image476.jpg,train,476,23,b8f9f5b09327d21ca4c4f7b861b84917f89cfdc6e57c5a16b1590ae88b09b3ac,60ccf2f466e2d0fc,2,2,1,False,hardlink,hardlink
group_0041,test,20,/root/autodl-tmp/datasets/derived/construction_ppe3_canonical_v1_20260804_172437/images/all/train__image477.jpg,/root/autodl-tmp/datasets/derived/construction_ppe3_canonical_v1_20260804_172437/labels/all/train__image477.txt,/root/autodl-tmp/datasets/sources/construction-ppe_ultralytics_2025_v1/images/train/image477.jpg,train,477,23,683599a591bc6405eb3769a632a2818d792b3fd9ce262d6e5a84ffc4d25e794f,ce0a3373d38f4e26,1,1,1,False,hardlink,hardlink
group_0041,test,20,/root/autodl-tmp/datasets/derived/construction_ppe3_canonical_v1_20260804_172437/images/all/train__image478.jpg,/root/autodl-tmp/datasets/derived/construction_ppe3_canonical_v1_20260804_172437/labels/all/train__image478.txt,/root/autodl-tmp/datasets/sources/construction-ppe_ultralytics_2025_v1/images/train/image478.jpg,train,478,23,a1a0a33e23e9432d54fbba5569dacbb6a28c13ea2799921fefc9c6b997e43350,a0ede973d19c8bcf,1,1,1,False,hardlink,hardlink
group_0041,test,20,/root/autodl-tmp/datasets/derived/construction_ppe3_canonical_v1_20260804_172437/images/all/train__image479.jpg,/root/autodl-tmp/datasets/derived/construction_ppe3_canonical_v1_20260804_172437/labels/all/train__image479.txt,/root/autodl-tmp/datasets/sources/construction-ppe_ultralytics_2025_v1/images/train/image479.jpg,train,479,23,5a0965675d7934a0face2596d665dc040d9fb70c8803d97296c7bb61f2626101,b868e83039ecbca8,0,0,1,False,hardlink,hardlink
group_0041,test,20,/root/autodl-tmp/datasets/derived/construction_ppe3_canonical_v1_20260804_172437/images/all/val__image464.jpg,/root/autodl-tmp/datasets/derived/construction_ppe3_canonical_v1_20260804_172437/labels/all/val__image464.txt,/root/autodl-tmp/datasets/sources/construction-ppe_ultralytics_2025_v1/images/val/image464.jpg,val,464,23,c08e115ee3107f81be356bc4799dcd71a69300113b06b83acc8b4bf26e75e753,a4f4ffd36dc98a24,4,4,5,False,hardlink,hardlink
group_0041,test,20,/root/autodl-tmp/datasets/derived/construction_ppe3_canonical_v1_20260804_172437/images/all/test__image460.jpg,/root/autodl-tmp/datasets/derived/construction_ppe3_canonical_v1_20260804_172437/labels/all/test__image460.txt,/root/autodl-tmp/datasets/sources/construction-ppe_ultralytics_2025_v1/images/test/image460.jpg,test,460,23,7b277480250befa84404541bc82447dc18ad7b811b5266e3b8473b11e0c354b3,88cc4d4ca61850d8,1,1,1,False,hardlink,hardlink
group_0041,test,20,/root/autodl-tmp/datasets/derived/construction_ppe3_canonical_v1_20260804_172437/images/all/test__image462.jpg,/root/autodl-tmp/datasets/derived/construction_ppe3_canonical_v1_20260804_172437/labels/all/test__image462.txt,/root/autodl-tmp/datasets/sources/construction-ppe_ultralytics_2025_v1/images/test/image462.jpg,test,462,23,ad5523e79058bc801d502aba6fe4f84b1a0278fade165af45f5fa92968c35918,90e76cce7e30349e,4,5,5,False,hardlink,hardlink
group_0041,test,20,/root/autodl-tmp/datasets/derived/construction_ppe3_canonical_v1_20260804_172437/images/all/test__image470.jpeg,/root/autodl-tmp/datasets/derived/construction_ppe3_canonical_v1_20260804_172437/labels/all/test__image470.txt,/root/autodl-tmp/datasets/sources/construction-ppe_ultralytics_2025_v1/images/test/image470.jpeg,test,470,23,a7448ecea20d5f5b28105290d5a30d5918d5ed83bd6cee295dc0bd45b4461069,00d6d63324323000,1,0,1,False,hardlink,hardlink
group_0042,train,20,/root/autodl-tmp/datasets/derived/construction_ppe3_canonical_v1_20260804_172437/images/all/train__image480.jpg,/root/autodl-tmp/datasets/derived/construction_ppe3_canonical_v1_20260804_172437/labels/all/train__image480.txt,/root/autodl-tmp/datasets/sources/construction-ppe_ultralytics_2025_v1/images/train/image480.jpg,train,480,24,4bca4bf7f46fdac19fc48f8f7b3660433e0c7ae8bce0502ac6f9ae962801e78e,b2ab68f0e16966e0,1,0,0,False,hardlink,hardlink
group_0042,train,20,/root/autodl-tmp/datasets/derived/construction_ppe3_canonical_v1_20260804_172437/images/all/train__image482.jpg,/root/autodl-tmp/datasets/derived/construction_ppe3_canonical_v1_20260804_172437/labels/all/train__image482.txt,/root/autodl-tmp/datasets/sources/construction-ppe_ultralytics_2025_v1/images/train/image482.jpg,train,482,24,1f07a30b10a7d983f97fa5fd3bbfeaa5d3fbd07279c39c8df713f7c9ffd97dc5,f222e2f63c6c9494,0,0,0,True,hardlink,hardlink
group_0042,train,20,/root/autodl-tmp/datasets/derived/construction_ppe3_canonical_v1_20260804_172437/images/all/train__image483.jpg,/root/autodl-tmp/datasets/derived/construction_ppe3_canonical_v1_20260804_172437/labels/all/train__image483.txt,/root/autodl-tmp/datasets/sources/construction-ppe_ultralytics_2025_v1/images/train/image483.jpg,train,483,24,fe31226af260fe64552a97a261f151528ea0fcb681b12058e413916416be33ea,a4bc6ca83c30b8b0,1,1,1,False,hardlink,hardlink
group_0042,train,20,/root/autodl-tmp/datasets/derived/construction_ppe3_canonical_v1_20260804_172437/images/all/train__image485.jpg,/root/autodl-tmp/datasets/derived/construction_ppe3_canonical_v1_20260804_172437/labels/all/train__image485.txt,/root/autodl-tmp/datasets/sources/construction-ppe_ultralytics_2025_v1/images/train/image485.jpg,train,485,24,5d0640243cdf56fc5d15eff5b288e41cb72f8bb55a8f2d56ba3d4b8df88eb591,d868489c1e323498,1,1,1,False,hardlink,hardlink
group_0042,train,20,/root/autodl-tmp/datasets/derived/construction_ppe3_canonical_v1_20260804_172437/images/all/train__image486.jpg,/root/autodl-tmp/datasets/derived/construction_ppe3_canonical_v1_20260804_172437/labels/all/train__image486.txt,/root/autodl-tmp/datasets/sources/construction-ppe_ultralytics_2025_v1/images/train/image486.jpg,train,486,24,0f2b5c4eeac1b48dab63136dc44d9bbf91b4f8d643aa462fa2fb8e5c24db55ad,90945d292c343030,1,1,1,False,hardlink,hardlink
group_0042,train,20,/root/autodl-tmp/datasets/derived/construction_ppe3_canonical_v1_20260804_172437/images/all/train__image488.jpg,/root/autodl-tmp/datasets/derived/construction_ppe3_canonical_v1_20260804_172437/labels/all/train__image488.txt,/root/autodl-tmp/datasets/sources/construction-ppe_ultralytics_2025_v1/images/train/image488.jpg,train,488,24,df10a6fed17d69f8ab88c83c50946514ff5a7c7333449d4b5c8398497023b165,38390b8cb298199c,1,1,1,False,hardlink,hardlink
group_0042,train,20,/root/autodl-tmp/datasets/derived/construction_ppe3_canonical_v1_20260804_172437/images/all/train__image489.jpg,/root/autodl-tmp/datasets/derived/construction_ppe3_canonical_v1_20260804_172437/labels/all/train__image489.txt,/root/autodl-tmp/datasets/sources/construction-ppe_ultralytics_2025_v1/images/train/image489.jpg,train,489,24,42dcb7f33eabf5bec12e44657853fa21468c089fb912f3356c0c80dda0697175,cccc47dfcea3e3f3,1,1,1,False,hardlink,hardlink
group_0042,train,20,/root/autodl-tmp/datasets/derived/construction_ppe3_canonical_v1_20260804_172437/images/all/train__image490.jpg,/root/autodl-tmp/datasets/derived/construction_ppe3_canonical_v1_20260804_172437/labels/all/train__image490.txt,/root/autodl-tmp/datasets/sources/construction-ppe_ultralytics_2025_v1/images/train/image490.jpg,train,490,24,14a97057a9e0f2a404121467aaeb3bd63926f6c8d2afc9c783a727036aac9199,e8bc973b6a7266e4,1,1,1,False,hardlink,hardlink
group_0042,train,20,/root/autodl-tmp/datasets/derived/construction_ppe3_canonical_v1_20260804_172437/images/all/train__image491.jpg,/root/autodl-tmp/datasets/derived/construction_ppe3_canonical_v1_20260804_172437/labels/all/train__image491.txt,/root/autodl-tmp/datasets/sources/construction-ppe_ultralytics_2025_v1/images/train/image491.jpg,train,491,24,ce4e2a2d24419569d98e7deedd12f035709a261850a1e63412fb51502fc208bf,c8184c4bcd4c0fdc,1,1,1,False,hardlink,hardlink
group_0042,train,20,/root/autodl-tmp/datasets/derived/construction_ppe3_canonical_v1_20260804_172437/images/all/train__image492.jpg,/root/autodl-tmp/datasets/derived/construction_ppe3_canonical_v1_20260804_172437/labels/all/train__image492.txt,/root/autodl-tmp/datasets/sources/construction-ppe_ultralytics_2025_v1/images/train/image492.jpg,train,492,24,dfe2988c160f918b65ff1f0ddd9e0de6e53063b013aa238d940d0d878c2a3f96,0703078686071e1e,1,1,1,False,hardlink,hardlink
group_0042,train,20,/root/autodl-tmp/datasets/derived/construction_ppe3_canonical_v1_20260804_172437/images/all/train__image493.jpg,/root/autodl-tmp/datasets/derived/construction_ppe3_canonical_v1_20260804_172437/labels/all/train__image493.txt,/root/autodl-tmp/datasets/sources/construction-ppe_ultralytics_2025_v1/images/train/image493.jpg,train,493,24,f9bf89c667373df10bdffa0b9b3f13f380ab7c5e50bda959c1cdf759f87c3001,8c0ca4cda6a68698,1,1,1,False,hardlink,hardlink
group_0042,train,20,/root/autodl-tmp/datasets/derived/construction_ppe3_canonical_v1_20260804_172437/images/all/train__image494.jpg,/root/autodl-tmp/datasets/derived/construction_ppe3_canonical_v1_20260804_172437/labels/all/train__image494.txt,/root/autodl-tmp/datasets/sources/construction-ppe_ultralytics_2025_v1/images/train/image494.jpg,train,494,24,6c084fe994e35bd831365bc712643b86573970321bd10195a6d9b80b3b4f9fdf,1e1e6e6f9a9a9ed8,1,1,1,False,hardlink,hardlink
group_0042,train,20,/root/autodl-tmp/datasets/derived/construction_ppe3_canonical_v1_20260804_172437/images/all/train__image495.jpg,/root/autodl-tmp/datasets/derived/construction_ppe3_canonical_v1_20260804_172437/labels/all/train__image495.txt,/root/autodl-tmp/datasets/sources/construction-ppe_ultralytics_2025_v1/images/train/image495.jpg,train,495,24,702b8fa6bbb32ff11d5f31a72197dc6e1f20e5d53b2089415f1e696ccad31dcb,f49703cb4c8c8af4,1,1,1,False,hardlink,hardlink
group_0042,train,20,/root/autodl-tmp/datasets/derived/construction_ppe3_canonical_v1_20260804_172437/images/all/train__image496.jpg,/root/autodl-tmp/datasets/derived/construction_ppe3_canonical_v1_20260804_172437/labels/all/train__image496.txt,/root/autodl-tmp/datasets/sources/construction-ppe_ultralytics_2025_v1/images/train/image496.jpg,train,496,24,74327a54fda9cc3f3051d15f6abb587c958de92a316ee5bea28fca3312c05989,b6079bce4c8dacf2,1,0,0,False,hardlink,hardlink
group_0042,train,20,/root/autodl-tmp/datasets/derived/construction_ppe3_canonical_v1_20260804_172437/images/all/train__image497.jpg,/root/autodl-tmp/datasets/derived/construction_ppe3_canonical_v1_20260804_172437/labels/all/train__image497.txt,/root/autodl-tmp/datasets/sources/construction-ppe_ultralytics_2025_v1/images/train/image497.jpg,train,497,24,43157b28050b932619600461faa6d8e5d5cd0334b74489c9d3ef00585f78cd69,b0ef0f271c9c9b8e,1,1,1,False,hardlink,hardlink
group_0042,train,20,/root/autodl-tmp/datasets/derived/construction_ppe3_canonical_v1_20260804_172437/images/all/train__image498.jpg,/root/autodl-tmp/datasets/derived/construction_ppe3_canonical_v1_20260804_172437/labels/all/train__image498.txt,/root/autodl-tmp/datasets/sources/construction-ppe_ultralytics_2025_v1/images/train/image498.jpg,train,498,24,21d2111a35cd5049883049123f8468a5a5cdee90f23fb8380a7c7fe5829c5ac1,000020e5994fc708,4,4,4,False,hardlink,hardlink
group_0042,train,20,/root/autodl-tmp/datasets/derived/construction_ppe3_canonical_v1_20260804_172437/images/all/train__image499.jpg,/root/autodl-tmp/datasets/derived/construction_ppe3_canonical_v1_20260804_172437/labels/all/train__image499.txt,/root/autodl-tmp/datasets/sources/construction-ppe_ultralytics_2025_v1/images/train/image499.jpg,train,499,24,bad1fb64d977857b2f80b5f0bbe4cdc598c536ae0efac93f3420b1c1c68a25c7,10182eded9cd89db,1,1,1,False,hardlink,hardlink
group_0042,train,20,/root/autodl-tmp/datasets/derived/construction_ppe3_canonical_v1_20260804_172437/images/all/val__image487.jpg,/root/autodl-tmp/datasets/derived/construction_ppe3_canonical_v1_20260804_172437/labels/all/val__image487.txt,/root/autodl-tmp/datasets/sources/construction-ppe_ultralytics_2025_v1/images/val/image487.jpg,val,487,24,b9455e1ea0bc634603b9efb562c6789ac8d6fd946f7898a23c082e6fe5b2123e,b4bca929ac723031,1,1,1,False,hardlink,hardlink
group_0042,train,20,/root/autodl-tmp/datasets/derived/construction_ppe3_canonical_v1_20260804_172437/images/all/test__image481.jpg,/root/autodl-tmp/datasets/derived/construction_ppe3_canonical_v1_20260804_172437/labels/all/test__image481.txt,/root/autodl-tmp/datasets/sources/construction-ppe_ultralytics_2025_v1/images/test/image481.jpg,test,481,24,d47aed162c364dc636806cfde47e75bc4613a912b9eeb26c413e7476dc029e6d,8b03577e744acbb5,3,4,3,False,hardlink,hardlink
group_0042,train,20,/root/autodl-tmp/datasets/derived/construction_ppe3_canonical_v1_20260804_172437/images/all/test__image484.jpg,/root/autodl-tmp/datasets/derived/construction_ppe3_canonical_v1_20260804_172437/labels/all/test__image484.txt,/root/autodl-tmp/datasets/sources/construction-ppe_ultralytics_2025_v1/images/test/image484.jpg,test,484,24,1a52958284efc66705ede0e98d9ae1ece0cd9e1f3bc457784204c7865367f965,f075a5c7a6e626c6,1,1,1,False,hardlink,hardlink
group_0043,train,20,/root/autodl-tmp/datasets/derived/construction_ppe3_canonical_v1_20260804_172437/images/all/train__image500.jpg,/root/autodl-tmp/datasets/derived/construction_ppe3_canonical_v1_20260804_172437/labels/all/train__image500.txt,/root/autodl-tmp/datasets/sources/construction-ppe_ultralytics_2025_v1/images/train/image500.jpg,train,500,25,537e9e29631d0d1e1a16b5fa82870334d7981355eff545ff12bb0fd6b177283b,ef0f0f4ccc9c5ae8,1,1,1,False,hardlink,hardlink
group_0043,train,20,/root/autodl-tmp/datasets/derived/construction_ppe3_canonical_v1_20260804_172437/images/all/train__image501.jpg,/root/autodl-tmp/datasets/derived/construction_ppe3_canonical_v1_20260804_172437/labels/all/train__image501.txt,/root/autodl-tmp/datasets/sources/construction-ppe_ultralytics_2025_v1/images/train/image501.jpg,train,501,25,550e4f6bb28fe2087e0cf273eb8f2431c12e48ac200b29c008a78c8477b3a60e,e0b307060e1c9be6,0,1,1,False,hardlink,hardlink
group_0043,train,20,/root/autodl-tmp/datasets/derived/construction_ppe3_canonical_v1_20260804_172437/images/all/train__image503.jpg,/root/autodl-tmp/datasets/derived/construction_ppe3_canonical_v1_20260804_172437/labels/all/train__image503.txt,/root/autodl-tmp/datasets/sources/construction-ppe_ultralytics_2025_v1/images/train/image503.jpg,train,503,25,2f00e33f0b3a23f7b83405ab3f59102550e5da67f39be009ff10947767c395e8,07031b9a8e0f0e16,1,1,1,False,hardlink,hardlink
group_0043,train,20,/root/autodl-tmp/datasets/derived/construction_ppe3_canonical_v1_20260804_172437/images/all/train__image504.jpg,/root/autodl-tmp/datasets/derived/construction_ppe3_canonical_v1_20260804_172437/labels/all/train__image504.txt,/root/autodl-tmp/datasets/sources/construction-ppe_ultralytics_2025_v1/images/train/image504.jpg,train,504,25,711f010c8130cfdc42993316f1a0ef1012a313f68212606e2b519db694a86cb9,c48b8b1bcb4a0e93,1,1,1,False,hardlink,hardlink
group_0043,train,20,/root/autodl-tmp/datasets/derived/construction_ppe3_canonical_v1_20260804_172437/images/all/train__image506.jpg,/root/autodl-tmp/datasets/derived/construction_ppe3_canonical_v1_20260804_172437/labels/all/train__image506.txt,/root/autodl-tmp/datasets/sources/construction-ppe_ultralytics_2025_v1/images/train/image506.jpg,train,506,25,4628d04f7573d55e6bc1285defb5bf92283caa60e2e3c56e66e9543b4979697d,4707b3978e4e4f9d,1,1,1,False,hardlink,hardlink
group_0043,train,20,/root/autodl-tmp/datasets/derived/construction_ppe3_canonical_v1_20260804_172437/images/all/train__image507.jpg,/root/autodl-tmp/datasets/derived/construction_ppe3_canonical_v1_20260804_172437/labels/all/train__image507.txt,/root/autodl-tmp/datasets/sources/construction-ppe_ultralytics_2025_v1/images/train/image507.jpg,train,507,25,eb815bdbcfbbfd49e4126b34afea077a29cd6d0a44510b3b9b6a5003f5ecae10,8104199b4383a38d,1,1,1,False,hardlink,hardlink
group_0043,train,20,/root/autodl-tmp/datasets/derived/construction_ppe3_canonical_v1_20260804_172437/images/all/train__image509.jpg,/root/autodl-tmp/datasets/derived/construction_ppe3_canonical_v1_20260804_172437/labels/all/train__image509.txt,/root/autodl-tmp/datasets/sources/construction-ppe_ultralytics_2025_v1/images/train/image509.jpg,train,509,25,9d844079fb1569d9aa39059fe5e021710b71a8854e01fbd506262242da466b64,0c2e36160d4d9eac,1,1,1,False,hardlink,hardlink
group_0043,train,20,/root/autodl-tmp/datasets/derived/construction_ppe3_canonical_v1_20260804_172437/images/all/train__image510.jpg,/root/autodl-tmp/datasets/derived/construction_ppe3_canonical_v1_20260804_172437/labels/all/train__image510.txt,/root/autodl-tmp/datasets/sources/construction-ppe_ultralytics_2025_v1/images/train/image510.jpg,train,510,25,348c849b865501b7a67d73b8680036c19c26e44e8795d628401fc867e0c57640,181f26278f1d579a,1,1,1,False,hardlink,hardlink
group_0043,train,20,/root/autodl-tmp/datasets/derived/construction_ppe3_canonical_v1_20260804_172437/images/all/train__image511.jpg,/root/autodl-tmp/datasets/derived/construction_ppe3_canonical_v1_20260804_172437/labels/all/train__image511.txt,/root/autodl-tmp/datasets/sources/construction-ppe_ultralytics_2025_v1/images/train/image511.jpg,train,511,25,d61a0c134e0d394b1de662bfd74a4f9f2781cc1893b34e958c0759fcbc066f09,8a0f26af0d4d0ca8,1,1,1,False,hardlink,hardlink
group_0043,train,20,/root/autodl-tmp/datasets/derived/construction_ppe3_canonical_v1_20260804_172437/images/all/train__image512.jpg,/root/autodl-tmp/datasets/derived/construction_ppe3_canonical_v1_20260804_172437/labels/all/train__image512.txt,/root/autodl-tmp/datasets/sources/construction-ppe_ultralytics_2025_v1/images/train/image512.jpg,train,512,25,38965dfbffc572b3100ed1fe0804d3b47849f152d089bb66d9fa6fce8fd76850,cc8e97174e4d4eca,1,1,1,False,hardlink,hardlink
group_0043,train,20,/root/autodl-tmp/datasets/derived/construction_ppe3_canonical_v1_20260804_172437/images/all/train__image513.jpg,/root/autodl-tmp/datasets/derived/construction_ppe3_canonical_v1_20260804_172437/labels/all/train__image513.txt,/root/autodl-tmp/datasets/sources/construction-ppe_ultralytics_2025_v1/images/train/image513.jpg,train,513,25,0486d2c5c5457851f023c84dfd0b566f30490056ce9a05b03d475298ccbff033,0d0d9317c60687a7,1,1,1,False,hardlink,hardlink
group_0043,train,20,/root/autodl-tmp/datasets/derived/construction_ppe3_canonical_v1_20260804_172437/images/all/train__image514.jpg,/root/autodl-tmp/datasets/derived/construction_ppe3_canonical_v1_20260804_172437/labels/all/train__image514.txt,/root/autodl-tmp/datasets/sources/construction-ppe_ultralytics_2025_v1/images/train/image514.jpg,train,514,25,d07edb1e6e5f80c811217e3a4641e89d26ea88d8cae92c942130e66113417ce4,9a85276f8d4e4f94,1,1,1,False,hardlink,hardlink
group_0043,train,20,/root/autodl-tmp/datasets/derived/construction_ppe3_canonical_v1_20260804_172437/images/all/train__image515.jpg,/root/autodl-tmp/datasets/derived/construction_ppe3_canonical_v1_20260804_172437/labels/all/train__image515.txt,/root/autodl-tmp/datasets/sources/construction-ppe_ultralytics_2025_v1/images/train/image515.jpg,train,515,25,839be9daf4868295a8da2d187eccee444e74361e74244e9438a9d6975076e7d8,4c0c1ecf864c8ea6,1,1,1,False,hardlink,hardlink
group_0043,train,20,/root/autodl-tmp/datasets/derived/construction_ppe3_canonical_v1_20260804_172437/images/all/train__image516.jpg,/root/autodl-tmp/datasets/derived/construction_ppe3_canonical_v1_20260804_172437/labels/all/train__image516.txt,/root/autodl-tmp/datasets/sources/construction-ppe_ultralytics_2025_v1/images/train/image516.jpg,train,516,25,53bb3aaaee4c10a206a60938de43c80f88d97a5912e87fdfdac09f1bebc26717,fcc90d9fc686a6a6,1,1,1,False,hardlink,hardlink
group_0043,train,20,/root/autodl-tmp/datasets/derived/construction_ppe3_canonical_v1_20260804_172437/images/all/train__image518.jpg,/root/autodl-tmp/datasets/derived/construction_ppe3_canonical_v1_20260804_172437/labels/all/train__image518.txt,/root/autodl-tmp/datasets/sources/construction-ppe_ultralytics_2025_v1/images/train/image518.jpg,train,518,25,8bafe54fb58582edd4ae53d1b1bfb74d9b088ea2ca1c0346764294788a735419,bc0d2d2f9c9a19be,1,1,1,False,hardlink,hardlink
group_0043,train,20,/root/autodl-tmp/datasets/derived/construction_ppe3_canonical_v1_20260804_172437/images/all/train__image519.jpg,/root/autodl-tmp/datasets/derived/construction_ppe3_canonical_v1_20260804_172437/labels/all/train__image519.txt,/root/autodl-tmp/datasets/sources/construction-ppe_ultralytics_2025_v1/images/train/image519.jpg,train,519,25,f2275761047ec3c811de9d014227d0b9daf34cf9b45ae6126c2e42683bb75321,ec899fb78fcd8eae,1,1,1,False,hardlink,hardlink
group_0043,train,20,/root/autodl-tmp/datasets/derived/construction_ppe3_canonical_v1_20260804_172437/images/all/val__image505.jpg,/root/autodl-tmp/datasets/derived/construction_ppe3_canonical_v1_20260804_172437/labels/all/val__image505.txt,/root/autodl-tmp/datasets/sources/construction-ppe_ultralytics_2025_v1/images/val/image505.jpg,val,505,25,51d8a4b7e474ec36c7a82376dfc6730cfc146b29f255a37c8e7fde5663f206b5,de079f0f4f4edf98,1,1,1,False,hardlink,hardlink
group_0043,train,20,/root/autodl-tmp/datasets/derived/construction_ppe3_canonical_v1_20260804_172437/images/all/val__image508.jpg,/root/autodl-tmp/datasets/derived/construction_ppe3_canonical_v1_20260804_172437/labels/all/val__image508.txt,/root/autodl-tmp/datasets/sources/construction-ppe_ultralytics_2025_v1/images/val/image508.jpg,val,508,25,b45c200a815984e46b2dcaf76ef994bf9af0506bb87810bd457fc4947247e448,8c4c36360c9d9f2e,1,1,1,False,hardlink,hardlink
group_0043,train,20,/root/autodl-tmp/datasets/derived/construction_ppe3_canonical_v1_20260804_172437/images/all/test__image502.jpg,/root/autodl-tmp/datasets/derived/construction_ppe3_canonical_v1_20260804_172437/labels/all/test__image502.txt,/root/autodl-tmp/datasets/sources/construction-ppe_ultralytics_2025_v1/images/test/image502.jpg,test,502,25,13f7505d5e5cdeb66f787ca0147ec77b267a69bdf8113fc441d4dc4e99e902d8,4dc6468d0ece9bf9,0,1,1,False,hardlink,hardlink
group_0043,train,20,/root/autodl-tmp/datasets/derived/construction_ppe3_canonical_v1_20260804_172437/images/all/test__image517.jpg,/root/autodl-tmp/datasets/derived/construction_ppe3_canonical_v1_20260804_172437/labels/all/test__image517.txt,/root/autodl-tmp/datasets/sources/construction-ppe_ultralytics_2025_v1/images/test/image517.jpg,test,517,25,c6f92164cdcd763fceffc955cdb533e46704cb987c99d582ade3048a4791d948,484d2687e6e6a687,1,1,1,False,hardlink,hardlink
group_0044,val,20,/root/autodl-tmp/datasets/derived/construction_ppe3_canonical_v1_20260804_172437/images/all/train__image520.jpg,/root/autodl-tmp/datasets/derived/construction_ppe3_canonical_v1_20260804_172437/labels/all/train__image520.txt,/root/autodl-tmp/datasets/sources/construction-ppe_ultralytics_2025_v1/images/train/image520.jpg,train,520,26,6bcca737e84fddc108c1d406d3f8fb9c0be738d66580db32cdfeffa5819add87,25cb934fc627c360,1,1,1,False,hardlink,hardlink
group_0044,val,20,/root/autodl-tmp/datasets/derived/construction_ppe3_canonical_v1_20260804_172437/images/all/train__image521.jpeg,/root/autodl-tmp/datasets/derived/construction_ppe3_canonical_v1_20260804_172437/labels/all/train__image521.txt,/root/autodl-tmp/datasets/sources/construction-ppe_ultralytics_2025_v1/images/train/image521.jpeg,train,521,26,8e48b2cfa98aa260d38c0d94cafaa1ff9474be58e04daafd06fa45e8853b8bd8,e6c4ccccacbca8b8,3,3,3,False,hardlink,hardlink
group_0044,val,20,/root/autodl-tmp/datasets/derived/construction_ppe3_canonical_v1_20260804_172437/images/all/train__image522.jpeg,/root/autodl-tmp/datasets/derived/construction_ppe3_canonical_v1_20260804_172437/labels/all/train__image522.txt,/root/autodl-tmp/datasets/sources/construction-ppe_ultralytics_2025_v1/images/train/image522.jpeg,train,522,26,7f09a9315d1ac73a4a7b7189696d46d838a52dcefc3c724afd8a3a3e603498cf,cc8c8c9c9cd8c8c8,1,1,1,False,hardlink,hardlink
group_0044,val,20,/root/autodl-tmp/datasets/derived/construction_ppe3_canonical_v1_20260804_172437/images/all/train__image523.jpg,/root/autodl-tmp/datasets/derived/construction_ppe3_canonical_v1_20260804_172437/labels/all/train__image523.txt,/root/autodl-tmp/datasets/sources/construction-ppe_ultralytics_2025_v1/images/train/image523.jpg,train,523,26,2bde43f0fba9aac5da860f9cb3f0e1aca21fe2d3e5b935a9ca29818bd5e9be4d,8083139b9b1a2e0e,1,1,1,False,hardlink,hardlink
group_0044,val,20,/root/autodl-tmp/datasets/derived/construction_ppe3_canonical_v1_20260804_172437/images/all/train__image525.jpeg,/root/autodl-tmp/datasets/derived/construction_ppe3_canonical_v1_20260804_172437/labels/all/train__image525.txt,/root/autodl-tmp/datasets/sources/construction-ppe_ultralytics_2025_v1/images/train/image525.jpeg,train,525,26,ba81e5849b2ee6639796ae2de08d30cb2107fadcbff6f3cfe5408ef8a7358acd,bc7d7be7ce9e3820,1,1,1,False,hardlink,hardlink
group_0044,val,20,/root/autodl-tmp/datasets/derived/construction_ppe3_canonical_v1_20260804_172437/images/all/train__image526.jpg,/root/autodl-tmp/datasets/derived/construction_ppe3_canonical_v1_20260804_172437/labels/all/train__image526.txt,/root/autodl-tmp/datasets/sources/construction-ppe_ultralytics_2025_v1/images/train/image526.jpg,train,526,26,d39ef8e12351692c9d61fb25ed8edd7df4d659185595787abd6a8f87d1914bff,fafa6f6c269747c7,0,0,0,True,hardlink,hardlink
group_0044,val,20,/root/autodl-tmp/datasets/derived/construction_ppe3_canonical_v1_20260804_172437/images/all/train__image527.jpg,/root/autodl-tmp/datasets/derived/construction_ppe3_canonical_v1_20260804_172437/labels/all/train__image527.txt,/root/autodl-tmp/datasets/sources/construction-ppe_ultralytics_2025_v1/images/train/image527.jpg,train,527,26,1707c19d365af9ad4f2ab74439dbede428665aa9f3151ee46a9ceee172d17853,9f9696e6261e1d0d,1,1,1,False,hardlink,hardlink
group_0044,val,20,/root/autodl-tmp/datasets/derived/construction_ppe3_canonical_v1_20260804_172437/images/all/train__image528.jpg,/root/autodl-tmp/datasets/derived/construction_ppe3_canonical_v1_20260804_172437/labels/all/train__image528.txt,/root/autodl-tmp/datasets/sources/construction-ppe_ultralytics_2025_v1/images/train/image528.jpg,train,528,26,3dc7dd9950c69780bab96b2098861cd461324b60ecba75671610ab101fbfe081,9c8fcb5a321e1c9a,1,1,1,False,hardlink,hardlink
group_0044,val,20,/root/autodl-tmp/datasets/derived/construction_ppe3_canonical_v1_20260804_172437/images/all/train__image529.jpg,/root/autodl-tmp/datasets/derived/construction_ppe3_canonical_v1_20260804_172437/labels/all/train__image529.txt,/root/autodl-tmp/datasets/sources/construction-ppe_ultralytics_2025_v1/images/train/image529.jpg,train,529,26,22ef360922c2f18d712a2bcbda77088ace94e3f0e52a51a9cd9097bc3ac47f38,8387262413c787e6,1,1,1,False,hardlink,hardlink
group_0044,val,20,/root/autodl-tmp/datasets/derived/construction_ppe3_canonical_v1_20260804_172437/images/all/train__image530.jpg,/root/autodl-tmp/datasets/derived/construction_ppe3_canonical_v1_20260804_172437/labels/all/train__image530.txt,/root/autodl-tmp/datasets/sources/construction-ppe_ultralytics_2025_v1/images/train/image530.jpg,train,530,26,6fcd969fbdbd26eea708beae62feeb4ccf438c7aee3e395f8d84dadae74b84f4,3e361d9b360e0e4e,1,1,1,False,hardlink,hardlink
group_0044,val,20,/root/autodl-tmp/datasets/derived/construction_ppe3_canonical_v1_20260804_172437/images/all/train__image531.jpg,/root/autodl-tmp/datasets/derived/construction_ppe3_canonical_v1_20260804_172437/labels/all/train__image531.txt,/root/autodl-tmp/datasets/sources/construction-ppe_ultralytics_2025_v1/images/train/image531.jpg,train,531,26,7d92ca4884d7aa8f1d3ae336b9b2eea5c2784dee4acbe830bda0a97d4ecacb29,f4da6eb3b31bd3c1,1,1,1,False,hardlink,hardlink
group_0044,val,20,/root/autodl-tmp/datasets/derived/construction_ppe3_canonical_v1_20260804_172437/images/all/train__image534.jpg,/root/autodl-tmp/datasets/derived/construction_ppe3_canonical_v1_20260804_172437/labels/all/train__image534.txt,/root/autodl-tmp/datasets/sources/construction-ppe_ultralytics_2025_v1/images/train/image534.jpg,train,534,26,7f850453a72087a4deaf6211a03037a58a1a15d111834ffd931374e4a369865b,1f3717b736360e0e,1,1,1,False,hardlink,hardlink
group_0044,val,20,/root/autodl-tmp/datasets/derived/construction_ppe3_canonical_v1_20260804_172437/images/all/train__image539.jpg,/root/autodl-tmp/datasets/derived/construction_ppe3_canonical_v1_20260804_172437/labels/all/train__image539.txt,/root/autodl-tmp/datasets/sources/construction-ppe_ultralytics_2025_v1/images/train/image539.jpg,train,539,26,e23b94b9b2d98c5c9b6c5b2d7e58e3ab911eb8ef8847b9f444a20076b01a4bc8,e0b0bc6369383cc8,0,6,6,False,hardlink,hardlink
group_0044,val,20,/root/autodl-tmp/datasets/derived/construction_ppe3_canonical_v1_20260804_172437/images/all/val__image524.jpeg,/root/autodl-tmp/datasets/derived/construction_ppe3_canonical_v1_20260804_172437/labels/all/val__image524.txt,/root/autodl-tmp/datasets/sources/construction-ppe_ultralytics_2025_v1/images/val/image524.jpeg,val,524,26,ec9e573c28e4ccf64d6c21f6bb6a64af2ccb887f2c898d42cc5d1de00332e8e0,c03fcb909d80f93b,5,5,5,False,hardlink,hardlink
group_0044,val,20,/root/autodl-tmp/datasets/derived/construction_ppe3_canonical_v1_20260804_172437/images/all/val__image532.jpeg,/root/autodl-tmp/datasets/derived/construction_ppe3_canonical_v1_20260804_172437/labels/all/val__image532.txt,/root/autodl-tmp/datasets/sources/construction-ppe_ultralytics_2025_v1/images/val/image532.jpeg,val,532,26,13ae7cf723941140e9b7d9c279d1d173fbe945227cdf27c230f229070b26aa5e,90989a1bd9b3f37b,1,0,1,False,hardlink,hardlink
group_0044,val,20,/root/autodl-tmp/datasets/derived/construction_ppe3_canonical_v1_20260804_172437/images/all/test__image533.jpg,/root/autodl-tmp/datasets/derived/construction_ppe3_canonical_v1_20260804_172437/labels/all/test__image533.txt,/root/autodl-tmp/datasets/sources/construction-ppe_ultralytics_2025_v1/images/test/image533.jpg,test,533,26,36f5688768be47d4d3b5cde38ef564424f3bf0f9e5dbdce74cef5be1d93c0188,c07d2bd3f49cd6fe,1,4,3,False,hardlink,hardlink
group_0044,val,20,/root/autodl-tmp/datasets/derived/construction_ppe3_canonical_v1_20260804_172437/images/all/test__image535.jpg,/root/autodl-tmp/datasets/derived/construction_ppe3_canonical_v1_20260804_172437/labels/all/test__image535.txt,/root/autodl-tmp/datasets/sources/construction-ppe_ultralytics_2025_v1/images/test/image535.jpg,test,535,26,ca90910b42c9e8d6b1cde9f64a26e3b47a610589706e8ae8b40eb9f4081117d4,dc8c26078d4a9aaa,2,1,1,False,hardlink,hardlink
group_0044,val,20,/root/autodl-tmp/datasets/derived/construction_ppe3_canonical_v1_20260804_172437/images/all/test__image536.jpg,/root/autodl-tmp/datasets/derived/construction_ppe3_canonical_v1_20260804_172437/labels/all/test__image536.txt,/root/autodl-tmp/datasets/sources/construction-ppe_ultralytics_2025_v1/images/test/image536.jpg,test,536,26,fdb475c889db3fb651b8a79222c1ed7d54575b5189109476b3b41e0dd12fbbb7,9c77e6d2d36a62f6,7,5,5,False,hardlink,hardlink
group_0044,val,20,/root/autodl-tmp/datasets/derived/construction_ppe3_canonical_v1_20260804_172437/images/all/test__image537.jpg,/root/autodl-tmp/datasets/derived/construction_ppe3_canonical_v1_20260804_172437/labels/all/test__image537.txt,/root/autodl-tmp/datasets/sources/construction-ppe_ultralytics_2025_v1/images/test/image537.jpg,test,537,26,6a6d47d0c44b00b16dde3e7e763574d69aa42f255767886012b810e70c3220d6,fafeef79edcb74f0,4,4,4,False,hardlink,hardlink
group_0044,val,20,/root/autodl-tmp/datasets/derived/construction_ppe3_canonical_v1_20260804_172437/images/all/test__image538.jpg,/root/autodl-tmp/datasets/derived/construction_ppe3_canonical_v1_20260804_172437/labels/all/test__image538.txt,/root/autodl-tmp/datasets/sources/construction-ppe_ultralytics_2025_v1/images/test/image538.jpg,test,538,26,af04552d1aeb177c85188df628c7d751ffbd35358e9f8b8e9418cf1d74124e39,d0de4ec135775d9a,0,4,4,False,hardlink,hardlink
group_0045,train,20,/root/autodl-tmp/datasets/derived/construction_ppe3_canonical_v1_20260804_172437/images/all/train__image540.jpg,/root/autodl-tmp/datasets/derived/construction_ppe3_canonical_v1_20260804_172437/labels/all/train__image540.txt,/root/autodl-tmp/datasets/sources/construction-ppe_ultralytics_2025_v1/images/train/image540.jpg,train,540,27,ea76de8ae13a0a3952ec0262ba7ec934dd356c6f24a826f1c9ca7e61fd49b7c8,f0f239bcec66b2d2,1,0,1,False,hardlink,hardlink
group_0045,train,20,/root/autodl-tmp/datasets/derived/construction_ppe3_canonical_v1_20260804_172437/images/all/train__image542.jpg,/root/autodl-tmp/datasets/derived/construction_ppe3_canonical_v1_20260804_172437/labels/all/train__image542.txt,/root/autodl-tmp/datasets/sources/construction-ppe_ultralytics_2025_v1/images/train/image542.jpg,train,542,27,fbf371bf94061a95065acd8e57775b7077cc33ddb088afdfc27407c576c45b7a,d8f396d6de5e3696,3,3,3,False,hardlink,hardlink
group_0045,train,20,/root/autodl-tmp/datasets/derived/construction_ppe3_canonical_v1_20260804_172437/images/all/train__image543.jpg,/root/autodl-tmp/datasets/derived/construction_ppe3_canonical_v1_20260804_172437/labels/all/train__image543.txt,/root/autodl-tmp/datasets/sources/construction-ppe_ultralytics_2025_v1/images/train/image543.jpg,train,543,27,dfa163e205aa61aee4b982a37b28a3f97aaeccff87341178bd0774c2051036ae,a00bd39316161c3c,1,1,1,False,hardlink,hardlink
group_0045,train,20,/root/autodl-tmp/datasets/derived/construction_ppe3_canonical_v1_20260804_172437/images/all/train__image544.jpg,/root/autodl-tmp/datasets/derived/construction_ppe3_canonical_v1_20260804_172437/labels/all/train__image544.txt,/root/autodl-tmp/datasets/sources/construction-ppe_ultralytics_2025_v1/images/train/image544.jpg,train,544,27,d74abeeacd10770afad5c68e9ccbf292566d1d49c286f7460bd0c6c96535128f,3f1f9bdb1e0e0e0e,1,1,1,False,hardlink,hardlink
group_0045,train,20,/root/autodl-tmp/datasets/derived/construction_ppe3_canonical_v1_20260804_172437/images/all/train__image545.jpg,/root/autodl-tmp/datasets/derived/construction_ppe3_canonical_v1_20260804_172437/labels/all/train__image545.txt,/root/autodl-tmp/datasets/sources/construction-ppe_ultralytics_2025_v1/images/train/image545.jpg,train,545,27,50a17c1e20bad34e1e0092d49c8ddf6b97ac755ffa7578de6e5e29fdb1a44c4e,5a3e1f9b521e0f1c,1,1,1,False,hardlink,hardlink
group_0045,train,20,/root/autodl-tmp/datasets/derived/construction_ppe3_canonical_v1_20260804_172437/images/all/train__image546.jpg,/root/autodl-tmp/datasets/derived/construction_ppe3_canonical_v1_20260804_172437/labels/all/train__image546.txt,/root/autodl-tmp/datasets/sources/construction-ppe_ultralytics_2025_v1/images/train/image546.jpg,train,546,27,dc4cf9bab52bcc49cc2d6adf4c0a65dec7558b6f2f68011bb0845bfb990205e9,5e3f17b7b6370f0f,1,1,1,False,hardlink,hardlink
group_0045,train,20,/root/autodl-tmp/datasets/derived/construction_ppe3_canonical_v1_20260804_172437/images/all/train__image549.jpg,/root/autodl-tmp/datasets/derived/construction_ppe3_canonical_v1_20260804_172437/labels/all/train__image549.txt,/root/autodl-tmp/datasets/sources/construction-ppe_ultralytics_2025_v1/images/train/image549.jpg,train,549,27,ba33f3e754ddd6315db849730e74391b93e486fd85a19ad638a54141a752d187,fc6a69e785d558e6,3,3,3,False,hardlink,hardlink
group_0045,train,20,/root/autodl-tmp/datasets/derived/construction_ppe3_canonical_v1_20260804_172437/images/all/train__image551.jpg,/root/autodl-tmp/datasets/derived/construction_ppe3_canonical_v1_20260804_172437/labels/all/train__image551.txt,/root/autodl-tmp/datasets/sources/construction-ppe_ultralytics_2025_v1/images/train/image551.jpg,train,551,27,00db4cc0281479e4dca492a684aaa8b3418718f00c1a4b59f0f618ebebc5a6f7,c8a2a3171fa3f63c,1,1,1,False,hardlink,hardlink
group_0045,train,20,/root/autodl-tmp/datasets/derived/construction_ppe3_canonical_v1_20260804_172437/images/all/train__image552.jpg,/root/autodl-tmp/datasets/derived/construction_ppe3_canonical_v1_20260804_172437/labels/all/train__image552.txt,/root/autodl-tmp/datasets/sources/construction-ppe_ultralytics_2025_v1/images/train/image552.jpg,train,552,27,37d7626d70090449890066a686ea71f27aece41f92fc5c6d1a47bb83facd76d0,a09b9c9b2e1b2b38,1,1,1,False,hardlink,hardlink
group_0045,train,20,/root/autodl-tmp/datasets/derived/construction_ppe3_canonical_v1_20260804_172437/images/all/train__image553.jpg,/root/autodl-tmp/datasets/derived/construction_ppe3_canonical_v1_20260804_172437/labels/all/train__image553.txt,/root/autodl-tmp/datasets/sources/construction-ppe_ultralytics_2025_v1/images/train/image553.jpg,train,553,27,c022a275c7061385f53991a027d61c1bfea1abca0b2fb14ffb064a5728bdb4cf,c81f5f989a1b5a5a,1,1,1,False,hardlink,hardlink
group_0045,train,20,/root/autodl-tmp/datasets/derived/construction_ppe3_canonical_v1_20260804_172437/images/all/train__image554.jpg,/root/autodl-tmp/datasets/derived/construction_ppe3_canonical_v1_20260804_172437/labels/all/train__image554.txt,/root/autodl-tmp/datasets/sources/construction-ppe_ultralytics_2025_v1/images/train/image554.jpg,train,554,27,af339ae56da49dee2886fd67e1f021f9e03f1963ef7f1a4be64caf79bdcd8148,d23235e80c2e64e0,0,2,2,False,hardlink,hardlink
group_0045,train,20,/root/autodl-tmp/datasets/derived/construction_ppe3_canonical_v1_20260804_172437/images/all/train__image555.jpg,/root/autodl-tmp/datasets/derived/construction_ppe3_canonical_v1_20260804_172437/labels/all/train__image555.txt,/root/autodl-tmp/datasets/sources/construction-ppe_ultralytics_2025_v1/images/train/image555.jpg,train,555,27,9541a4e674fbc1a8298900a50f0a224ec1c58922b7d2c50264875e3d299deb79,880646c5c9d992b6,1,1,1,False,hardlink,hardlink
group_0045,train,20,/root/autodl-tmp/datasets/derived/construction_ppe3_canonical_v1_20260804_172437/images/all/train__image556.jpg,/root/autodl-tmp/datasets/derived/construction_ppe3_canonical_v1_20260804_172437/labels/all/train__image556.txt,/root/autodl-tmp/datasets/sources/construction-ppe_ultralytics_2025_v1/images/train/image556.jpg,train,556,27,c8637f9ec2a8242197d3b180a3556c73afb205958e751385af525402406dd752,d5d62b2dbd3b0bcb,0,10,0,False,hardlink,hardlink
group_0045,train,20,/root/autodl-tmp/datasets/derived/construction_ppe3_canonical_v1_20260804_172437/images/all/train__image557.jpg,/root/autodl-tmp/datasets/derived/construction_ppe3_canonical_v1_20260804_172437/labels/all/train__image557.txt,/root/autodl-tmp/datasets/sources/construction-ppe_ultralytics_2025_v1/images/train/image557.jpg,train,557,27,73d020e8894833e7c035b7abd103990dbd745faf1d7bc85fed0eb0fba9431cad,eecc2f2d4d0c8c84,1,1,1,False,hardlink,hardlink
group_0045,train,20,/root/autodl-tmp/datasets/derived/construction_ppe3_canonical_v1_20260804_172437/images/all/train__image558.jpg,/root/autodl-tmp/datasets/derived/construction_ppe3_canonical_v1_20260804_172437/labels/all/train__image558.txt,/root/autodl-tmp/datasets/sources/construction-ppe_ultralytics_2025_v1/images/train/image558.jpg,train,558,27,e77210cdea02a64aebe2df8ab7c9f7d32bb3c48aa51218bf35c3065a51632b7b,834313872697343c,1,1,1,False,hardlink,hardlink
group_0045,train,20,/root/autodl-tmp/datasets/derived/construction_ppe3_canonical_v1_20260804_172437/images/all/train__image559.jpg,/root/autodl-tmp/datasets/derived/construction_ppe3_canonical_v1_20260804_172437/labels/all/train__image559.txt,/root/autodl-tmp/datasets/sources/construction-ppe_ultralytics_2025_v1/images/train/image559.jpg,train,559,27,1f6b70a375a3707e209fba0cb0ab18074f27ecc83ecf0a0c65bf0d7a474313ad,7e6e2c26868fc7c0,0,1,1,False,hardlink,hardlink
group_0045,train,20,/root/autodl-tmp/datasets/derived/construction_ppe3_canonical_v1_20260804_172437/images/all/val__image547.jpg,/root/autodl-tmp/datasets/derived/construction_ppe3_canonical_v1_20260804_172437/labels/all/val__image547.txt,/root/autodl-tmp/datasets/sources/construction-ppe_ultralytics_2025_v1/images/val/image547.jpg,val,547,27,140decc71c7bf0c7d89a6b66e6269514e2cbca9a21e92b26af54fc5fd582413e,40b6dbdfea4e4f00,4,3,1,False,hardlink,hardlink
group_0045,train,20,/root/autodl-tmp/datasets/derived/construction_ppe3_canonical_v1_20260804_172437/images/all/test__image541.jpg,/root/autodl-tmp/datasets/derived/construction_ppe3_canonical_v1_20260804_172437/labels/all/test__image541.txt,/root/autodl-tmp/datasets/sources/construction-ppe_ultralytics_2025_v1/images/test/image541.jpg,test,541,27,cbb5d98b6d11aafcd5ed6d1b5044ae597b5f2ca02fea1fa06c76ef50a5785565,ac6a776519b66466,2,2,2,False,hardlink,hardlink
group_0045,train,20,/root/autodl-tmp/datasets/derived/construction_ppe3_canonical_v1_20260804_172437/images/all/test__image548.jpg,/root/autodl-tmp/datasets/derived/construction_ppe3_canonical_v1_20260804_172437/labels/all/test__image548.txt,/root/autodl-tmp/datasets/sources/construction-ppe_ultralytics_2025_v1/images/test/image548.jpg,test,548,27,c021147be3bac51ab4b170af7340551e96bbd4ad4f6f7d278a7d515c29ffb5b4,6d9a9686b098906e,3,3,3,False,hardlink,hardlink
group_0045,train,20,/root/autodl-tmp/datasets/derived/construction_ppe3_canonical_v1_20260804_172437/images/all/test__image550.jpg,/root/autodl-tmp/datasets/derived/construction_ppe3_canonical_v1_20260804_172437/labels/all/test__image550.txt,/root/autodl-tmp/datasets/sources/construction-ppe_ultralytics_2025_v1/images/test/image550.jpg,test,550,27,173f1aec66c2bc1d4e39daead89235d60ac4f413445bb9a71929d8987050a53f,ee0cce0f238f8bc3,1,1,1,False,hardlink,hardlink
group_0046,train,20,/root/autodl-tmp/datasets/derived/construction_ppe3_canonical_v1_20260804_172437/images/all/train__image560.jpg,/root/autodl-tmp/datasets/derived/construction_ppe3_canonical_v1_20260804_172437/labels/all/train__image560.txt,/root/autodl-tmp/datasets/sources/construction-ppe_ultralytics_2025_v1/images/train/image560.jpg,train,560,28,577464236eb5ae93c9d9d9fdfc90adb1f2c8ca6ea069f186f856626ec2bf5dae,8f9e9e9e4c45d6d4,1,1,1,False,hardlink,hardlink
group_0046,train,20,/root/autodl-tmp/datasets/derived/construction_ppe3_canonical_v1_20260804_172437/images/all/train__image561.jpg,/root/autodl-tmp/datasets/derived/construction_ppe3_canonical_v1_20260804_172437/labels/all/train__image561.txt,/root/autodl-tmp/datasets/sources/construction-ppe_ultralytics_2025_v1/images/train/image561.jpg,train,561,28,0c602661ce7dc83a2a49328964de113297d65085c3de396281a129138781776d,9dcc644ea6185ad8,1,1,1,False,hardlink,hardlink
group_0046,train,20,/root/autodl-tmp/datasets/derived/construction_ppe3_canonical_v1_20260804_172437/images/all/train__image562.jpg,/root/autodl-tmp/datasets/derived/construction_ppe3_canonical_v1_20260804_172437/labels/all/train__image562.txt,/root/autodl-tmp/datasets/sources/construction-ppe_ultralytics_2025_v1/images/train/image562.jpg,train,562,28,b417d3a8646660c18d3576273127d3962666c727024077d9c7d406ad2bd8e98f,ecd6c6d293c711c2,0,6,6,False,hardlink,hardlink
group_0046,train,20,/root/autodl-tmp/datasets/derived/construction_ppe3_canonical_v1_20260804_172437/images/all/train__image563.jpg,/root/autodl-tmp/datasets/derived/construction_ppe3_canonical_v1_20260804_172437/labels/all/train__image563.txt,/root/autodl-tmp/datasets/sources/construction-ppe_ultralytics_2025_v1/images/train/image563.jpg,train,563,28,1037fb3d5e62d036ecb90adc139f1f59786cb7c08cc747e3eeafa15df220f59a,f252c98f73db79a8,0,1,1,False,hardlink,hardlink
group_0046,train,20,/root/autodl-tmp/datasets/derived/construction_ppe3_canonical_v1_20260804_172437/images/all/train__image564.jpg,/root/autodl-tmp/datasets/derived/construction_ppe3_canonical_v1_20260804_172437/labels/all/train__image564.txt,/root/autodl-tmp/datasets/sources/construction-ppe_ultralytics_2025_v1/images/train/image564.jpg,train,564,28,e28f3acbcaf5301b8e0138b4cf92997246fc04097ba32c324ec9607f9f5ef0b4,0713171692130e0e,1,1,1,False,hardlink,hardlink
group_0046,train,20,/root/autodl-tmp/datasets/derived/construction_ppe3_canonical_v1_20260804_172437/images/all/train__image565.jpg,/root/autodl-tmp/datasets/derived/construction_ppe3_canonical_v1_20260804_172437/labels/all/train__image565.txt,/root/autodl-tmp/datasets/sources/construction-ppe_ultralytics_2025_v1/images/train/image565.jpg,train,565,28,05e1c4a2f611bbcc4af57993e304b799bc912fef5a3b5ab6ce3eeab3971d8fc7,72519b3677d27bba,1,1,1,False,hardlink,hardlink
group_0046,train,20,/root/autodl-tmp/datasets/derived/construction_ppe3_canonical_v1_20260804_172437/images/all/train__image566.jpg,/root/autodl-tmp/datasets/derived/construction_ppe3_canonical_v1_20260804_172437/labels/all/train__image566.txt,/root/autodl-tmp/datasets/sources/construction-ppe_ultralytics_2025_v1/images/train/image566.jpg,train,566,28,e5d726c85f2021ec5a3a34fbb2d1baba171eb82f393a0cbb3110ce0cf3e7d7ef,3839c36ecbece692,0,0,1,False,hardlink,hardlink
group_0046,train,20,/root/autodl-tmp/datasets/derived/construction_ppe3_canonical_v1_20260804_172437/images/all/train__image567.jpg,/root/autodl-tmp/datasets/derived/construction_ppe3_canonical_v1_20260804_172437/labels/all/train__image567.txt,/root/autodl-tmp/datasets/sources/construction-ppe_ultralytics_2025_v1/images/train/image567.jpg,train,567,28,4e0ffa3f21650c8c251e17fa0a7730b9a52fe1a0d9708d3e2199f22f0b2d7235,e26c6c9825040cec,1,1,1,False,hardlink,hardlink
group_0046,train,20,/root/autodl-tmp/datasets/derived/construction_ppe3_canonical_v1_20260804_172437/images/all/train__image568.jpg,/root/autodl-tmp/datasets/derived/construction_ppe3_canonical_v1_20260804_172437/labels/all/train__image568.txt,/root/autodl-tmp/datasets/sources/construction-ppe_ultralytics_2025_v1/images/train/image568.jpg,train,568,28,6639d8bd0a80bda0767822a7cb13c1ff7378eff83caa212fa466c570003b8f27,f838290c0e8c8dcc,1,1,1,False,hardlink,hardlink
group_0046,train,20,/root/autodl-tmp/datasets/derived/construction_ppe3_canonical_v1_20260804_172437/images/all/train__image569.jpg,/root/autodl-tmp/datasets/derived/construction_ppe3_canonical_v1_20260804_172437/labels/all/train__image569.txt,/root/autodl-tmp/datasets/sources/construction-ppe_ultralytics_2025_v1/images/train/image569.jpg,train,569,28,f99f7f0ac6fb20900b585dae28705a2153b943888e46e829a59bac53a65b01f8,cede3d0d441a185c,1,1,1,False,hardlink,hardlink
group_0046,train,20,/root/autodl-tmp/datasets/derived/construction_ppe3_canonical_v1_20260804_172437/images/all/train__image570.jpg,/root/autodl-tmp/datasets/derived/construction_ppe3_canonical_v1_20260804_172437/labels/all/train__image570.txt,/root/autodl-tmp/datasets/sources/construction-ppe_ultralytics_2025_v1/images/train/image570.jpg,train,570,28,aab445d369e8c8bff58ca54876240b7b1255a224bb733550e73049be30a96777,c6c4455bcbd173ba,1,1,1,False,hardlink,hardlink
group_0046,train,20,/root/autodl-tmp/datasets/derived/construction_ppe3_canonical_v1_20260804_172437/images/all/train__image571.jpg,/root/autodl-tmp/datasets/derived/construction_ppe3_canonical_v1_20260804_172437/labels/all/train__image571.txt,/root/autodl-tmp/datasets/sources/construction-ppe_ultralytics_2025_v1/images/train/image571.jpg,train,571,28,d5babd20d8137aa69d97e9ad0d5ef14aac92ce9937e51b92de448cd94c7419c1,f07ce6c7c7c18cb4,1,1,1,False,hardlink,hardlink
group_0046,train,20,/root/autodl-tmp/datasets/derived/construction_ppe3_canonical_v1_20260804_172437/images/all/train__image572.jpg,/root/autodl-tmp/datasets/derived/construction_ppe3_canonical_v1_20260804_172437/labels/all/train__image572.txt,/root/autodl-tmp/datasets/sources/construction-ppe_ultralytics_2025_v1/images/train/image572.jpg,train,572,28,c5e67102b81b3ed237cb348681efd6dae5354cc9afded68af93f9a87d5a577ce,d0b6df0db57479f2,1,1,1,False,hardlink,hardlink
group_0046,train,20,/root/autodl-tmp/datasets/derived/construction_ppe3_canonical_v1_20260804_172437/images/all/train__image574.jpg,/root/autodl-tmp/datasets/derived/construction_ppe3_canonical_v1_20260804_172437/labels/all/train__image574.txt,/root/autodl-tmp/datasets/sources/construction-ppe_ultralytics_2025_v1/images/train/image574.jpg,train,574,28,cdd998822c9658e9ab993b409f10264aa3b40607580051a37607dcc8c845f56a,d00f070d0c8f8f84,1,1,1,False,hardlink,hardlink
group_0046,train,20,/root/autodl-tmp/datasets/derived/construction_ppe3_canonical_v1_20260804_172437/images/all/train__image575.jpg,/root/autodl-tmp/datasets/derived/construction_ppe3_canonical_v1_20260804_172437/labels/all/train__image575.txt,/root/autodl-tmp/datasets/sources/construction-ppe_ultralytics_2025_v1/images/train/image575.jpg,train,575,28,3d20bef69b159b28baf9b8ccc5b829835c5ec2745b9faabb45d3fef87b375ee7,0e8e86865e1a31ab,1,1,1,False,hardlink,hardlink
group_0046,train,20,/root/autodl-tmp/datasets/derived/construction_ppe3_canonical_v1_20260804_172437/images/all/train__image577.jpg,/root/autodl-tmp/datasets/derived/construction_ppe3_canonical_v1_20260804_172437/labels/all/train__image577.txt,/root/autodl-tmp/datasets/sources/construction-ppe_ultralytics_2025_v1/images/train/image577.jpg,train,577,28,9aee764ae901c2c526d8601c80e578b4259b3240e0a7824747d8c6e4a0e01601,c84a6dcdcf0d0fb1,1,1,1,False,hardlink,hardlink
group_0046,train,20,/root/autodl-tmp/datasets/derived/construction_ppe3_canonical_v1_20260804_172437/images/all/train__image578.jpg,/root/autodl-tmp/datasets/derived/construction_ppe3_canonical_v1_20260804_172437/labels/all/train__image578.txt,/root/autodl-tmp/datasets/sources/construction-ppe_ultralytics_2025_v1/images/train/image578.jpg,train,578,28,db7082956dcd078a6d150fb2e325535f08bd323b34876ed34c2f699a1dbcd6d9,d8189bcecd0d8da2,1,1,1,False,hardlink,hardlink
group_0046,train,20,/root/autodl-tmp/datasets/derived/construction_ppe3_canonical_v1_20260804_172437/images/all/train__image579.jpg,/root/autodl-tmp/datasets/derived/construction_ppe3_canonical_v1_20260804_172437/labels/all/train__image579.txt,/root/autodl-tmp/datasets/sources/construction-ppe_ultralytics_2025_v1/images/train/image579.jpg,train,579,28,582d710ca9f52b379dca8b78bf68e0347005eb301e784c54a299479c24906ecc,cc9e0b0ba626ccec,0,1,1,False,hardlink,hardlink
group_0046,train,20,/root/autodl-tmp/datasets/derived/construction_ppe3_canonical_v1_20260804_172437/images/all/val__image573.jpg,/root/autodl-tmp/datasets/derived/construction_ppe3_canonical_v1_20260804_172437/labels/all/val__image573.txt,/root/autodl-tmp/datasets/sources/construction-ppe_ultralytics_2025_v1/images/val/image573.jpg,val,573,28,ca5f57a5c4ccad2cd75e1f1f704f02c03700329065c4b348d944f184ffa014f3,ac2c5cdac4e5c2b8,1,1,1,False,hardlink,hardlink
group_0046,train,20,/root/autodl-tmp/datasets/derived/construction_ppe3_canonical_v1_20260804_172437/images/all/val__image576.jpg,/root/autodl-tmp/datasets/derived/construction_ppe3_canonical_v1_20260804_172437/labels/all/val__image576.txt,/root/autodl-tmp/datasets/sources/construction-ppe_ultralytics_2025_v1/images/val/image576.jpg,val,576,28,2ac6eb4693acac690ba1fca0f548b57a60291011c1e7ac844d318cdbbc4ec709,080f17efcd868583,1,1,1,False,hardlink,hardlink
group_0047,test,20,/root/autodl-tmp/datasets/derived/construction_ppe3_canonical_v1_20260804_172437/images/all/train__image580.jpg,/root/autodl-tmp/datasets/derived/construction_ppe3_canonical_v1_20260804_172437/labels/all/train__image580.txt,/root/autodl-tmp/datasets/sources/construction-ppe_ultralytics_2025_v1/images/train/image580.jpg,train,580,29,9e8065ccd96e7a8a43724be8809f044268f4d97522d341f9b62b954c1ca1ee61,6e6e667766b2939c,1,1,1,False,hardlink,hardlink
group_0047,test,20,/root/autodl-tmp/datasets/derived/construction_ppe3_canonical_v1_20260804_172437/images/all/train__image581.jpg,/root/autodl-tmp/datasets/derived/construction_ppe3_canonical_v1_20260804_172437/labels/all/train__image581.txt,/root/autodl-tmp/datasets/sources/construction-ppe_ultralytics_2025_v1/images/train/image581.jpg,train,581,29,e951a3da3fc0dab8cf143c54ea993eb5c4d1f2bebbfb1f4ce5cd78051e24e9c4,a46447140c4e1a1a,1,1,1,False,hardlink,hardlink
group_0047,test,20,/root/autodl-tmp/datasets/derived/construction_ppe3_canonical_v1_20260804_172437/images/all/train__image582.jpg,/root/autodl-tmp/datasets/derived/construction_ppe3_canonical_v1_20260804_172437/labels/all/train__image582.txt,/root/autodl-tmp/datasets/sources/construction-ppe_ultralytics_2025_v1/images/train/image582.jpg,train,582,29,c4b9851bb5f8393e4932186e693b84328f89408ae6b904510a90c59207faafc6,80c66603ce4c4d8a,0,1,1,False,hardlink,hardlink
group_0047,test,20,/root/autodl-tmp/datasets/derived/construction_ppe3_canonical_v1_20260804_172437/images/all/train__image583.jpg,/root/autodl-tmp/datasets/derived/construction_ppe3_canonical_v1_20260804_172437/labels/all/train__image583.txt,/root/autodl-tmp/datasets/sources/construction-ppe_ultralytics_2025_v1/images/train/image583.jpg,train,583,29,10fc426e423a39204fad6392b16be4ea859bcf122da7337bdebe81f34032a444,0b1f278f9f8c8e88,1,1,1,False,hardlink,hardlink
group_0047,test,20,/root/autodl-tmp/datasets/derived/construction_ppe3_canonical_v1_20260804_172437/images/all/train__image584.jpg,/root/autodl-tmp/datasets/derived/construction_ppe3_canonical_v1_20260804_172437/labels/all/train__image584.txt,/root/autodl-tmp/datasets/sources/construction-ppe_ultralytics_2025_v1/images/train/image584.jpg,train,584,29,ad27dbae4ab8e8b215a7cc62f5aafd9c7674604b45ab6e857de76484842855b3,490d378c9d9a1c80,1,1,1,False,hardlink,hardlink
group_0047,test,20,/root/autodl-tmp/datasets/derived/construction_ppe3_canonical_v1_20260804_172437/images/all/train__image586.jpg,/root/autodl-tmp/datasets/derived/construction_ppe3_canonical_v1_20260804_172437/labels/all/train__image586.txt,/root/autodl-tmp/datasets/sources/construction-ppe_ultralytics_2025_v1/images/train/image586.jpg,train,586,29,4eaac3999434ec3f2bec327ff29aca5f8e50f7ed3c6c319f83cea0bcc3643f4f,0e8e86865e1a21ab,1,1,1,False,hardlink,hardlink
group_0047,test,20,/root/autodl-tmp/datasets/derived/construction_ppe3_canonical_v1_20260804_172437/images/all/train__image587.jpg,/root/autodl-tmp/datasets/derived/construction_ppe3_canonical_v1_20260804_172437/labels/all/train__image587.txt,/root/autodl-tmp/datasets/sources/construction-ppe_ultralytics_2025_v1/images/train/image587.jpg,train,587,29,7c91923cd7276e3705fbf2c85158eb886bb01f20baf498ab536882430335854b,f447130c8c9a42e4,1,1,1,False,hardlink,hardlink
group_0047,test,20,/root/autodl-tmp/datasets/derived/construction_ppe3_canonical_v1_20260804_172437/images/all/train__image588.jpg,/root/autodl-tmp/datasets/derived/construction_ppe3_canonical_v1_20260804_172437/labels/all/train__image588.txt,/root/autodl-tmp/datasets/sources/construction-ppe_ultralytics_2025_v1/images/train/image588.jpg,train,588,29,56718a97fdc654bda7ef3c03e8dcdbbd37539966b996b62f364049da29762b25,e80e1799189eb4f4,1,1,1,False,hardlink,hardlink
group_0047,test,20,/root/autodl-tmp/datasets/derived/construction_ppe3_canonical_v1_20260804_172437/images/all/train__image589.jpg,/root/autodl-tmp/datasets/derived/construction_ppe3_canonical_v1_20260804_172437/labels/all/train__image589.txt,/root/autodl-tmp/datasets/sources/construction-ppe_ultralytics_2025_v1/images/train/image589.jpg,train,589,29,c13ec440c3627a708c3fbf1e000be220c96800e535290c0f9bc622dbc4e72e77,e0213f1c9d1cb7b2,1,1,1,False,hardlink,hardlink
group_0047,test,20,/root/autodl-tmp/datasets/derived/construction_ppe3_canonical_v1_20260804_172437/images/all/train__image590.jpg,/root/autodl-tmp/datasets/derived/construction_ppe3_canonical_v1_20260804_172437/labels/all/train__image590.txt,/root/autodl-tmp/datasets/sources/construction-ppe_ultralytics_2025_v1/images/train/image590.jpg,train,590,29,5175f25a8233a675c34f3a34a8ad01cde568763354862cac7f8288c372d6a3e7,a0efcc8c88ce16e4,1,1,1,False,hardlink,hardlink
group_0047,test,20,/root/autodl-tmp/datasets/derived/construction_ppe3_canonical_v1_20260804_172437/images/all/train__image591.jpg,/root/autodl-tmp/datasets/derived/construction_ppe3_canonical_v1_20260804_172437/labels/all/train__image591.txt,/root/autodl-tmp/datasets/sources/construction-ppe_ultralytics_2025_v1/images/train/image591.jpg,train,591,29,8952d7dfe19d2069b2261d4463bf24498481a99a64da73d95abe56e825751665,f0000d0fcccc85a4,1,1,1,False,hardlink,hardlink
group_0047,test,20,/root/autodl-tmp/datasets/derived/construction_ppe3_canonical_v1_20260804_172437/images/all/train__image592.jpg,/root/autodl-tmp/datasets/derived/construction_ppe3_canonical_v1_20260804_172437/labels/all/train__image592.txt,/root/autodl-tmp/datasets/sources/construction-ppe_ultralytics_2025_v1/images/train/image592.jpg,train,592,29,ba66846570545712beea2778a9d03869f970c197d903e44dd4f3a4f584f1fca9,c0f6070b844452ea,1,1,1,False,hardlink,hardlink
group_0047,test,20,/root/autodl-tmp/datasets/derived/construction_ppe3_canonical_v1_20260804_172437/images/all/train__image593.jpg,/root/autodl-tmp/datasets/derived/construction_ppe3_canonical_v1_20260804_172437/labels/all/train__image593.txt,/root/autodl-tmp/datasets/sources/construction-ppe_ultralytics_2025_v1/images/train/image593.jpg,train,593,29,0ae0025b4c2b3788f8dd645fd05e5bfb44f9dea2d92edef2e6020b8a2a3e8fdc,f0003f2f58ccae94,1,1,1,False,hardlink,hardlink
group_0047,test,20,/root/autodl-tmp/datasets/derived/construction_ppe3_canonical_v1_20260804_172437/images/all/train__image594.jpg,/root/autodl-tmp/datasets/derived/construction_ppe3_canonical_v1_20260804_172437/labels/all/train__image594.txt,/root/autodl-tmp/datasets/sources/construction-ppe_ultralytics_2025_v1/images/train/image594.jpg,train,594,29,b4e4d99017fe51b4f8ca82d30b3afd5321874467c4c515f68244e752f79acc6e,80f4870b06e44c5a,1,1,1,False,hardlink,hardlink
group_0047,test,20,/root/autodl-tmp/datasets/derived/construction_ppe3_canonical_v1_20260804_172437/images/all/train__image595.jpg,/root/autodl-tmp/datasets/derived/construction_ppe3_canonical_v1_20260804_172437/labels/all/train__image595.txt,/root/autodl-tmp/datasets/sources/construction-ppe_ultralytics_2025_v1/images/train/image595.jpg,train,595,29,40b8a0ddb664ab28e6313730c4a1e87d233eeb95262d24fab4d33417d96b7b01,e0080b17c6c383a4,1,1,1,False,hardlink,hardlink
group_0047,test,20,/root/autodl-tmp/datasets/derived/construction_ppe3_canonical_v1_20260804_172437/images/all/train__image596.jpg,/root/autodl-tmp/datasets/derived/construction_ppe3_canonical_v1_20260804_172437/labels/all/train__image596.txt,/root/autodl-tmp/datasets/sources/construction-ppe_ultralytics_2025_v1/images/train/image596.jpg,train,596,29,d3d0e3098f29b5896f426c3a4737ca0d32de1c1004cdd610dda9c0eb0e4c37a3,be879f1e0e8f999c,1,1,1,False,hardlink,hardlink
group_0047,test,20,/root/autodl-tmp/datasets/derived/construction_ppe3_canonical_v1_20260804_172437/images/all/train__image597.jpeg,/root/autodl-tmp/datasets/derived/construction_ppe3_canonical_v1_20260804_172437/labels/all/train__image597.txt,/root/autodl-tmp/datasets/sources/construction-ppe_ultralytics_2025_v1/images/train/image597.jpeg,train,597,29,545cbe66a3616d05f4c26508fcab6aafe3512aaad57548532c6e2cdd405979b7,00ede53367c6ee00,1,1,1,False,hardlink,hardlink
group_0047,test,20,/root/autodl-tmp/datasets/derived/construction_ppe3_canonical_v1_20260804_172437/images/all/train__image598.jpg,/root/autodl-tmp/datasets/derived/construction_ppe3_canonical_v1_20260804_172437/labels/all/train__image598.txt,/root/autodl-tmp/datasets/sources/construction-ppe_ultralytics_2025_v1/images/train/image598.jpg,train,598,29,490799aa85b84c0d92023281a8581b21223873da4df92c96b9896aa210db3515,31994e4c648888ad,1,1,1,False,hardlink,hardlink
group_0047,test,20,/root/autodl-tmp/datasets/derived/construction_ppe3_canonical_v1_20260804_172437/images/all/train__image599.jpg,/root/autodl-tmp/datasets/derived/construction_ppe3_canonical_v1_20260804_172437/labels/all/train__image599.txt,/root/autodl-tmp/datasets/sources/construction-ppe_ultralytics_2025_v1/images/train/image599.jpg,train,599,29,bf01246ee96a0f6f354ae267977aaa9efc04e36c9571218d26787cf18d05b7c5,31994e4c648888ad,1,1,1,False,hardlink,hardlink
group_0047,test,20,/root/autodl-tmp/datasets/derived/construction_ppe3_canonical_v1_20260804_172437/images/all/test__image585.jpg,/root/autodl-tmp/datasets/derived/construction_ppe3_canonical_v1_20260804_172437/labels/all/test__image585.txt,/root/autodl-tmp/datasets/sources/construction-ppe_ultralytics_2025_v1/images/test/image585.jpg,test,585,29,f8c441fa6736775e14ed25ec528c11af3b5a3df3596f4a16631ebcbb482b1c68,f0c617178c989a4a,1,1,1,False,hardlink,hardlink
group_0048,train,20,/root/autodl-tmp/datasets/derived/construction_ppe3_canonical_v1_20260804_172437/images/all/train__image60.jpeg,/root/autodl-tmp/datasets/derived/construction_ppe3_canonical_v1_20260804_172437/labels/all/train__image60.txt,/root/autodl-tmp/datasets/sources/construction-ppe_ultralytics_2025_v1/images/train/image60.jpeg,train,60,3,8e0fecd3e5fca7a72c6a8f66e5daab03565d73e5e79822bfff91c814d6b7089e,00e4e4c4869aa600,1,1,0,False,hardlink,hardlink
group_0048,train,20,/root/autodl-tmp/datasets/derived/construction_ppe3_canonical_v1_20260804_172437/images/all/train__image61.jpg,/root/autodl-tmp/datasets/derived/construction_ppe3_canonical_v1_20260804_172437/labels/all/train__image61.txt,/root/autodl-tmp/datasets/sources/construction-ppe_ultralytics_2025_v1/images/train/image61.jpg,train,61,3,2db6d632609218d71a0dfdfde43ea03f028989efea2c1b2083129f078e1ecb2a,070317168e0f0e16,1,1,1,False,hardlink,hardlink
group_0048,train,20,/root/autodl-tmp/datasets/derived/construction_ppe3_canonical_v1_20260804_172437/images/all/train__image62.jpeg,/root/autodl-tmp/datasets/derived/construction_ppe3_canonical_v1_20260804_172437/labels/all/train__image62.txt,/root/autodl-tmp/datasets/sources/construction-ppe_ultralytics_2025_v1/images/train/image62.jpeg,train,62,3,7c42a63b6d9453327272cce115a85268caf62bee951637711b1d40fbfdb48523,00fac4fbfbdfc400,2,2,1,False,hardlink,hardlink
group_0048,train,20,/root/autodl-tmp/datasets/derived/construction_ppe3_canonical_v1_20260804_172437/images/all/train__image64.jpeg,/root/autodl-tmp/datasets/derived/construction_ppe3_canonical_v1_20260804_172437/labels/all/train__image64.txt,/root/autodl-tmp/datasets/sources/construction-ppe_ultralytics_2025_v1/images/train/image64.jpeg,train,64,3,7b149123ee50633ec790daafbc51842c398b96f7fe59d120e80509fda2dca2cc,00fefa81e9997000,2,2,1,False,hardlink,hardlink
group_0048,train,20,/root/autodl-tmp/datasets/derived/construction_ppe3_canonical_v1_20260804_172437/images/all/train__image66.jpg,/root/autodl-tmp/datasets/derived/construction_ppe3_canonical_v1_20260804_172437/labels/all/train__image66.txt,/root/autodl-tmp/datasets/sources/construction-ppe_ultralytics_2025_v1/images/train/image66.jpg,train,66,3,c4b1338747ad2eb4f44052bcb3b1a1e328821deb7441f44ae7f4b725d7c64dcb,01031b188a070e0e,1,1,1,False,hardlink,hardlink
group_0048,train,20,/root/autodl-tmp/datasets/derived/construction_ppe3_canonical_v1_20260804_172437/images/all/train__image67.jpeg,/root/autodl-tmp/datasets/derived/construction_ppe3_canonical_v1_20260804_172437/labels/all/train__image67.txt,/root/autodl-tmp/datasets/sources/construction-ppe_ultralytics_2025_v1/images/train/image67.jpeg,train,67,3,32d3c1915ff921d7ee666bc5776f3237672217266e8604d0766b9b15b986e3de,00d2e48cf038bc00,1,1,0,False,hardlink,hardlink
group_0048,train,20,/root/autodl-tmp/datasets/derived/construction_ppe3_canonical_v1_20260804_172437/images/all/train__image68.jpg,/root/autodl-tmp/datasets/derived/construction_ppe3_canonical_v1_20260804_172437/labels/all/train__image68.txt,/root/autodl-tmp/datasets/sources/construction-ppe_ultralytics_2025_v1/images/train/image68.jpg,train,68,3,92f02597c6ae43a7356cd2e7fe9e40c6542f4fe57fab2dfd233e10a1d2a71608,07030736960f0e0e,1,1,1,False,hardlink,hardlink
group_0048,train,20,/root/autodl-tmp/datasets/derived/construction_ppe3_canonical_v1_20260804_172437/images/all/train__image69.jpeg,/root/autodl-tmp/datasets/derived/construction_ppe3_canonical_v1_20260804_172437/labels/all/train__image69.txt,/root/autodl-tmp/datasets/sources/construction-ppe_ultralytics_2025_v1/images/train/image69.jpeg,train,69,3,65bea229d90dbfe058606174b484c63899c77e76fe46716c2b287e7e8906b52f,00f8ebeaeef6d900,1,1,1,False,hardlink,hardlink
group_0048,train,20,/root/autodl-tmp/datasets/derived/construction_ppe3_canonical_v1_20260804_172437/images/all/train__image71.jpg,/root/autodl-tmp/datasets/derived/construction_ppe3_canonical_v1_20260804_172437/labels/all/train__image71.txt,/root/autodl-tmp/datasets/sources/construction-ppe_ultralytics_2025_v1/images/train/image71.jpg,train,71,3,4a05c3561c4de1d9ed3d15dd137bf6f63e1164c169cc61abfe65c710167fe082,0703131a9a0f0e0e,1,1,1,False,hardlink,hardlink
group_0048,train,20,/root/autodl-tmp/datasets/derived/construction_ppe3_canonical_v1_20260804_172437/images/all/train__image72.jpeg,/root/autodl-tmp/datasets/derived/construction_ppe3_canonical_v1_20260804_172437/labels/all/train__image72.txt,/root/autodl-tmp/datasets/sources/construction-ppe_ultralytics_2025_v1/images/train/image72.jpeg,train,72,3,6b21974ba886f365e66cc7d79712e9df0724936a484a907e7ee22bab16abab58,00fef9d1f1f0f600,1,2,1,False,hardlink,hardlink
group_0048,train,20,/root/autodl-tmp/datasets/derived/construction_ppe3_canonical_v1_20260804_172437/images/all/train__image73.jpg,/root/autodl-tmp/datasets/derived/construction_ppe3_canonical_v1_20260804_172437/labels/all/train__image73.txt,/root/autodl-tmp/datasets/sources/construction-ppe_ultralytics_2025_v1/images/train/image73.jpg,train,73,3,131ffd5bcaa2ceffb543b827fc67c53092df83288cd800fbecd37b9c346e430f,07031312920f0e0e,1,1,1,False,hardlink,hardlink
group_0048,train,20,/root/autodl-tmp/datasets/derived/construction_ppe3_canonical_v1_20260804_172437/images/all/train__image75.jpg,/root/autodl-tmp/datasets/derived/construction_ppe3_canonical_v1_20260804_172437/labels/all/train__image75.txt,/root/autodl-tmp/datasets/sources/construction-ppe_ultralytics_2025_v1/images/train/image75.jpg,train,75,3,8de936d4a22d47bc71a6cb7e2cb98022e6ffd787ae6ee75f51c0c126e75e732a,10734e8d9d9919a2,2,2,2,False,hardlink,hardlink
group_0048,train,20,/root/autodl-tmp/datasets/derived/construction_ppe3_canonical_v1_20260804_172437/images/all/train__image76.jpg,/root/autodl-tmp/datasets/derived/construction_ppe3_canonical_v1_20260804_172437/labels/all/train__image76.txt,/root/autodl-tmp/datasets/sources/construction-ppe_ultralytics_2025_v1/images/train/image76.jpg,train,76,3,744a02aa0a3114cfd3dc544862ccb107b3166a2719e4ea20855f579580826759,03031312920f0e0e,1,1,1,False,hardlink,hardlink
group_0048,train,20,/root/autodl-tmp/datasets/derived/construction_ppe3_canonical_v1_20260804_172437/images/all/train__image77.jpg,/root/autodl-tmp/datasets/derived/construction_ppe3_canonical_v1_20260804_172437/labels/all/train__image77.txt,/root/autodl-tmp/datasets/sources/construction-ppe_ultralytics_2025_v1/images/train/image77.jpg,train,77,3,61d750407cc055db69bd480b4db1176a9286b77de15efb96d8a2b41f2500838a,05030726960f0e1e,1,1,1,False,hardlink,hardlink
group_0048,train,20,/root/autodl-tmp/datasets/derived/construction_ppe3_canonical_v1_20260804_172437/images/all/train__image78.jpg,/root/autodl-tmp/datasets/derived/construction_ppe3_canonical_v1_20260804_172437/labels/all/train__image78.txt,/root/autodl-tmp/datasets/sources/construction-ppe_ultralytics_2025_v1/images/train/image78.jpg,train,78,3,79a038b4595bcdfcdd70281595154c2a15d9c9dcf3ec28d722cb22cfcb8563f5,07031316960f0e1e,1,2,2,False,hardlink,hardlink
group_0048,train,20,/root/autodl-tmp/datasets/derived/construction_ppe3_canonical_v1_20260804_172437/images/all/train__image79.jpg,/root/autodl-tmp/datasets/derived/construction_ppe3_canonical_v1_20260804_172437/labels/all/train__image79.txt,/root/autodl-tmp/datasets/sources/construction-ppe_ultralytics_2025_v1/images/train/image79.jpg,train,79,3,96e3b7befe19aab580afeea3c780d4626264e5db361d0ce145cead95968c585e,05030796860f0e1e,1,1,1,False,hardlink,hardlink
group_0048,train,20,/root/autodl-tmp/datasets/derived/construction_ppe3_canonical_v1_20260804_172437/images/all/val__image65.jpeg,/root/autodl-tmp/datasets/derived/construction_ppe3_canonical_v1_20260804_172437/labels/all/val__image65.txt,/root/autodl-tmp/datasets/sources/construction-ppe_ultralytics_2025_v1/images/val/image65.jpeg,val,65,3,53d75e14f7e1d19eb2251496c72cf11940319d11c351af4d0edb947f3832baaa,00e6f0deec7cbc00,2,2,1,False,hardlink,hardlink
group_0048,train,20,/root/autodl-tmp/datasets/derived/construction_ppe3_canonical_v1_20260804_172437/images/all/val__image74.jpeg,/root/autodl-tmp/datasets/derived/construction_ppe3_canonical_v1_20260804_172437/labels/all/val__image74.txt,/root/autodl-tmp/datasets/sources/construction-ppe_ultralytics_2025_v1/images/val/image74.jpeg,val,74,3,311eaf1b84b37f5b659aea1286431a7f4a0d3aa685f92cc22c0fcbecc91e995a,007159ddd8d8c800,1,0,1,False,hardlink,hardlink
group_0048,train,20,/root/autodl-tmp/datasets/derived/construction_ppe3_canonical_v1_20260804_172437/images/all/test__image63.jpg,/root/autodl-tmp/datasets/derived/construction_ppe3_canonical_v1_20260804_172437/labels/all/test__image63.txt,/root/autodl-tmp/datasets/sources/construction-ppe_ultralytics_2025_v1/images/test/image63.jpg,test,63,3,e6bb72c4ff48849c6394d618f7c52d8f448eae999016ac93b2788eaf021b5952,05031312920f0e0e,1,1,1,False,hardlink,hardlink
group_0048,train,20,/root/autodl-tmp/datasets/derived/construction_ppe3_canonical_v1_20260804_172437/images/all/test__image70.jpeg,/root/autodl-tmp/datasets/derived/construction_ppe3_canonical_v1_20260804_172437/labels/all/test__image70.txt,/root/autodl-tmp/datasets/sources/construction-ppe_ultralytics_2025_v1/images/test/image70.jpeg,test,70,3,c91669fa0f30767b1c5ed32b5b1c8a86b4adab946c2d34d8a4abb56fd5954653,00c293fbed8d5900,1,1,1,False,hardlink,hardlink
group_0049,val,20,/root/autodl-tmp/datasets/derived/construction_ppe3_canonical_v1_20260804_172437/images/all/train__image600.jpg,/root/autodl-tmp/datasets/derived/construction_ppe3_canonical_v1_20260804_172437/labels/all/train__image600.txt,/root/autodl-tmp/datasets/sources/construction-ppe_ultralytics_2025_v1/images/train/image600.jpg,train,600,30,d53a8e923101d5cbf8740f0d9b147fa4e792194b566fa496ecc9b0bd26578422,01c4c889e5331608,5,5,5,False,hardlink,hardlink
group_0049,val,20,/root/autodl-tmp/datasets/derived/construction_ppe3_canonical_v1_20260804_172437/images/all/train__image601.jpg,/root/autodl-tmp/datasets/derived/construction_ppe3_canonical_v1_20260804_172437/labels/all/train__image601.txt,/root/autodl-tmp/datasets/sources/construction-ppe_ultralytics_2025_v1/images/train/image601.jpg,train,601,30,f765bb7b49449b0cff4eee9626543746877a9f259a45cb3303953ddd16fe2b23,91ddcdd24779fafe,4,7,6,False,hardlink,hardlink
group_0049,val,20,/root/autodl-tmp/datasets/derived/construction_ppe3_canonical_v1_20260804_172437/images/all/train__image602.jpg,/root/autodl-tmp/datasets/derived/construction_ppe3_canonical_v1_20260804_172437/labels/all/train__image602.txt,/root/autodl-tmp/datasets/sources/construction-ppe_ultralytics_2025_v1/images/train/image602.jpg,train,602,30,7353c1ba9edf054d860b3008024f6fa2c5430aef7dd6f49a8008eca4f0054e84,cc8fc9f4e4aa3341,6,6,6,False,hardlink,hardlink
group_0049,val,20,/root/autodl-tmp/datasets/derived/construction_ppe3_canonical_v1_20260804_172437/images/all/train__image603.jpg,/root/autodl-tmp/datasets/derived/construction_ppe3_canonical_v1_20260804_172437/labels/all/train__image603.txt,/root/autodl-tmp/datasets/sources/construction-ppe_ultralytics_2025_v1/images/train/image603.jpg,train,603,30,bf71007b0109295cb92c412cd8427f3b96a1c80ec53b71a09c0840424cf78326,603f65c4126f5909,6,6,6,False,hardlink,hardlink
group_0049,val,20,/root/autodl-tmp/datasets/derived/construction_ppe3_canonical_v1_20260804_172437/images/all/train__image604.jpg,/root/autodl-tmp/datasets/derived/construction_ppe3_canonical_v1_20260804_172437/labels/all/train__image604.txt,/root/autodl-tmp/datasets/sources/construction-ppe_ultralytics_2025_v1/images/train/image604.jpg,train,604,30,2cd8afe3f090a6e58fcdda4216abc4507c4764c24da9c65bfd65956eea2feb99,0f5b5f164f4d4d4b,1,1,1,False,hardlink,hardlink
group_0049,val,20,/root/autodl-tmp/datasets/derived/construction_ppe3_canonical_v1_20260804_172437/images/all/train__image605.jpg,/root/autodl-tmp/datasets/derived/construction_ppe3_canonical_v1_20260804_172437/labels/all/train__image605.txt,/root/autodl-tmp/datasets/sources/construction-ppe_ultralytics_2025_v1/images/train/image605.jpg,train,605,30,5fed1a07a79c80d7c666309dadf287335ecb7f18d32a22920c0f9ac3688ce968,6466ebb6964f018a,1,1,1,False,hardlink,hardlink
group_0049,val,20,/root/autodl-tmp/datasets/derived/construction_ppe3_canonical_v1_20260804_172437/images/all/train__image606.jpg,/root/autodl-tmp/datasets/derived/construction_ppe3_canonical_v1_20260804_172437/labels/all/train__image606.txt,/root/autodl-tmp/datasets/sources/construction-ppe_ultralytics_2025_v1/images/train/image606.jpg,train,606,30,cd1431cf7bffa0b3e4da56301e0529d576a4151568ed2c9b21c5e1e4dfe87ee8,546467b6964a200a,1,1,1,False,hardlink,hardlink
group_0049,val,20,/root/autodl-tmp/datasets/derived/construction_ppe3_canonical_v1_20260804_172437/images/all/train__image609.jpeg,/root/autodl-tmp/datasets/derived/construction_ppe3_canonical_v1_20260804_172437/labels/all/train__image609.txt,/root/autodl-tmp/datasets/sources/construction-ppe_ultralytics_2025_v1/images/train/image609.jpeg,train,609,30,cdd99cebbc425cdececa6318463ea00b1ba47de1ef22f88c159d9f3d82977a45,6ce41353ccccccc8,1,1,1,False,hardlink,hardlink
group_0049,val,20,/root/autodl-tmp/datasets/derived/construction_ppe3_canonical_v1_20260804_172437/images/all/train__image610.jpg,/root/autodl-tmp/datasets/derived/construction_ppe3_canonical_v1_20260804_172437/labels/all/train__image610.txt,/root/autodl-tmp/datasets/sources/construction-ppe_ultralytics_2025_v1/images/train/image610.jpg,train,610,30,2b6b474c8b2b296ce66cee8a8dd2209b465dec99395e86a5389be0bb66dcca24,a889cbea4b160017,4,3,4,False,hardlink,hardlink
group_0049,val,20,/root/autodl-tmp/datasets/derived/construction_ppe3_canonical_v1_20260804_172437/images/all/train__image613.jpg,/root/autodl-tmp/datasets/derived/construction_ppe3_canonical_v1_20260804_172437/labels/all/train__image613.txt,/root/autodl-tmp/datasets/sources/construction-ppe_ultralytics_2025_v1/images/train/image613.jpg,train,613,30,e6afd2c229540ea7bd645194180cf97edfc568bfacc345d66fef73a24f3f5416,2e293e2723ad8c9a,5,5,5,False,hardlink,hardlink
group_0049,val,20,/root/autodl-tmp/datasets/derived/construction_ppe3_canonical_v1_20260804_172437/images/all/train__image614.jpg,/root/autodl-tmp/datasets/derived/construction_ppe3_canonical_v1_20260804_172437/labels/all/train__image614.txt,/root/autodl-tmp/datasets/sources/construction-ppe_ultralytics_2025_v1/images/train/image614.jpg,train,614,30,96dae674aa2d12883f0892e7a2c898100f20b5323b72d3bc2408fde4af53fdb2,d0a0202804844360,6,6,6,False,hardlink,hardlink
group_0049,val,20,/root/autodl-tmp/datasets/derived/construction_ppe3_canonical_v1_20260804_172437/images/all/train__image617.jpg,/root/autodl-tmp/datasets/derived/construction_ppe3_canonical_v1_20260804_172437/labels/all/train__image617.txt,/root/autodl-tmp/datasets/sources/construction-ppe_ultralytics_2025_v1/images/train/image617.jpg,train,617,30,dfed36fe6b13269233ff5d86827aea6adfc1c7c35e25a4ac3731aa3e0bcebd40,f6cecd4c1e5c5c9c,1,1,1,False,hardlink,hardlink
group_0049,val,20,/root/autodl-tmp/datasets/derived/construction_ppe3_canonical_v1_20260804_172437/images/all/train__image618.jpg,/root/autodl-tmp/datasets/derived/construction_ppe3_canonical_v1_20260804_172437/labels/all/train__image618.txt,/root/autodl-tmp/datasets/sources/construction-ppe_ultralytics_2025_v1/images/train/image618.jpg,train,618,30,7aae3ff0301bcc4c0d45213b6b4a92164290679cb3d395691e2862250ad15b35,6521240446c9d9cd,1,1,1,False,hardlink,hardlink
group_0049,val,20,/root/autodl-tmp/datasets/derived/construction_ppe3_canonical_v1_20260804_172437/images/all/val__image607.jpeg,/root/autodl-tmp/datasets/derived/construction_ppe3_canonical_v1_20260804_172437/labels/all/val__image607.txt,/root/autodl-tmp/datasets/sources/construction-ppe_ultralytics_2025_v1/images/val/image607.jpeg,val,607,30,ad382def98d5052c96993e348c08b4003a700f858a95bc36c7cc133b219362d6,006463995cdc8b00,2,2,1,False,hardlink,hardlink
group_0049,val,20,/root/autodl-tmp/datasets/derived/construction_ppe3_canonical_v1_20260804_172437/images/all/val__image608.jpg,/root/autodl-tmp/datasets/derived/construction_ppe3_canonical_v1_20260804_172437/labels/all/val__image608.txt,/root/autodl-tmp/datasets/sources/construction-ppe_ultralytics_2025_v1/images/val/image608.jpg,val,608,30,6cf7283933660187488c9e022405ba8baac23b4ca42f519da19391b4ce979f92,00325149cd693200,5,6,5,False,hardlink,hardlink
group_0049,val,20,/root/autodl-tmp/datasets/derived/construction_ppe3_canonical_v1_20260804_172437/images/all/val__image615.jpg,/root/autodl-tmp/datasets/derived/construction_ppe3_canonical_v1_20260804_172437/labels/all/val__image615.txt,/root/autodl-tmp/datasets/sources/construction-ppe_ultralytics_2025_v1/images/val/image615.jpg,val,615,30,ee660d9bc3c941c5826534a6a4b5d460cb436126e9de57fd691b22554056b020,06f0000828161712,4,6,5,False,hardlink,hardlink
group_0049,val,20,/root/autodl-tmp/datasets/derived/construction_ppe3_canonical_v1_20260804_172437/images/all/test__image611.jpg,/root/autodl-tmp/datasets/derived/construction_ppe3_canonical_v1_20260804_172437/labels/all/test__image611.txt,/root/autodl-tmp/datasets/sources/construction-ppe_ultralytics_2025_v1/images/test/image611.jpg,test,611,30,49810a97d9f6852a15d65a7a555fa35ed246e2c829bb6931b7e6cc51754e27c6,c8cb2530e8f89cc7,5,5,5,False,hardlink,hardlink
group_0049,val,20,/root/autodl-tmp/datasets/derived/construction_ppe3_canonical_v1_20260804_172437/images/all/test__image612.jpg,/root/autodl-tmp/datasets/derived/construction_ppe3_canonical_v1_20260804_172437/labels/all/test__image612.txt,/root/autodl-tmp/datasets/sources/construction-ppe_ultralytics_2025_v1/images/test/image612.jpg,test,612,30,cb5db1a408015bf3f2ed0fcf7a363442150ffdf8aa5367b906578ed151ca7bd8,607b9f8cd0534b66,4,4,5,False,hardlink,hardlink
group_0049,val,20,/root/autodl-tmp/datasets/derived/construction_ppe3_canonical_v1_20260804_172437/images/all/test__image616.jpg,/root/autodl-tmp/datasets/derived/construction_ppe3_canonical_v1_20260804_172437/labels/all/test__image616.txt,/root/autodl-tmp/datasets/sources/construction-ppe_ultralytics_2025_v1/images/test/image616.jpg,test,616,30,6a811bbb0f92163ad3d906f194defbb87ba026074a14b2382cb6f02d85c025a4,edd276a692946979,2,2,2,False,hardlink,hardlink
group_0049,val,20,/root/autodl-tmp/datasets/derived/construction_ppe3_canonical_v1_20260804_172437/images/all/test__image619.jpeg,/root/autodl-tmp/datasets/derived/construction_ppe3_canonical_v1_20260804_172437/labels/all/test__image619.txt,/root/autodl-tmp/datasets/sources/construction-ppe_ultralytics_2025_v1/images/test/image619.jpeg,test,619,30,b3b6ae4999cbf5ca17fec984caddc4746b28197aa4f2cb11f087769ce55c7dfc,00e9cdadedfc3b00,2,2,2,False,hardlink,hardlink
group_0050,test,20,/root/autodl-tmp/datasets/derived/construction_ppe3_canonical_v1_20260804_172437/images/all/train__image620.jpg,/root/autodl-tmp/datasets/derived/construction_ppe3_canonical_v1_20260804_172437/labels/all/train__image620.txt,/root/autodl-tmp/datasets/sources/construction-ppe_ultralytics_2025_v1/images/train/image620.jpg,train,620,31,306c5db753fe3777f12816b0611a5bf2477cef908bdc6d5e0dd76a7f26440ec5,c000c4c0c8dc00c0,3,5,3,False,hardlink,hardlink
group_0050,test,20,/root/autodl-tmp/datasets/derived/construction_ppe3_canonical_v1_20260804_172437/images/all/train__image621.jpg,/root/autodl-tmp/datasets/derived/construction_ppe3_canonical_v1_20260804_172437/labels/all/train__image621.txt,/root/autodl-tmp/datasets/sources/construction-ppe_ultralytics_2025_v1/images/train/image621.jpg,train,621,31,59cd8e1df014990a269fd65b58b58bed0e0e050d7c6f25f0fa0016880d0988fc,0002051592cafcda,2,2,1,False,hardlink,hardlink
group_0050,test,20,/root/autodl-tmp/datasets/derived/construction_ppe3_canonical_v1_20260804_172437/images/all/train__image622.jpg,/root/autodl-tmp/datasets/derived/construction_ppe3_canonical_v1_20260804_172437/labels/all/train__image622.txt,/root/autodl-tmp/datasets/sources/construction-ppe_ultralytics_2025_v1/images/train/image622.jpg,train,622,31,c70f02ba694cb3bd43ace2b7b6e127f86c5738de4caf2923def612529a83d064,c06864983376defa,1,0,1,False,hardlink,hardlink
group_0050,test,20,/root/autodl-tmp/datasets/derived/construction_ppe3_canonical_v1_20260804_172437/images/all/train__image623.jpg,/root/autodl-tmp/datasets/derived/construction_ppe3_canonical_v1_20260804_172437/labels/all/train__image623.txt,/root/autodl-tmp/datasets/sources/construction-ppe_ultralytics_2025_v1/images/train/image623.jpg,train,623,31,90986d1fc6613406734330640e3be0569343b3136022ea3c29168611528431de,cdcecdc4acc6f6c6,1,1,0,False,hardlink,hardlink
group_0050,test,20,/root/autodl-tmp/datasets/derived/construction_ppe3_canonical_v1_20260804_172437/images/all/train__image624.jpg,/root/autodl-tmp/datasets/derived/construction_ppe3_canonical_v1_20260804_172437/labels/all/train__image624.txt,/root/autodl-tmp/datasets/sources/construction-ppe_ultralytics_2025_v1/images/train/image624.jpg,train,624,31,88aa2b2dc1b60c82dc9538dc2d3c0746149d58dbdddd05ed2ba48a0307ad1e8e,c0c666606969c9e6,1,0,1,False,hardlink,hardlink
group_0050,test,20,/root/autodl-tmp/datasets/derived/construction_ppe3_canonical_v1_20260804_172437/images/all/train__image625.jpg,/root/autodl-tmp/datasets/derived/construction_ppe3_canonical_v1_20260804_172437/labels/all/train__image625.txt,/root/autodl-tmp/datasets/sources/construction-ppe_ultralytics_2025_v1/images/train/image625.jpg,train,625,31,56053eecbb890aa1aba6d14206c11837e97f4e876f54f34affb1a44e447da6cd,e8e0f0b8e0f22676,1,1,0,False,hardlink,hardlink
group_0050,test,20,/root/autodl-tmp/datasets/derived/construction_ppe3_canonical_v1_20260804_172437/images/all/train__image626.jpg,/root/autodl-tmp/datasets/derived/construction_ppe3_canonical_v1_20260804_172437/labels/all/train__image626.txt,/root/autodl-tmp/datasets/sources/construction-ppe_ultralytics_2025_v1/images/train/image626.jpg,train,626,31,dc71bbcd1bd5e1eae3cad26e11a46ecf52c91864aeca17e33a15078ebf656ead,9941440403472626,1,1,0,False,hardlink,hardlink
group_0050,test,20,/root/autodl-tmp/datasets/derived/construction_ppe3_canonical_v1_20260804_172437/images/all/train__image629.jpg,/root/autodl-tmp/datasets/derived/construction_ppe3_canonical_v1_20260804_172437/labels/all/train__image629.txt,/root/autodl-tmp/datasets/sources/construction-ppe_ultralytics_2025_v1/images/train/image629.jpg,train,629,31,4315e66f14f520ebb7a0027fa0cda522bc841bc71df7ba0082a59b07b9f6487d,606070706c163604,0,2,2,False,hardlink,hardlink
group_0050,test,20,/root/autodl-tmp/datasets/derived/construction_ppe3_canonical_v1_20260804_172437/images/all/train__image630.jpg,/root/autodl-tmp/datasets/derived/construction_ppe3_canonical_v1_20260804_172437/labels/all/train__image630.txt,/root/autodl-tmp/datasets/sources/construction-ppe_ultralytics_2025_v1/images/train/image630.jpg,train,630,31,7c6e37f0b47dbb3966a91af48640ab33fc6ea894e78da118bd2a7d1899437b52,d8d2d64e6a6b5b6e,3,3,3,False,hardlink,hardlink
group_0050,test,20,/root/autodl-tmp/datasets/derived/construction_ppe3_canonical_v1_20260804_172437/images/all/train__image631.jpeg,/root/autodl-tmp/datasets/derived/construction_ppe3_canonical_v1_20260804_172437/labels/all/train__image631.txt,/root/autodl-tmp/datasets/sources/construction-ppe_ultralytics_2025_v1/images/train/image631.jpeg,train,631,31,c6877c407bd692755191d343684fcb50b9f5596b74a013b73248e4a17b5f1ddd,00ce5466d3119400,3,2,0,False,hardlink,hardlink
group_0050,test,20,/root/autodl-tmp/datasets/derived/construction_ppe3_canonical_v1_20260804_172437/images/all/train__image632.jpg,/root/autodl-tmp/datasets/derived/construction_ppe3_canonical_v1_20260804_172437/labels/all/train__image632.txt,/root/autodl-tmp/datasets/sources/construction-ppe_ultralytics_2025_v1/images/train/image632.jpg,train,632,31,67d625a30a2b4de0a774e30d9bd307f6d4c1932ce5d6539b4efd9e66bdf188dd,278db0b933363825,3,1,2,False,hardlink,hardlink
group_0050,test,20,/root/autodl-tmp/datasets/derived/construction_ppe3_canonical_v1_20260804_172437/images/all/train__image634.jpg,/root/autodl-tmp/datasets/derived/construction_ppe3_canonical_v1_20260804_172437/labels/all/train__image634.txt,/root/autodl-tmp/datasets/sources/construction-ppe_ultralytics_2025_v1/images/train/image634.jpg,train,634,31,c767e81d2a914629544c2ba3d3b07f53cfb69e42c05e058c08efe2f14c00d407,b4e6e6b4b4b0b0b4,3,3,3,False,hardlink,hardlink
group_0050,test,20,/root/autodl-tmp/datasets/derived/construction_ppe3_canonical_v1_20260804_172437/images/all/train__image635.jpg,/root/autodl-tmp/datasets/derived/construction_ppe3_canonical_v1_20260804_172437/labels/all/train__image635.txt,/root/autodl-tmp/datasets/sources/construction-ppe_ultralytics_2025_v1/images/train/image635.jpg,train,635,31,e07acc401880158196dcbab4f673738b9098d8b400cb142bd02cb8bd65bf8b2c,b20c0c646d9c9c4c,1,1,1,False,hardlink,hardlink
group_0050,test,20,/root/autodl-tmp/datasets/derived/construction_ppe3_canonical_v1_20260804_172437/images/all/train__image636.jpg,/root/autodl-tmp/datasets/derived/construction_ppe3_canonical_v1_20260804_172437/labels/all/train__image636.txt,/root/autodl-tmp/datasets/sources/construction-ppe_ultralytics_2025_v1/images/train/image636.jpg,train,636,31,80afa715cb08a73e5a244fbfe1c4874fa5362068e18269307c3b9ceee70f9bce,1891e0a493e925a7,1,1,0,False,hardlink,hardlink
group_0050,test,20,/root/autodl-tmp/datasets/derived/construction_ppe3_canonical_v1_20260804_172437/images/all/train__image637.jpg,/root/autodl-tmp/datasets/derived/construction_ppe3_canonical_v1_20260804_172437/labels/all/train__image637.txt,/root/autodl-tmp/datasets/sources/construction-ppe_ultralytics_2025_v1/images/train/image637.jpg,train,637,31,197bd9c187690a3dbb0ccf3c2637934bbe373ea5561414fd76ec795e101261cb,8f2e2426765e2626,5,5,6,False,hardlink,hardlink
group_0050,test,20,/root/autodl-tmp/datasets/derived/construction_ppe3_canonical_v1_20260804_172437/images/all/train__image638.jpg,/root/autodl-tmp/datasets/derived/construction_ppe3_canonical_v1_20260804_172437/labels/all/train__image638.txt,/root/autodl-tmp/datasets/sources/construction-ppe_ultralytics_2025_v1/images/train/image638.jpg,train,638,31,d58f9d206bb438388afba28c649f5f563b567f1b091429f402416fb9b3b45ab3,ffffcb5c5e187cdc,6,6,0,False,hardlink,hardlink
group_0050,test,20,/root/autodl-tmp/datasets/derived/construction_ppe3_canonical_v1_20260804_172437/images/all/train__image639.jpg,/root/autodl-tmp/datasets/derived/construction_ppe3_canonical_v1_20260804_172437/labels/all/train__image639.txt,/root/autodl-tmp/datasets/sources/construction-ppe_ultralytics_2025_v1/images/train/image639.jpg,train,639,31,cb535b5eee4d27eb73b3ba2eb715c6cfb37e190ecfd9b012ef37f08b9726ec07,253793472f2d1d1d,6,12,0,False,hardlink,hardlink
group_0050,test,20,/root/autodl-tmp/datasets/derived/construction_ppe3_canonical_v1_20260804_172437/images/all/val__image627.jpg,/root/autodl-tmp/datasets/derived/construction_ppe3_canonical_v1_20260804_172437/labels/all/val__image627.txt,/root/autodl-tmp/datasets/sources/construction-ppe_ultralytics_2025_v1/images/val/image627.jpg,val,627,31,237e707a75bd9c3bab9cee1e2e2bfea394179a8b472df4fd1ddaf4fd84760825,1c4e5e65399632b2,2,2,2,False,hardlink,hardlink
group_0050,test,20,/root/autodl-tmp/datasets/derived/construction_ppe3_canonical_v1_20260804_172437/images/all/val__image628.jpg,/root/autodl-tmp/datasets/derived/construction_ppe3_canonical_v1_20260804_172437/labels/all/val__image628.txt,/root/autodl-tmp/datasets/sources/construction-ppe_ultralytics_2025_v1/images/val/image628.jpg,val,628,31,33af5e52c01b3f91ec0cbde2454134cb44c916fc9e226881040008a58667e275,2d6d6b7363634b6e,3,2,1,False,hardlink,hardlink
group_0050,test,20,/root/autodl-tmp/datasets/derived/construction_ppe3_canonical_v1_20260804_172437/images/all/test__image633.jpg,/root/autodl-tmp/datasets/derived/construction_ppe3_canonical_v1_20260804_172437/labels/all/test__image633.txt,/root/autodl-tmp/datasets/sources/construction-ppe_ultralytics_2025_v1/images/test/image633.jpg,test,633,31,a34105b62fd6d4e7dc022909742ecf59b852f0c5d76243e8605a0ed1a9601ac8,19b8ec6ecd4f71b2,1,2,1,False,hardlink,hardlink
group_0051,val,20,/root/autodl-tmp/datasets/derived/construction_ppe3_canonical_v1_20260804_172437/images/all/train__image641.jpg,/root/autodl-tmp/datasets/derived/construction_ppe3_canonical_v1_20260804_172437/labels/all/train__image641.txt,/root/autodl-tmp/datasets/sources/construction-ppe_ultralytics_2025_v1/images/train/image641.jpg,train,641,32,db3250b6b2385cddb50cbbbfa99b96bbd8164a59542c0920028a6e895064355a,da5d6ce263272435,2,2,1,False,hardlink,hardlink
group_0051,val,20,/root/autodl-tmp/datasets/derived/construction_ppe3_canonical_v1_20260804_172437/images/all/train__image642.jpeg,/root/autodl-tmp/datasets/derived/construction_ppe3_canonical_v1_20260804_172437/labels/all/train__image642.txt,/root/autodl-tmp/datasets/sources/construction-ppe_ultralytics_2025_v1/images/train/image642.jpeg,train,642,32,0cf4ebebd52843a60423933946dc572bff1cfc8a8634ac48cbdd2d73b918f0b2,00f0e0e0f4f0c800,4,1,0,False,hardlink,hardlink
group_0051,val,20,/root/autodl-tmp/datasets/derived/construction_ppe3_canonical_v1_20260804_172437/images/all/train__image643.jpg,/root/autodl-tmp/datasets/derived/construction_ppe3_canonical_v1_20260804_172437/labels/all/train__image643.txt,/root/autodl-tmp/datasets/sources/construction-ppe_ultralytics_2025_v1/images/train/image643.jpg,train,643,32,daeac3929ccae17b52748538dc2244f828977c926c184541206636123421d553,00a0c2f89e96aa00,3,3,1,False,hardlink,hardlink
group_0051,val,20,/root/autodl-tmp/datasets/derived/construction_ppe3_canonical_v1_20260804_172437/images/all/train__image645.jpg,/root/autodl-tmp/datasets/derived/construction_ppe3_canonical_v1_20260804_172437/labels/all/train__image645.txt,/root/autodl-tmp/datasets/sources/construction-ppe_ultralytics_2025_v1/images/train/image645.jpg,train,645,32,c9568e7829d53abd2b910bc2d813cce58a5a9284acca545295460f7eb07b1e33,a9cd32b3391c7566,8,8,5,False,hardlink,hardlink
group_0051,val,20,/root/autodl-tmp/datasets/derived/construction_ppe3_canonical_v1_20260804_172437/images/all/train__image646.jpg,/root/autodl-tmp/datasets/derived/construction_ppe3_canonical_v1_20260804_172437/labels/all/train__image646.txt,/root/autodl-tmp/datasets/sources/construction-ppe_ultralytics_2025_v1/images/train/image646.jpg,train,646,32,73fce1589ea6e2c8c76c29130f468c947454f40a7b7976b9a004f1d9186f59be,e4cc98d9d8ccc346,9,14,0,False,hardlink,hardlink
group_0051,val,20,/root/autodl-tmp/datasets/derived/construction_ppe3_canonical_v1_20260804_172437/images/all/train__image647.jpg,/root/autodl-tmp/datasets/derived/construction_ppe3_canonical_v1_20260804_172437/labels/all/train__image647.txt,/root/autodl-tmp/datasets/sources/construction-ppe_ultralytics_2025_v1/images/train/image647.jpg,train,647,32,f4a1ffdd6b4c62ffd642e21b5d2fc93dcc760db74a8d85f3a22933eaeeb15bd3,7b337793e627a92b,2,2,2,False,hardlink,hardlink
group_0051,val,20,/root/autodl-tmp/datasets/derived/construction_ppe3_canonical_v1_20260804_172437/images/all/train__image648.jpg,/root/autodl-tmp/datasets/derived/construction_ppe3_canonical_v1_20260804_172437/labels/all/train__image648.txt,/root/autodl-tmp/datasets/sources/construction-ppe_ultralytics_2025_v1/images/train/image648.jpg,train,648,32,013fdcecdc23b7efa891483a8c4509663cb88c1809ce475b1c571c7d7b2f5d90,dcd9df9faeb33333,1,1,0,False,hardlink,hardlink
group_0051,val,20,/root/autodl-tmp/datasets/derived/construction_ppe3_canonical_v1_20260804_172437/images/all/train__image649.jpg,/root/autodl-tmp/datasets/derived/construction_ppe3_canonical_v1_20260804_172437/labels/all/train__image649.txt,/root/autodl-tmp/datasets/sources/construction-ppe_ultralytics_2025_v1/images/train/image649.jpg,train,649,32,74266ffdae78a0bbe322f8d8236739b8a7b06a0515231a2260047429c2ab70f2,80c8a68642c6dede,1,1,1,False,hardlink,hardlink
group_0051,val,20,/root/autodl-tmp/datasets/derived/construction_ppe3_canonical_v1_20260804_172437/images/all/train__image650.jpg,/root/autodl-tmp/datasets/derived/construction_ppe3_canonical_v1_20260804_172437/labels/all/train__image650.txt,/root/autodl-tmp/datasets/sources/construction-ppe_ultralytics_2025_v1/images/train/image650.jpg,train,650,32,3533517a099a802c014b8163f4a60f79092760e137e57b0979869e81a90ba715,dedabad4cc5a3333,2,2,2,False,hardlink,hardlink
group_0051,val,20,/root/autodl-tmp/datasets/derived/construction_ppe3_canonical_v1_20260804_172437/images/all/train__image651.jpg,/root/autodl-tmp/datasets/derived/construction_ppe3_canonical_v1_20260804_172437/labels/all/train__image651.txt,/root/autodl-tmp/datasets/sources/construction-ppe_ultralytics_2025_v1/images/train/image651.jpg,train,651,32,d18b6bc531b7003d715d88d797a8624da320c19217f4963b5a0fa7235f6d58de,ebe1ebe7ecaeefef,1,1,1,False,hardlink,hardlink
group_0051,val,20,/root/autodl-tmp/datasets/derived/construction_ppe3_canonical_v1_20260804_172437/images/all/train__image652.jpg,/root/autodl-tmp/datasets/derived/construction_ppe3_canonical_v1_20260804_172437/labels/all/train__image652.txt,/root/autodl-tmp/datasets/sources/construction-ppe_ultralytics_2025_v1/images/train/image652.jpg,train,652,32,89ec5bbe7f9ac4c40986d04ad64191020a2444bef8b963778ce074eb70528ca6,c5cc978789973312,3,3,3,False,hardlink,hardlink
group_0051,val,20,/root/autodl-tmp/datasets/derived/construction_ppe3_canonical_v1_20260804_172437/images/all/train__image653.jpeg,/root/autodl-tmp/datasets/derived/construction_ppe3_canonical_v1_20260804_172437/labels/all/train__image653.txt,/root/autodl-tmp/datasets/sources/construction-ppe_ultralytics_2025_v1/images/train/image653.jpeg,train,653,32,932b254d2c54da1eda6e6827807c42eff8f9bd3c06104445a27921827dbfdb51,00c0c49ef8ced800,0,4,0,False,hardlink,hardlink
group_0051,val,20,/root/autodl-tmp/datasets/derived/construction_ppe3_canonical_v1_20260804_172437/images/all/train__image655.jpg,/root/autodl-tmp/datasets/derived/construction_ppe3_canonical_v1_20260804_172437/labels/all/train__image655.txt,/root/autodl-tmp/datasets/sources/construction-ppe_ultralytics_2025_v1/images/train/image655.jpg,train,655,32,19ba9c72148003f5b852823457173e244afeac3f87d7bf8339939e1154afa6a8,66c4d44ccec8cecc,3,3,3,False,hardlink,hardlink
group_0051,val,20,/root/autodl-tmp/datasets/derived/construction_ppe3_canonical_v1_20260804_172437/images/all/train__image657.jpg,/root/autodl-tmp/datasets/derived/construction_ppe3_canonical_v1_20260804_172437/labels/all/train__image657.txt,/root/autodl-tmp/datasets/sources/construction-ppe_ultralytics_2025_v1/images/train/image657.jpg,train,657,32,807e615f752b6132015ea61f497b8f8de6e576c91feb18b723184cc3a5f1134f,f7cfb7bfe776a7e6,2,2,2,False,hardlink,hardlink
group_0051,val,20,/root/autodl-tmp/datasets/derived/construction_ppe3_canonical_v1_20260804_172437/images/all/train__image658.jpg,/root/autodl-tmp/datasets/derived/construction_ppe3_canonical_v1_20260804_172437/labels/all/train__image658.txt,/root/autodl-tmp/datasets/sources/construction-ppe_ultralytics_2025_v1/images/train/image658.jpg,train,658,32,0af9da3dc6773178f7790dd1cb5f23a9dfe9a2a40579fd552a794e1272ce91bc,1a5a26274cd89c98,1,1,1,False,hardlink,hardlink
group_0051,val,20,/root/autodl-tmp/datasets/derived/construction_ppe3_canonical_v1_20260804_172437/images/all/train__image659.jpg,/root/autodl-tmp/datasets/derived/construction_ppe3_canonical_v1_20260804_172437/labels/all/train__image659.txt,/root/autodl-tmp/datasets/sources/construction-ppe_ultralytics_2025_v1/images/train/image659.jpg,train,659,32,83460fb7cd4fa7de6350563c20a01ba39b0033485d08b3943e98d9125c0f78af,314f46820862034b,6,7,6,False,hardlink,hardlink
group_0051,val,20,/root/autodl-tmp/datasets/derived/construction_ppe3_canonical_v1_20260804_172437/images/all/val__image640.jpg,/root/autodl-tmp/datasets/derived/construction_ppe3_canonical_v1_20260804_172437/labels/all/val__image640.txt,/root/autodl-tmp/datasets/sources/construction-ppe_ultralytics_2025_v1/images/val/image640.jpg,val,640,32,bd205ac51b81fd46af970eda8b51bf42dd2cc017f1bfafebbd90ea395174b451,226127243c296942,1,1,1,False,hardlink,hardlink
group_0051,val,20,/root/autodl-tmp/datasets/derived/construction_ppe3_canonical_v1_20260804_172437/images/all/val__image644.jpg,/root/autodl-tmp/datasets/derived/construction_ppe3_canonical_v1_20260804_172437/labels/all/val__image644.txt,/root/autodl-tmp/datasets/sources/construction-ppe_ultralytics_2025_v1/images/val/image644.jpg,val,644,32,4ca2a54c396200c799495e482642b3b00e7e95f2598121a38b567e38cc11ad12,8747525564642767,7,4,1,False,hardlink,hardlink
group_0051,val,20,/root/autodl-tmp/datasets/derived/construction_ppe3_canonical_v1_20260804_172437/images/all/val__image654.jpg,/root/autodl-tmp/datasets/derived/construction_ppe3_canonical_v1_20260804_172437/labels/all/val__image654.txt,/root/autodl-tmp/datasets/sources/construction-ppe_ultralytics_2025_v1/images/val/image654.jpg,val,654,32,07baf23f2e3aacca2805dbe6b4a7d8ad4a895c15a8c5fac9bb87494fc7a9d8ce,00d0dce8e0f0e800,3,4,0,False,hardlink,hardlink
group_0051,val,20,/root/autodl-tmp/datasets/derived/construction_ppe3_canonical_v1_20260804_172437/images/all/val__image656.jpg,/root/autodl-tmp/datasets/derived/construction_ppe3_canonical_v1_20260804_172437/labels/all/val__image656.txt,/root/autodl-tmp/datasets/sources/construction-ppe_ultralytics_2025_v1/images/val/image656.jpg,val,656,32,305b8962aaacf5311af7a1e66e237ca97ab1561eb71329506f6b0326992162ae,b0e48e69292e0fdb,1,0,1,False,hardlink,hardlink
group_0052,train,20,/root/autodl-tmp/datasets/derived/construction_ppe3_canonical_v1_20260804_172437/images/all/train__image661.jpg,/root/autodl-tmp/datasets/derived/construction_ppe3_canonical_v1_20260804_172437/labels/all/train__image661.txt,/root/autodl-tmp/datasets/sources/construction-ppe_ultralytics_2025_v1/images/train/image661.jpg,train,661,33,53deec82149d126b468bae90494eeaa106a41adc3edfa327309eb7f9182c115c,5c48da585155062b,4,4,4,False,hardlink,hardlink
group_0052,train,20,/root/autodl-tmp/datasets/derived/construction_ppe3_canonical_v1_20260804_172437/images/all/train__image662.jpg,/root/autodl-tmp/datasets/derived/construction_ppe3_canonical_v1_20260804_172437/labels/all/train__image662.txt,/root/autodl-tmp/datasets/sources/construction-ppe_ultralytics_2025_v1/images/train/image662.jpg,train,662,33,9b91abca7f44f5d768f7cf2abc72e4947eb4a0a600359e3fd80157f69735da19,0646060f4b134303,1,1,1,False,hardlink,hardlink
group_0052,train,20,/root/autodl-tmp/datasets/derived/construction_ppe3_canonical_v1_20260804_172437/images/all/train__image663.jpg,/root/autodl-tmp/datasets/derived/construction_ppe3_canonical_v1_20260804_172437/labels/all/train__image663.txt,/root/autodl-tmp/datasets/sources/construction-ppe_ultralytics_2025_v1/images/train/image663.jpg,train,663,33,7d0b69c7030dd9d7fc9d57d42f5297655b0532c862db99fcd85146ecd8f33cb8,ecdcdaf2d2dab9d2,2,2,2,False,hardlink,hardlink
group_0052,train,20,/root/autodl-tmp/datasets/derived/construction_ppe3_canonical_v1_20260804_172437/images/all/train__image664.jpeg,/root/autodl-tmp/datasets/derived/construction_ppe3_canonical_v1_20260804_172437/labels/all/train__image664.txt,/root/autodl-tmp/datasets/sources/construction-ppe_ultralytics_2025_v1/images/train/image664.jpeg,train,664,33,1f439a3bf60d0ef1100bca6ad6aa23dbe73f4aa7f31ef70e9c20713c941ddada,f0c8f0b0f0e0e4d2,1,1,0,False,hardlink,hardlink
group_0052,train,20,/root/autodl-tmp/datasets/derived/construction_ppe3_canonical_v1_20260804_172437/images/all/train__image665.jpg,/root/autodl-tmp/datasets/derived/construction_ppe3_canonical_v1_20260804_172437/labels/all/train__image665.txt,/root/autodl-tmp/datasets/sources/construction-ppe_ultralytics_2025_v1/images/train/image665.jpg,train,665,33,bb3db2b7afde7c08afcdd055a99d8e853721ebdc12a3b9dfbfa32a4ed3af4344,99996064d898f2ea,2,2,2,False,hardlink,hardlink
group_0052,train,20,/root/autodl-tmp/datasets/derived/construction_ppe3_canonical_v1_20260804_172437/images/all/train__image667.jpg,/root/autodl-tmp/datasets/derived/construction_ppe3_canonical_v1_20260804_172437/labels/all/train__image667.txt,/root/autodl-tmp/datasets/sources/construction-ppe_ultralytics_2025_v1/images/train/image667.jpg,train,667,33,a6256430bab9c62bb51ccc98f9a76dccc7976af6819d4b5032966e5fe9890e6f,c529291aded29292,1,1,1,False,hardlink,hardlink
group_0052,train,20,/root/autodl-tmp/datasets/derived/construction_ppe3_canonical_v1_20260804_172437/images/all/train__image668.jpg,/root/autodl-tmp/datasets/derived/construction_ppe3_canonical_v1_20260804_172437/labels/all/train__image668.txt,/root/autodl-tmp/datasets/sources/construction-ppe_ultralytics_2025_v1/images/train/image668.jpg,train,668,33,954d9735c9838e3ab0b0761b82dda50a8324096231c248120ce37619a8dcea3e,93ae2e25c6c64fc6,1,1,1,False,hardlink,hardlink
group_0052,train,20,/root/autodl-tmp/datasets/derived/construction_ppe3_canonical_v1_20260804_172437/images/all/train__image671.jpeg,/root/autodl-tmp/datasets/derived/construction_ppe3_canonical_v1_20260804_172437/labels/all/train__image671.txt,/root/autodl-tmp/datasets/sources/construction-ppe_ultralytics_2025_v1/images/train/image671.jpeg,train,671,33,a3eead4ade9d6ae85234164302eb3ca3898eb0b6ca7f948dcc7cf1476657e3ee,c4c0f0f8dcd8b0f8,1,1,0,False,hardlink,hardlink
group_0052,train,20,/root/autodl-tmp/datasets/derived/construction_ppe3_canonical_v1_20260804_172437/images/all/train__image672.jpg,/root/autodl-tmp/datasets/derived/construction_ppe3_canonical_v1_20260804_172437/labels/all/train__image672.txt,/root/autodl-tmp/datasets/sources/construction-ppe_ultralytics_2025_v1/images/train/image672.jpg,train,672,33,86411ff0197912896f3a60600efe60a95b585ffbcb20fcab3385760239b5397c,005c6ded32191900,5,9,5,False,hardlink,hardlink
group_0052,train,20,/root/autodl-tmp/datasets/derived/construction_ppe3_canonical_v1_20260804_172437/images/all/train__image673.jpg,/root/autodl-tmp/datasets/derived/construction_ppe3_canonical_v1_20260804_172437/labels/all/train__image673.txt,/root/autodl-tmp/datasets/sources/construction-ppe_ultralytics_2025_v1/images/train/image673.jpg,train,673,33,6c21b127265efe386aa83afb71e84e65f7af7d9a1ac932597bafdb9d38b75d75,866d6c5395971118,1,1,1,False,hardlink,hardlink
group_0052,train,20,/root/autodl-tmp/datasets/derived/construction_ppe3_canonical_v1_20260804_172437/images/all/train__image675.jpg,/root/autodl-tmp/datasets/derived/construction_ppe3_canonical_v1_20260804_172437/labels/all/train__image675.txt,/root/autodl-tmp/datasets/sources/construction-ppe_ultralytics_2025_v1/images/train/image675.jpg,train,675,33,cf4b5493bcec1b0738912ebc5c9dc5afe05d8fd6063de9d7a20fe10679b1f8bd,82ad2d315bd12191,1,0,1,False,hardlink,hardlink
group_0052,train,20,/root/autodl-tmp/datasets/derived/construction_ppe3_canonical_v1_20260804_172437/images/all/train__image676.jpg,/root/autodl-tmp/datasets/derived/construction_ppe3_canonical_v1_20260804_172437/labels/all/train__image676.txt,/root/autodl-tmp/datasets/sources/construction-ppe_ultralytics_2025_v1/images/train/image676.jpg,train,676,33,32a85d38d3d53066aa37d4c7880b5990a243eb7de0f03349e114fb4e9fc4a4bc,83a62e2d4ecaad8c,1,0,1,False,hardlink,hardlink
group_0052,train,20,/root/autodl-tmp/datasets/derived/construction_ppe3_canonical_v1_20260804_172437/images/all/train__image677.jpeg,/root/autodl-tmp/datasets/derived/construction_ppe3_canonical_v1_20260804_172437/labels/all/train__image677.txt,/root/autodl-tmp/datasets/sources/construction-ppe_ultralytics_2025_v1/images/train/image677.jpeg,train,677,33,ca8281a77641f981cf98585c7aefa51d1708f6636f3bb6aa93367e5e2ffbb0f6,c0d0d4d8ccccf8d4,1,1,0,False,hardlink,hardlink
group_0052,train,20,/root/autodl-tmp/datasets/derived/construction_ppe3_canonical_v1_20260804_172437/images/all/train__image678.jpg,/root/autodl-tmp/datasets/derived/construction_ppe3_canonical_v1_20260804_172437/labels/all/train__image678.txt,/root/autodl-tmp/datasets/sources/construction-ppe_ultralytics_2025_v1/images/train/image678.jpg,train,678,33,8eef8d7b576e3b477874ced04546ca58b0e1a637b0db64791e429f83b3636254,660495a793a33c8d,4,4,0,False,hardlink,hardlink
group_0052,train,20,/root/autodl-tmp/datasets/derived/construction_ppe3_canonical_v1_20260804_172437/images/all/train__image679.jpeg,/root/autodl-tmp/datasets/derived/construction_ppe3_canonical_v1_20260804_172437/labels/all/train__image679.txt,/root/autodl-tmp/datasets/sources/construction-ppe_ultralytics_2025_v1/images/train/image679.jpeg,train,679,33,752a0ed84ac23f49af21f5233a636d357e45cf9588694b0d5a6552361cab066d,f0d0f4e8f0d4ccdc,1,1,0,False,hardlink,hardlink
group_0052,train,20,/root/autodl-tmp/datasets/derived/construction_ppe3_canonical_v1_20260804_172437/images/all/val__image660.jpg,/root/autodl-tmp/datasets/derived/construction_ppe3_canonical_v1_20260804_172437/labels/all/val__image660.txt,/root/autodl-tmp/datasets/sources/construction-ppe_ultralytics_2025_v1/images/val/image660.jpg,val,660,33,25b3d9ea057fdb286c2ae7d165f9c3eda4b3c9cac896ea620a2b7dc93b0b3caf,7ef4e4b5f4642c3d,1,1,1,False,hardlink,hardlink
group_0052,train,20,/root/autodl-tmp/datasets/derived/construction_ppe3_canonical_v1_20260804_172437/images/all/val__image666.jpg,/root/autodl-tmp/datasets/derived/construction_ppe3_canonical_v1_20260804_172437/labels/all/val__image666.txt,/root/autodl-tmp/datasets/sources/construction-ppe_ultralytics_2025_v1/images/val/image666.jpg,val,666,33,d8b86f11f8c1ddc4abfbe77a73120819ac269ea9fe036d3f87aaf6b098fe48d5,20495b1e1d181898,1,1,1,False,hardlink,hardlink
group_0052,train,20,/root/autodl-tmp/datasets/derived/construction_ppe3_canonical_v1_20260804_172437/images/all/val__image669.jpg,/root/autodl-tmp/datasets/derived/construction_ppe3_canonical_v1_20260804_172437/labels/all/val__image669.txt,/root/autodl-tmp/datasets/sources/construction-ppe_ultralytics_2025_v1/images/val/image669.jpg,val,669,33,9542dc7eb744083d0a22da4a150fb6371d6610f017ede9ef22988f89a8db07a2,83a62611dada1998,1,1,1,False,hardlink,hardlink
group_0052,train,20,/root/autodl-tmp/datasets/derived/construction_ppe3_canonical_v1_20260804_172437/images/all/val__image670.jpg,/root/autodl-tmp/datasets/derived/construction_ppe3_canonical_v1_20260804_172437/labels/all/val__image670.txt,/root/autodl-tmp/datasets/sources/construction-ppe_ultralytics_2025_v1/images/val/image670.jpg,val,670,33,7475975988f9326403cf24f078b7c091f4f2eab39774d23575b0e01fe678e89c,86756c1bcdcf4948,1,1,1,False,hardlink,hardlink
group_0052,train,20,/root/autodl-tmp/datasets/derived/construction_ppe3_canonical_v1_20260804_172437/images/all/val__image674.jpg,/root/autodl-tmp/datasets/derived/construction_ppe3_canonical_v1_20260804_172437/labels/all/val__image674.txt,/root/autodl-tmp/datasets/sources/construction-ppe_ultralytics_2025_v1/images/val/image674.jpg,val,674,33,0eac08089d914d8f83b8c6f772b6b7cedb214fd9335f0fb8d63731bd71ab0fbd,86656c139ddb1998,1,1,1,False,hardlink,hardlink
group_0053,train,20,/root/autodl-tmp/datasets/derived/construction_ppe3_canonical_v1_20260804_172437/images/all/train__image681.jpg,/root/autodl-tmp/datasets/derived/construction_ppe3_canonical_v1_20260804_172437/labels/all/train__image681.txt,/root/autodl-tmp/datasets/sources/construction-ppe_ultralytics_2025_v1/images/train/image681.jpg,train,681,34,71e1fefc767bf9a1b2dbd7868ab31de3fe4332a88f9e3cebaaa4107fc6664a6b,832626214aca4948,1,1,1,False,hardlink,hardlink
group_0053,train,20,/root/autodl-tmp/datasets/derived/construction_ppe3_canonical_v1_20260804_172437/images/all/train__image682.jpeg,/root/autodl-tmp/datasets/derived/construction_ppe3_canonical_v1_20260804_172437/labels/all/train__image682.txt,/root/autodl-tmp/datasets/sources/construction-ppe_ultralytics_2025_v1/images/train/image682.jpeg,train,682,34,9dbc03749db15de51a2d893375966eec4523639246427e3eb9205317068faa65,d4ccccd4ccccdcc4,1,1,1,False,hardlink,hardlink
group_0053,train,20,/root/autodl-tmp/datasets/derived/construction_ppe3_canonical_v1_20260804_172437/images/all/train__image683.jpg,/root/autodl-tmp/datasets/derived/construction_ppe3_canonical_v1_20260804_172437/labels/all/train__image683.txt,/root/autodl-tmp/datasets/sources/construction-ppe_ultralytics_2025_v1/images/train/image683.jpg,train,683,34,821b96ea21263be5f3b983f44ec489e0e59f747b93c62d7102e53d58456cd7c6,00d6e2a2a6be9600,1,1,1,False,hardlink,hardlink
group_0053,train,20,/root/autodl-tmp/datasets/derived/construction_ppe3_canonical_v1_20260804_172437/images/all/train__image684.jpg,/root/autodl-tmp/datasets/derived/construction_ppe3_canonical_v1_20260804_172437/labels/all/train__image684.txt,/root/autodl-tmp/datasets/sources/construction-ppe_ultralytics_2025_v1/images/train/image684.jpg,train,684,34,1442645ace262074e87f17ed1b3c12f8672c2800170e048c74cc01051f541ebc,864d6c6395971918,1,1,1,False,hardlink,hardlink
group_0053,train,20,/root/autodl-tmp/datasets/derived/construction_ppe3_canonical_v1_20260804_172437/images/all/train__image685.jpg,/root/autodl-tmp/datasets/derived/construction_ppe3_canonical_v1_20260804_172437/labels/all/train__image685.txt,/root/autodl-tmp/datasets/sources/construction-ppe_ultralytics_2025_v1/images/train/image685.jpg,train,685,34,0ff4968ad5b9c9dddeb61ad392ce7b55281ff09ac6bcfdf07e6611115d77a813,866d6c6395971918,1,1,1,False,hardlink,hardlink
group_0053,train,20,/root/autodl-tmp/datasets/derived/construction_ppe3_canonical_v1_20260804_172437/images/all/train__image687.jpg,/root/autodl-tmp/datasets/derived/construction_ppe3_canonical_v1_20260804_172437/labels/all/train__image687.txt,/root/autodl-tmp/datasets/sources/construction-ppe_ultralytics_2025_v1/images/train/image687.jpg,train,687,34,a2c3e9c017b9786faf1676148cde251b329b2baaed5aa83c1085ce8b5e50b5f8,0298eaccccd4d800,1,1,1,False,hardlink,hardlink
group_0053,train,20,/root/autodl-tmp/datasets/derived/construction_ppe3_canonical_v1_20260804_172437/images/all/train__image688.jpeg,/root/autodl-tmp/datasets/derived/construction_ppe3_canonical_v1_20260804_172437/labels/all/train__image688.txt,/root/autodl-tmp/datasets/sources/construction-ppe_ultralytics_2025_v1/images/train/image688.jpeg,train,688,34,6bfc54a054bdedc188d7e07e5a95d2ec6636ae6ede9e7261b5224a06758fae28,d4ccccccccd4d4c4,1,1,1,False,hardlink,hardlink
group_0053,train,20,/root/autodl-tmp/datasets/derived/construction_ppe3_canonical_v1_20260804_172437/images/all/train__image689.jpg,/root/autodl-tmp/datasets/derived/construction_ppe3_canonical_v1_20260804_172437/labels/all/train__image689.txt,/root/autodl-tmp/datasets/sources/construction-ppe_ultralytics_2025_v1/images/train/image689.jpg,train,689,34,30febf2373263289996291fd51ce1ae0d5bf22117ef0d06c3aa45c2ccb87726e,00eeecbedee6ae00,1,1,1,False,hardlink,hardlink
group_0053,train,20,/root/autodl-tmp/datasets/derived/construction_ppe3_canonical_v1_20260804_172437/images/all/train__image690.jpg,/root/autodl-tmp/datasets/derived/construction_ppe3_canonical_v1_20260804_172437/labels/all/train__image690.txt,/root/autodl-tmp/datasets/sources/construction-ppe_ultralytics_2025_v1/images/train/image690.jpg,train,690,34,aa9226d8351bf475c4a972c98f84b87317963a8e3385a3c4cdf68b0e8752e7aa,83a626254aca4948,1,1,1,False,hardlink,hardlink
group_0053,train,20,/root/autodl-tmp/datasets/derived/construction_ppe3_canonical_v1_20260804_172437/images/all/train__image691.jpeg,/root/autodl-tmp/datasets/derived/construction_ppe3_canonical_v1_20260804_172437/labels/all/train__image691.txt,/root/autodl-tmp/datasets/sources/construction-ppe_ultralytics_2025_v1/images/train/image691.jpeg,train,691,34,b03018839a4be0ac8351edd437f90b7442025210b0efabed2f5f63fa7f16aeeb,001c2c2c24341c00,1,1,1,False,hardlink,hardlink
group_0053,train,20,/root/autodl-tmp/datasets/derived/construction_ppe3_canonical_v1_20260804_172437/images/all/train__image692.jpg,/root/autodl-tmp/datasets/derived/construction_ppe3_canonical_v1_20260804_172437/labels/all/train__image692.txt,/root/autodl-tmp/datasets/sources/construction-ppe_ultralytics_2025_v1/images/train/image692.jpg,train,692,34,ef3a35e96e76850ab755b2b7fac1ccd2430cafd4dae5bae96202db85c2b8fb19,00a68686838bce00,1,1,0,False,hardlink,hardlink
group_0053,train,20,/root/autodl-tmp/datasets/derived/construction_ppe3_canonical_v1_20260804_172437/images/all/train__image693.jpg,/root/autodl-tmp/datasets/derived/construction_ppe3_canonical_v1_20260804_172437/labels/all/train__image693.txt,/root/autodl-tmp/datasets/sources/construction-ppe_ultralytics_2025_v1/images/train/image693.jpg,train,693,34,a8d1d60792ae85d13d54494abf8bf41325068b9ef9783271863d80d63aedb928,866d6c639ddb5958,1,1,1,False,hardlink,hardlink
group_0053,train,20,/root/autodl-tmp/datasets/derived/construction_ppe3_canonical_v1_20260804_172437/images/all/train__image695.jpg,/root/autodl-tmp/datasets/derived/construction_ppe3_canonical_v1_20260804_172437/labels/all/train__image695.txt,/root/autodl-tmp/datasets/sources/construction-ppe_ultralytics_2025_v1/images/train/image695.jpg,train,695,34,faf178a01fe5e03d330662ca0afb355e1951801cfba4657460393af8490816d1,c4c4ccccccccc4c4,1,1,0,False,hardlink,hardlink
group_0053,train,20,/root/autodl-tmp/datasets/derived/construction_ppe3_canonical_v1_20260804_172437/images/all/train__image697.jpeg,/root/autodl-tmp/datasets/derived/construction_ppe3_canonical_v1_20260804_172437/labels/all/train__image697.txt,/root/autodl-tmp/datasets/sources/construction-ppe_ultralytics_2025_v1/images/train/image697.jpeg,train,697,34,ca8429910d3bff311d1e86a16516a4d53550e3e890c8c2f64e99cde1729cb6fe,d0f0e4e4ece4f4dc,1,1,1,False,hardlink,hardlink
group_0053,train,20,/root/autodl-tmp/datasets/derived/construction_ppe3_canonical_v1_20260804_172437/images/all/train__image699.jpg,/root/autodl-tmp/datasets/derived/construction_ppe3_canonical_v1_20260804_172437/labels/all/train__image699.txt,/root/autodl-tmp/datasets/sources/construction-ppe_ultralytics_2025_v1/images/train/image699.jpg,train,699,34,a1b69b6c906c76c0f3ef6f1436cbc0c4eb72c8709493965a2585920d4af7083d,866d6c6395961918,1,1,1,False,hardlink,hardlink
group_0053,train,20,/root/autodl-tmp/datasets/derived/construction_ppe3_canonical_v1_20260804_172437/images/all/val__image680.jpg,/root/autodl-tmp/datasets/derived/construction_ppe3_canonical_v1_20260804_172437/labels/all/val__image680.txt,/root/autodl-tmp/datasets/sources/construction-ppe_ultralytics_2025_v1/images/val/image680.jpg,val,680,34,b24aa39a42350cfd0762bb5d4d4153fab054203517ee82a5a32ebd7ddb3712b6,c0c0c294cccc9cd0,1,1,1,False,hardlink,hardlink
group_0053,train,20,/root/autodl-tmp/datasets/derived/construction_ppe3_canonical_v1_20260804_172437/images/all/val__image686.jpeg,/root/autodl-tmp/datasets/derived/construction_ppe3_canonical_v1_20260804_172437/labels/all/val__image686.txt,/root/autodl-tmp/datasets/sources/construction-ppe_ultralytics_2025_v1/images/val/image686.jpeg,val,686,34,e6f8ec5e8b376c5e27ed05c69ed854d2ebb62d04019c71cb25d8d4188be2b359,00e8c0f0fdf9f100,1,1,0,False,hardlink,hardlink
group_0053,train,20,/root/autodl-tmp/datasets/derived/construction_ppe3_canonical_v1_20260804_172437/images/all/val__image698.jpg,/root/autodl-tmp/datasets/derived/construction_ppe3_canonical_v1_20260804_172437/labels/all/val__image698.txt,/root/autodl-tmp/datasets/sources/construction-ppe_ultralytics_2025_v1/images/val/image698.jpg,val,698,34,b6b5d960751c073c5793aa22b72e8957b365209770d20bb5a9bad9b4dc9645bd,e4d0ccccccdcdcdc,2,2,1,False,hardlink,hardlink
group_0053,train,20,/root/autodl-tmp/datasets/derived/construction_ppe3_canonical_v1_20260804_172437/images/all/test__image694.jpeg,/root/autodl-tmp/datasets/derived/construction_ppe3_canonical_v1_20260804_172437/labels/all/test__image694.txt,/root/autodl-tmp/datasets/sources/construction-ppe_ultralytics_2025_v1/images/test/image694.jpeg,test,694,34,2e3d6ef3d607e57be2b67dc4cae4483cc9b17f346ff6e0b9617c0e85f359f73f,24b86624662e27d3,1,1,1,False,hardlink,hardlink
group_0053,train,20,/root/autodl-tmp/datasets/derived/construction_ppe3_canonical_v1_20260804_172437/images/all/test__image696.jpg,/root/autodl-tmp/datasets/derived/construction_ppe3_canonical_v1_20260804_172437/labels/all/test__image696.txt,/root/autodl-tmp/datasets/sources/construction-ppe_ultralytics_2025_v1/images/test/image696.jpg,test,696,34,9975dcef1740385700230e05915d2b8f4a09a92f6ed7576188ab55f48ae25896,c52979736f676769,2,1,1,False,hardlink,hardlink
group_0054,train,20,/root/autodl-tmp/datasets/derived/construction_ppe3_canonical_v1_20260804_172437/images/all/train__image701.jpg,/root/autodl-tmp/datasets/derived/construction_ppe3_canonical_v1_20260804_172437/labels/all/train__image701.txt,/root/autodl-tmp/datasets/sources/construction-ppe_ultralytics_2025_v1/images/train/image701.jpg,train,701,35,0d9574a857804c4eeef6451159b452d9466f3f2ac4572458f8c47ef3a9b30858,214bcb9318ccc432,4,3,2,False,hardlink,hardlink
group_0054,train,20,/root/autodl-tmp/datasets/derived/construction_ppe3_canonical_v1_20260804_172437/images/all/train__image702.jpg,/root/autodl-tmp/datasets/derived/construction_ppe3_canonical_v1_20260804_172437/labels/all/train__image702.txt,/root/autodl-tmp/datasets/sources/construction-ppe_ultralytics_2025_v1/images/train/image702.jpg,train,702,35,7b37296212f3a148ba924aa3678de02872f264375b249284d352d8969a605af1,866d6c6395971918,1,1,1,False,hardlink,hardlink
group_0054,train,20,/root/autodl-tmp/datasets/derived/construction_ppe3_canonical_v1_20260804_172437/images/all/train__image703.jpeg,/root/autodl-tmp/datasets/derived/construction_ppe3_canonical_v1_20260804_172437/labels/all/train__image703.txt,/root/autodl-tmp/datasets/sources/construction-ppe_ultralytics_2025_v1/images/train/image703.jpeg,train,703,35,90a6d18d0f0feb84e693d834d42c3ed6e4d3fa11a84928d0d7e956328eff95fb,00f8c5c94c15a400,1,1,0,False,hardlink,hardlink
group_0054,train,20,/root/autodl-tmp/datasets/derived/construction_ppe3_canonical_v1_20260804_172437/images/all/train__image704.jpg,/root/autodl-tmp/datasets/derived/construction_ppe3_canonical_v1_20260804_172437/labels/all/train__image704.txt,/root/autodl-tmp/datasets/sources/construction-ppe_ultralytics_2025_v1/images/train/image704.jpg,train,704,35,829e01e72991e3d36e0f6ccfb416808c1e5dc849fd4aa71f539f62f965e00a30,008292b2b8fa8e00,3,5,0,False,hardlink,hardlink
group_0054,train,20,/root/autodl-tmp/datasets/derived/construction_ppe3_canonical_v1_20260804_172437/images/all/train__image706.jpeg,/root/autodl-tmp/datasets/derived/construction_ppe3_canonical_v1_20260804_172437/labels/all/train__image706.txt,/root/autodl-tmp/datasets/sources/construction-ppe_ultralytics_2025_v1/images/train/image706.jpeg,train,706,35,d34b7d47c53f131fb46225e94f4b8359139996a32892d5aeafb1ef5ffa540c53,f0d0d8ccdcdcdcdc,1,1,0,False,hardlink,hardlink
group_0054,train,20,/root/autodl-tmp/datasets/derived/construction_ppe3_canonical_v1_20260804_172437/images/all/train__image707.jpg,/root/autodl-tmp/datasets/derived/construction_ppe3_canonical_v1_20260804_172437/labels/all/train__image707.txt,/root/autodl-tmp/datasets/sources/construction-ppe_ultralytics_2025_v1/images/train/image707.jpg,train,707,35,7819190ea773e267887a4f2a0737573aa9ad12795e62570c7859acf6471370c0,84383494bceae611,3,3,3,False,hardlink,hardlink
group_0054,train,20,/root/autodl-tmp/datasets/derived/construction_ppe3_canonical_v1_20260804_172437/images/all/train__image710.jpeg,/root/autodl-tmp/datasets/derived/construction_ppe3_canonical_v1_20260804_172437/labels/all/train__image710.txt,/root/autodl-tmp/datasets/sources/construction-ppe_ultralytics_2025_v1/images/train/image710.jpeg,train,710,35,3aa4642a967aadf93f62e3490f7cb931cb8244a7dd732f246ea1bf62200de735,d4ccccd0d4d8d8d8,1,1,0,False,hardlink,hardlink
group_0054,train,20,/root/autodl-tmp/datasets/derived/construction_ppe3_canonical_v1_20260804_172437/images/all/train__image711.jpg,/root/autodl-tmp/datasets/derived/construction_ppe3_canonical_v1_20260804_172437/labels/all/train__image711.txt,/root/autodl-tmp/datasets/sources/construction-ppe_ultralytics_2025_v1/images/train/image711.jpg,train,711,35,328d3176c8cb9f86590843a5c7f8552dacbc06ba084e31decad44fa430c5de97,00acbccada96a400,1,2,2,False,hardlink,hardlink
group_0054,train,20,/root/autodl-tmp/datasets/derived/construction_ppe3_canonical_v1_20260804_172437/images/all/train__image712.jpg,/root/autodl-tmp/datasets/derived/construction_ppe3_canonical_v1_20260804_172437/labels/all/train__image712.txt,/root/autodl-tmp/datasets/sources/construction-ppe_ultralytics_2025_v1/images/train/image712.jpg,train,712,35,d77dc2195a33bee5e7c87492df113b8cc3017425804208f4162ea453de50d4b6,866d6c6395971918,1,1,1,False,hardlink,hardlink
group_0054,train,20,/root/autodl-tmp/datasets/derived/construction_ppe3_canonical_v1_20260804_172437/images/all/train__image713.jpg,/root/autodl-tmp/datasets/derived/construction_ppe3_canonical_v1_20260804_172437/labels/all/train__image713.txt,/root/autodl-tmp/datasets/sources/construction-ppe_ultralytics_2025_v1/images/train/image713.jpg,train,713,35,9e81a656e760613bc06c82d5ed0ab37da4405a5174503cb4549f31f5848d27ba,83ae6e255aca4948,1,0,1,False,hardlink,hardlink
group_0054,train,20,/root/autodl-tmp/datasets/derived/construction_ppe3_canonical_v1_20260804_172437/images/all/train__image715.jpg,/root/autodl-tmp/datasets/derived/construction_ppe3_canonical_v1_20260804_172437/labels/all/train__image715.txt,/root/autodl-tmp/datasets/sources/construction-ppe_ultralytics_2025_v1/images/train/image715.jpg,train,715,35,cbf6f3d1ef6898e89ed5d86e67254e8b5f91af9299c0dd545097cd26e1936cf6,00bad6c6c68e8600,2,2,1,False,hardlink,hardlink
group_0054,train,20,/root/autodl-tmp/datasets/derived/construction_ppe3_canonical_v1_20260804_172437/images/all/train__image716.jpg,/root/autodl-tmp/datasets/derived/construction_ppe3_canonical_v1_20260804_172437/labels/all/train__image716.txt,/root/autodl-tmp/datasets/sources/construction-ppe_ultralytics_2025_v1/images/train/image716.jpg,train,716,35,2c90f9782fff5f25d17a37c60cb05e7973bf8ad129aab5dc269e5b7243be21b8,c539797b6f27672d,2,1,1,False,hardlink,hardlink
group_0054,train,20,/root/autodl-tmp/datasets/derived/construction_ppe3_canonical_v1_20260804_172437/images/all/train__image717.jpeg,/root/autodl-tmp/datasets/derived/construction_ppe3_canonical_v1_20260804_172437/labels/all/train__image717.txt,/root/autodl-tmp/datasets/sources/construction-ppe_ultralytics_2025_v1/images/train/image717.jpeg,train,717,35,b0cd24412962be9e77a26379b3c3608fad1665b51c5d7f50c5fd09a2c2f57a33,00cc3a1ce4c9fa00,1,1,1,False,hardlink,hardlink
group_0054,train,20,/root/autodl-tmp/datasets/derived/construction_ppe3_canonical_v1_20260804_172437/images/all/val__image705.jpg,/root/autodl-tmp/datasets/derived/construction_ppe3_canonical_v1_20260804_172437/labels/all/val__image705.txt,/root/autodl-tmp/datasets/sources/construction-ppe_ultralytics_2025_v1/images/val/image705.jpg,val,705,35,0b72cfc1a70c64910a80c302eba558ba1a4a70e8a29e7b1cf0051cad48ce6beb,83ae6e0d4ecb498c,1,0,1,False,hardlink,hardlink
group_0054,train,20,/root/autodl-tmp/datasets/derived/construction_ppe3_canonical_v1_20260804_172437/images/all/val__image709.jpg,/root/autodl-tmp/datasets/derived/construction_ppe3_canonical_v1_20260804_172437/labels/all/val__image709.txt,/root/autodl-tmp/datasets/sources/construction-ppe_ultralytics_2025_v1/images/val/image709.jpg,val,709,35,acd89659a7228b8e5a43485c93e5445e2f863411fe4e924a172a8922020b0914,8625cc4b9dcb4948,1,1,1,False,hardlink,hardlink
group_0054,train,20,/root/autodl-tmp/datasets/derived/construction_ppe3_canonical_v1_20260804_172437/images/all/val__image719.jpg,/root/autodl-tmp/datasets/derived/construction_ppe3_canonical_v1_20260804_172437/labels/all/val__image719.txt,/root/autodl-tmp/datasets/sources/construction-ppe_ultralytics_2025_v1/images/val/image719.jpg,val,719,35,b6b6706eefef6dcefd9b05dc8a08af9e90739175863f4ee747df08cb20be5e7c,83a6263556f667a6,1,0,1,False,hardlink,hardlink
group_0054,train,20,/root/autodl-tmp/datasets/derived/construction_ppe3_canonical_v1_20260804_172437/images/all/test__image700.jpeg,/root/autodl-tmp/datasets/derived/construction_ppe3_canonical_v1_20260804_172437/labels/all/test__image700.txt,/root/autodl-tmp/datasets/sources/construction-ppe_ultralytics_2025_v1/images/test/image700.jpeg,test,700,35,76f9953df2ef273bbf1f3e028fee10356ffd1347ed939c9a115c9ead9ae59624,b05dcece1e199b53,1,1,1,False,hardlink,hardlink
group_0054,train,20,/root/autodl-tmp/datasets/derived/construction_ppe3_canonical_v1_20260804_172437/images/all/test__image708.jpg,/root/autodl-tmp/datasets/derived/construction_ppe3_canonical_v1_20260804_172437/labels/all/test__image708.txt,/root/autodl-tmp/datasets/sources/construction-ppe_ultralytics_2025_v1/images/test/image708.jpg,test,708,35,169e2eca47acc9fcfa05815d738a1ccd3e0317dd346897c98c933216df68236a,838e2e295ada4948,1,0,1,False,hardlink,hardlink
group_0054,train,20,/root/autodl-tmp/datasets/derived/construction_ppe3_canonical_v1_20260804_172437/images/all/test__image714.jpeg,/root/autodl-tmp/datasets/derived/construction_ppe3_canonical_v1_20260804_172437/labels/all/test__image714.txt,/root/autodl-tmp/datasets/sources/construction-ppe_ultralytics_2025_v1/images/test/image714.jpeg,test,714,35,0abe1730be3da9a15120631ee41a8c3ed7fe66584af691df4d0c30080cc96932,00b4ee4eb6a01800,0,0,1,False,hardlink,hardlink
group_0054,train,20,/root/autodl-tmp/datasets/derived/construction_ppe3_canonical_v1_20260804_172437/images/all/test__image718.jpg,/root/autodl-tmp/datasets/derived/construction_ppe3_canonical_v1_20260804_172437/labels/all/test__image718.txt,/root/autodl-tmp/datasets/sources/construction-ppe_ultralytics_2025_v1/images/test/image718.jpg,test,718,35,96d8172e6ca17af35cbbdca134ab4376beee74c5479ddaa0d46e31221d94a3f7,00a89699d1c28800,1,1,1,False,hardlink,hardlink
group_0055,train,20,/root/autodl-tmp/datasets/derived/construction_ppe3_canonical_v1_20260804_172437/images/all/train__image720.jpeg,/root/autodl-tmp/datasets/derived/construction_ppe3_canonical_v1_20260804_172437/labels/all/train__image720.txt,/root/autodl-tmp/datasets/sources/construction-ppe_ultralytics_2025_v1/images/train/image720.jpeg,train,720,36,918334ff19781af586dcd3906f3a0bb3ff4fe3b623e4f26a7fb4c8587f841bf1,003c96833126a600,0,0,0,True,hardlink,hardlink
group_0055,train,20,/root/autodl-tmp/datasets/derived/construction_ppe3_canonical_v1_20260804_172437/images/all/train__image721.jpg,/root/autodl-tmp/datasets/derived/construction_ppe3_canonical_v1_20260804_172437/labels/all/train__image721.txt,/root/autodl-tmp/datasets/sources/construction-ppe_ultralytics_2025_v1/images/train/image721.jpg,train,721,36,93a340ae7075fc746a98298496b8567982b2435aa96eb2f3d6afe081d92abf84,00dcdc94c2a0b000,4,5,3,False,hardlink,hardlink
group_0055,train,20,/root/autodl-tmp/datasets/derived/construction_ppe3_canonical_v1_20260804_172437/images/all/train__image723.jpg,/root/autodl-tmp/datasets/derived/construction_ppe3_canonical_v1_20260804_172437/labels/all/train__image723.txt,/root/autodl-tmp/datasets/sources/construction-ppe_ultralytics_2025_v1/images/train/image723.jpg,train,723,36,b3115b57f14d973066e6cde1db581c2b0a7daf7a6e0ab7e469e12fdae6ead4b7,dcc8dcdcdcdcd0dc,1,1,0,False,hardlink,hardlink
group_0055,train,20,/root/autodl-tmp/datasets/derived/construction_ppe3_canonical_v1_20260804_172437/images/all/train__image724.jpg,/root/autodl-tmp/datasets/derived/construction_ppe3_canonical_v1_20260804_172437/labels/all/train__image724.txt,/root/autodl-tmp/datasets/sources/construction-ppe_ultralytics_2025_v1/images/train/image724.jpg,train,724,36,a59cbd856c0ece585d06865286d4cf625e9b596101c02d0f595904d525303968,864d6c6395979198,1,1,1,False,hardlink,hardlink
group_0055,train,20,/root/autodl-tmp/datasets/derived/construction_ppe3_canonical_v1_20260804_172437/images/all/train__image725.jpg,/root/autodl-tmp/datasets/derived/construction_ppe3_canonical_v1_20260804_172437/labels/all/train__image725.txt,/root/autodl-tmp/datasets/sources/construction-ppe_ultralytics_2025_v1/images/train/image725.jpg,train,725,36,7ca7445d6fb3f21e8f8834686c54244d07eaa25e8beb90549da8d26a5ef0c17e,864d6c6b95979198,1,1,1,False,hardlink,hardlink
group_0055,train,20,/root/autodl-tmp/datasets/derived/construction_ppe3_canonical_v1_20260804_172437/images/all/train__image726.jpeg,/root/autodl-tmp/datasets/derived/construction_ppe3_canonical_v1_20260804_172437/labels/all/train__image726.txt,/root/autodl-tmp/datasets/sources/construction-ppe_ultralytics_2025_v1/images/train/image726.jpeg,train,726,36,708cf9fc1c07b5d9e0e2cdfaaa3cc2df113476e508de67e5b78dfa56cb1f58c3,dcccccc4d0dcc0d0,3,3,3,False,hardlink,hardlink
group_0055,train,20,/root/autodl-tmp/datasets/derived/construction_ppe3_canonical_v1_20260804_172437/images/all/train__image727.jpg,/root/autodl-tmp/datasets/derived/construction_ppe3_canonical_v1_20260804_172437/labels/all/train__image727.txt,/root/autodl-tmp/datasets/sources/construction-ppe_ultralytics_2025_v1/images/train/image727.jpg,train,727,36,d827ea7b091ec4d06e54c99a8e4d6825a66a1030dd9fa6c7df9d38d42b3b00f6,00e09038b0b4a000,2,2,1,False,hardlink,hardlink
group_0055,train,20,/root/autodl-tmp/datasets/derived/construction_ppe3_canonical_v1_20260804_172437/images/all/train__image728.jpeg,/root/autodl-tmp/datasets/derived/construction_ppe3_canonical_v1_20260804_172437/labels/all/train__image728.txt,/root/autodl-tmp/datasets/sources/construction-ppe_ultralytics_2025_v1/images/train/image728.jpeg,train,728,36,26ce7373707681b16d494c9bffd7c798b12d98718e530308628eb4111370dd41,001c60ee74e6e700,1,1,0,False,hardlink,hardlink
group_0055,train,20,/root/autodl-tmp/datasets/derived/construction_ppe3_canonical_v1_20260804_172437/images/all/train__image729.jpg,/root/autodl-tmp/datasets/derived/construction_ppe3_canonical_v1_20260804_172437/labels/all/train__image729.txt,/root/autodl-tmp/datasets/sources/construction-ppe_ultralytics_2025_v1/images/train/image729.jpg,train,729,36,b8f40fa38c247b413993a54fb799e410c294fdfddc202368b3526f78a76a7cd6,00f2d699b8828a00,4,3,1,False,hardlink,hardlink
group_0055,train,20,/root/autodl-tmp/datasets/derived/construction_ppe3_canonical_v1_20260804_172437/images/all/train__image730.jpg,/root/autodl-tmp/datasets/derived/construction_ppe3_canonical_v1_20260804_172437/labels/all/train__image730.txt,/root/autodl-tmp/datasets/sources/construction-ppe_ultralytics_2025_v1/images/train/image730.jpg,train,730,36,90efb030aecdd7e0b8a0b142deb54dd98f8831da09c2d5d4150ce81d471e3d94,866d6c6395971918,1,1,1,False,hardlink,hardlink
group_0055,train,20,/root/autodl-tmp/datasets/derived/construction_ppe3_canonical_v1_20260804_172437/images/all/train__image731.jpg,/root/autodl-tmp/datasets/derived/construction_ppe3_canonical_v1_20260804_172437/labels/all/train__image731.txt,/root/autodl-tmp/datasets/sources/construction-ppe_ultralytics_2025_v1/images/train/image731.jpg,train,731,36,c6222c26b5f0640526d47812e5765715b4b7dabc1babf7f63c1a9bced4347263,864d6c1bcdcb4948,1,0,1,False,hardlink,hardlink
group_0055,train,20,/root/autodl-tmp/datasets/derived/construction_ppe3_canonical_v1_20260804_172437/images/all/train__image732.jpg,/root/autodl-tmp/datasets/derived/construction_ppe3_canonical_v1_20260804_172437/labels/all/train__image732.txt,/root/autodl-tmp/datasets/sources/construction-ppe_ultralytics_2025_v1/images/train/image732.jpg,train,732,36,19327e3a32a2d2f2ca6ce14989b00b4f682e7c369ba8f4f6ca2ec62894f2cbd0,83a62e2dceee2dac,1,0,1,False,hardlink,hardlink
group_0055,train,20,/root/autodl-tmp/datasets/derived/construction_ppe3_canonical_v1_20260804_172437/images/all/train__image733.jpg,/root/autodl-tmp/datasets/derived/construction_ppe3_canonical_v1_20260804_172437/labels/all/train__image733.txt,/root/autodl-tmp/datasets/sources/construction-ppe_ultralytics_2025_v1/images/train/image733.jpg,train,733,36,bfc90defee68750835fd32efb59ef867b9f15f3714addf73e25218b50809c21d,864d6c6b96d716a7,1,1,1,False,hardlink,hardlink
group_0055,train,20,/root/autodl-tmp/datasets/derived/construction_ppe3_canonical_v1_20260804_172437/images/all/train__image734.jpeg,/root/autodl-tmp/datasets/derived/construction_ppe3_canonical_v1_20260804_172437/labels/all/train__image734.txt,/root/autodl-tmp/datasets/sources/construction-ppe_ultralytics_2025_v1/images/train/image734.jpeg,train,734,36,9442ac07ed150f050aa0f23608ac6587a060b7ffbedadfdca15807fdd5e8f8cf,00622c4c369c3400,0,0,1,False,hardlink,hardlink
group_0055,train,20,/root/autodl-tmp/datasets/derived/construction_ppe3_canonical_v1_20260804_172437/images/all/train__image735.jpg,/root/autodl-tmp/datasets/derived/construction_ppe3_canonical_v1_20260804_172437/labels/all/train__image735.txt,/root/autodl-tmp/datasets/sources/construction-ppe_ultralytics_2025_v1/images/train/image735.jpg,train,735,36,7337d4ddcb34e726224f650791f2131d7e4dfcb2196cd51127bed7e6db0aa543,c8c0d4ccccc4ccc4,1,1,1,False,hardlink,hardlink
group_0055,train,20,/root/autodl-tmp/datasets/derived/construction_ppe3_canonical_v1_20260804_172437/images/all/train__image736.jpg,/root/autodl-tmp/datasets/derived/construction_ppe3_canonical_v1_20260804_172437/labels/all/train__image736.txt,/root/autodl-tmp/datasets/sources/construction-ppe_ultralytics_2025_v1/images/train/image736.jpg,train,736,36,c66ca23a2f59ba6fb71a1368c9e463db23ed44f908ab00ed85133d708d4e6ea4,864c6c6591f109b1,1,1,1,False,hardlink,hardlink
group_0055,train,20,/root/autodl-tmp/datasets/derived/construction_ppe3_canonical_v1_20260804_172437/images/all/train__image737.jpg,/root/autodl-tmp/datasets/derived/construction_ppe3_canonical_v1_20260804_172437/labels/all/train__image737.txt,/root/autodl-tmp/datasets/sources/construction-ppe_ultralytics_2025_v1/images/train/image737.jpg,train,737,36,b860738bd29ae0ab76b424545b68f0973dad4c774aff708c0f188682ae2f85ac,82ad2c35d9d10188,1,0,1,False,hardlink,hardlink
group_0055,train,20,/root/autodl-tmp/datasets/derived/construction_ppe3_canonical_v1_20260804_172437/images/all/train__image738.jpg,/root/autodl-tmp/datasets/derived/construction_ppe3_canonical_v1_20260804_172437/labels/all/train__image738.txt,/root/autodl-tmp/datasets/sources/construction-ppe_ultralytics_2025_v1/images/train/image738.jpg,train,738,36,81429a165c98452892860858c9a0b1a004fdbd1351540791ccd2900ebf3d3244,83a62e31dad20090,1,0,1,False,hardlink,hardlink
group_0055,train,20,/root/autodl-tmp/datasets/derived/construction_ppe3_canonical_v1_20260804_172437/images/all/test__image722.jpeg,/root/autodl-tmp/datasets/derived/construction_ppe3_canonical_v1_20260804_172437/labels/all/test__image722.txt,/root/autodl-tmp/datasets/sources/construction-ppe_ultralytics_2025_v1/images/test/image722.jpeg,test,722,36,501bebc45d38235c54241c27eea03874b6d7373084f430643348848f7a0da1db,00f1e1b0e0603f00,1,1,0,False,hardlink,hardlink
group_0055,train,20,/root/autodl-tmp/datasets/derived/construction_ppe3_canonical_v1_20260804_172437/images/all/test__image739.jpeg,/root/autodl-tmp/datasets/derived/construction_ppe3_canonical_v1_20260804_172437/labels/all/test__image739.txt,/root/autodl-tmp/datasets/sources/construction-ppe_ultralytics_2025_v1/images/test/image739.jpeg,test,739,36,6d0c6623d2dc44dbf6373dc244088e8bdeac25728483215cf99c7f729820dcd3,ccdcdcdcdcc4d4d4,1,1,1,False,hardlink,hardlink
group_0056,train,20,/root/autodl-tmp/datasets/derived/construction_ppe3_canonical_v1_20260804_172437/images/all/train__image740.jpg,/root/autodl-tmp/datasets/derived/construction_ppe3_canonical_v1_20260804_172437/labels/all/train__image740.txt,/root/autodl-tmp/datasets/sources/construction-ppe_ultralytics_2025_v1/images/train/image740.jpg,train,740,37,b18d3ef6bbeba9c6b724f0d1cb4341c7e82e06cd9d4f3efa270d1f35b4332c24,f0dcccccd0c0c0d0,1,1,1,False,hardlink,hardlink
group_0056,train,20,/root/autodl-tmp/datasets/derived/construction_ppe3_canonical_v1_20260804_172437/images/all/train__image741.jpg,/root/autodl-tmp/datasets/derived/construction_ppe3_canonical_v1_20260804_172437/labels/all/train__image741.txt,/root/autodl-tmp/datasets/sources/construction-ppe_ultralytics_2025_v1/images/train/image741.jpg,train,741,37,14a99fe5f517264dd3adcd1061811b9a5fe6735bc99adc992231194aeeebe769,864d6c6595f50181,1,0,1,False,hardlink,hardlink
group_0056,train,20,/root/autodl-tmp/datasets/derived/construction_ppe3_canonical_v1_20260804_172437/images/all/train__image743.jpg,/root/autodl-tmp/datasets/derived/construction_ppe3_canonical_v1_20260804_172437/labels/all/train__image743.txt,/root/autodl-tmp/datasets/sources/construction-ppe_ultralytics_2025_v1/images/train/image743.jpg,train,743,37,40361c95d964bec4ba4389c930d3d7c54197a373b9506b386c9ef1fa226aba06,00ace8d988ba9a00,1,1,1,False,hardlink,hardlink
group_0056,train,20,/root/autodl-tmp/datasets/derived/construction_ppe3_canonical_v1_20260804_172437/images/all/train__image744.jpg,/root/autodl-tmp/datasets/derived/construction_ppe3_canonical_v1_20260804_172437/labels/all/train__image744.txt,/root/autodl-tmp/datasets/sources/construction-ppe_ultralytics_2025_v1/images/train/image744.jpg,train,744,37,5fc7fe9ef111225e98c38f6897bc52af48396204bb7994ef8e286dd7e56a1fb8,864c6c6294f600a0,1,0,1,False,hardlink,hardlink
group_0056,train,20,/root/autodl-tmp/datasets/derived/construction_ppe3_canonical_v1_20260804_172437/images/all/train__image745.jpg,/root/autodl-tmp/datasets/derived/construction_ppe3_canonical_v1_20260804_172437/labels/all/train__image745.txt,/root/autodl-tmp/datasets/sources/construction-ppe_ultralytics_2025_v1/images/train/image745.jpg,train,745,37,2ab4973c78b301cde0ea2bff2c08b8f52e36e21d292cb072a0c00384f17f70d8,864d6a6d93f30321,1,0,0,False,hardlink,hardlink
group_0056,train,20,/root/autodl-tmp/datasets/derived/construction_ppe3_canonical_v1_20260804_172437/images/all/train__image746.jpg,/root/autodl-tmp/datasets/derived/construction_ppe3_canonical_v1_20260804_172437/labels/all/train__image746.txt,/root/autodl-tmp/datasets/sources/construction-ppe_ultralytics_2025_v1/images/train/image746.jpg,train,746,37,ad4c2ce3d9aea91bfda67927f33ae6f7e0343e3da154bccc44b3163ed66da65e,169bcee7cb6b7246,1,1,1,False,hardlink,hardlink
group_0056,train,20,/root/autodl-tmp/datasets/derived/construction_ppe3_canonical_v1_20260804_172437/images/all/train__image747.jpg,/root/autodl-tmp/datasets/derived/construction_ppe3_canonical_v1_20260804_172437/labels/all/train__image747.txt,/root/autodl-tmp/datasets/sources/construction-ppe_ultralytics_2025_v1/images/train/image747.jpg,train,747,37,e483426845d9b39dd3d7d00092cddf088506547e9210ac560845cccf7f470800,184c96969d4c4c04,1,1,1,False,hardlink,hardlink
group_0056,train,20,/root/autodl-tmp/datasets/derived/construction_ppe3_canonical_v1_20260804_172437/images/all/train__image748.jpeg,/root/autodl-tmp/datasets/derived/construction_ppe3_canonical_v1_20260804_172437/labels/all/train__image748.txt,/root/autodl-tmp/datasets/sources/construction-ppe_ultralytics_2025_v1/images/train/image748.jpeg,train,748,37,3dd4ea2fcc83a182cfabcfa381cfd6191fb5b8ca30b577a1fddcb07964aab2f7,ccccd0ccccccc4d0,1,1,0,False,hardlink,hardlink
group_0056,train,20,/root/autodl-tmp/datasets/derived/construction_ppe3_canonical_v1_20260804_172437/images/all/train__image750.jpg,/root/autodl-tmp/datasets/derived/construction_ppe3_canonical_v1_20260804_172437/labels/all/train__image750.txt,/root/autodl-tmp/datasets/sources/construction-ppe_ultralytics_2025_v1/images/train/image750.jpg,train,750,37,4d8a177b5c8b718a3b946919a684264699c75db425731341fc7a82dbfd128ecb,a6c62e6afa8f6949,1,1,1,False,hardlink,hardlink
group_0056,train,20,/root/autodl-tmp/datasets/derived/construction_ppe3_canonical_v1_20260804_172437/images/all/train__image751.jpg,/root/autodl-tmp/datasets/derived/construction_ppe3_canonical_v1_20260804_172437/labels/all/train__image751.txt,/root/autodl-tmp/datasets/sources/construction-ppe_ultralytics_2025_v1/images/train/image751.jpg,train,751,37,da195c795425a9993c53b7597fc14429169e71d442a7411e3172ed9f7d4995da,0405111311110110,1,1,0,False,hardlink,hardlink
group_0056,train,20,/root/autodl-tmp/datasets/derived/construction_ppe3_canonical_v1_20260804_172437/images/all/train__image752.jpg,/root/autodl-tmp/datasets/derived/construction_ppe3_canonical_v1_20260804_172437/labels/all/train__image752.txt,/root/autodl-tmp/datasets/sources/construction-ppe_ultralytics_2025_v1/images/train/image752.jpg,train,752,37,db885fc767098cf9566304e7c5730ca1e49062b7ba96a8a7a67a0a511aea3332,9b8286868723c3c6,2,1,1,False,hardlink,hardlink
group_0056,train,20,/root/autodl-tmp/datasets/derived/construction_ppe3_canonical_v1_20260804_172437/images/all/train__image753.jpg,/root/autodl-tmp/datasets/derived/construction_ppe3_canonical_v1_20260804_172437/labels/all/train__image753.txt,/root/autodl-tmp/datasets/sources/construction-ppe_ultralytics_2025_v1/images/train/image753.jpg,train,753,37,32302ca7761f8c04e48b67a448d833330fccf0b2355366c6c6dd3a69c3da740c,32b269e9870d6703,1,1,0,False,hardlink,hardlink
group_0056,train,20,/root/autodl-tmp/datasets/derived/construction_ppe3_canonical_v1_20260804_172437/images/all/train__image754.jpg,/root/autodl-tmp/datasets/derived/construction_ppe3_canonical_v1_20260804_172437/labels/all/train__image754.txt,/root/autodl-tmp/datasets/sources/construction-ppe_ultralytics_2025_v1/images/train/image754.jpg,train,754,37,00fb5d176d7ce4fb39172315b1ee82dbd94e09198700bd6cf2aa8b253bf33be2,989892929aad9993,1,1,1,False,hardlink,hardlink
group_0056,train,20,/root/autodl-tmp/datasets/derived/construction_ppe3_canonical_v1_20260804_172437/images/all/train__image755.jpg,/root/autodl-tmp/datasets/derived/construction_ppe3_canonical_v1_20260804_172437/labels/all/train__image755.txt,/root/autodl-tmp/datasets/sources/construction-ppe_ultralytics_2025_v1/images/train/image755.jpg,train,755,37,e3999ae92cf0760ce83602e9bf55487a1b72a7164e7738dcbbbc4759ec7c1152,8c8c9061639a9a86,1,1,1,False,hardlink,hardlink
group_0056,train,20,/root/autodl-tmp/datasets/derived/construction_ppe3_canonical_v1_20260804_172437/images/all/train__image756.jpeg,/root/autodl-tmp/datasets/derived/construction_ppe3_canonical_v1_20260804_172437/labels/all/train__image756.txt,/root/autodl-tmp/datasets/sources/construction-ppe_ultralytics_2025_v1/images/train/image756.jpeg,train,756,37,879592c99fd06d3e5e78fc1de7782ba79c9ba87ca342d07098374fd3e614a983,f4f4ecececfcf4d4,1,2,0,False,hardlink,hardlink
group_0056,train,20,/root/autodl-tmp/datasets/derived/construction_ppe3_canonical_v1_20260804_172437/images/all/train__image757.jpg,/root/autodl-tmp/datasets/derived/construction_ppe3_canonical_v1_20260804_172437/labels/all/train__image757.txt,/root/autodl-tmp/datasets/sources/construction-ppe_ultralytics_2025_v1/images/train/image757.jpg,train,757,37,00af9a1a7fa45675cbb602835f0e75ebb179dfbaca1c159af8d4a4171ff53596,d4c4ccccccccc8c0,1,2,1,False,hardlink,hardlink
group_0056,train,20,/root/autodl-tmp/datasets/derived/construction_ppe3_canonical_v1_20260804_172437/images/all/val__image742.jpeg,/root/autodl-tmp/datasets/derived/construction_ppe3_canonical_v1_20260804_172437/labels/all/val__image742.txt,/root/autodl-tmp/datasets/sources/construction-ppe_ultralytics_2025_v1/images/val/image742.jpeg,val,742,37,4f2e0401cdeae3c697ae0b5fec77282ea0d5fbabf4862cc577b516117416411d,d4f0ccd4d4d4c0cc,1,1,1,False,hardlink,hardlink
group_0056,train,20,/root/autodl-tmp/datasets/derived/construction_ppe3_canonical_v1_20260804_172437/images/all/val__image749.jpg,/root/autodl-tmp/datasets/derived/construction_ppe3_canonical_v1_20260804_172437/labels/all/val__image749.txt,/root/autodl-tmp/datasets/sources/construction-ppe_ultralytics_2025_v1/images/val/image749.jpg,val,749,37,ac5dafafcf18a42e44cb11740beb6897b8d9b1ba588916838debb9b54d976cb7,dcdcc0d8d8f8f4d4,2,2,1,False,hardlink,hardlink
group_0056,train,20,/root/autodl-tmp/datasets/derived/construction_ppe3_canonical_v1_20260804_172437/images/all/val__image759.jpg,/root/autodl-tmp/datasets/derived/construction_ppe3_canonical_v1_20260804_172437/labels/all/val__image759.txt,/root/autodl-tmp/datasets/sources/construction-ppe_ultralytics_2025_v1/images/val/image759.jpg,val,759,37,84a33600169562a763fe9e04ed1c4b030244007b3c9c7ec6aa651a0e094651fa,30808061639a9a9a,1,1,1,False,hardlink,hardlink
group_0056,train,20,/root/autodl-tmp/datasets/derived/construction_ppe3_canonical_v1_20260804_172437/images/all/test__image758.jpg,/root/autodl-tmp/datasets/derived/construction_ppe3_canonical_v1_20260804_172437/labels/all/test__image758.txt,/root/autodl-tmp/datasets/sources/construction-ppe_ultralytics_2025_v1/images/test/image758.jpg,test,758,37,eab66da6fff3e8a48979c8c827a8408ef354d4309bcdba41b5fa8387b7fdab38,2d4d2b39d9cf0e67,1,1,1,False,hardlink,hardlink
group_0057,train,20,/root/autodl-tmp/datasets/derived/construction_ppe3_canonical_v1_20260804_172437/images/all/train__image760.jpg,/root/autodl-tmp/datasets/derived/construction_ppe3_canonical_v1_20260804_172437/labels/all/train__image760.txt,/root/autodl-tmp/datasets/sources/construction-ppe_ultralytics_2025_v1/images/train/image760.jpg,train,760,38,53d382edfaed04d0702fbf84421fbf2eea02ce7f19497b66142b8ee6a03286b7,ec4c28b24a4dcd25,1,1,1,False,hardlink,hardlink
group_0057,train,20,/root/autodl-tmp/datasets/derived/construction_ppe3_canonical_v1_20260804_172437/images/all/train__image761.jpg,/root/autodl-tmp/datasets/derived/construction_ppe3_canonical_v1_20260804_172437/labels/all/train__image761.txt,/root/autodl-tmp/datasets/sources/construction-ppe_ultralytics_2025_v1/images/train/image761.jpg,train,761,38,91d15b0ac63acc0335b3e123b282fe4852765b8f02b471289a2a5a77d6905d2d,0d4c3871f30fcf86,1,1,1,False,hardlink,hardlink
group_0057,train,20,/root/autodl-tmp/datasets/derived/construction_ppe3_canonical_v1_20260804_172437/images/all/train__image764.jpg,/root/autodl-tmp/datasets/derived/construction_ppe3_canonical_v1_20260804_172437/labels/all/train__image764.txt,/root/autodl-tmp/datasets/sources/construction-ppe_ultralytics_2025_v1/images/train/image764.jpg,train,764,38,1bcd5b778906861ce659598348ac035d767aa04610bac1fb8e4ec0090f945a02,278a8323009c94d4,1,1,1,False,hardlink,hardlink
group_0057,train,20,/root/autodl-tmp/datasets/derived/construction_ppe3_canonical_v1_20260804_172437/images/all/train__image765.jpg,/root/autodl-tmp/datasets/derived/construction_ppe3_canonical_v1_20260804_172437/labels/all/train__image765.txt,/root/autodl-tmp/datasets/sources/construction-ppe_ultralytics_2025_v1/images/train/image765.jpg,train,765,38,45d1f0f1783ec491710c170ce93e2c6c7c1af21a980395e6dc1b958da491a383,f36a0a3a12a7a786,1,1,1,False,hardlink,hardlink
group_0057,train,20,/root/autodl-tmp/datasets/derived/construction_ppe3_canonical_v1_20260804_172437/images/all/train__image766.jpeg,/root/autodl-tmp/datasets/derived/construction_ppe3_canonical_v1_20260804_172437/labels/all/train__image766.txt,/root/autodl-tmp/datasets/sources/construction-ppe_ultralytics_2025_v1/images/train/image766.jpeg,train,766,38,0f0bac3baa093b261158980bdf5e09819f6a0a04c461ed3639e41f1c826422cb,c4e4ccccdcd4cccc,1,1,0,False,hardlink,hardlink
group_0057,train,20,/root/autodl-tmp/datasets/derived/construction_ppe3_canonical_v1_20260804_172437/images/all/train__image768.jpg,/root/autodl-tmp/datasets/derived/construction_ppe3_canonical_v1_20260804_172437/labels/all/train__image768.txt,/root/autodl-tmp/datasets/sources/construction-ppe_ultralytics_2025_v1/images/train/image768.jpg,train,768,38,2257ae1b085ac2d6c7706c5bc86afe07190598ac3b8ed32d27d72d5d5bcc6d62,1a24041909062684,1,1,1,False,hardlink,hardlink
group_0057,train,20,/root/autodl-tmp/datasets/derived/construction_ppe3_canonical_v1_20260804_172437/images/all/train__image769.jpg,/root/autodl-tmp/datasets/derived/construction_ppe3_canonical_v1_20260804_172437/labels/all/train__image769.txt,/root/autodl-tmp/datasets/sources/construction-ppe_ultralytics_2025_v1/images/train/image769.jpg,train,769,38,5f528ff756952ce0e2b59e61ac08e3b9bf8ae9bcf455c28a796cc07a1b0daea6,90d491b3d4d4d0d4,1,1,1,False,hardlink,hardlink
group_0057,train,20,/root/autodl-tmp/datasets/derived/construction_ppe3_canonical_v1_20260804_172437/images/all/train__image770.jpg,/root/autodl-tmp/datasets/derived/construction_ppe3_canonical_v1_20260804_172437/labels/all/train__image770.txt,/root/autodl-tmp/datasets/sources/construction-ppe_ultralytics_2025_v1/images/train/image770.jpg,train,770,38,7bb459c15eb79a0fffff5d8f78b2da801c857aad6b07de1a983bc7f628ddd190,7c2c2d31b8cd0d0f,1,1,1,False,hardlink,hardlink
group_0057,train,20,/root/autodl-tmp/datasets/derived/construction_ppe3_canonical_v1_20260804_172437/images/all/train__image773.jpg,/root/autodl-tmp/datasets/derived/construction_ppe3_canonical_v1_20260804_172437/labels/all/train__image773.txt,/root/autodl-tmp/datasets/sources/construction-ppe_ultralytics_2025_v1/images/train/image773.jpg,train,773,38,2b898c8c978f023c27d2a62b5fe1223c846d37e8e8c39a590c348786eda21a43,130c2d310e2d4d0f,1,2,2,False,hardlink,hardlink
group_0057,train,20,/root/autodl-tmp/datasets/derived/construction_ppe3_canonical_v1_20260804_172437/images/all/train__image774.jpeg,/root/autodl-tmp/datasets/derived/construction_ppe3_canonical_v1_20260804_172437/labels/all/train__image774.txt,/root/autodl-tmp/datasets/sources/construction-ppe_ultralytics_2025_v1/images/train/image774.jpeg,train,774,38,9d4e10c58c364ec683e091fe6db005780c075f73b26e2fdd4313d700f3f4574c,00d88c9a930c8800,3,6,6,False,hardlink,hardlink
group_0057,train,20,/root/autodl-tmp/datasets/derived/construction_ppe3_canonical_v1_20260804_172437/images/all/train__image775.jpg,/root/autodl-tmp/datasets/derived/construction_ppe3_canonical_v1_20260804_172437/labels/all/train__image775.txt,/root/autodl-tmp/datasets/sources/construction-ppe_ultralytics_2025_v1/images/train/image775.jpg,train,775,38,cf39dfa4afc05fd1c49d2ae6448a2891349aeb3042be240613e2957171aa1905,b2b2b89ce4d4dedc,1,2,2,False,hardlink,hardlink
group_0057,train,20,/root/autodl-tmp/datasets/derived/construction_ppe3_canonical_v1_20260804_172437/images/all/train__image776.jpg,/root/autodl-tmp/datasets/derived/construction_ppe3_canonical_v1_20260804_172437/labels/all/train__image776.txt,/root/autodl-tmp/datasets/sources/construction-ppe_ultralytics_2025_v1/images/train/image776.jpg,train,776,38,6004d000af584c791bf74770143249a28bbeaccd5ed62dd37f6e4e59c01e34d5,c696d6a393d0d1d2,1,2,2,False,hardlink,hardlink
group_0057,train,20,/root/autodl-tmp/datasets/derived/construction_ppe3_canonical_v1_20260804_172437/images/all/train__image777.jpg,/root/autodl-tmp/datasets/derived/construction_ppe3_canonical_v1_20260804_172437/labels/all/train__image777.txt,/root/autodl-tmp/datasets/sources/construction-ppe_ultralytics_2025_v1/images/train/image777.jpg,train,777,38,ab7195932fedaa4d06e3d7216184cc67f41025c411787d9b52d21009b789265f,cad81193c3ccceca,1,2,2,False,hardlink,hardlink
group_0057,train,20,/root/autodl-tmp/datasets/derived/construction_ppe3_canonical_v1_20260804_172437/images/all/train__image778.jpg,/root/autodl-tmp/datasets/derived/construction_ppe3_canonical_v1_20260804_172437/labels/all/train__image778.txt,/root/autodl-tmp/datasets/sources/construction-ppe_ultralytics_2025_v1/images/train/image778.jpg,train,778,38,75dae7c7605035210118c2b1ad9a59fef9a8cafb3d6b0f50890bc2a6493d7c8e,1c0f2f57bba5e57b,1,2,2,False,hardlink,hardlink
group_0057,train,20,/root/autodl-tmp/datasets/derived/construction_ppe3_canonical_v1_20260804_172437/images/all/val__image762.jpg,/root/autodl-tmp/datasets/derived/construction_ppe3_canonical_v1_20260804_172437/labels/all/val__image762.txt,/root/autodl-tmp/datasets/sources/construction-ppe_ultralytics_2025_v1/images/val/image762.jpg,val,762,38,66d4c6ac0b7abeb1626af0f1aee5959c9bc502ba1ac91a91873a1771f31316c5,438b1bd999078547,1,1,1,False,hardlink,hardlink
group_0057,train,20,/root/autodl-tmp/datasets/derived/construction_ppe3_canonical_v1_20260804_172437/images/all/val__image763.jpg,/root/autodl-tmp/datasets/derived/construction_ppe3_canonical_v1_20260804_172437/labels/all/val__image763.txt,/root/autodl-tmp/datasets/sources/construction-ppe_ultralytics_2025_v1/images/val/image763.jpg,val,763,38,af8a767fb0a3b429f3e534f27239f6189745ddb7a9d477d6a739a4daaeaa9d5f,4c4e63732e26c4cc,1,1,1,False,hardlink,hardlink
group_0057,train,20,/root/autodl-tmp/datasets/derived/construction_ppe3_canonical_v1_20260804_172437/images/all/val__image767.jpg,/root/autodl-tmp/datasets/derived/construction_ppe3_canonical_v1_20260804_172437/labels/all/val__image767.txt,/root/autodl-tmp/datasets/sources/construction-ppe_ultralytics_2025_v1/images/val/image767.jpg,val,767,38,09f764882f4fd752c63c760296a00346e28e0c83e7aac742deede0e70c0ab8fd,629294962ecb9e3e,1,1,1,False,hardlink,hardlink
group_0057,train,20,/root/autodl-tmp/datasets/derived/construction_ppe3_canonical_v1_20260804_172437/images/all/val__image771.jpg,/root/autodl-tmp/datasets/derived/construction_ppe3_canonical_v1_20260804_172437/labels/all/val__image771.txt,/root/autodl-tmp/datasets/sources/construction-ppe_ultralytics_2025_v1/images/val/image771.jpg,val,771,38,cd67373f96e51b6bda28c5001079555760514fb452e52a1e5f2bc541b66972b9,8d8c82b392cc0c2c,1,2,2,False,hardlink,hardlink
group_0057,train,20,/root/autodl-tmp/datasets/derived/construction_ppe3_canonical_v1_20260804_172437/images/all/test__image772.jpg,/root/autodl-tmp/datasets/derived/construction_ppe3_canonical_v1_20260804_172437/labels/all/test__image772.txt,/root/autodl-tmp/datasets/sources/construction-ppe_ultralytics_2025_v1/images/test/image772.jpg,test,772,38,7a47f39152c664d2c76746494a291b853f6a20ef33ec73b12eb7f394a0bd92dc,d4ecee32314d4d0f,1,2,2,False,hardlink,hardlink
group_0057,train,20,/root/autodl-tmp/datasets/derived/construction_ppe3_canonical_v1_20260804_172437/images/all/test__image779.jpg,/root/autodl-tmp/datasets/derived/construction_ppe3_canonical_v1_20260804_172437/labels/all/test__image779.txt,/root/autodl-tmp/datasets/sources/construction-ppe_ultralytics_2025_v1/images/test/image779.jpg,test,779,38,16354557e49aba8bb870c0ffa9f293ea836f08c2282b30d5444bab32b0e19f61,eae2e4e2e4e4e4e5,1,2,2,False,hardlink,hardlink
group_0058,train,20,/root/autodl-tmp/datasets/derived/construction_ppe3_canonical_v1_20260804_172437/images/all/train__image780.jpg,/root/autodl-tmp/datasets/derived/construction_ppe3_canonical_v1_20260804_172437/labels/all/train__image780.txt,/root/autodl-tmp/datasets/sources/construction-ppe_ultralytics_2025_v1/images/train/image780.jpg,train,780,39,8b75b42e03e20ab699b97541a0e88578140579ea13d8adf1d400d89ba66717a4,e4e4e6e2e4e7c6c5,1,1,1,False,hardlink,hardlink
group_0058,train,20,/root/autodl-tmp/datasets/derived/construction_ppe3_canonical_v1_20260804_172437/images/all/train__image781.jpg,/root/autodl-tmp/datasets/derived/construction_ppe3_canonical_v1_20260804_172437/labels/all/train__image781.txt,/root/autodl-tmp/datasets/sources/construction-ppe_ultralytics_2025_v1/images/train/image781.jpg,train,781,39,33b66441f1b30b7ce2ffaf27d1cd94e5f352f91dc15502f93e288e6f9ecd1522,999991c1ebc3c3c9,1,1,1,False,hardlink,hardlink
group_0058,train,20,/root/autodl-tmp/datasets/derived/construction_ppe3_canonical_v1_20260804_172437/images/all/train__image782.jpg,/root/autodl-tmp/datasets/derived/construction_ppe3_canonical_v1_20260804_172437/labels/all/train__image782.txt,/root/autodl-tmp/datasets/sources/construction-ppe_ultralytics_2025_v1/images/train/image782.jpg,train,782,39,28941894f74e9c2ec6de78364ca4cf0d62c8bea6b9a902b2b4bcc9e8f5812786,d89891d1a1399908,1,1,1,False,hardlink,hardlink
group_0058,train,20,/root/autodl-tmp/datasets/derived/construction_ppe3_canonical_v1_20260804_172437/images/all/train__image783.jpeg,/root/autodl-tmp/datasets/derived/construction_ppe3_canonical_v1_20260804_172437/labels/all/train__image783.txt,/root/autodl-tmp/datasets/sources/construction-ppe_ultralytics_2025_v1/images/train/image783.jpeg,train,783,39,386fe0f6eb66b05e564741ce2ebf78374539804161f2a09e92b181c75fcb39c6,a510d0b3e2e45c6d,3,0,2,False,hardlink,hardlink
group_0058,train,20,/root/autodl-tmp/datasets/derived/construction_ppe3_canonical_v1_20260804_172437/images/all/train__image784.jpg,/root/autodl-tmp/datasets/derived/construction_ppe3_canonical_v1_20260804_172437/labels/all/train__image784.txt,/root/autodl-tmp/datasets/sources/construction-ppe_ultralytics_2025_v1/images/train/image784.jpg,train,784,39,39a263dd6931e7ca70b85348cdd35c3fed9ca5c938c391023d438b24fbe8910e,c0cf5256eb69b894,6,10,7,False,hardlink,hardlink
group_0058,train,20,/root/autodl-tmp/datasets/derived/construction_ppe3_canonical_v1_20260804_172437/images/all/train__image785.jpeg,/root/autodl-tmp/datasets/derived/construction_ppe3_canonical_v1_20260804_172437/labels/all/train__image785.txt,/root/autodl-tmp/datasets/sources/construction-ppe_ultralytics_2025_v1/images/train/image785.jpeg,train,785,39,3fef31c769cdaa0041f5d01a94f91cc8b36818c9881b1c39edf60f802597e482,0099606286e6c600,1,1,0,False,hardlink,hardlink
group_0058,train,20,/root/autodl-tmp/datasets/derived/construction_ppe3_canonical_v1_20260804_172437/images/all/train__image786.jpg,/root/autodl-tmp/datasets/derived/construction_ppe3_canonical_v1_20260804_172437/labels/all/train__image786.txt,/root/autodl-tmp/datasets/sources/construction-ppe_ultralytics_2025_v1/images/train/image786.jpg,train,786,39,7ed30eedc4ee399e5a81d166b7f2324684b66cf4aa5e41efe25d9be3131f8d9a,ccccccccc4ccccdc,1,1,1,False,hardlink,hardlink
group_0058,train,20,/root/autodl-tmp/datasets/derived/construction_ppe3_canonical_v1_20260804_172437/images/all/train__image788.jpg,/root/autodl-tmp/datasets/derived/construction_ppe3_canonical_v1_20260804_172437/labels/all/train__image788.txt,/root/autodl-tmp/datasets/sources/construction-ppe_ultralytics_2025_v1/images/train/image788.jpg,train,788,39,e65976a8f16240e082055419a3b0a5ed839319a490432b0faea86de20d18c2f9,80848c03b3899192,1,1,1,False,hardlink,hardlink
group_0058,train,20,/root/autodl-tmp/datasets/derived/construction_ppe3_canonical_v1_20260804_172437/images/all/train__image789.jpg,/root/autodl-tmp/datasets/derived/construction_ppe3_canonical_v1_20260804_172437/labels/all/train__image789.txt,/root/autodl-tmp/datasets/sources/construction-ppe_ultralytics_2025_v1/images/train/image789.jpg,train,789,39,aedd1c55cd476b60fc6b9c252d04c81b60338bbc5d80bbf361560c7e4edbc4b3,039119f923655753,4,4,4,False,hardlink,hardlink
group_0058,train,20,/root/autodl-tmp/datasets/derived/construction_ppe3_canonical_v1_20260804_172437/images/all/train__image790.jpg,/root/autodl-tmp/datasets/derived/construction_ppe3_canonical_v1_20260804_172437/labels/all/train__image790.txt,/root/autodl-tmp/datasets/sources/construction-ppe_ultralytics_2025_v1/images/train/image790.jpg,train,790,39,94088f946bdf1c5ebde2b4aafc04ae511c3f4e75b6b5c5f513650d840bf49eae,cbd171f3b0287070,1,0,1,False,hardlink,hardlink
group_0058,train,20,/root/autodl-tmp/datasets/derived/construction_ppe3_canonical_v1_20260804_172437/images/all/train__image791.jpg,/root/autodl-tmp/datasets/derived/construction_ppe3_canonical_v1_20260804_172437/labels/all/train__image791.txt,/root/autodl-tmp/datasets/sources/construction-ppe_ultralytics_2025_v1/images/train/image791.jpg,train,791,39,0cfe1c8dc836851d02f7acd1c0e03b70a54dcccdaa5b9f086dcbadfe0178e01e,cfd171f3b0303070,1,0,1,False,hardlink,hardlink
group_0058,train,20,/root/autodl-tmp/datasets/derived/construction_ppe3_canonical_v1_20260804_172437/images/all/train__image792.jpg,/root/autodl-tmp/datasets/derived/construction_ppe3_canonical_v1_20260804_172437/labels/all/train__image792.txt,/root/autodl-tmp/datasets/sources/construction-ppe_ultralytics_2025_v1/images/train/image792.jpg,train,792,39,6e0a1a12a55417ec669186e661b34613fe752248c37299819eb217784a1b3e20,cdc571f3c0c86170,1,0,1,False,hardlink,hardlink
group_0058,train,20,/root/autodl-tmp/datasets/derived/construction_ppe3_canonical_v1_20260804_172437/images/all/train__image793.jpg,/root/autodl-tmp/datasets/derived/construction_ppe3_canonical_v1_20260804_172437/labels/all/train__image793.txt,/root/autodl-tmp/datasets/sources/construction-ppe_ultralytics_2025_v1/images/train/image793.jpg,train,793,39,df440f737d739a7ebb537b70fa3f352f2202f55aa8af99f9402b028a2ffeb2c5,cdd171f3a0a8c060,1,0,1,False,hardlink,hardlink
group_0058,train,20,/root/autodl-tmp/datasets/derived/construction_ppe3_canonical_v1_20260804_172437/images/all/train__image794.jpg,/root/autodl-tmp/datasets/derived/construction_ppe3_canonical_v1_20260804_172437/labels/all/train__image794.txt,/root/autodl-tmp/datasets/sources/construction-ppe_ultralytics_2025_v1/images/train/image794.jpg,train,794,39,500c47100231ce489b143df7f5542297c49a70da57b19f474c503a53b28f1457,006375a4a2262400,1,1,1,False,hardlink,hardlink
group_0058,train,20,/root/autodl-tmp/datasets/derived/construction_ppe3_canonical_v1_20260804_172437/images/all/train__image795.jpeg,/root/autodl-tmp/datasets/derived/construction_ppe3_canonical_v1_20260804_172437/labels/all/train__image795.txt,/root/autodl-tmp/datasets/sources/construction-ppe_ultralytics_2025_v1/images/train/image795.jpeg,train,795,39,ab61106c4a09483b4bec8c970757186d1bfd26c6df721cbab7474765deb74cd2,dcd4e4ccd0d4c4d4,2,2,2,False,hardlink,hardlink
group_0058,train,20,/root/autodl-tmp/datasets/derived/construction_ppe3_canonical_v1_20260804_172437/images/all/train__image797.jpg,/root/autodl-tmp/datasets/derived/construction_ppe3_canonical_v1_20260804_172437/labels/all/train__image797.txt,/root/autodl-tmp/datasets/sources/construction-ppe_ultralytics_2025_v1/images/train/image797.jpg,train,797,39,10ec9d6411a7503b03fc0b36ace3b018a04476dfc488c74a192accfcdcf20fd6,6c1a1396965466e7,2,2,2,False,hardlink,hardlink
group_0058,train,20,/root/autodl-tmp/datasets/derived/construction_ppe3_canonical_v1_20260804_172437/images/all/train__image799.jpg,/root/autodl-tmp/datasets/derived/construction_ppe3_canonical_v1_20260804_172437/labels/all/train__image799.txt,/root/autodl-tmp/datasets/sources/construction-ppe_ultralytics_2025_v1/images/train/image799.jpg,train,799,39,500c683c1b4f5bc0f373ac125c481436b68edda4341dfb45c272b6671a062ec8,1828464e2434361e,3,3,3,False,hardlink,hardlink
group_0058,train,20,/root/autodl-tmp/datasets/derived/construction_ppe3_canonical_v1_20260804_172437/images/all/val__image798.jpg,/root/autodl-tmp/datasets/derived/construction_ppe3_canonical_v1_20260804_172437/labels/all/val__image798.txt,/root/autodl-tmp/datasets/sources/construction-ppe_ultralytics_2025_v1/images/val/image798.jpg,val,798,39,76adf700356a62b2d5ebb8a7edc19822b92b0f2cfe4288259a269bd7f948c2b7,0416078726264a4a,1,1,1,False,hardlink,hardlink
group_0058,train,20,/root/autodl-tmp/datasets/derived/construction_ppe3_canonical_v1_20260804_172437/images/all/test__image787.jpg,/root/autodl-tmp/datasets/derived/construction_ppe3_canonical_v1_20260804_172437/labels/all/test__image787.txt,/root/autodl-tmp/datasets/sources/construction-ppe_ultralytics_2025_v1/images/test/image787.jpg,test,787,39,65d6d42c613fe2c5a1968ff30f7f3eee0a92045f2874b3e1f7097aa124203f08,320ecc34054c0c20,1,1,1,False,hardlink,hardlink
group_0058,train,20,/root/autodl-tmp/datasets/derived/construction_ppe3_canonical_v1_20260804_172437/images/all/test__image796.jpg,/root/autodl-tmp/datasets/derived/construction_ppe3_canonical_v1_20260804_172437/labels/all/test__image796.txt,/root/autodl-tmp/datasets/sources/construction-ppe_ultralytics_2025_v1/images/test/image796.jpg,test,796,39,fa6f4ed75a4c4576d059821cf6950c70365685fab924a04d963b62c69ed49813,391a52a888a9a7a6,6,10,3,False,hardlink,hardlink
group_0059,train,20,/root/autodl-tmp/datasets/derived/construction_ppe3_canonical_v1_20260804_172437/images/all/train__image80.jpg,/root/autodl-tmp/datasets/derived/construction_ppe3_canonical_v1_20260804_172437/labels/all/train__image80.txt,/root/autodl-tmp/datasets/sources/construction-ppe_ultralytics_2025_v1/images/train/image80.jpg,train,80,4,96a5228fcb3531de2d442ccac7d1a9f7bb55642efe3a9ef57e778dba8677d03c,07032726860f0e0e,1,1,1,False,hardlink,hardlink
group_0059,train,20,/root/autodl-tmp/datasets/derived/construction_ppe3_canonical_v1_20260804_172437/images/all/train__image81.jpg,/root/autodl-tmp/datasets/derived/construction_ppe3_canonical_v1_20260804_172437/labels/all/train__image81.txt,/root/autodl-tmp/datasets/sources/construction-ppe_ultralytics_2025_v1/images/train/image81.jpg,train,81,4,254df9eb995f8c69983657be3188983d6986779ae73be5cfad922422cbfc3102,050327a4860f0e0e,0,1,1,False,hardlink,hardlink
group_0059,train,20,/root/autodl-tmp/datasets/derived/construction_ppe3_canonical_v1_20260804_172437/images/all/train__image82.jpg,/root/autodl-tmp/datasets/derived/construction_ppe3_canonical_v1_20260804_172437/labels/all/train__image82.txt,/root/autodl-tmp/datasets/sources/construction-ppe_ultralytics_2025_v1/images/train/image82.jpg,train,82,4,48f7856d22e47caf36cd367f07a2ef533b85e7804c8352ae4230795c975b7baa,070b1716860f0e0e,0,1,1,False,hardlink,hardlink
group_0059,train,20,/root/autodl-tmp/datasets/derived/construction_ppe3_canonical_v1_20260804_172437/images/all/train__image83.jpg,/root/autodl-tmp/datasets/derived/construction_ppe3_canonical_v1_20260804_172437/labels/all/train__image83.txt,/root/autodl-tmp/datasets/sources/construction-ppe_ultralytics_2025_v1/images/train/image83.jpg,train,83,4,7b84a013c515e5f01cc44c4903f0b6090390fd79b0a05b6d9673e0c20eaf0ea6,07030724a6170e0e,0,1,1,False,hardlink,hardlink
group_0059,train,20,/root/autodl-tmp/datasets/derived/construction_ppe3_canonical_v1_20260804_172437/images/all/train__image84.jpg,/root/autodl-tmp/datasets/derived/construction_ppe3_canonical_v1_20260804_172437/labels/all/train__image84.txt,/root/autodl-tmp/datasets/sources/construction-ppe_ultralytics_2025_v1/images/train/image84.jpg,train,84,4,d7681a71b64a633e0f48a2f05f9fcc0eed5681f0360b247dd065790cf8d5302d,070b071292130e0e,0,1,1,False,hardlink,hardlink
group_0059,train,20,/root/autodl-tmp/datasets/derived/construction_ppe3_canonical_v1_20260804_172437/images/all/train__image85.jpg,/root/autodl-tmp/datasets/derived/construction_ppe3_canonical_v1_20260804_172437/labels/all/train__image85.txt,/root/autodl-tmp/datasets/sources/construction-ppe_ultralytics_2025_v1/images/train/image85.jpg,train,85,4,9e507d79479994827f72b1b2caa15ef1fac09dc19a6a5fea8905598226c40a37,9e849b4b0606c666,0,1,1,False,hardlink,hardlink
group_0059,train,20,/root/autodl-tmp/datasets/derived/construction_ppe3_canonical_v1_20260804_172437/images/all/train__image86.jpg,/root/autodl-tmp/datasets/derived/construction_ppe3_canonical_v1_20260804_172437/labels/all/train__image86.txt,/root/autodl-tmp/datasets/sources/construction-ppe_ultralytics_2025_v1/images/train/image86.jpg,train,86,4,d4a243a61969a70694098a5b80af318a64c79fb267d2c48cf5a19b3f13f00a2b,34051347074e8666,1,1,1,False,hardlink,hardlink
group_0059,train,20,/root/autodl-tmp/datasets/derived/construction_ppe3_canonical_v1_20260804_172437/images/all/train__image87.jpg,/root/autodl-tmp/datasets/derived/construction_ppe3_canonical_v1_20260804_172437/labels/all/train__image87.txt,/root/autodl-tmp/datasets/sources/construction-ppe_ultralytics_2025_v1/images/train/image87.jpg,train,87,4,e9c26488d83fd7fbd48a3f9a47c9d448352c55c07ac83d7940afacb7f4770717,696313860e4e8666,1,1,1,False,hardlink,hardlink
group_0059,train,20,/root/autodl-tmp/datasets/derived/construction_ppe3_canonical_v1_20260804_172437/images/all/train__image88.jpg,/root/autodl-tmp/datasets/derived/construction_ppe3_canonical_v1_20260804_172437/labels/all/train__image88.txt,/root/autodl-tmp/datasets/sources/construction-ppe_ultralytics_2025_v1/images/train/image88.jpg,train,88,4,e5175366f52ba7ee1f6ce276c5155f5b61f3d1028d2a011995b7c94742f5a9a3,c3c616870d4d8666,1,1,1,False,hardlink,hardlink
group_0059,train,20,/root/autodl-tmp/datasets/derived/construction_ppe3_canonical_v1_20260804_172437/images/all/train__image89.jpeg,/root/autodl-tmp/datasets/derived/construction_ppe3_canonical_v1_20260804_172437/labels/all/train__image89.txt,/root/autodl-tmp/datasets/sources/construction-ppe_ultralytics_2025_v1/images/train/image89.jpeg,train,89,4,5a0a67dd0d0f568202fdb08be92cc4913dfb1a8c1e8afe7dc9a405c8fe22c97d,0097164616384c00,1,0,1,False,hardlink,hardlink
group_0059,train,20,/root/autodl-tmp/datasets/derived/construction_ppe3_canonical_v1_20260804_172437/images/all/train__image90.jpg,/root/autodl-tmp/datasets/derived/construction_ppe3_canonical_v1_20260804_172437/labels/all/train__image90.txt,/root/autodl-tmp/datasets/sources/construction-ppe_ultralytics_2025_v1/images/train/image90.jpg,train,90,4,aef90e0ca313288a0ab542f7347547f288a335a73348367ed4add6ef7381a2dc,0103131a8a8f0e16,1,1,1,False,hardlink,hardlink
group_0059,train,20,/root/autodl-tmp/datasets/derived/construction_ppe3_canonical_v1_20260804_172437/images/all/train__image91.jpg,/root/autodl-tmp/datasets/derived/construction_ppe3_canonical_v1_20260804_172437/labels/all/train__image91.txt,/root/autodl-tmp/datasets/sources/construction-ppe_ultralytics_2025_v1/images/train/image91.jpg,train,91,4,b1f58f75a4b220b12355af56c50ba36125e1c0305bda2001f3656cb047110a8f,838e96170d4d8666,1,1,1,False,hardlink,hardlink
group_0059,train,20,/root/autodl-tmp/datasets/derived/construction_ppe3_canonical_v1_20260804_172437/images/all/train__image92.jpg,/root/autodl-tmp/datasets/derived/construction_ppe3_canonical_v1_20260804_172437/labels/all/train__image92.txt,/root/autodl-tmp/datasets/sources/construction-ppe_ultralytics_2025_v1/images/train/image92.jpg,train,92,4,39c693ca1d068328bbf0dbea879f99a9b558ca5fc91420a1abc8f01fbdfade4d,868c96160f4d8626,1,1,1,False,hardlink,hardlink
group_0059,train,20,/root/autodl-tmp/datasets/derived/construction_ppe3_canonical_v1_20260804_172437/images/all/train__image93.jpg,/root/autodl-tmp/datasets/derived/construction_ppe3_canonical_v1_20260804_172437/labels/all/train__image93.txt,/root/autodl-tmp/datasets/sources/construction-ppe_ultralytics_2025_v1/images/train/image93.jpg,train,93,4,35ee36e89229a18ee504211060cd419eb8eafb6b0aa1ba7855ff8d54edcfce96,058c1206064ec293,1,1,1,False,hardlink,hardlink
group_0059,train,20,/root/autodl-tmp/datasets/derived/construction_ppe3_canonical_v1_20260804_172437/images/all/train__image94.jpg,/root/autodl-tmp/datasets/derived/construction_ppe3_canonical_v1_20260804_172437/labels/all/train__image94.txt,/root/autodl-tmp/datasets/sources/construction-ppe_ultralytics_2025_v1/images/train/image94.jpg,train,94,4,970fb3f3923db4b0b7393d9adfb68e73b22208c0dc57eaa6df3fb4c5f9c6fb91,0d1f12460f4fc2b3,1,1,1,False,hardlink,hardlink
group_0059,train,20,/root/autodl-tmp/datasets/derived/construction_ppe3_canonical_v1_20260804_172437/images/all/train__image95.jpg,/root/autodl-tmp/datasets/derived/construction_ppe3_canonical_v1_20260804_172437/labels/all/train__image95.txt,/root/autodl-tmp/datasets/sources/construction-ppe_ultralytics_2025_v1/images/train/image95.jpg,train,95,4,6a155ec82f5690f711a821d078f4784aa2ec16a42674b170736e86792e3e5696,9b3f37464f4f96b3,1,1,1,False,hardlink,hardlink
group_0059,train,20,/root/autodl-tmp/datasets/derived/construction_ppe3_canonical_v1_20260804_172437/images/all/train__image96.jpg,/root/autodl-tmp/datasets/derived/construction_ppe3_canonical_v1_20260804_172437/labels/all/train__image96.txt,/root/autodl-tmp/datasets/sources/construction-ppe_ultralytics_2025_v1/images/train/image96.jpg,train,96,4,44f1e0491a93549e8e1ac5fbb6cea804fda2c5fcf126f82838fb8be9189a3562,9b2f370e4dcf9633,1,1,1,False,hardlink,hardlink
group_0059,train,20,/root/autodl-tmp/datasets/derived/construction_ppe3_canonical_v1_20260804_172437/images/all/train__image97.jpg,/root/autodl-tmp/datasets/derived/construction_ppe3_canonical_v1_20260804_172437/labels/all/train__image97.txt,/root/autodl-tmp/datasets/sources/construction-ppe_ultralytics_2025_v1/images/train/image97.jpg,train,97,4,683d5c5b1dbe75d7ce89c9928bfc4e96f16329a2bb3eec39612a0b04e65ec3c9,1b2f270c1f8d2466,1,1,1,False,hardlink,hardlink
group_0059,train,20,/root/autodl-tmp/datasets/derived/construction_ppe3_canonical_v1_20260804_172437/images/all/train__image99.jpeg,/root/autodl-tmp/datasets/derived/construction_ppe3_canonical_v1_20260804_172437/labels/all/train__image99.txt,/root/autodl-tmp/datasets/sources/construction-ppe_ultralytics_2025_v1/images/train/image99.jpeg,train,99,4,c10827f7b7fa338d73fab5b420fab15c757d3091134a4b93084cf8e86315890c,00c080a92f2cf000,3,0,3,False,hardlink,hardlink
group_0059,train,20,/root/autodl-tmp/datasets/derived/construction_ppe3_canonical_v1_20260804_172437/images/all/test__image98.jpg,/root/autodl-tmp/datasets/derived/construction_ppe3_canonical_v1_20260804_172437/labels/all/test__image98.txt,/root/autodl-tmp/datasets/sources/construction-ppe_ultralytics_2025_v1/images/test/image98.jpg,test,98,4,949b9c1a89d81110a4280c3a74bab19f8a42c1c61f936ec2ddde7fbe8eb3c252,9b2f250c0f8d2446,1,1,1,False,hardlink,hardlink
group_0060,test,20,/root/autodl-tmp/datasets/derived/construction_ppe3_canonical_v1_20260804_172437/images/all/train__image800.jpg,/root/autodl-tmp/datasets/derived/construction_ppe3_canonical_v1_20260804_172437/labels/all/train__image800.txt,/root/autodl-tmp/datasets/sources/construction-ppe_ultralytics_2025_v1/images/train/image800.jpg,train,800,40,4a662cdbd41ef1c38954069c3fc2c2d9f62aad9347b001494aac4745bd995cc1,c6dab2d6dcd830b0,1,1,1,False,hardlink,hardlink
group_0060,test,20,/root/autodl-tmp/datasets/derived/construction_ppe3_canonical_v1_20260804_172437/images/all/train__image801.jpg,/root/autodl-tmp/datasets/derived/construction_ppe3_canonical_v1_20260804_172437/labels/all/train__image801.txt,/root/autodl-tmp/datasets/sources/construction-ppe_ultralytics_2025_v1/images/train/image801.jpg,train,801,40,7414a9fb626195da5a4837e5293b94c34bc9e94d3bd8e716dffe4e756ab51058,5089a9195264d1ac,6,7,7,False,hardlink,hardlink
group_0060,test,20,/root/autodl-tmp/datasets/derived/construction_ppe3_canonical_v1_20260804_172437/images/all/train__image802.jpg,/root/autodl-tmp/datasets/derived/construction_ppe3_canonical_v1_20260804_172437/labels/all/train__image802.txt,/root/autodl-tmp/datasets/sources/construction-ppe_ultralytics_2025_v1/images/train/image802.jpg,train,802,40,b3e22aebf87990b7be3ae4ecb07aaccbdf05b76ae7432dec5c57984fdce61d87,58e871d8acab3ba0,1,1,1,False,hardlink,hardlink
group_0060,test,20,/root/autodl-tmp/datasets/derived/construction_ppe3_canonical_v1_20260804_172437/images/all/train__image803.jpg,/root/autodl-tmp/datasets/derived/construction_ppe3_canonical_v1_20260804_172437/labels/all/train__image803.txt,/root/autodl-tmp/datasets/sources/construction-ppe_ultralytics_2025_v1/images/train/image803.jpg,train,803,40,8bb7391fcb6e315f47be020eb6a3f15e24db0744e21547ac4d5ac3efe1211e05,8d9d63d193969716,2,2,2,False,hardlink,hardlink
group_0060,test,20,/root/autodl-tmp/datasets/derived/construction_ppe3_canonical_v1_20260804_172437/images/all/train__image806.jpg,/root/autodl-tmp/datasets/derived/construction_ppe3_canonical_v1_20260804_172437/labels/all/train__image806.txt,/root/autodl-tmp/datasets/sources/construction-ppe_ultralytics_2025_v1/images/train/image806.jpg,train,806,40,750a27d55229df5df338a1567321d86a90cb6d863daf3c1df7388c79510ecc0e,b3cbf997923b3bc4,0,1,2,False,hardlink,hardlink
group_0060,test,20,/root/autodl-tmp/datasets/derived/construction_ppe3_canonical_v1_20260804_172437/images/all/train__image807.jpeg,/root/autodl-tmp/datasets/derived/construction_ppe3_canonical_v1_20260804_172437/labels/all/train__image807.txt,/root/autodl-tmp/datasets/sources/construction-ppe_ultralytics_2025_v1/images/train/image807.jpeg,train,807,40,09fce1e85606fea117c44e522e44f8a67122319d05f9d012867b8e74bfca530a,00488d844ecc0c00,0,1,1,False,hardlink,hardlink
group_0060,test,20,/root/autodl-tmp/datasets/derived/construction_ppe3_canonical_v1_20260804_172437/images/all/train__image809.jpg,/root/autodl-tmp/datasets/derived/construction_ppe3_canonical_v1_20260804_172437/labels/all/train__image809.txt,/root/autodl-tmp/datasets/sources/construction-ppe_ultralytics_2025_v1/images/train/image809.jpg,train,809,40,748f6f52667f6cb9201960419c584c99ceefb1f8b1052c75de03df8efb67183a,e6e149521195a3a3,0,2,2,False,hardlink,hardlink
group_0060,test,20,/root/autodl-tmp/datasets/derived/construction_ppe3_canonical_v1_20260804_172437/images/all/train__image811.jpg,/root/autodl-tmp/datasets/derived/construction_ppe3_canonical_v1_20260804_172437/labels/all/train__image811.txt,/root/autodl-tmp/datasets/sources/construction-ppe_ultralytics_2025_v1/images/train/image811.jpg,train,811,40,4eca3b49e8b513129c874de2da279c245957db05db34f1d139ab9d8fcaee2253,8e4d4d1a3b3196a9,0,3,3,False,hardlink,hardlink
group_0060,test,20,/root/autodl-tmp/datasets/derived/construction_ppe3_canonical_v1_20260804_172437/images/all/train__image812.jpg,/root/autodl-tmp/datasets/derived/construction_ppe3_canonical_v1_20260804_172437/labels/all/train__image812.txt,/root/autodl-tmp/datasets/sources/construction-ppe_ultralytics_2025_v1/images/train/image812.jpg,train,812,40,5f45651e9daa325adb39ff81a7957a1b509d660ec7c69a27356a48c00b7a7aa0,dbf9b131f9919f95,0,3,3,False,hardlink,hardlink
group_0060,test,20,/root/autodl-tmp/datasets/derived/construction_ppe3_canonical_v1_20260804_172437/images/all/train__image813.jpg,/root/autodl-tmp/datasets/derived/construction_ppe3_canonical_v1_20260804_172437/labels/all/train__image813.txt,/root/autodl-tmp/datasets/sources/construction-ppe_ultralytics_2025_v1/images/train/image813.jpg,train,813,40,45fe88b557c7c6f38f77eded84185b0c9ae188affe35ea330b48cc0856c617e0,58ec4cdcbe685bc9,0,1,1,False,hardlink,hardlink
group_0060,test,20,/root/autodl-tmp/datasets/derived/construction_ppe3_canonical_v1_20260804_172437/images/all/train__image814.jpg,/root/autodl-tmp/datasets/derived/construction_ppe3_canonical_v1_20260804_172437/labels/all/train__image814.txt,/root/autodl-tmp/datasets/sources/construction-ppe_ultralytics_2025_v1/images/train/image814.jpg,train,814,40,4a664c6237311e3952e494ea813c6336f1d2e3910506984010e298cf68e68677,ece96eeccaf3f3e7,0,1,1,False,hardlink,hardlink
group_0060,test,20,/root/autodl-tmp/datasets/derived/construction_ppe3_canonical_v1_20260804_172437/images/all/train__image815.jpg,/root/autodl-tmp/datasets/derived/construction_ppe3_canonical_v1_20260804_172437/labels/all/train__image815.txt,/root/autodl-tmp/datasets/sources/construction-ppe_ultralytics_2025_v1/images/train/image815.jpg,train,815,40,654f1512c805fea8ac18b7ba7ddabab22f13f45de62f48673531c7ed6519b474,edeb6aecc2f3f3d3,0,1,1,False,hardlink,hardlink
group_0060,test,20,/root/autodl-tmp/datasets/derived/construction_ppe3_canonical_v1_20260804_172437/images/all/train__image816.jpg,/root/autodl-tmp/datasets/derived/construction_ppe3_canonical_v1_20260804_172437/labels/all/train__image816.txt,/root/autodl-tmp/datasets/sources/construction-ppe_ultralytics_2025_v1/images/train/image816.jpg,train,816,40,129cd35635199930372cbfc4ed75d1a7ca930d1a37e330692b2936270a457e07,ede96beec2f3f3e7,0,1,1,False,hardlink,hardlink
group_0060,test,20,/root/autodl-tmp/datasets/derived/construction_ppe3_canonical_v1_20260804_172437/images/all/train__image817.jpg,/root/autodl-tmp/datasets/derived/construction_ppe3_canonical_v1_20260804_172437/labels/all/train__image817.txt,/root/autodl-tmp/datasets/sources/construction-ppe_ultralytics_2025_v1/images/train/image817.jpg,train,817,40,e60e12d6faa0c75504b81625569c7e2a7d0a0040fcce01a642c550a1e17bf68c,edeb6befc2f3f3f5,0,1,1,False,hardlink,hardlink
group_0060,test,20,/root/autodl-tmp/datasets/derived/construction_ppe3_canonical_v1_20260804_172437/images/all/train__image818.jpeg,/root/autodl-tmp/datasets/derived/construction_ppe3_canonical_v1_20260804_172437/labels/all/train__image818.txt,/root/autodl-tmp/datasets/sources/construction-ppe_ultralytics_2025_v1/images/train/image818.jpeg,train,818,40,634cb0f4c13ae601d39fddbc3c440894a118283d69e7d05fac845e37c8466a47,0012834041c13000,0,0,0,True,hardlink,hardlink
group_0060,test,20,/root/autodl-tmp/datasets/derived/construction_ppe3_canonical_v1_20260804_172437/images/all/train__image819.jpg,/root/autodl-tmp/datasets/derived/construction_ppe3_canonical_v1_20260804_172437/labels/all/train__image819.txt,/root/autodl-tmp/datasets/sources/construction-ppe_ultralytics_2025_v1/images/train/image819.jpg,train,819,40,19d5db2a73a4c62715393d21080d04ff651478e3a54917176c9eeb2070ea8959,8484ba3a763cf8f8,0,1,1,False,hardlink,hardlink
group_0060,test,20,/root/autodl-tmp/datasets/derived/construction_ppe3_canonical_v1_20260804_172437/images/all/val__image804.jpg,/root/autodl-tmp/datasets/derived/construction_ppe3_canonical_v1_20260804_172437/labels/all/val__image804.txt,/root/autodl-tmp/datasets/sources/construction-ppe_ultralytics_2025_v1/images/val/image804.jpg,val,804,40,1a79b5ed521359a40a3f587a620a346581d1a740caace17999f93628f833346b,89448a88a0aaa281,5,5,5,False,hardlink,hardlink
group_0060,test,20,/root/autodl-tmp/datasets/derived/construction_ppe3_canonical_v1_20260804_172437/images/all/val__image808.jpg,/root/autodl-tmp/datasets/derived/construction_ppe3_canonical_v1_20260804_172437/labels/all/val__image808.txt,/root/autodl-tmp/datasets/sources/construction-ppe_ultralytics_2025_v1/images/val/image808.jpg,val,808,40,9b926cbbec6d35fd7ee05c42b7dbf371eebe5c003d3df0abad6f9a6243395ed0,4400d4d4dcc40044,0,3,3,False,hardlink,hardlink
group_0060,test,20,/root/autodl-tmp/datasets/derived/construction_ppe3_canonical_v1_20260804_172437/images/all/test__image805.jpg,/root/autodl-tmp/datasets/derived/construction_ppe3_canonical_v1_20260804_172437/labels/all/test__image805.txt,/root/autodl-tmp/datasets/sources/construction-ppe_ultralytics_2025_v1/images/test/image805.jpg,test,805,40,d515b45cbb1b9ea9f022fc31aad05421b538794e654b4829dc8a73f0e507d8fd,b2d3975edaeb8b8e,0,2,1,False,hardlink,hardlink
group_0060,test,20,/root/autodl-tmp/datasets/derived/construction_ppe3_canonical_v1_20260804_172437/images/all/test__image810.jpg,/root/autodl-tmp/datasets/derived/construction_ppe3_canonical_v1_20260804_172437/labels/all/test__image810.txt,/root/autodl-tmp/datasets/sources/construction-ppe_ultralytics_2025_v1/images/test/image810.jpg,test,810,40,1112220834864b909cdf4916b51ad54d797869294a41e0cbf48e5d38c46f4977,f1143672e99d8434,0,1,1,False,hardlink,hardlink
group_0061,train,20,/root/autodl-tmp/datasets/derived/construction_ppe3_canonical_v1_20260804_172437/images/all/train__image820.jpg,/root/autodl-tmp/datasets/derived/construction_ppe3_canonical_v1_20260804_172437/labels/all/train__image820.txt,/root/autodl-tmp/datasets/sources/construction-ppe_ultralytics_2025_v1/images/train/image820.jpg,train,820,41,ce2ed3cb56e73327f4b894264be4742c07920ba13383c38214d587f15d9aa59e,e3e36ae7c6f3e3f2,0,1,1,False,hardlink,hardlink
group_0061,train,20,/root/autodl-tmp/datasets/derived/construction_ppe3_canonical_v1_20260804_172437/images/all/train__image821.jpg,/root/autodl-tmp/datasets/derived/construction_ppe3_canonical_v1_20260804_172437/labels/all/train__image821.txt,/root/autodl-tmp/datasets/sources/construction-ppe_ultralytics_2025_v1/images/train/image821.jpg,train,821,41,6a43ee723546c98974770bff899b6bd3fd5a0473225c778f1c44ccd48b349332,ebeb6ee6c6f3f2f6,0,1,1,False,hardlink,hardlink
group_0061,train,20,/root/autodl-tmp/datasets/derived/construction_ppe3_canonical_v1_20260804_172437/images/all/train__image822.jpg,/root/autodl-tmp/datasets/derived/construction_ppe3_canonical_v1_20260804_172437/labels/all/train__image822.txt,/root/autodl-tmp/datasets/sources/construction-ppe_ultralytics_2025_v1/images/train/image822.jpg,train,822,41,59926417f40d471b791810242a0347186838345f1333b78ed38feb0fa876a655,e7e666efc6e6e6e4,0,1,1,False,hardlink,hardlink
group_0061,train,20,/root/autodl-tmp/datasets/derived/construction_ppe3_canonical_v1_20260804_172437/images/all/train__image823.jpg,/root/autodl-tmp/datasets/derived/construction_ppe3_canonical_v1_20260804_172437/labels/all/train__image823.txt,/root/autodl-tmp/datasets/sources/construction-ppe_ultralytics_2025_v1/images/train/image823.jpg,train,823,41,638c0e58b6670e88558f7d0b8769e43687d851b63a0ea603c622f9d323e38771,e3e262cec6e3e3e7,0,1,1,False,hardlink,hardlink
group_0061,train,20,/root/autodl-tmp/datasets/derived/construction_ppe3_canonical_v1_20260804_172437/images/all/train__image827.jpg,/root/autodl-tmp/datasets/derived/construction_ppe3_canonical_v1_20260804_172437/labels/all/train__image827.txt,/root/autodl-tmp/datasets/sources/construction-ppe_ultralytics_2025_v1/images/train/image827.jpg,train,827,41,c0319abf324767765c0504432e352c4d1c4addb221bf54200372b18ed41599b1,ebe362e9c6e7e7e6,0,1,1,False,hardlink,hardlink
group_0061,train,20,/root/autodl-tmp/datasets/derived/construction_ppe3_canonical_v1_20260804_172437/images/all/train__image828.jpg,/root/autodl-tmp/datasets/derived/construction_ppe3_canonical_v1_20260804_172437/labels/all/train__image828.txt,/root/autodl-tmp/datasets/sources/construction-ppe_ultralytics_2025_v1/images/train/image828.jpg,train,828,41,8e6b834e7eae9f3440c6aade2c3c20efef7490b2deea6f27b2338c86380268ac,e3e362eecee7e6e6,0,1,1,False,hardlink,hardlink
group_0061,train,20,/root/autodl-tmp/datasets/derived/construction_ppe3_canonical_v1_20260804_172437/images/all/train__image829.jpg,/root/autodl-tmp/datasets/derived/construction_ppe3_canonical_v1_20260804_172437/labels/all/train__image829.txt,/root/autodl-tmp/datasets/sources/construction-ppe_ultralytics_2025_v1/images/train/image829.jpg,train,829,41,8c5d8e56d8cab2d68288c17e6164cdcf664418301c39f2e789a362f512c3e374,e7e666cddee7e6e6,0,1,1,False,hardlink,hardlink
group_0061,train,20,/root/autodl-tmp/datasets/derived/construction_ppe3_canonical_v1_20260804_172437/images/all/train__image830.jpeg,/root/autodl-tmp/datasets/derived/construction_ppe3_canonical_v1_20260804_172437/labels/all/train__image830.txt,/root/autodl-tmp/datasets/sources/construction-ppe_ultralytics_2025_v1/images/train/image830.jpeg,train,830,41,04b4c1c0a78aab7125df87622c99bc9de40567b26109ba39a8c33a71ea4bf1d4,009198c6e3929300,0,1,1,False,hardlink,hardlink
group_0061,train,20,/root/autodl-tmp/datasets/derived/construction_ppe3_canonical_v1_20260804_172437/images/all/train__image831.jpg,/root/autodl-tmp/datasets/derived/construction_ppe3_canonical_v1_20260804_172437/labels/all/train__image831.txt,/root/autodl-tmp/datasets/sources/construction-ppe_ultralytics_2025_v1/images/train/image831.jpg,train,831,41,7f1d1ca349f33d640289ab3c03ba508fd00f3b5459002c622746db3c4d30b828,00d692ccec8c9c00,0,4,3,False,hardlink,hardlink
group_0061,train,20,/root/autodl-tmp/datasets/derived/construction_ppe3_canonical_v1_20260804_172437/images/all/train__image832.jpg,/root/autodl-tmp/datasets/derived/construction_ppe3_canonical_v1_20260804_172437/labels/all/train__image832.txt,/root/autodl-tmp/datasets/sources/construction-ppe_ultralytics_2025_v1/images/train/image832.jpg,train,832,41,e8c77c10b5d65742cc45341d751cedf30f85ac24b7e14789414fda6f3ada4d2b,e6e666ced26766e6,0,1,1,False,hardlink,hardlink
group_0061,train,20,/root/autodl-tmp/datasets/derived/construction_ppe3_canonical_v1_20260804_172437/images/all/train__image833.jpg,/root/autodl-tmp/datasets/derived/construction_ppe3_canonical_v1_20260804_172437/labels/all/train__image833.txt,/root/autodl-tmp/datasets/sources/construction-ppe_ultralytics_2025_v1/images/train/image833.jpg,train,833,41,dfa64f021748205611756f5c9f1ffeb905096919c2031d400182c619d0cfbba8,e6c369e6d6e7e762,0,1,1,False,hardlink,hardlink
group_0061,train,20,/root/autodl-tmp/datasets/derived/construction_ppe3_canonical_v1_20260804_172437/images/all/train__image835.jpg,/root/autodl-tmp/datasets/derived/construction_ppe3_canonical_v1_20260804_172437/labels/all/train__image835.txt,/root/autodl-tmp/datasets/sources/construction-ppe_ultralytics_2025_v1/images/train/image835.jpg,train,835,41,9c2783ac791a09a705eab923e1bdb167308fe89ca0f5df90a327ddfba8027167,e6e666cbcee7e6e6,0,1,1,False,hardlink,hardlink
group_0061,train,20,/root/autodl-tmp/datasets/derived/construction_ppe3_canonical_v1_20260804_172437/images/all/train__image836.jpg,/root/autodl-tmp/datasets/derived/construction_ppe3_canonical_v1_20260804_172437/labels/all/train__image836.txt,/root/autodl-tmp/datasets/sources/construction-ppe_ultralytics_2025_v1/images/train/image836.jpg,train,836,41,443e4956e7577461dfbe4cf127748b4b97af1caef0c3d38f3b0a58888fb6e3ae,6349b3e640626464,0,1,1,False,hardlink,hardlink
group_0061,train,20,/root/autodl-tmp/datasets/derived/construction_ppe3_canonical_v1_20260804_172437/images/all/train__image837.jpg,/root/autodl-tmp/datasets/derived/construction_ppe3_canonical_v1_20260804_172437/labels/all/train__image837.txt,/root/autodl-tmp/datasets/sources/construction-ppe_ultralytics_2025_v1/images/train/image837.jpg,train,837,41,23f070b39af0933b61a74fee7429d2c9c39accdb13fd2053a1399b2dc46c3f84,6349a3e6d0626464,0,1,1,False,hardlink,hardlink
group_0061,train,20,/root/autodl-tmp/datasets/derived/construction_ppe3_canonical_v1_20260804_172437/images/all/train__image838.jpg,/root/autodl-tmp/datasets/derived/construction_ppe3_canonical_v1_20260804_172437/labels/all/train__image838.txt,/root/autodl-tmp/datasets/sources/construction-ppe_ultralytics_2025_v1/images/train/image838.jpg,train,838,41,3f5b72f74bb5a406b164bb354da1c31714980cb66715fcf642dd0e37603c8f11,6b4db3e650626464,0,1,1,False,hardlink,hardlink
group_0061,train,20,/root/autodl-tmp/datasets/derived/construction_ppe3_canonical_v1_20260804_172437/images/all/train__image839.jpg,/root/autodl-tmp/datasets/derived/construction_ppe3_canonical_v1_20260804_172437/labels/all/train__image839.txt,/root/autodl-tmp/datasets/sources/construction-ppe_ultralytics_2025_v1/images/train/image839.jpg,train,839,41,f0307ef8d9658435ad762f5171b1d690f02c0f7f8469eaba4e342dc014f3d208,3564d1b268b0b232,0,1,1,False,hardlink,hardlink
group_0061,train,20,/root/autodl-tmp/datasets/derived/construction_ppe3_canonical_v1_20260804_172437/images/all/val__image824.jpg,/root/autodl-tmp/datasets/derived/construction_ppe3_canonical_v1_20260804_172437/labels/all/val__image824.txt,/root/autodl-tmp/datasets/sources/construction-ppe_ultralytics_2025_v1/images/val/image824.jpg,val,824,41,d29a9c05b2d3c6a06ccb26bed9eb8e4808d1e51463b59ada064a8adae4e86805,e7e266cddbe7e7e2,0,1,1,False,hardlink,hardlink
group_0061,train,20,/root/autodl-tmp/datasets/derived/construction_ppe3_canonical_v1_20260804_172437/images/all/val__image826.jpg,/root/autodl-tmp/datasets/derived/construction_ppe3_canonical_v1_20260804_172437/labels/all/val__image826.txt,/root/autodl-tmp/datasets/sources/construction-ppe_ultralytics_2025_v1/images/val/image826.jpg,val,826,41,64b77518d5c65fc26ab0a78df1859d00f5a66508dff8d84936091fc510be7f29,e7c76fe6d6e6e6e6,0,1,1,False,hardlink,hardlink
group_0061,train,20,/root/autodl-tmp/datasets/derived/construction_ppe3_canonical_v1_20260804_172437/images/all/test__image825.jpg,/root/autodl-tmp/datasets/derived/construction_ppe3_canonical_v1_20260804_172437/labels/all/test__image825.txt,/root/autodl-tmp/datasets/sources/construction-ppe_ultralytics_2025_v1/images/test/image825.jpg,test,825,41,3593c84ffbf7249539aaaa1af46596f2b3a0b92657817a144a1864a99b0e6027,e7e266cfc6e7c632,0,1,1,False,hardlink,hardlink
group_0061,train,20,/root/autodl-tmp/datasets/derived/construction_ppe3_canonical_v1_20260804_172437/images/all/test__image834.jpg,/root/autodl-tmp/datasets/derived/construction_ppe3_canonical_v1_20260804_172437/labels/all/test__image834.txt,/root/autodl-tmp/datasets/sources/construction-ppe_ultralytics_2025_v1/images/test/image834.jpg,test,834,41,26929b3beed1c328ae6a38d874612575fd88f900649647696ac31e85f21d707b,e6c369e6d6e7e762,0,1,1,False,hardlink,hardlink
group_0062,train,20,/root/autodl-tmp/datasets/derived/construction_ppe3_canonical_v1_20260804_172437/images/all/train__image840.jpeg,/root/autodl-tmp/datasets/derived/construction_ppe3_canonical_v1_20260804_172437/labels/all/train__image840.txt,/root/autodl-tmp/datasets/sources/construction-ppe_ultralytics_2025_v1/images/train/image840.jpeg,train,840,42,0ad235e72149877fd77109a2274fdf21a918daadd7f0a9b3e3398c6d9e9ed608,00feb39e5b9e9c00,0,1,1,False,hardlink,hardlink
group_0062,train,20,/root/autodl-tmp/datasets/derived/construction_ppe3_canonical_v1_20260804_172437/images/all/train__image841.jpg,/root/autodl-tmp/datasets/derived/construction_ppe3_canonical_v1_20260804_172437/labels/all/train__image841.txt,/root/autodl-tmp/datasets/sources/construction-ppe_ultralytics_2025_v1/images/train/image841.jpg,train,841,42,786a4988bb1a4cde0fb5545c068361faadb38a8bf19fef6362269873d9270892,606848486868ccdc,0,1,1,False,hardlink,hardlink
group_0062,train,20,/root/autodl-tmp/datasets/derived/construction_ppe3_canonical_v1_20260804_172437/images/all/train__image842.jpg,/root/autodl-tmp/datasets/derived/construction_ppe3_canonical_v1_20260804_172437/labels/all/train__image842.txt,/root/autodl-tmp/datasets/sources/construction-ppe_ultralytics_2025_v1/images/train/image842.jpg,train,842,42,ab8b1e45873d3468c282bc8c4e89eeb22c2e86a71e5d28cbc8581111f5ba2720,7564d1b26830b232,0,1,1,False,hardlink,hardlink
group_0062,train,20,/root/autodl-tmp/datasets/derived/construction_ppe3_canonical_v1_20260804_172437/images/all/train__image843.jpg,/root/autodl-tmp/datasets/derived/construction_ppe3_canonical_v1_20260804_172437/labels/all/train__image843.txt,/root/autodl-tmp/datasets/sources/construction-ppe_ultralytics_2025_v1/images/train/image843.jpg,train,843,42,b9829bf826b9696b28e08f17c9247c3a485b239aa66607379760bd47f29d7b6b,6149cb8998db83ce,0,1,1,False,hardlink,hardlink
group_0062,train,20,/root/autodl-tmp/datasets/derived/construction_ppe3_canonical_v1_20260804_172437/images/all/train__image844.jpg,/root/autodl-tmp/datasets/derived/construction_ppe3_canonical_v1_20260804_172437/labels/all/train__image844.txt,/root/autodl-tmp/datasets/sources/construction-ppe_ultralytics_2025_v1/images/train/image844.jpg,train,844,42,8631bd31aa838a7665b0bb1c413457aa289a76ad6236c258a010b1247c2908cc,7971f559d4d9894b,0,1,1,False,hardlink,hardlink
group_0062,train,20,/root/autodl-tmp/datasets/derived/construction_ppe3_canonical_v1_20260804_172437/images/all/train__image845.jpg,/root/autodl-tmp/datasets/derived/construction_ppe3_canonical_v1_20260804_172437/labels/all/train__image845.txt,/root/autodl-tmp/datasets/sources/construction-ppe_ultralytics_2025_v1/images/train/image845.jpg,train,845,42,13aa8c3aebc1471fc2677b02292bedd1a1a49be439bf7a2189e9a7c5b4e641b5,7970f559dcd9894b,0,1,1,False,hardlink,hardlink
group_0062,train,20,/root/autodl-tmp/datasets/derived/construction_ppe3_canonical_v1_20260804_172437/images/all/train__image847.jpeg,/root/autodl-tmp/datasets/derived/construction_ppe3_canonical_v1_20260804_172437/labels/all/train__image847.txt,/root/autodl-tmp/datasets/sources/construction-ppe_ultralytics_2025_v1/images/train/image847.jpeg,train,847,42,cd12bc23c27b08fc2ea81d74d353deb4bffe611f7b3dfbe741a51a496231fd1a,001081800c4e3c00,0,2,2,False,hardlink,hardlink
group_0062,train,20,/root/autodl-tmp/datasets/derived/construction_ppe3_canonical_v1_20260804_172437/images/all/train__image848.jpg,/root/autodl-tmp/datasets/derived/construction_ppe3_canonical_v1_20260804_172437/labels/all/train__image848.txt,/root/autodl-tmp/datasets/sources/construction-ppe_ultralytics_2025_v1/images/train/image848.jpg,train,848,42,0bccd21195c71a87d1531188f7d0b150265ddffcd7805104263f05bb3f0ce380,b098f89ad2d4dcda,0,2,2,False,hardlink,hardlink
group_0062,train,20,/root/autodl-tmp/datasets/derived/construction_ppe3_canonical_v1_20260804_172437/images/all/train__image849.jpg,/root/autodl-tmp/datasets/derived/construction_ppe3_canonical_v1_20260804_172437/labels/all/train__image849.txt,/root/autodl-tmp/datasets/sources/construction-ppe_ultralytics_2025_v1/images/train/image849.jpg,train,849,42,93df5742c070da6edd068338e8efbdf5009c030ef86739b9fe20a29ebc550e54,828b9eaecdd9d9e0,0,0,5,False,hardlink,hardlink
group_0062,train,20,/root/autodl-tmp/datasets/derived/construction_ppe3_canonical_v1_20260804_172437/images/all/train__image850.jpg,/root/autodl-tmp/datasets/derived/construction_ppe3_canonical_v1_20260804_172437/labels/all/train__image850.txt,/root/autodl-tmp/datasets/sources/construction-ppe_ultralytics_2025_v1/images/train/image850.jpg,train,850,42,846ffc71131c623d411997a82750ef84b5c2b091395333da1e764e912871f741,7f0c974e4c4d969f,1,1,1,False,hardlink,hardlink
group_0062,train,20,/root/autodl-tmp/datasets/derived/construction_ppe3_canonical_v1_20260804_172437/images/all/train__image851.jpg,/root/autodl-tmp/datasets/derived/construction_ppe3_canonical_v1_20260804_172437/labels/all/train__image851.txt,/root/autodl-tmp/datasets/sources/construction-ppe_ultralytics_2025_v1/images/train/image851.jpg,train,851,42,5be550531bb5bb894df339e39b105eb858c4efb4fae27d340dfe38feaeac9884,5f4b168e4c4d969f,1,1,1,False,hardlink,hardlink
group_0062,train,20,/root/autodl-tmp/datasets/derived/construction_ppe3_canonical_v1_20260804_172437/images/all/train__image853.jpg,/root/autodl-tmp/datasets/derived/construction_ppe3_canonical_v1_20260804_172437/labels/all/train__image853.txt,/root/autodl-tmp/datasets/sources/construction-ppe_ultralytics_2025_v1/images/train/image853.jpg,train,853,42,3e67c50919e601cc1365b93c9e35cff35a6ba52c559819d012815b5aeb6b6ded,0065168662e5b700,2,2,2,False,hardlink,hardlink
group_0062,train,20,/root/autodl-tmp/datasets/derived/construction_ppe3_canonical_v1_20260804_172437/images/all/train__image854.jpg,/root/autodl-tmp/datasets/derived/construction_ppe3_canonical_v1_20260804_172437/labels/all/train__image854.txt,/root/autodl-tmp/datasets/sources/construction-ppe_ultralytics_2025_v1/images/train/image854.jpg,train,854,42,c1d72fe3d896a3e983833adca731c6142f1a7561adca2407df39fdeeae84b21e,ff982c9c9a9db69b,1,1,1,False,hardlink,hardlink
group_0062,train,20,/root/autodl-tmp/datasets/derived/construction_ppe3_canonical_v1_20260804_172437/images/all/train__image855.jpg,/root/autodl-tmp/datasets/derived/construction_ppe3_canonical_v1_20260804_172437/labels/all/train__image855.txt,/root/autodl-tmp/datasets/sources/construction-ppe_ultralytics_2025_v1/images/train/image855.jpg,train,855,42,37b6e2532d97ed9f0de1d5338c2aa948c7b79fd2858dee04bfb8bed55619d41b,ffd8bc9c8c8d969b,1,1,1,False,hardlink,hardlink
group_0062,train,20,/root/autodl-tmp/datasets/derived/construction_ppe3_canonical_v1_20260804_172437/images/all/train__image856.jpg,/root/autodl-tmp/datasets/derived/construction_ppe3_canonical_v1_20260804_172437/labels/all/train__image856.txt,/root/autodl-tmp/datasets/sources/construction-ppe_ultralytics_2025_v1/images/train/image856.jpg,train,856,42,b0ba8bf1f3e2522f617ee0c7a6bc2056a4f988e4a4c61093bcc49d12d9850d3f,5bcc94cccc4cdbcd,1,1,1,False,hardlink,hardlink
group_0062,train,20,/root/autodl-tmp/datasets/derived/construction_ppe3_canonical_v1_20260804_172437/images/all/train__image857.jpg,/root/autodl-tmp/datasets/derived/construction_ppe3_canonical_v1_20260804_172437/labels/all/train__image857.txt,/root/autodl-tmp/datasets/sources/construction-ppe_ultralytics_2025_v1/images/train/image857.jpg,train,857,42,dae26b36061fc4567f6d7409460b5f4ddb4e9d1daddadc51464093fd51033b62,ec8d1f4c4c4e26c4,1,1,1,False,hardlink,hardlink
group_0062,train,20,/root/autodl-tmp/datasets/derived/construction_ppe3_canonical_v1_20260804_172437/images/all/train__image858.jpeg,/root/autodl-tmp/datasets/derived/construction_ppe3_canonical_v1_20260804_172437/labels/all/train__image858.txt,/root/autodl-tmp/datasets/sources/construction-ppe_ultralytics_2025_v1/images/train/image858.jpeg,train,858,42,1b5891b7814843faec89adae1d8d3611b57732e18db3d794fd5446783aae9350,00cf8764f7367600,2,2,2,False,hardlink,hardlink
group_0062,train,20,/root/autodl-tmp/datasets/derived/construction_ppe3_canonical_v1_20260804_172437/images/all/train__image859.jpg,/root/autodl-tmp/datasets/derived/construction_ppe3_canonical_v1_20260804_172437/labels/all/train__image859.txt,/root/autodl-tmp/datasets/sources/construction-ppe_ultralytics_2025_v1/images/train/image859.jpg,train,859,42,aacd7682cd8040a7c8734342307f9c066a99fd28118d9cb57d000dcc57340841,0048eef6ee993300,4,4,4,False,hardlink,hardlink
group_0062,train,20,/root/autodl-tmp/datasets/derived/construction_ppe3_canonical_v1_20260804_172437/images/all/val__image852.jpeg,/root/autodl-tmp/datasets/derived/construction_ppe3_canonical_v1_20260804_172437/labels/all/val__image852.txt,/root/autodl-tmp/datasets/sources/construction-ppe_ultralytics_2025_v1/images/val/image852.jpeg,val,852,42,33e7d14d10b85d60135d393faa3f39651918aebc7203c64cc821e05255479248,d4ccccccdccccccc,1,1,1,False,hardlink,hardlink
group_0062,train,20,/root/autodl-tmp/datasets/derived/construction_ppe3_canonical_v1_20260804_172437/images/all/test__image846.jpg,/root/autodl-tmp/datasets/derived/construction_ppe3_canonical_v1_20260804_172437/labels/all/test__image846.txt,/root/autodl-tmp/datasets/sources/construction-ppe_ultralytics_2025_v1/images/test/image846.jpg,test,846,42,37851e8ff9dea123e31fdee8a33c22ef8d7b2543963cfeb11d7a633ace007f25,f4664e4dc76b4795,0,1,1,False,hardlink,hardlink
group_0063,train,20,/root/autodl-tmp/datasets/derived/construction_ppe3_canonical_v1_20260804_172437/images/all/train__image861.jpg,/root/autodl-tmp/datasets/derived/construction_ppe3_canonical_v1_20260804_172437/labels/all/train__image861.txt,/root/autodl-tmp/datasets/sources/construction-ppe_ultralytics_2025_v1/images/train/image861.jpg,train,861,43,6f3b975ba7c0455f20fdb8883c080c3abcc30531b021cfda761f30b068421cb3,cd2c5fcfcd4ea3e6,1,1,1,False,hardlink,hardlink
group_0063,train,20,/root/autodl-tmp/datasets/derived/construction_ppe3_canonical_v1_20260804_172437/images/all/train__image862.jpg,/root/autodl-tmp/datasets/derived/construction_ppe3_canonical_v1_20260804_172437/labels/all/train__image862.txt,/root/autodl-tmp/datasets/sources/construction-ppe_ultralytics_2025_v1/images/train/image862.jpg,train,862,43,d48a87cc5325e7a6e06745997b1cd4594d5cada557631a69f574b34eea78b4dc,0b4c5fcfcc0f83e6,1,1,1,False,hardlink,hardlink
group_0063,train,20,/root/autodl-tmp/datasets/derived/construction_ppe3_canonical_v1_20260804_172437/images/all/train__image863.jpg,/root/autodl-tmp/datasets/derived/construction_ppe3_canonical_v1_20260804_172437/labels/all/train__image863.txt,/root/autodl-tmp/datasets/sources/construction-ppe_ultralytics_2025_v1/images/train/image863.jpg,train,863,43,ab381b82ca79c3eba82aa9abc95dc61789282193e210a736dbf8441b637da24a,4e0c5ece4d4f090b,1,1,1,False,hardlink,hardlink
group_0063,train,20,/root/autodl-tmp/datasets/derived/construction_ppe3_canonical_v1_20260804_172437/images/all/train__image864.jpg,/root/autodl-tmp/datasets/derived/construction_ppe3_canonical_v1_20260804_172437/labels/all/train__image864.txt,/root/autodl-tmp/datasets/sources/construction-ppe_ultralytics_2025_v1/images/train/image864.jpg,train,864,43,00aa43208ca73c5fe7d827d0f68a228dd703f7786d295426f1a7e7595a9eddde,c8495ece4d4f0d8b,1,1,1,False,hardlink,hardlink
group_0063,train,20,/root/autodl-tmp/datasets/derived/construction_ppe3_canonical_v1_20260804_172437/images/all/train__image865.jpeg,/root/autodl-tmp/datasets/derived/construction_ppe3_canonical_v1_20260804_172437/labels/all/train__image865.txt,/root/autodl-tmp/datasets/sources/construction-ppe_ultralytics_2025_v1/images/train/image865.jpeg,train,865,43,8635c8875af67932911b375e51508c43dd485589b75c9e250ca863c103f96c3b,d4d4d4dcdcd4d4d4,1,1,1,False,hardlink,hardlink
group_0063,train,20,/root/autodl-tmp/datasets/derived/construction_ppe3_canonical_v1_20260804_172437/images/all/train__image866.jpg,/root/autodl-tmp/datasets/derived/construction_ppe3_canonical_v1_20260804_172437/labels/all/train__image866.txt,/root/autodl-tmp/datasets/sources/construction-ppe_ultralytics_2025_v1/images/train/image866.jpg,train,866,43,8ed8125d68de3d164f05a3fc585c0e0c66889f6434e4e7e3bda0d2a5b4a82b9d,0e96e883e76b4b9c,5,6,6,False,hardlink,hardlink
group_0063,train,20,/root/autodl-tmp/datasets/derived/construction_ppe3_canonical_v1_20260804_172437/images/all/train__image869.jpg,/root/autodl-tmp/datasets/derived/construction_ppe3_canonical_v1_20260804_172437/labels/all/train__image869.txt,/root/autodl-tmp/datasets/sources/construction-ppe_ultralytics_2025_v1/images/train/image869.jpg,train,869,43,2026f042f7117b37454e1f658a6008c2be2e0a3c5ee578aed7e669ef8bb99121,ca0a5d4d4d4d8e26,1,1,1,False,hardlink,hardlink
group_0063,train,20,/root/autodl-tmp/datasets/derived/construction_ppe3_canonical_v1_20260804_172437/images/all/train__image870.jpg,/root/autodl-tmp/datasets/derived/construction_ppe3_canonical_v1_20260804_172437/labels/all/train__image870.txt,/root/autodl-tmp/datasets/sources/construction-ppe_ultralytics_2025_v1/images/train/image870.jpg,train,870,43,fd776830705400170c9bf5645ce7cdde652b0d4826a26841140ac33eb3b1e4f3,dbcfdbcc494e8ea6,1,1,1,False,hardlink,hardlink
group_0063,train,20,/root/autodl-tmp/datasets/derived/construction_ppe3_canonical_v1_20260804_172437/images/all/train__image871.jpg,/root/autodl-tmp/datasets/derived/construction_ppe3_canonical_v1_20260804_172437/labels/all/train__image871.txt,/root/autodl-tmp/datasets/sources/construction-ppe_ultralytics_2025_v1/images/train/image871.jpg,train,871,43,c68c4493bd3fc9fae8968fdc118991ec3fff0e24ca978321160d2f375244b8bb,dacadbcc4a4acea7,1,1,1,False,hardlink,hardlink
group_0063,train,20,/root/autodl-tmp/datasets/derived/construction_ppe3_canonical_v1_20260804_172437/images/all/train__image872.jpg,/root/autodl-tmp/datasets/derived/construction_ppe3_canonical_v1_20260804_172437/labels/all/train__image872.txt,/root/autodl-tmp/datasets/sources/construction-ppe_ultralytics_2025_v1/images/train/image872.jpg,train,872,43,b8bf00d1d1e3e05cf8eb0e2dd752105bbb7141e3474fec369bab57d80c8800ab,dc18dfce4a4acea7,1,1,1,False,hardlink,hardlink
group_0063,train,20,/root/autodl-tmp/datasets/derived/construction_ppe3_canonical_v1_20260804_172437/images/all/train__image873.jpeg,/root/autodl-tmp/datasets/derived/construction_ppe3_canonical_v1_20260804_172437/labels/all/train__image873.txt,/root/autodl-tmp/datasets/sources/construction-ppe_ultralytics_2025_v1/images/train/image873.jpeg,train,873,43,d22380fa8adf2d20ae88a81ab89b50d057bcedd3031b2316412de6e6b4783ee6,fcd46464646060cc,1,1,1,False,hardlink,hardlink
group_0063,train,20,/root/autodl-tmp/datasets/derived/construction_ppe3_canonical_v1_20260804_172437/images/all/train__image874.jpeg,/root/autodl-tmp/datasets/derived/construction_ppe3_canonical_v1_20260804_172437/labels/all/train__image874.txt,/root/autodl-tmp/datasets/sources/construction-ppe_ultralytics_2025_v1/images/train/image874.jpeg,train,874,43,ef469027413b976a8154b3bbb26ff1930f55d2ec942c183482e2cea16809ea12,d4d4d4d4f4d4e4d4,2,2,2,False,hardlink,hardlink
group_0063,train,20,/root/autodl-tmp/datasets/derived/construction_ppe3_canonical_v1_20260804_172437/images/all/train__image875.jpg,/root/autodl-tmp/datasets/derived/construction_ppe3_canonical_v1_20260804_172437/labels/all/train__image875.txt,/root/autodl-tmp/datasets/sources/construction-ppe_ultralytics_2025_v1/images/train/image875.jpg,train,875,43,8abf9cc8251951705d021ce8c16de78dfc6ebee94e5722c992e05342541d7d53,d4e4ec8c98d88cec,5,7,6,False,hardlink,hardlink
group_0063,train,20,/root/autodl-tmp/datasets/derived/construction_ppe3_canonical_v1_20260804_172437/images/all/train__image877.jpg,/root/autodl-tmp/datasets/derived/construction_ppe3_canonical_v1_20260804_172437/labels/all/train__image877.txt,/root/autodl-tmp/datasets/sources/construction-ppe_ultralytics_2025_v1/images/train/image877.jpg,train,877,43,83f599489a479967e27a6ac02b7309774eacac965ccb0f0136ea6425dfae12e4,3f37363627268697,1,1,1,False,hardlink,hardlink
group_0063,train,20,/root/autodl-tmp/datasets/derived/construction_ppe3_canonical_v1_20260804_172437/images/all/train__image878.jpg,/root/autodl-tmp/datasets/derived/construction_ppe3_canonical_v1_20260804_172437/labels/all/train__image878.txt,/root/autodl-tmp/datasets/sources/construction-ppe_ultralytics_2025_v1/images/train/image878.jpg,train,878,43,625442c9720658b36b4e76ee93ec060a6b6be118276f7fa23f538ed0212da62a,fecee687cd4d0d99,1,1,1,False,hardlink,hardlink
group_0063,train,20,/root/autodl-tmp/datasets/derived/construction_ppe3_canonical_v1_20260804_172437/images/all/train__image879.jpg,/root/autodl-tmp/datasets/derived/construction_ppe3_canonical_v1_20260804_172437/labels/all/train__image879.txt,/root/autodl-tmp/datasets/sources/construction-ppe_ultralytics_2025_v1/images/train/image879.jpg,train,879,43,c513cceba5586e4ba9ca62ca87c43c03da3c97889d27473fd5cfbc171e8105b1,f98de4478d4d0d98,1,1,1,False,hardlink,hardlink
group_0063,train,20,/root/autodl-tmp/datasets/derived/construction_ppe3_canonical_v1_20260804_172437/images/all/val__image867.jpg,/root/autodl-tmp/datasets/derived/construction_ppe3_canonical_v1_20260804_172437/labels/all/val__image867.txt,/root/autodl-tmp/datasets/sources/construction-ppe_ultralytics_2025_v1/images/val/image867.jpg,val,867,43,6d7539ee777383a27c859f7ce06bd54a36f971efaadded03849a774aca0dafae,4eccd88d0c4f0dcd,1,1,1,False,hardlink,hardlink
group_0063,train,20,/root/autodl-tmp/datasets/derived/construction_ppe3_canonical_v1_20260804_172437/images/all/val__image868.jpg,/root/autodl-tmp/datasets/derived/construction_ppe3_canonical_v1_20260804_172437/labels/all/val__image868.txt,/root/autodl-tmp/datasets/sources/construction-ppe_ultralytics_2025_v1/images/val/image868.jpg,val,868,43,4d5441865a8b04c1391bfc35957555e28cb68530ff8fac503e0e4d8e9653addd,cd8b480d0c4d0e26,1,1,1,False,hardlink,hardlink
group_0063,train,20,/root/autodl-tmp/datasets/derived/construction_ppe3_canonical_v1_20260804_172437/images/all/val__image876.jpg,/root/autodl-tmp/datasets/derived/construction_ppe3_canonical_v1_20260804_172437/labels/all/val__image876.txt,/root/autodl-tmp/datasets/sources/construction-ppe_ultralytics_2025_v1/images/val/image876.jpg,val,876,43,880b18e2afb46aee1bcc358b7d08a20e3174fbb85be4b596b62e6da99dfcb875,1f3fb71626368697,1,1,1,False,hardlink,hardlink
group_0063,train,20,/root/autodl-tmp/datasets/derived/construction_ppe3_canonical_v1_20260804_172437/images/all/test__image860.jpg,/root/autodl-tmp/datasets/derived/construction_ppe3_canonical_v1_20260804_172437/labels/all/test__image860.txt,/root/autodl-tmp/datasets/sources/construction-ppe_ultralytics_2025_v1/images/test/image860.jpg,test,860,43,27423bcd79c730e329d30310b92946598e3a6235bf5cdd23338e248d635c0f3c,cdad5bc4640626c6,1,1,1,False,hardlink,hardlink
group_0064,train,20,/root/autodl-tmp/datasets/derived/construction_ppe3_canonical_v1_20260804_172437/images/all/train__image880.jpg,/root/autodl-tmp/datasets/derived/construction_ppe3_canonical_v1_20260804_172437/labels/all/train__image880.txt,/root/autodl-tmp/datasets/sources/construction-ppe_ultralytics_2025_v1/images/train/image880.jpg,train,880,44,06f7d03c6d883b247ce182133ff54e6332848860c8de9d1d84f0c0359596eca0,d98d464f8d0d8dca,1,1,1,False,hardlink,hardlink
group_0064,train,20,/root/autodl-tmp/datasets/derived/construction_ppe3_canonical_v1_20260804_172437/images/all/train__image881.jpg,/root/autodl-tmp/datasets/derived/construction_ppe3_canonical_v1_20260804_172437/labels/all/train__image881.txt,/root/autodl-tmp/datasets/sources/construction-ppe_ultralytics_2025_v1/images/train/image881.jpg,train,881,44,109dfcc0e5ab3fc151eb9f9669e2e0232ee083309fc01cab2582ea61011e7941,d98f464f8f258fce,1,1,1,False,hardlink,hardlink
group_0064,train,20,/root/autodl-tmp/datasets/derived/construction_ppe3_canonical_v1_20260804_172437/images/all/train__image882.jpg,/root/autodl-tmp/datasets/derived/construction_ppe3_canonical_v1_20260804_172437/labels/all/train__image882.txt,/root/autodl-tmp/datasets/sources/construction-ppe_ultralytics_2025_v1/images/train/image882.jpg,train,882,44,b1d1d7b03f9dc4b4e4cdb5211d60706bf86e8b48d8c09cff388d1d1ad655a7d0,dbcfc6c70f2787cc,1,1,1,False,hardlink,hardlink
group_0064,train,20,/root/autodl-tmp/datasets/derived/construction_ppe3_canonical_v1_20260804_172437/images/all/train__image883.jpg,/root/autodl-tmp/datasets/derived/construction_ppe3_canonical_v1_20260804_172437/labels/all/train__image883.txt,/root/autodl-tmp/datasets/sources/construction-ppe_ultralytics_2025_v1/images/train/image883.jpg,train,883,44,c2d5c603657e6342d06b6cd2133ec451c13f03b351691ed96687f17f73895c36,d3c7c6c607a787ed,1,1,1,False,hardlink,hardlink
group_0064,train,20,/root/autodl-tmp/datasets/derived/construction_ppe3_canonical_v1_20260804_172437/images/all/train__image886.jpeg,/root/autodl-tmp/datasets/derived/construction_ppe3_canonical_v1_20260804_172437/labels/all/train__image886.txt,/root/autodl-tmp/datasets/sources/construction-ppe_ultralytics_2025_v1/images/train/image886.jpeg,train,886,44,2a34dc95abf186b79b15e31d4c02123a12f3da6021fd6425df1028b02145f0fb,00892763e7a31300,2,2,2,False,hardlink,hardlink
group_0064,train,20,/root/autodl-tmp/datasets/derived/construction_ppe3_canonical_v1_20260804_172437/images/all/train__image887.jpg,/root/autodl-tmp/datasets/derived/construction_ppe3_canonical_v1_20260804_172437/labels/all/train__image887.txt,/root/autodl-tmp/datasets/sources/construction-ppe_ultralytics_2025_v1/images/train/image887.jpg,train,887,44,88bc5a2e7a066ab7bec5d5634681b992c42d12667165b15b5941a2a577751fdf,0010007070002000,2,2,2,False,hardlink,hardlink
group_0064,train,20,/root/autodl-tmp/datasets/derived/construction_ppe3_canonical_v1_20260804_172437/images/all/train__image888.jpg,/root/autodl-tmp/datasets/derived/construction_ppe3_canonical_v1_20260804_172437/labels/all/train__image888.txt,/root/autodl-tmp/datasets/sources/construction-ppe_ultralytics_2025_v1/images/train/image888.jpg,train,888,44,cf9be88579cdf0d1ff922cdd328ee731be155eecc89261c5fa6fe987cf2e3703,0ea4838ea6a6c677,1,1,1,False,hardlink,hardlink
group_0064,train,20,/root/autodl-tmp/datasets/derived/construction_ppe3_canonical_v1_20260804_172437/images/all/train__image889.jpg,/root/autodl-tmp/datasets/derived/construction_ppe3_canonical_v1_20260804_172437/labels/all/train__image889.txt,/root/autodl-tmp/datasets/sources/construction-ppe_ultralytics_2025_v1/images/train/image889.jpg,train,889,44,3ea4b838e56836bbaaf8c4b45557b626993450731bd57627cdead7bd424349e7,0d05038ea6a6c676,1,1,1,False,hardlink,hardlink
group_0064,train,20,/root/autodl-tmp/datasets/derived/construction_ppe3_canonical_v1_20260804_172437/images/all/train__image890.jpg,/root/autodl-tmp/datasets/derived/construction_ppe3_canonical_v1_20260804_172437/labels/all/train__image890.txt,/root/autodl-tmp/datasets/sources/construction-ppe_ultralytics_2025_v1/images/train/image890.jpg,train,890,44,b5c29407bb373b3593c019d358018b8315eb96c547f3a444cb1175df631339ca,5d45030ea6a66676,1,1,1,False,hardlink,hardlink
group_0064,train,20,/root/autodl-tmp/datasets/derived/construction_ppe3_canonical_v1_20260804_172437/images/all/train__image891.jpg,/root/autodl-tmp/datasets/derived/construction_ppe3_canonical_v1_20260804_172437/labels/all/train__image891.txt,/root/autodl-tmp/datasets/sources/construction-ppe_ultralytics_2025_v1/images/train/image891.jpg,train,891,44,2f4e32768cf90017a46ab76b970033f5b766c4b3cce855fe7f5f6eb858ccfdda,bfa7124ea6a66666,1,1,1,False,hardlink,hardlink
group_0064,train,20,/root/autodl-tmp/datasets/derived/construction_ppe3_canonical_v1_20260804_172437/images/all/train__image892.jpg,/root/autodl-tmp/datasets/derived/construction_ppe3_canonical_v1_20260804_172437/labels/all/train__image892.txt,/root/autodl-tmp/datasets/sources/construction-ppe_ultralytics_2025_v1/images/train/image892.jpg,train,892,44,392756db47a18eead96c758c4da540b4ac5749f960cf9bd363b9a7baab9428e3,b6a7124e26a66666,1,1,1,False,hardlink,hardlink
group_0064,train,20,/root/autodl-tmp/datasets/derived/construction_ppe3_canonical_v1_20260804_172437/images/all/train__image893.jpg,/root/autodl-tmp/datasets/derived/construction_ppe3_canonical_v1_20260804_172437/labels/all/train__image893.txt,/root/autodl-tmp/datasets/sources/construction-ppe_ultralytics_2025_v1/images/train/image893.jpg,train,893,44,5f716a582049290c06f109cc9add9bdcc0a3da6d0f3d74b30b4355f3636500f9,6c6d13ce6626c62e,1,1,1,False,hardlink,hardlink
group_0064,train,20,/root/autodl-tmp/datasets/derived/construction_ppe3_canonical_v1_20260804_172437/images/all/train__image894.jpg,/root/autodl-tmp/datasets/derived/construction_ppe3_canonical_v1_20260804_172437/labels/all/train__image894.txt,/root/autodl-tmp/datasets/sources/construction-ppe_ultralytics_2025_v1/images/train/image894.jpg,train,894,44,518a1250da047a8e4ca7e7817f48de6791591bebfff4b02a0250786d9e2b4e92,cbcc16ce4f46cc2b,1,1,1,False,hardlink,hardlink
group_0064,train,20,/root/autodl-tmp/datasets/derived/construction_ppe3_canonical_v1_20260804_172437/images/all/train__image895.jpg,/root/autodl-tmp/datasets/derived/construction_ppe3_canonical_v1_20260804_172437/labels/all/train__image895.txt,/root/autodl-tmp/datasets/sources/construction-ppe_ultralytics_2025_v1/images/train/image895.jpg,train,895,44,c835864d2ad9c9dd05398d956e647c68822bcddeadff7da3997bca4128089a19,cb8c16cccd4ecd23,1,1,1,False,hardlink,hardlink
group_0064,train,20,/root/autodl-tmp/datasets/derived/construction_ppe3_canonical_v1_20260804_172437/images/all/train__image898.jpg,/root/autodl-tmp/datasets/derived/construction_ppe3_canonical_v1_20260804_172437/labels/all/train__image898.txt,/root/autodl-tmp/datasets/sources/construction-ppe_ultralytics_2025_v1/images/train/image898.jpg,train,898,44,7b516828360042eea9a872ef80e867309992862fcf931fc9dba97ace068ed47a,004d70979e4ead00,1,1,1,False,hardlink,hardlink
group_0064,train,20,/root/autodl-tmp/datasets/derived/construction_ppe3_canonical_v1_20260804_172437/images/all/train__image899.jpg,/root/autodl-tmp/datasets/derived/construction_ppe3_canonical_v1_20260804_172437/labels/all/train__image899.txt,/root/autodl-tmp/datasets/sources/construction-ppe_ultralytics_2025_v1/images/train/image899.jpg,train,899,44,51b8573b53d0d3c45b5eadcecd168f3860d0e142ed8904710008bfe2c41dbfc8,8a0f97cccccc4d9a,1,1,1,False,hardlink,hardlink
group_0064,train,20,/root/autodl-tmp/datasets/derived/construction_ppe3_canonical_v1_20260804_172437/images/all/val__image885.jpg,/root/autodl-tmp/datasets/derived/construction_ppe3_canonical_v1_20260804_172437/labels/all/val__image885.txt,/root/autodl-tmp/datasets/sources/construction-ppe_ultralytics_2025_v1/images/val/image885.jpg,val,885,44,11e217fbd3326aa7ef0ab0a04f1b9f18f071a1005d8890fdf03a4c7967cdd4c8,8ea4838ea626c667,1,1,1,False,hardlink,hardlink
group_0064,train,20,/root/autodl-tmp/datasets/derived/construction_ppe3_canonical_v1_20260804_172437/images/all/val__image896.jpg,/root/autodl-tmp/datasets/derived/construction_ppe3_canonical_v1_20260804_172437/labels/all/val__image896.txt,/root/autodl-tmp/datasets/sources/construction-ppe_ultralytics_2025_v1/images/val/image896.jpg,val,896,44,afb47775f2793f24459fb9e2de7392dfcd954e5a59001d30bd66e7a958490a73,cb4c378dcd4ccf26,1,1,1,False,hardlink,hardlink
group_0064,train,20,/root/autodl-tmp/datasets/derived/construction_ppe3_canonical_v1_20260804_172437/images/all/val__image897.jpeg,/root/autodl-tmp/datasets/derived/construction_ppe3_canonical_v1_20260804_172437/labels/all/val__image897.txt,/root/autodl-tmp/datasets/sources/construction-ppe_ultralytics_2025_v1/images/val/image897.jpeg,val,897,44,290be0fa63c6a7a2c93b4bb6bb4a632477082e961ee7f6b35d4932cd2ad8b36a,d4d4ccccd4dcdcc4,2,2,2,False,hardlink,hardlink
group_0064,train,20,/root/autodl-tmp/datasets/derived/construction_ppe3_canonical_v1_20260804_172437/images/all/test__image884.jpg,/root/autodl-tmp/datasets/derived/construction_ppe3_canonical_v1_20260804_172437/labels/all/test__image884.txt,/root/autodl-tmp/datasets/sources/construction-ppe_ultralytics_2025_v1/images/test/image884.jpg,test,884,44,cd3a462328ab67c6915c75ce7a0bbaf8aa172dd2e92128fcd66f28b4ebe41e7b,86a682cea626c6e6,1,1,1,False,hardlink,hardlink
group_0065,train,20,/root/autodl-tmp/datasets/derived/construction_ppe3_canonical_v1_20260804_172437/images/all/train__image900.jpg,/root/autodl-tmp/datasets/derived/construction_ppe3_canonical_v1_20260804_172437/labels/all/train__image900.txt,/root/autodl-tmp/datasets/sources/construction-ppe_ultralytics_2025_v1/images/train/image900.jpg,train,900,45,57b17a7f1f65675dc79914242fc732dbd8b86b9ec60dd6b5cb28017b30452899,8a0fd7cece864dc9,1,1,1,False,hardlink,hardlink
group_0065,train,20,/root/autodl-tmp/datasets/derived/construction_ppe3_canonical_v1_20260804_172437/images/all/train__image901.jpg,/root/autodl-tmp/datasets/derived/construction_ppe3_canonical_v1_20260804_172437/labels/all/train__image901.txt,/root/autodl-tmp/datasets/sources/construction-ppe_ultralytics_2025_v1/images/train/image901.jpg,train,901,45,003796a3accd298a1cdfe887bfaaee2301c07fcfdf78475f10301ed2e7fb17c1,0c064bc6e6e62666,1,1,1,False,hardlink,hardlink
group_0065,train,20,/root/autodl-tmp/datasets/derived/construction_ppe3_canonical_v1_20260804_172437/images/all/train__image902.jpg,/root/autodl-tmp/datasets/derived/construction_ppe3_canonical_v1_20260804_172437/labels/all/train__image902.txt,/root/autodl-tmp/datasets/sources/construction-ppe_ultralytics_2025_v1/images/train/image902.jpg,train,902,45,d5cfcfc840f62c19f7215b9830d3e9c1dc48a2976399ce401a8f0fafde916d90,04064bc7e6e7b666,1,1,1,False,hardlink,hardlink
group_0065,train,20,/root/autodl-tmp/datasets/derived/construction_ppe3_canonical_v1_20260804_172437/images/all/train__image903.jpg,/root/autodl-tmp/datasets/derived/construction_ppe3_canonical_v1_20260804_172437/labels/all/train__image903.txt,/root/autodl-tmp/datasets/sources/construction-ppe_ultralytics_2025_v1/images/train/image903.jpg,train,903,45,5b403299944fed96f38520498c7c8408c4bad6eefddd6cebbab5490d827fe2c0,0c06cbe7e6e79626,1,1,1,False,hardlink,hardlink
group_0065,train,20,/root/autodl-tmp/datasets/derived/construction_ppe3_canonical_v1_20260804_172437/images/all/train__image904.jpg,/root/autodl-tmp/datasets/derived/construction_ppe3_canonical_v1_20260804_172437/labels/all/train__image904.txt,/root/autodl-tmp/datasets/sources/construction-ppe_ultralytics_2025_v1/images/train/image904.jpg,train,904,45,055ee52c99ea9008e95fb1ba0a3f88d9a6404721c341a8c808a81c8f85d9ef6c,1d24cbcfe6e69626,1,1,1,False,hardlink,hardlink
group_0065,train,20,/root/autodl-tmp/datasets/derived/construction_ppe3_canonical_v1_20260804_172437/images/all/train__image906.jpg,/root/autodl-tmp/datasets/derived/construction_ppe3_canonical_v1_20260804_172437/labels/all/train__image906.txt,/root/autodl-tmp/datasets/sources/construction-ppe_ultralytics_2025_v1/images/train/image906.jpg,train,906,45,1bc3aefc5a15dae2e2f4e1b9eaddf6eb35d1ad3ea002c203f07e3ee9c548ce7c,ce972919981a5a99,1,1,1,False,hardlink,hardlink
group_0065,train,20,/root/autodl-tmp/datasets/derived/construction_ppe3_canonical_v1_20260804_172437/images/all/train__image907.jpeg,/root/autodl-tmp/datasets/derived/construction_ppe3_canonical_v1_20260804_172437/labels/all/train__image907.txt,/root/autodl-tmp/datasets/sources/construction-ppe_ultralytics_2025_v1/images/train/image907.jpeg,train,907,45,e75e0605cdaf125ba16fb475fa56ff50e7ddf409d6e3125137b6051bdd97fcab,dcc4dcd4dcdcf4d4,2,2,2,False,hardlink,hardlink
group_0065,train,20,/root/autodl-tmp/datasets/derived/construction_ppe3_canonical_v1_20260804_172437/images/all/train__image908.jpg,/root/autodl-tmp/datasets/derived/construction_ppe3_canonical_v1_20260804_172437/labels/all/train__image908.txt,/root/autodl-tmp/datasets/sources/construction-ppe_ultralytics_2025_v1/images/train/image908.jpg,train,908,45,85fc9fc6dd20b17ba6e11f0fd3750b555b7af6edd9d07dcab36fc6f3960d0390,00b63385d4ab9700,3,3,3,False,hardlink,hardlink
group_0065,train,20,/root/autodl-tmp/datasets/derived/construction_ppe3_canonical_v1_20260804_172437/images/all/train__image909.jpg,/root/autodl-tmp/datasets/derived/construction_ppe3_canonical_v1_20260804_172437/labels/all/train__image909.txt,/root/autodl-tmp/datasets/sources/construction-ppe_ultralytics_2025_v1/images/train/image909.jpg,train,909,45,8d99abaf8d67b806e52fdc6dbe4ce9244a44661250a08e72c88c53ccbb60c75c,c6172d99981a5b99,1,1,1,False,hardlink,hardlink
group_0065,train,20,/root/autodl-tmp/datasets/derived/construction_ppe3_canonical_v1_20260804_172437/images/all/train__image911.jpg,/root/autodl-tmp/datasets/derived/construction_ppe3_canonical_v1_20260804_172437/labels/all/train__image911.txt,/root/autodl-tmp/datasets/sources/construction-ppe_ultralytics_2025_v1/images/train/image911.jpg,train,911,45,e0c85b8aedaf67f6056b07f8fd81d27f058182e5952db280c13cab3616bba1e6,de1f2d999a0f49c9,1,1,1,False,hardlink,hardlink
group_0065,train,20,/root/autodl-tmp/datasets/derived/construction_ppe3_canonical_v1_20260804_172437/images/all/train__image912.jpg,/root/autodl-tmp/datasets/derived/construction_ppe3_canonical_v1_20260804_172437/labels/all/train__image912.txt,/root/autodl-tmp/datasets/sources/construction-ppe_ultralytics_2025_v1/images/train/image912.jpg,train,912,45,1082de576e95509dbfd6ce053bc8401c5dbd822d907adde7643df9784d9d4069,989eab9b9c2d2d6c,1,1,1,False,hardlink,hardlink
group_0065,train,20,/root/autodl-tmp/datasets/derived/construction_ppe3_canonical_v1_20260804_172437/images/all/train__image914.jpeg,/root/autodl-tmp/datasets/derived/construction_ppe3_canonical_v1_20260804_172437/labels/all/train__image914.txt,/root/autodl-tmp/datasets/sources/construction-ppe_ultralytics_2025_v1/images/train/image914.jpeg,train,914,45,c9bdd40763d6aa476c7da1b299d7b2a51633693de2f1c0cbfee0a2c78831d41c,00c0f0ccced6b400,2,2,2,False,hardlink,hardlink
group_0065,train,20,/root/autodl-tmp/datasets/derived/construction_ppe3_canonical_v1_20260804_172437/images/all/train__image915.jpg,/root/autodl-tmp/datasets/derived/construction_ppe3_canonical_v1_20260804_172437/labels/all/train__image915.txt,/root/autodl-tmp/datasets/sources/construction-ppe_ultralytics_2025_v1/images/train/image915.jpg,train,915,45,86ff2ad032df84de6eb40465af262abfd7378b909d272db7bc16979097542ef2,3000787171700030,1,1,1,False,hardlink,hardlink
group_0065,train,20,/root/autodl-tmp/datasets/derived/construction_ppe3_canonical_v1_20260804_172437/images/all/train__image916.jpg,/root/autodl-tmp/datasets/derived/construction_ppe3_canonical_v1_20260804_172437/labels/all/train__image916.txt,/root/autodl-tmp/datasets/sources/construction-ppe_ultralytics_2025_v1/images/train/image916.jpg,train,916,45,7dca87ec1f92323fceb8bc8e59b4137a9b59e9a36e18467ff0012560caf6abc4,90983b9a9a0a4949,1,1,1,False,hardlink,hardlink
group_0065,train,20,/root/autodl-tmp/datasets/derived/construction_ppe3_canonical_v1_20260804_172437/images/all/train__image917.jpg,/root/autodl-tmp/datasets/derived/construction_ppe3_canonical_v1_20260804_172437/labels/all/train__image917.txt,/root/autodl-tmp/datasets/sources/construction-ppe_ultralytics_2025_v1/images/train/image917.jpg,train,917,45,7302b6569f8ccda0fa613cbe2ca1b83972315de48ceb41c190fae625dc13a4bd,2835363634949293,1,1,1,False,hardlink,hardlink
group_0065,train,20,/root/autodl-tmp/datasets/derived/construction_ppe3_canonical_v1_20260804_172437/images/all/train__image918.jpg,/root/autodl-tmp/datasets/derived/construction_ppe3_canonical_v1_20260804_172437/labels/all/train__image918.txt,/root/autodl-tmp/datasets/sources/construction-ppe_ultralytics_2025_v1/images/train/image918.jpg,train,918,45,64c3896e800eacd04743d089fb5d98df79458329c14ca78e21fb6f5e11c05ed0,d89e9b9b9a0a49c9,1,1,1,False,hardlink,hardlink
group_0065,train,20,/root/autodl-tmp/datasets/derived/construction_ppe3_canonical_v1_20260804_172437/images/all/train__image919.jpeg,/root/autodl-tmp/datasets/derived/construction_ppe3_canonical_v1_20260804_172437/labels/all/train__image919.txt,/root/autodl-tmp/datasets/sources/construction-ppe_ultralytics_2025_v1/images/train/image919.jpeg,train,919,45,46421cd9aad18395041cd92bbe6a8a72d3816f20b6eb64b2bd878fdc428ca480,00edf2d82cece400,2,2,2,False,hardlink,hardlink
group_0065,train,20,/root/autodl-tmp/datasets/derived/construction_ppe3_canonical_v1_20260804_172437/images/all/test__image905.jpg,/root/autodl-tmp/datasets/derived/construction_ppe3_canonical_v1_20260804_172437/labels/all/test__image905.txt,/root/autodl-tmp/datasets/sources/construction-ppe_ultralytics_2025_v1/images/test/image905.jpg,test,905,45,e302f5d16695fff9cfd89f0980ce7cc5c76e81de1b09116b10c5d417f0ffa843,7b25cbcee6e68626,1,1,1,False,hardlink,hardlink
group_0065,train,20,/root/autodl-tmp/datasets/derived/construction_ppe3_canonical_v1_20260804_172437/images/all/test__image910.jpg,/root/autodl-tmp/datasets/derived/construction_ppe3_canonical_v1_20260804_172437/labels/all/test__image910.txt,/root/autodl-tmp/datasets/sources/construction-ppe_ultralytics_2025_v1/images/test/image910.jpg,test,910,45,77854ca2719c39927ec095ab13a78e87b928cc3afa3c6bb76500eeab12fb0b95,ce1f2d99980f49c9,1,1,1,False,hardlink,hardlink
group_0065,train,20,/root/autodl-tmp/datasets/derived/construction_ppe3_canonical_v1_20260804_172437/images/all/test__image913.jpg,/root/autodl-tmp/datasets/derived/construction_ppe3_canonical_v1_20260804_172437/labels/all/test__image913.txt,/root/autodl-tmp/datasets/sources/construction-ppe_ultralytics_2025_v1/images/test/image913.jpg,test,913,45,d42c645672ea42b583f93bca3189f24a0fd8d3d2cd290f7cdf266ae8680cfe51,949cab9b982d2d4c,1,1,1,False,hardlink,hardlink
group_0066,train,20,/root/autodl-tmp/datasets/derived/construction_ppe3_canonical_v1_20260804_172437/images/all/train__image920.jpg,/root/autodl-tmp/datasets/derived/construction_ppe3_canonical_v1_20260804_172437/labels/all/train__image920.txt,/root/autodl-tmp/datasets/sources/construction-ppe_ultralytics_2025_v1/images/train/image920.jpg,train,920,46,32b131a740021f7f286370547524ad52447a94820097ab27ec905119fd334d25,491f9796d78f4f55,4,4,4,False,hardlink,hardlink
group_0066,train,20,/root/autodl-tmp/datasets/derived/construction_ppe3_canonical_v1_20260804_172437/images/all/train__image924.jpeg,/root/autodl-tmp/datasets/derived/construction_ppe3_canonical_v1_20260804_172437/labels/all/train__image924.txt,/root/autodl-tmp/datasets/sources/construction-ppe_ultralytics_2025_v1/images/train/image924.jpeg,train,924,46,d7bfb370acdb317de606a2451e64504def3f22038cedeb080f475152aa313c75,00c2c29820707000,2,2,0,False,hardlink,hardlink
group_0066,train,20,/root/autodl-tmp/datasets/derived/construction_ppe3_canonical_v1_20260804_172437/images/all/train__image925.jpg,/root/autodl-tmp/datasets/derived/construction_ppe3_canonical_v1_20260804_172437/labels/all/train__image925.txt,/root/autodl-tmp/datasets/sources/construction-ppe_ultralytics_2025_v1/images/train/image925.jpg,train,925,46,5b4a89c8788fc3056b588b38dc48ca481f6c1638ae7cb80619589960f7ed65ac,feef4ccc8ecc96db,1,1,1,False,hardlink,hardlink
group_0066,train,20,/root/autodl-tmp/datasets/derived/construction_ppe3_canonical_v1_20260804_172437/images/all/train__image926.jpg,/root/autodl-tmp/datasets/derived/construction_ppe3_canonical_v1_20260804_172437/labels/all/train__image926.txt,/root/autodl-tmp/datasets/sources/construction-ppe_ultralytics_2025_v1/images/train/image926.jpg,train,926,46,ba5a7d2ee3d6680204f1c5e3c188ff02fa72de5005e7c318858b5f424cdbde17,ffef4ccc8ecc949a,1,1,1,False,hardlink,hardlink
group_0066,train,20,/root/autodl-tmp/datasets/derived/construction_ppe3_canonical_v1_20260804_172437/images/all/train__image928.jpg,/root/autodl-tmp/datasets/derived/construction_ppe3_canonical_v1_20260804_172437/labels/all/train__image928.txt,/root/autodl-tmp/datasets/sources/construction-ppe_ultralytics_2025_v1/images/train/image928.jpg,train,928,46,877d6ed7c39697ad7dd4ade2acc7ae32bb22b0c588348ccd1c923b7512b99d14,deef4ccc8cacb49a,1,1,1,False,hardlink,hardlink
group_0066,train,20,/root/autodl-tmp/datasets/derived/construction_ppe3_canonical_v1_20260804_172437/images/all/train__image929.jpg,/root/autodl-tmp/datasets/derived/construction_ppe3_canonical_v1_20260804_172437/labels/all/train__image929.txt,/root/autodl-tmp/datasets/sources/construction-ppe_ultralytics_2025_v1/images/train/image929.jpg,train,929,46,071b2ecebf54a3a2a5eb8e1e5b6945d22b6d79e4b75bbcdf901d8651f6dbea70,deefcccc8cacac92,1,1,1,False,hardlink,hardlink
group_0066,train,20,/root/autodl-tmp/datasets/derived/construction_ppe3_canonical_v1_20260804_172437/images/all/train__image930.jpeg,/root/autodl-tmp/datasets/derived/construction_ppe3_canonical_v1_20260804_172437/labels/all/train__image930.txt,/root/autodl-tmp/datasets/sources/construction-ppe_ultralytics_2025_v1/images/train/image930.jpeg,train,930,46,7bd6606c277bbde80870dda1b085ad1439d8f7e704a5f96ff66f036ddd9fa930,0099919bc3e32300,2,2,0,False,hardlink,hardlink
group_0066,train,20,/root/autodl-tmp/datasets/derived/construction_ppe3_canonical_v1_20260804_172437/images/all/train__image931.jpg,/root/autodl-tmp/datasets/derived/construction_ppe3_canonical_v1_20260804_172437/labels/all/train__image931.txt,/root/autodl-tmp/datasets/sources/construction-ppe_ultralytics_2025_v1/images/train/image931.jpg,train,931,46,350de93c04d61710fecf6ccf1710887d1d97d1fd9d75fb84931f5d9dc8e79187,0081c3e4c4e16300,1,1,1,False,hardlink,hardlink
group_0066,train,20,/root/autodl-tmp/datasets/derived/construction_ppe3_canonical_v1_20260804_172437/images/all/train__image932.jpg,/root/autodl-tmp/datasets/derived/construction_ppe3_canonical_v1_20260804_172437/labels/all/train__image932.txt,/root/autodl-tmp/datasets/sources/construction-ppe_ultralytics_2025_v1/images/train/image932.jpg,train,932,46,7ad275bc7635ec9b5b3fc6348b6ef2c577671eeb53c10a31c48de868e2d88540,dee6cccc84062ca4,1,1,1,False,hardlink,hardlink
group_0066,train,20,/root/autodl-tmp/datasets/derived/construction_ppe3_canonical_v1_20260804_172437/images/all/train__image936.jpg,/root/autodl-tmp/datasets/derived/construction_ppe3_canonical_v1_20260804_172437/labels/all/train__image936.txt,/root/autodl-tmp/datasets/sources/construction-ppe_ultralytics_2025_v1/images/train/image936.jpg,train,936,46,4454e679a3b7b2b1f2c32dd95e8e5f7a7ca0060562783a74956493758f6c904e,d2adce8ec42c4e64,1,1,1,False,hardlink,hardlink
group_0066,train,20,/root/autodl-tmp/datasets/derived/construction_ppe3_canonical_v1_20260804_172437/images/all/train__image937.jpg,/root/autodl-tmp/datasets/derived/construction_ppe3_canonical_v1_20260804_172437/labels/all/train__image937.txt,/root/autodl-tmp/datasets/sources/construction-ppe_ultralytics_2025_v1/images/train/image937.jpg,train,937,46,b4de11b1620e70ab27228648e2d93834ba006a08dbbf3cb5776e2a73928141a4,d2ad8c9ec6464664,1,1,1,False,hardlink,hardlink
group_0066,train,20,/root/autodl-tmp/datasets/derived/construction_ppe3_canonical_v1_20260804_172437/images/all/train__image938.jpg,/root/autodl-tmp/datasets/derived/construction_ppe3_canonical_v1_20260804_172437/labels/all/train__image938.txt,/root/autodl-tmp/datasets/sources/construction-ppe_ultralytics_2025_v1/images/train/image938.jpg,train,938,46,a27da03c94af0585eceb3c4377a09c7420301fb557c3da5b52ad122983f3ec38,daa5860ac6864665,1,1,1,False,hardlink,hardlink
group_0066,train,20,/root/autodl-tmp/datasets/derived/construction_ppe3_canonical_v1_20260804_172437/images/all/train__image939.jpeg,/root/autodl-tmp/datasets/derived/construction_ppe3_canonical_v1_20260804_172437/labels/all/train__image939.txt,/root/autodl-tmp/datasets/sources/construction-ppe_ultralytics_2025_v1/images/train/image939.jpeg,train,939,46,51d5b13eada2daf588506ed46f15eb94befcb5c4d40cf89800f18984c0a89820,00d4cc49d1536300,2,2,0,False,hardlink,hardlink
group_0066,train,20,/root/autodl-tmp/datasets/derived/construction_ppe3_canonical_v1_20260804_172437/images/all/val__image933.jpg,/root/autodl-tmp/datasets/derived/construction_ppe3_canonical_v1_20260804_172437/labels/all/val__image933.txt,/root/autodl-tmp/datasets/sources/construction-ppe_ultralytics_2025_v1/images/val/image933.jpg,val,933,46,87abcf35986cf155ab90fc57fe5dc73b49a07baf0e0d3a20c99390c05ec0c805,dae4c6cea4466c24,1,1,1,False,hardlink,hardlink
group_0066,train,20,/root/autodl-tmp/datasets/derived/construction_ppe3_canonical_v1_20260804_172437/images/all/test__image921.jpg,/root/autodl-tmp/datasets/derived/construction_ppe3_canonical_v1_20260804_172437/labels/all/test__image921.txt,/root/autodl-tmp/datasets/sources/construction-ppe_ultralytics_2025_v1/images/test/image921.jpg,test,921,46,5e33b0471b604355d8e5f77e912c1229a25ea95dbb153eab31c3d910471e5115,ee6f4dcc4d95a464,1,1,1,False,hardlink,hardlink
group_0066,train,20,/root/autodl-tmp/datasets/derived/construction_ppe3_canonical_v1_20260804_172437/images/all/test__image922.jpg,/root/autodl-tmp/datasets/derived/construction_ppe3_canonical_v1_20260804_172437/labels/all/test__image922.txt,/root/autodl-tmp/datasets/sources/construction-ppe_ultralytics_2025_v1/images/test/image922.jpg,test,922,46,3dca755f1adda124e6a2ee4d5c0231798b1c9a389f6a32ac8abfbeaeefd3fd72,ec67cecc4d95a464,1,1,1,False,hardlink,hardlink
group_0066,train,20,/root/autodl-tmp/datasets/derived/construction_ppe3_canonical_v1_20260804_172437/images/all/test__image923.jpg,/root/autodl-tmp/datasets/derived/construction_ppe3_canonical_v1_20260804_172437/labels/all/test__image923.txt,/root/autodl-tmp/datasets/sources/construction-ppe_ultralytics_2025_v1/images/test/image923.jpg,test,923,46,4d1a74236ab978ffec14bb333c5ef6aad3fa806f4417bba1a76d14d519222ecb,f7752eeeee6c5a49,1,1,1,False,hardlink,hardlink
group_0066,train,20,/root/autodl-tmp/datasets/derived/construction_ppe3_canonical_v1_20260804_172437/images/all/test__image927.jpg,/root/autodl-tmp/datasets/derived/construction_ppe3_canonical_v1_20260804_172437/labels/all/test__image927.txt,/root/autodl-tmp/datasets/sources/construction-ppe_ultralytics_2025_v1/images/test/image927.jpg,test,927,46,3c23def20387ad83cc3f410f89910755c7cea9af05f941053623e7d336292e47,f7ef4ccc8eccb49a,1,1,1,False,hardlink,hardlink
group_0066,train,20,/root/autodl-tmp/datasets/derived/construction_ppe3_canonical_v1_20260804_172437/images/all/test__image934.jpg,/root/autodl-tmp/datasets/derived/construction_ppe3_canonical_v1_20260804_172437/labels/all/test__image934.txt,/root/autodl-tmp/datasets/sources/construction-ppe_ultralytics_2025_v1/images/test/image934.jpg,test,934,46,0d78ba7db328800407b17690037ab53a1a3b6995a0217c491dba0dcca11d094d,daa4c6cfa4644c24,1,1,1,False,hardlink,hardlink
group_0066,train,20,/root/autodl-tmp/datasets/derived/construction_ppe3_canonical_v1_20260804_172437/images/all/test__image935.jpg,/root/autodl-tmp/datasets/derived/construction_ppe3_canonical_v1_20260804_172437/labels/all/test__image935.txt,/root/autodl-tmp/datasets/sources/construction-ppe_ultralytics_2025_v1/images/test/image935.jpg,test,935,46,623eb666a030520b56fe667d6c4c124a3e1e2b861ae5b253ed3ad5930a52c083,daa5cecfac6c4c24,1,1,1,False,hardlink,hardlink
group_0067,train,20,/root/autodl-tmp/datasets/derived/construction_ppe3_canonical_v1_20260804_172437/images/all/train__image940.jpg,/root/autodl-tmp/datasets/derived/construction_ppe3_canonical_v1_20260804_172437/labels/all/train__image940.txt,/root/autodl-tmp/datasets/sources/construction-ppe_ultralytics_2025_v1/images/train/image940.jpg,train,940,47,f14df74d97ffb078a3f36ec45ba93c01302a91c2926aee3afba0495af0ce0d32,cccd8d33d8c81a01,10,6,6,False,hardlink,hardlink
group_0067,train,20,/root/autodl-tmp/datasets/derived/construction_ppe3_canonical_v1_20260804_172437/images/all/train__image941.jpg,/root/autodl-tmp/datasets/derived/construction_ppe3_canonical_v1_20260804_172437/labels/all/train__image941.txt,/root/autodl-tmp/datasets/sources/construction-ppe_ultralytics_2025_v1/images/train/image941.jpg,train,941,47,da12e68132aa7abe57245f79ff4d30cd53174499c2462821837cd4d13be9d081,f9a5060bc786c76d,1,1,1,False,hardlink,hardlink
group_0067,train,20,/root/autodl-tmp/datasets/derived/construction_ppe3_canonical_v1_20260804_172437/images/all/train__image944.jpg,/root/autodl-tmp/datasets/derived/construction_ppe3_canonical_v1_20260804_172437/labels/all/train__image944.txt,/root/autodl-tmp/datasets/sources/construction-ppe_ultralytics_2025_v1/images/train/image944.jpg,train,944,47,ccc90c5d90aff51dce92d1b1997660a0a4eaad0a891bf2b18dd688dfe59ed2b8,d2cd0f938e4d4b8f,1,1,1,False,hardlink,hardlink
group_0067,train,20,/root/autodl-tmp/datasets/derived/construction_ppe3_canonical_v1_20260804_172437/images/all/train__image945.jpg,/root/autodl-tmp/datasets/derived/construction_ppe3_canonical_v1_20260804_172437/labels/all/train__image945.txt,/root/autodl-tmp/datasets/sources/construction-ppe_ultralytics_2025_v1/images/train/image945.jpg,train,945,47,41ce46766126ee46b24141c6899383d56e1d72cb14901cc2b448f1cc86fe8ead,f6ad8d9786ce490f,1,1,1,False,hardlink,hardlink
group_0067,train,20,/root/autodl-tmp/datasets/derived/construction_ppe3_canonical_v1_20260804_172437/images/all/train__image946.jpg,/root/autodl-tmp/datasets/derived/construction_ppe3_canonical_v1_20260804_172437/labels/all/train__image946.txt,/root/autodl-tmp/datasets/sources/construction-ppe_ultralytics_2025_v1/images/train/image946.jpg,train,946,47,694c4a84e904add1721d3c447176a8434d6f1d8a029893137e3796c0f1586fc0,e464474744672793,1,1,1,False,hardlink,hardlink
group_0067,train,20,/root/autodl-tmp/datasets/derived/construction_ppe3_canonical_v1_20260804_172437/images/all/train__image947.jpg,/root/autodl-tmp/datasets/derived/construction_ppe3_canonical_v1_20260804_172437/labels/all/train__image947.txt,/root/autodl-tmp/datasets/sources/construction-ppe_ultralytics_2025_v1/images/train/image947.jpg,train,947,47,8625da3e73bdaf2389b5fdd380ed497df3026dc9eb7c844237b25b6c2f69eb0f,f6e66767c64e92c9,1,1,1,False,hardlink,hardlink
group_0067,train,20,/root/autodl-tmp/datasets/derived/construction_ppe3_canonical_v1_20260804_172437/images/all/train__image948.jpg,/root/autodl-tmp/datasets/derived/construction_ppe3_canonical_v1_20260804_172437/labels/all/train__image948.txt,/root/autodl-tmp/datasets/sources/construction-ppe_ultralytics_2025_v1/images/train/image948.jpg,train,948,47,cc6c81cb6b94301b74ceb5c6ba260dd978205fc8e20a2adc4cc651baa084b43a,f7a427274f4a92cd,1,1,1,False,hardlink,hardlink
group_0067,train,20,/root/autodl-tmp/datasets/derived/construction_ppe3_canonical_v1_20260804_172437/images/all/train__image949.jpg,/root/autodl-tmp/datasets/derived/construction_ppe3_canonical_v1_20260804_172437/labels/all/train__image949.txt,/root/autodl-tmp/datasets/sources/construction-ppe_ultralytics_2025_v1/images/train/image949.jpg,train,949,47,2ded7d499598a16631e4d54b5e3245e5dac7f62107bb4fc59760b655cd1cea08,edac27074d8e8b4c,1,1,1,False,hardlink,hardlink
group_0067,train,20,/root/autodl-tmp/datasets/derived/construction_ppe3_canonical_v1_20260804_172437/images/all/train__image950.jpeg,/root/autodl-tmp/datasets/derived/construction_ppe3_canonical_v1_20260804_172437/labels/all/train__image950.txt,/root/autodl-tmp/datasets/sources/construction-ppe_ultralytics_2025_v1/images/train/image950.jpeg,train,950,47,acc7651830f5dab3a352503bd10a85759309d966acdd0f7f1d3dacccccfb0023,0031d9f706b2b300,2,2,0,False,hardlink,hardlink
group_0067,train,20,/root/autodl-tmp/datasets/derived/construction_ppe3_canonical_v1_20260804_172437/images/all/train__image951.jpg,/root/autodl-tmp/datasets/derived/construction_ppe3_canonical_v1_20260804_172437/labels/all/train__image951.txt,/root/autodl-tmp/datasets/sources/construction-ppe_ultralytics_2025_v1/images/train/image951.jpg,train,951,47,13a9477532f3e9fd0ec3b67a4a87668918c6d5c9662f483fee550bd4531e5500,0040a4255a266600,4,4,4,False,hardlink,hardlink
group_0067,train,20,/root/autodl-tmp/datasets/derived/construction_ppe3_canonical_v1_20260804_172437/images/all/train__image952.jpg,/root/autodl-tmp/datasets/derived/construction_ppe3_canonical_v1_20260804_172437/labels/all/train__image952.txt,/root/autodl-tmp/datasets/sources/construction-ppe_ultralytics_2025_v1/images/train/image952.jpg,train,952,47,931f53ad4701b0fd95d8d9c43f7c40a939e3e824fa87c9963b2bfa4955eb4abe,eded26074d86cb6c,1,1,1,False,hardlink,hardlink
group_0067,train,20,/root/autodl-tmp/datasets/derived/construction_ppe3_canonical_v1_20260804_172437/images/all/train__image953.jpg,/root/autodl-tmp/datasets/derived/construction_ppe3_canonical_v1_20260804_172437/labels/all/train__image953.txt,/root/autodl-tmp/datasets/sources/construction-ppe_ultralytics_2025_v1/images/train/image953.jpg,train,953,47,55699e8ecf0db39edbb66a0c2641adf7f17a6d0ff943bca99801a76b5b7ac0bd,aceca60605a44764,1,1,1,False,hardlink,hardlink
group_0067,train,20,/root/autodl-tmp/datasets/derived/construction_ppe3_canonical_v1_20260804_172437/images/all/train__image954.jpg,/root/autodl-tmp/datasets/derived/construction_ppe3_canonical_v1_20260804_172437/labels/all/train__image954.txt,/root/autodl-tmp/datasets/sources/construction-ppe_ultralytics_2025_v1/images/train/image954.jpg,train,954,47,90f5f34eae4ba25309edcf1c2c15b1d514e895ab952be03e64fbd1995aa0dde8,a6e6838306466624,1,1,1,False,hardlink,hardlink
group_0067,train,20,/root/autodl-tmp/datasets/derived/construction_ppe3_canonical_v1_20260804_172437/images/all/train__image957.jpg,/root/autodl-tmp/datasets/derived/construction_ppe3_canonical_v1_20260804_172437/labels/all/train__image957.txt,/root/autodl-tmp/datasets/sources/construction-ppe_ultralytics_2025_v1/images/train/image957.jpg,train,957,47,7474dd849b5ff01758edf1a88abe92a2ffafc78edb51e1019029cd7d4f6b6491,eec85d4b4ba9da4c,1,1,1,False,hardlink,hardlink
group_0067,train,20,/root/autodl-tmp/datasets/derived/construction_ppe3_canonical_v1_20260804_172437/images/all/train__image958.jpg,/root/autodl-tmp/datasets/derived/construction_ppe3_canonical_v1_20260804_172437/labels/all/train__image958.txt,/root/autodl-tmp/datasets/sources/construction-ppe_ultralytics_2025_v1/images/train/image958.jpg,train,958,47,a3b602745638a2b58421be9d0abc1a443f3c8af9901ea8d611fa9d6f081e4b91,ee8c1d4b4b89db4c,1,1,1,False,hardlink,hardlink
group_0067,train,20,/root/autodl-tmp/datasets/derived/construction_ppe3_canonical_v1_20260804_172437/images/all/train__image959.jpg,/root/autodl-tmp/datasets/derived/construction_ppe3_canonical_v1_20260804_172437/labels/all/train__image959.txt,/root/autodl-tmp/datasets/sources/construction-ppe_ultralytics_2025_v1/images/train/image959.jpg,train,959,47,b10e192b40dca59122bea48fe12183b0927457e37d53b40b1bc02db3336ad429,ea8c1d4b4989db4c,1,1,1,False,hardlink,hardlink
group_0067,train,20,/root/autodl-tmp/datasets/derived/construction_ppe3_canonical_v1_20260804_172437/images/all/val__image942.jpg,/root/autodl-tmp/datasets/derived/construction_ppe3_canonical_v1_20260804_172437/labels/all/val__image942.txt,/root/autodl-tmp/datasets/sources/construction-ppe_ultralytics_2025_v1/images/val/image942.jpg,val,942,47,be57e4ca67e646e120ca1c3511238ee542c4a25e7023e2c10c3e2386ed152817,fba5070b478d854d,1,1,1,False,hardlink,hardlink
group_0067,train,20,/root/autodl-tmp/datasets/derived/construction_ppe3_canonical_v1_20260804_172437/images/all/val__image955.jpg,/root/autodl-tmp/datasets/derived/construction_ppe3_canonical_v1_20260804_172437/labels/all/val__image955.txt,/root/autodl-tmp/datasets/sources/construction-ppe_ultralytics_2025_v1/images/val/image955.jpg,val,955,47,ad591fd1beefa8aa1df88007994d6579ed4f042300b1759c6ea5205ce847b802,d6e6838346562626,1,1,1,False,hardlink,hardlink
group_0067,train,20,/root/autodl-tmp/datasets/derived/construction_ppe3_canonical_v1_20260804_172437/images/all/test__image943.jpg,/root/autodl-tmp/datasets/derived/construction_ppe3_canonical_v1_20260804_172437/labels/all/test__image943.txt,/root/autodl-tmp/datasets/sources/construction-ppe_ultralytics_2025_v1/images/test/image943.jpg,test,943,47,9c3c59301618682d15a62d0bb44e5d81b6965787070df8be8c7725b9a31c1e1a,d3ec0e138f4d0e87,1,1,1,False,hardlink,hardlink
group_0067,train,20,/root/autodl-tmp/datasets/derived/construction_ppe3_canonical_v1_20260804_172437/images/all/test__image956.jpg,/root/autodl-tmp/datasets/derived/construction_ppe3_canonical_v1_20260804_172437/labels/all/test__image956.txt,/root/autodl-tmp/datasets/sources/construction-ppe_ultralytics_2025_v1/images/test/image956.jpg,test,956,47,9774b409d85c182dd40b97662485178dbb6a2f0f2615ac602e6e0c5111e31698,f6e6d383a35626a6,1,1,1,False,hardlink,hardlink
group_0068,train,20,/root/autodl-tmp/datasets/derived/construction_ppe3_canonical_v1_20260804_172437/images/all/train__image960.jpg,/root/autodl-tmp/datasets/derived/construction_ppe3_canonical_v1_20260804_172437/labels/all/train__image960.txt,/root/autodl-tmp/datasets/sources/construction-ppe_ultralytics_2025_v1/images/train/image960.jpg,train,960,48,be88cbaa32e1cbfdcebdf2ed5bd99f407f44b168f706df745ad5f33eb43488ca,ea891d490999d96c,1,1,1,False,hardlink,hardlink
group_0068,train,20,/root/autodl-tmp/datasets/derived/construction_ppe3_canonical_v1_20260804_172437/images/all/train__image962.jpg,/root/autodl-tmp/datasets/derived/construction_ppe3_canonical_v1_20260804_172437/labels/all/train__image962.txt,/root/autodl-tmp/datasets/sources/construction-ppe_ultralytics_2025_v1/images/train/image962.jpg,train,962,48,aac376e4e38fc831087a352ad3353b0d4751c5d3f33bf550d5e4fd371dd8d295,00c0c0e0e8ecd400,3,3,2,False,hardlink,hardlink
group_0068,train,20,/root/autodl-tmp/datasets/derived/construction_ppe3_canonical_v1_20260804_172437/images/all/train__image963.jpeg,/root/autodl-tmp/datasets/derived/construction_ppe3_canonical_v1_20260804_172437/labels/all/train__image963.txt,/root/autodl-tmp/datasets/sources/construction-ppe_ultralytics_2025_v1/images/train/image963.jpeg,train,963,48,ba0790cdd91354c68910a7164d2f347dbacff13b3afa66c0e422e193c76e0fc8,00616446c3434300,1,1,0,False,hardlink,hardlink
group_0068,train,20,/root/autodl-tmp/datasets/derived/construction_ppe3_canonical_v1_20260804_172437/images/all/train__image964.jpg,/root/autodl-tmp/datasets/derived/construction_ppe3_canonical_v1_20260804_172437/labels/all/train__image964.txt,/root/autodl-tmp/datasets/sources/construction-ppe_ultralytics_2025_v1/images/train/image964.jpg,train,964,48,3857212354c519e136911ec99d99948b8e5d317a7eb20157d040f27ff828b7d0,00da9890b28e8600,5,5,3,False,hardlink,hardlink
group_0068,train,20,/root/autodl-tmp/datasets/derived/construction_ppe3_canonical_v1_20260804_172437/images/all/train__image966.jpg,/root/autodl-tmp/datasets/derived/construction_ppe3_canonical_v1_20260804_172437/labels/all/train__image966.txt,/root/autodl-tmp/datasets/sources/construction-ppe_ultralytics_2025_v1/images/train/image966.jpg,train,966,48,8defd3192af89fbd4a249d818c9609406b5bebfd3aac675828e498c29c6b244e,aacc0c4989dc4964,1,1,1,False,hardlink,hardlink
group_0068,train,20,/root/autodl-tmp/datasets/derived/construction_ppe3_canonical_v1_20260804_172437/images/all/train__image967.jpg,/root/autodl-tmp/datasets/derived/construction_ppe3_canonical_v1_20260804_172437/labels/all/train__image967.txt,/root/autodl-tmp/datasets/sources/construction-ppe_ultralytics_2025_v1/images/train/image967.jpg,train,967,48,aecf1902695b1c18f94e59ab0f7d49fafca2d1eb8efb2d29b09943cdd6ac9535,afcc8c8ccc4c6c36,1,1,1,False,hardlink,hardlink
group_0068,train,20,/root/autodl-tmp/datasets/derived/construction_ppe3_canonical_v1_20260804_172437/images/all/train__image968.jpg,/root/autodl-tmp/datasets/derived/construction_ppe3_canonical_v1_20260804_172437/labels/all/train__image968.txt,/root/autodl-tmp/datasets/sources/construction-ppe_ultralytics_2025_v1/images/train/image968.jpg,train,968,48,e1d7ece201f2a0a4836c18d824a293b0f3534440bb190ea5a26043802e2a0b51,afcc8c8c4c4c2c36,1,1,1,False,hardlink,hardlink
group_0068,train,20,/root/autodl-tmp/datasets/derived/construction_ppe3_canonical_v1_20260804_172437/images/all/train__image969.jpg,/root/autodl-tmp/datasets/derived/construction_ppe3_canonical_v1_20260804_172437/labels/all/train__image969.txt,/root/autodl-tmp/datasets/sources/construction-ppe_ultralytics_2025_v1/images/train/image969.jpg,train,969,48,4e568da73317fcc682eac20d2f24cd057e8c76a18be8955d2826983acf7121eb,b7ccc8c8cc4a2cb6,1,1,1,False,hardlink,hardlink
group_0068,train,20,/root/autodl-tmp/datasets/derived/construction_ppe3_canonical_v1_20260804_172437/images/all/train__image970.jpeg,/root/autodl-tmp/datasets/derived/construction_ppe3_canonical_v1_20260804_172437/labels/all/train__image970.txt,/root/autodl-tmp/datasets/sources/construction-ppe_ultralytics_2025_v1/images/train/image970.jpeg,train,970,48,1bc3158b4b80a0e34dbb7bb89a2890e474a4623ee724d524fd9d74c5c96a9f1f,dcc4d4d8c8c8c8c0,1,0,0,False,hardlink,hardlink
group_0068,train,20,/root/autodl-tmp/datasets/derived/construction_ppe3_canonical_v1_20260804_172437/images/all/train__image971.jpg,/root/autodl-tmp/datasets/derived/construction_ppe3_canonical_v1_20260804_172437/labels/all/train__image971.txt,/root/autodl-tmp/datasets/sources/construction-ppe_ultralytics_2025_v1/images/train/image971.jpg,train,971,48,df7bf784d76e438943689801c803f00f7dbf40f90799d43ee0307d61a989b261,80f8ecb0302c4d05,1,1,1,False,hardlink,hardlink
group_0068,train,20,/root/autodl-tmp/datasets/derived/construction_ppe3_canonical_v1_20260804_172437/images/all/train__image972.jpg,/root/autodl-tmp/datasets/derived/construction_ppe3_canonical_v1_20260804_172437/labels/all/train__image972.txt,/root/autodl-tmp/datasets/sources/construction-ppe_ultralytics_2025_v1/images/train/image972.jpg,train,972,48,c6e929ee85eed4ab77c02e9b3539c91aec7d6e1d0cc1ab97be24c00d8cb41a4a,bfcccdcc4c4a2cb6,1,1,1,False,hardlink,hardlink
group_0068,train,20,/root/autodl-tmp/datasets/derived/construction_ppe3_canonical_v1_20260804_172437/images/all/train__image973.jpg,/root/autodl-tmp/datasets/derived/construction_ppe3_canonical_v1_20260804_172437/labels/all/train__image973.txt,/root/autodl-tmp/datasets/sources/construction-ppe_ultralytics_2025_v1/images/train/image973.jpg,train,973,48,889e52a9ac8ceb683c0afb407779e9c56c6cbf50eb4b7a0989d06f9d58bc7bf0,ffe4878c846e24b2,1,1,1,False,hardlink,hardlink
group_0068,train,20,/root/autodl-tmp/datasets/derived/construction_ppe3_canonical_v1_20260804_172437/images/all/train__image974.jpg,/root/autodl-tmp/datasets/derived/construction_ppe3_canonical_v1_20260804_172437/labels/all/train__image974.txt,/root/autodl-tmp/datasets/sources/construction-ppe_ultralytics_2025_v1/images/train/image974.jpg,train,974,48,c6f87fa50762ee3055c77e585f72aa83b2be5217136e81b170a611e65bb4d335,fde487ac0c4e24b2,1,1,1,False,hardlink,hardlink
group_0068,train,20,/root/autodl-tmp/datasets/derived/construction_ppe3_canonical_v1_20260804_172437/images/all/train__image975.jpg,/root/autodl-tmp/datasets/derived/construction_ppe3_canonical_v1_20260804_172437/labels/all/train__image975.txt,/root/autodl-tmp/datasets/sources/construction-ppe_ultralytics_2025_v1/images/train/image975.jpg,train,975,48,988377327e4c6dec26528748f2c94a2749d10ccdf9b755cb25408b557f7cb157,efcccdcc0c4e2cb6,1,1,1,False,hardlink,hardlink
group_0068,train,20,/root/autodl-tmp/datasets/derived/construction_ppe3_canonical_v1_20260804_172437/images/all/train__image976.jpeg,/root/autodl-tmp/datasets/derived/construction_ppe3_canonical_v1_20260804_172437/labels/all/train__image976.txt,/root/autodl-tmp/datasets/sources/construction-ppe_ultralytics_2025_v1/images/train/image976.jpeg,train,976,48,c869d7e9d283fd3118e0b27af7f7ba54df16e54f289b9983c7bcf3dbe9d41f9b,e0e0c8c4e4c4c4c4,1,1,0,False,hardlink,hardlink
group_0068,train,20,/root/autodl-tmp/datasets/derived/construction_ppe3_canonical_v1_20260804_172437/images/all/train__image977.jpg,/root/autodl-tmp/datasets/derived/construction_ppe3_canonical_v1_20260804_172437/labels/all/train__image977.txt,/root/autodl-tmp/datasets/sources/construction-ppe_ultralytics_2025_v1/images/train/image977.jpg,train,977,48,12598aa2464c68d9141887be65344f55fac5adea46c5bf0584b9a5753b39d25d,afcc8c8c0c4e2cb6,1,1,1,False,hardlink,hardlink
group_0068,train,20,/root/autodl-tmp/datasets/derived/construction_ppe3_canonical_v1_20260804_172437/images/all/train__image978.jpg,/root/autodl-tmp/datasets/derived/construction_ppe3_canonical_v1_20260804_172437/labels/all/train__image978.txt,/root/autodl-tmp/datasets/sources/construction-ppe_ultralytics_2025_v1/images/train/image978.jpg,train,978,48,894faf7701b6374cd7311b36c519e45cadf829523a0d245839f66cdb00bcc883,a5c48ecc044e2c36,1,1,1,False,hardlink,hardlink
group_0068,train,20,/root/autodl-tmp/datasets/derived/construction_ppe3_canonical_v1_20260804_172437/images/all/val__image961.jpeg,/root/autodl-tmp/datasets/derived/construction_ppe3_canonical_v1_20260804_172437/labels/all/val__image961.txt,/root/autodl-tmp/datasets/sources/construction-ppe_ultralytics_2025_v1/images/val/image961.jpeg,val,961,48,c429a3a349cfc31ad92ecce974957f7447bfc02136b1b4da656409c46758dd6e,d0d8f8dce4e4ecc8,1,1,1,False,hardlink,hardlink
group_0068,train,20,/root/autodl-tmp/datasets/derived/construction_ppe3_canonical_v1_20260804_172437/images/all/test__image965.jpg,/root/autodl-tmp/datasets/derived/construction_ppe3_canonical_v1_20260804_172437/labels/all/test__image965.txt,/root/autodl-tmp/datasets/sources/construction-ppe_ultralytics_2025_v1/images/test/image965.jpg,test,965,48,ede7fc001c1f63e18ac40d7cf567a213bebc85e39dad365de3b1396c7aa2e69b,6a891c490999496c,1,1,1,False,hardlink,hardlink
group_0068,train,20,/root/autodl-tmp/datasets/derived/construction_ppe3_canonical_v1_20260804_172437/images/all/test__image979.jpg,/root/autodl-tmp/datasets/derived/construction_ppe3_canonical_v1_20260804_172437/labels/all/test__image979.txt,/root/autodl-tmp/datasets/sources/construction-ppe_ultralytics_2025_v1/images/test/image979.jpg,test,979,48,bc957741ce7504c432b512e3b8ff89ab5668b3a90387bc3c1b252d7d317e73a6,adcc9acc8c4e6c26,1,1,1,False,hardlink,hardlink
group_0069,train,20,/root/autodl-tmp/datasets/derived/construction_ppe3_canonical_v1_20260804_172437/images/all/train__image980.jpg,/root/autodl-tmp/datasets/derived/construction_ppe3_canonical_v1_20260804_172437/labels/all/train__image980.txt,/root/autodl-tmp/datasets/sources/construction-ppe_ultralytics_2025_v1/images/train/image980.jpg,train,980,49,1efa19df377f575cb8a50e3db483665e070de8763f28ccd2c92f29ae25bebf19,e0cc4dcdcc4f45da,1,1,1,False,hardlink,hardlink
group_0069,train,20,/root/autodl-tmp/datasets/derived/construction_ppe3_canonical_v1_20260804_172437/images/all/train__image982.jpg,/root/autodl-tmp/datasets/derived/construction_ppe3_canonical_v1_20260804_172437/labels/all/train__image982.txt,/root/autodl-tmp/datasets/sources/construction-ppe_ultralytics_2025_v1/images/train/image982.jpg,train,982,49,18dd6356874c220e200917d58839b3b3c1e4423b1515b3f3fc1187374e4ee4d5,8e868e92c7cecec6,1,1,1,False,hardlink,hardlink
group_0069,train,20,/root/autodl-tmp/datasets/derived/construction_ppe3_canonical_v1_20260804_172437/images/all/train__image983.jpg,/root/autodl-tmp/datasets/derived/construction_ppe3_canonical_v1_20260804_172437/labels/all/train__image983.txt,/root/autodl-tmp/datasets/sources/construction-ppe_ultralytics_2025_v1/images/train/image983.jpg,train,983,49,a967e9262dc6881d588fcc112336f951f311c0dd065ed551c858e34be274997e,e00ccdc78e4e8d96,1,1,1,False,hardlink,hardlink
group_0069,train,20,/root/autodl-tmp/datasets/derived/construction_ppe3_canonical_v1_20260804_172437/images/all/train__image984.jpg,/root/autodl-tmp/datasets/derived/construction_ppe3_canonical_v1_20260804_172437/labels/all/train__image984.txt,/root/autodl-tmp/datasets/sources/construction-ppe_ultralytics_2025_v1/images/train/image984.jpg,train,984,49,dc0764076ac39cae9eb6380f50d6092d1d0652ce349ff081a1c7dd0dcd9d1c74,e08ccdd58e4e8d96,1,1,1,False,hardlink,hardlink
group_0069,train,20,/root/autodl-tmp/datasets/derived/construction_ppe3_canonical_v1_20260804_172437/images/all/train__image985.jpg,/root/autodl-tmp/datasets/derived/construction_ppe3_canonical_v1_20260804_172437/labels/all/train__image985.txt,/root/autodl-tmp/datasets/sources/construction-ppe_ultralytics_2025_v1/images/train/image985.jpg,train,985,49,a3d025db23007208c2f620d7c7818ce2ab04068d2c07ed0c1c69ad825e337b6f,e08ccf9d8c4d8f96,1,1,1,False,hardlink,hardlink
group_0069,train,20,/root/autodl-tmp/datasets/derived/construction_ppe3_canonical_v1_20260804_172437/images/all/train__image986.jpg,/root/autodl-tmp/datasets/derived/construction_ppe3_canonical_v1_20260804_172437/labels/all/train__image986.txt,/root/autodl-tmp/datasets/sources/construction-ppe_ultralytics_2025_v1/images/train/image986.jpg,train,986,49,7b4d3fc822d506ea3aad16a4e1ff1f20c7487adb421ab3feaed3799317a823a5,c08ccb9d8ccd8d86,1,1,1,False,hardlink,hardlink
group_0069,train,20,/root/autodl-tmp/datasets/derived/construction_ppe3_canonical_v1_20260804_172437/images/all/train__image988.jpeg,/root/autodl-tmp/datasets/derived/construction_ppe3_canonical_v1_20260804_172437/labels/all/train__image988.txt,/root/autodl-tmp/datasets/sources/construction-ppe_ultralytics_2025_v1/images/train/image988.jpeg,train,988,49,8486b3500039bba2e318ad925e5ded563027342003d88c18dd52a2d604d80130,ccccccc4c2d0c0c4,2,0,0,False,hardlink,hardlink
group_0069,train,20,/root/autodl-tmp/datasets/derived/construction_ppe3_canonical_v1_20260804_172437/images/all/train__image990.jpg,/root/autodl-tmp/datasets/derived/construction_ppe3_canonical_v1_20260804_172437/labels/all/train__image990.txt,/root/autodl-tmp/datasets/sources/construction-ppe_ultralytics_2025_v1/images/train/image990.jpg,train,990,49,5fdc90e04d2bae047579a740e59fd1ced7745189ae7de535230bfd880e7d292a,c09ccf968fcd8d06,1,1,1,False,hardlink,hardlink
group_0069,train,20,/root/autodl-tmp/datasets/derived/construction_ppe3_canonical_v1_20260804_172437/images/all/train__image991.jpg,/root/autodl-tmp/datasets/derived/construction_ppe3_canonical_v1_20260804_172437/labels/all/train__image991.txt,/root/autodl-tmp/datasets/sources/construction-ppe_ultralytics_2025_v1/images/train/image991.jpg,train,991,49,746a4bfa29acb34f52eb1f7badf14493c342bdaee2abde31e9a7d5a16f5c01d8,c09ccf968fcf4d1e,1,1,1,False,hardlink,hardlink
group_0069,train,20,/root/autodl-tmp/datasets/derived/construction_ppe3_canonical_v1_20260804_172437/images/all/train__image992.jpg,/root/autodl-tmp/datasets/derived/construction_ppe3_canonical_v1_20260804_172437/labels/all/train__image992.txt,/root/autodl-tmp/datasets/sources/construction-ppe_ultralytics_2025_v1/images/train/image992.jpg,train,992,49,0778def5881c9301c49072e2497ddc1e20edec83dbd897485e020d7be5c8ec4b,809c8b968e8f5d1e,1,1,1,False,hardlink,hardlink
group_0069,train,20,/root/autodl-tmp/datasets/derived/construction_ppe3_canonical_v1_20260804_172437/images/all/train__image993.jpg,/root/autodl-tmp/datasets/derived/construction_ppe3_canonical_v1_20260804_172437/labels/all/train__image993.txt,/root/autodl-tmp/datasets/sources/construction-ppe_ultralytics_2025_v1/images/train/image993.jpg,train,993,49,8c4533b13040ede0593ede46824f46fdcd58a1593200264426cc6566b60f3687,98988f368e9f4506,1,1,1,False,hardlink,hardlink
group_0069,train,20,/root/autodl-tmp/datasets/derived/construction_ppe3_canonical_v1_20260804_172437/images/all/train__image994.jpg,/root/autodl-tmp/datasets/derived/construction_ppe3_canonical_v1_20260804_172437/labels/all/train__image994.txt,/root/autodl-tmp/datasets/sources/construction-ppe_ultralytics_2025_v1/images/train/image994.jpg,train,994,49,6f4c1b902710e5241cc60ada65bcd8097ca0691c3f1791396b54e44fe414af01,989c8f9696960506,1,1,1,False,hardlink,hardlink
group_0069,train,20,/root/autodl-tmp/datasets/derived/construction_ppe3_canonical_v1_20260804_172437/images/all/train__image995.jpg,/root/autodl-tmp/datasets/derived/construction_ppe3_canonical_v1_20260804_172437/labels/all/train__image995.txt,/root/autodl-tmp/datasets/sources/construction-ppe_ultralytics_2025_v1/images/train/image995.jpg,train,995,49,3ac0aeb60bec34d7a09013790b348169f2462e786faf090cee2a67d8ea198300,181c87169f8f0d86,1,1,1,False,hardlink,hardlink
group_0069,train,20,/root/autodl-tmp/datasets/derived/construction_ppe3_canonical_v1_20260804_172437/images/all/train__image996.jpg,/root/autodl-tmp/datasets/derived/construction_ppe3_canonical_v1_20260804_172437/labels/all/train__image996.txt,/root/autodl-tmp/datasets/sources/construction-ppe_ultralytics_2025_v1/images/train/image996.jpg,train,996,49,7be5e015388dd664262cf2806ca7167e0746a7b4483777d6b7024a280f99dd2b,1c1c8716870d0c86,1,1,1,False,hardlink,hardlink
group_0069,train,20,/root/autodl-tmp/datasets/derived/construction_ppe3_canonical_v1_20260804_172437/images/all/train__image998.jpg,/root/autodl-tmp/datasets/derived/construction_ppe3_canonical_v1_20260804_172437/labels/all/train__image998.txt,/root/autodl-tmp/datasets/sources/construction-ppe_ultralytics_2025_v1/images/train/image998.jpg,train,998,49,b985e7b640b335e319bab38c8a4542d76f5f775deb822bc4a0dc4f14397e538e,3c2c97969e0f4d0c,1,1,1,False,hardlink,hardlink
group_0069,train,20,/root/autodl-tmp/datasets/derived/construction_ppe3_canonical_v1_20260804_172437/images/all/val__image981.jpeg,/root/autodl-tmp/datasets/derived/construction_ppe3_canonical_v1_20260804_172437/labels/all/val__image981.txt,/root/autodl-tmp/datasets/sources/construction-ppe_ultralytics_2025_v1/images/val/image981.jpeg,val,981,49,7f511a022cd162fa1e6307f4bdcdca85467ed8f060c69eb64b4ace8f55e78a67,00c6062646464600,2,0,0,False,hardlink,hardlink
group_0069,train,20,/root/autodl-tmp/datasets/derived/construction_ppe3_canonical_v1_20260804_172437/images/all/val__image989.jpg,/root/autodl-tmp/datasets/derived/construction_ppe3_canonical_v1_20260804_172437/labels/all/val__image989.txt,/root/autodl-tmp/datasets/sources/construction-ppe_ultralytics_2025_v1/images/val/image989.jpg,val,989,49,e01bf75987316ec54c6bfe103f502f7f1d067d54df6f803ac9e11136d7c90024,f0e8cc3230084c0c,1,1,1,False,hardlink,hardlink
group_0069,train,20,/root/autodl-tmp/datasets/derived/construction_ppe3_canonical_v1_20260804_172437/images/all/val__image997.jpg,/root/autodl-tmp/datasets/derived/construction_ppe3_canonical_v1_20260804_172437/labels/all/val__image997.txt,/root/autodl-tmp/datasets/sources/construction-ppe_ultralytics_2025_v1/images/val/image997.jpg,val,997,49,9f1b5b8ab1876eba4647db201fa4a341832f94f53646c698f658a8e78fcf8880,1c0c9716970d0c9e,1,1,1,False,hardlink,hardlink
group_0069,train,20,/root/autodl-tmp/datasets/derived/construction_ppe3_canonical_v1_20260804_172437/images/all/test__image987.jpg,/root/autodl-tmp/datasets/derived/construction_ppe3_canonical_v1_20260804_172437/labels/all/test__image987.txt,/root/autodl-tmp/datasets/sources/construction-ppe_ultralytics_2025_v1/images/test/image987.jpg,test,987,49,d4cba8bc6f37a638b282253904bd19164682371a7fcef759a20a707e24b98898,c09ccf978ecd8d86,1,1,1,False,hardlink,hardlink
group_0069,train,20,/root/autodl-tmp/datasets/derived/construction_ppe3_canonical_v1_20260804_172437/images/all/test__image999.jpg,/root/autodl-tmp/datasets/derived/construction_ppe3_canonical_v1_20260804_172437/labels/all/test__image999.txt,/root/autodl-tmp/datasets/sources/construction-ppe_ultralytics_2025_v1/images/test/image999.jpg,test,999,49,7a962fbadbf7d1a9e1939741cc85e4615674cb365eb9d25cab2a969057f4124c,3c0c9e9d8e4c590c,1,1,1,False,hardlink,hardlink
group_0070,train,19,/root/autodl-tmp/datasets/derived/construction_ppe3_canonical_v1_20260804_172437/images/all/train__image13.jpeg,/root/autodl-tmp/datasets/derived/construction_ppe3_canonical_v1_20260804_172437/labels/all/train__image13.txt,/root/autodl-tmp/datasets/sources/construction-ppe_ultralytics_2025_v1/images/train/image13.jpeg,train,13,0,9459c36ca17fadd3e93078833c3cd230a3903231c4ff8d418e52b2d45dac6f55,fcdccce4e4d4c4c4,1,1,1,False,hardlink,hardlink
group_0070,train,19,/root/autodl-tmp/datasets/derived/construction_ppe3_canonical_v1_20260804_172437/images/all/train__image14.jpeg,/root/autodl-tmp/datasets/derived/construction_ppe3_canonical_v1_20260804_172437/labels/all/train__image14.txt,/root/autodl-tmp/datasets/sources/construction-ppe_ultralytics_2025_v1/images/train/image14.jpeg,train,14,0,80b4280f26af8a35917b4fcc5e3a350e8cb2b1af6ca68e764fc33a2cb0a0cc0d,dcdcdce4d0f0fcd4,3,2,3,False,hardlink,hardlink
group_0070,train,19,/root/autodl-tmp/datasets/derived/construction_ppe3_canonical_v1_20260804_172437/images/all/train__image15.jpg,/root/autodl-tmp/datasets/derived/construction_ppe3_canonical_v1_20260804_172437/labels/all/train__image15.txt,/root/autodl-tmp/datasets/sources/construction-ppe_ultralytics_2025_v1/images/train/image15.jpg,train,15,0,31efc8d7d53c63b7bac43da7c1411052be021c46a0029b21e604bb0a705135cf,0513131a9a9b0606,1,1,1,False,hardlink,hardlink
group_0070,train,19,/root/autodl-tmp/datasets/derived/construction_ppe3_canonical_v1_20260804_172437/images/all/train__image16.jpeg,/root/autodl-tmp/datasets/derived/construction_ppe3_canonical_v1_20260804_172437/labels/all/train__image16.txt,/root/autodl-tmp/datasets/sources/construction-ppe_ultralytics_2025_v1/images/train/image16.jpeg,train,16,0,37ded053294353da59dfbd6f0bbe43a7a68a18ee5b4ce6297aeca95daa134ca6,004804060f560300,2,2,2,False,hardlink,hardlink
group_0070,train,19,/root/autodl-tmp/datasets/derived/construction_ppe3_canonical_v1_20260804_172437/images/all/train__image17.jpg,/root/autodl-tmp/datasets/derived/construction_ppe3_canonical_v1_20260804_172437/labels/all/train__image17.txt,/root/autodl-tmp/datasets/sources/construction-ppe_ultralytics_2025_v1/images/train/image17.jpg,train,17,0,6a0513798a9c7f1f8bb0486f54e72c74c7de0b142c80050c05b21055ce405f00,0b1b091d180b0606,1,1,1,False,hardlink,hardlink
group_0070,train,19,/root/autodl-tmp/datasets/derived/construction_ppe3_canonical_v1_20260804_172437/images/all/train__image18.jpeg,/root/autodl-tmp/datasets/derived/construction_ppe3_canonical_v1_20260804_172437/labels/all/train__image18.txt,/root/autodl-tmp/datasets/sources/construction-ppe_ultralytics_2025_v1/images/train/image18.jpeg,train,18,0,d1b7bdd859946e613783a2191f8a02ffa074ae95eb13a2a433c92d0ada0a5bab,00ece6e7cecea400,2,2,0,False,hardlink,hardlink
group_0070,train,19,/root/autodl-tmp/datasets/derived/construction_ppe3_canonical_v1_20260804_172437/images/all/train__image19.jpeg,/root/autodl-tmp/datasets/derived/construction_ppe3_canonical_v1_20260804_172437/labels/all/train__image19.txt,/root/autodl-tmp/datasets/sources/construction-ppe_ultralytics_2025_v1/images/train/image19.jpeg,train,19,0,672b6e1d92d48649d4613672adac3c72c94e50004b413c0381be9898136a4ba3,0084803058190900,2,1,1,False,hardlink,hardlink
group_0070,train,19,/root/autodl-tmp/datasets/derived/construction_ppe3_canonical_v1_20260804_172437/images/all/train__image2.jpg,/root/autodl-tmp/datasets/derived/construction_ppe3_canonical_v1_20260804_172437/labels/all/train__image2.txt,/root/autodl-tmp/datasets/sources/construction-ppe_ultralytics_2025_v1/images/train/image2.jpg,train,2,0,889a2d21f3668a381854354c08d862d497870617914a4f47a624196fb09ae48e,0041f6b66e283900,6,3,3,False,hardlink,hardlink
group_0070,train,19,/root/autodl-tmp/datasets/derived/construction_ppe3_canonical_v1_20260804_172437/images/all/train__image3.jpeg,/root/autodl-tmp/datasets/derived/construction_ppe3_canonical_v1_20260804_172437/labels/all/train__image3.txt,/root/autodl-tmp/datasets/sources/construction-ppe_ultralytics_2025_v1/images/train/image3.jpeg,train,3,0,6b3b30b75a9293ef09ce794d4404807e39a54483632f131787d60b4d2159d296,00f492e9ecaca500,1,1,1,False,hardlink,hardlink
group_0070,train,19,/root/autodl-tmp/datasets/derived/construction_ppe3_canonical_v1_20260804_172437/images/all/train__image4.jpg,/root/autodl-tmp/datasets/derived/construction_ppe3_canonical_v1_20260804_172437/labels/all/train__image4.txt,/root/autodl-tmp/datasets/sources/construction-ppe_ultralytics_2025_v1/images/train/image4.jpg,train,4,0,1a9c7c8484602e63aaca92aeae34349fe454fd32cbe2619c7923b7e64708dab0,00b4e6dc9298cc00,2,1,0,False,hardlink,hardlink
group_0070,train,19,/root/autodl-tmp/datasets/derived/construction_ppe3_canonical_v1_20260804_172437/images/all/train__image5.jpeg,/root/autodl-tmp/datasets/derived/construction_ppe3_canonical_v1_20260804_172437/labels/all/train__image5.txt,/root/autodl-tmp/datasets/sources/construction-ppe_ultralytics_2025_v1/images/train/image5.jpeg,train,5,0,874da94f8c57b4d86acc8863a191836d0c2cb45bf819b0de4aefd1f3d6a710b4,ccccccccccc4d4c4,3,3,3,False,hardlink,hardlink
group_0070,train,19,/root/autodl-tmp/datasets/derived/construction_ppe3_canonical_v1_20260804_172437/images/all/train__image7.jpg,/root/autodl-tmp/datasets/derived/construction_ppe3_canonical_v1_20260804_172437/labels/all/train__image7.txt,/root/autodl-tmp/datasets/sources/construction-ppe_ultralytics_2025_v1/images/train/image7.jpg,train,7,0,1525085a807ce18f44408afab88681eead6c2ad535f795826e000c4f0a29717d,050307168e8b1e16,1,1,1,False,hardlink,hardlink
group_0070,train,19,/root/autodl-tmp/datasets/derived/construction_ppe3_canonical_v1_20260804_172437/images/all/train__image8.jpeg,/root/autodl-tmp/datasets/derived/construction_ppe3_canonical_v1_20260804_172437/labels/all/train__image8.txt,/root/autodl-tmp/datasets/sources/construction-ppe_ultralytics_2025_v1/images/train/image8.jpeg,train,8,0,1f197788647224c9cdb0385bc43e83233c2ba54a88fd125bb8f1510f09df2e2a,ccccccccc4cccccc,1,1,1,False,hardlink,hardlink
group_0070,train,19,/root/autodl-tmp/datasets/derived/construction_ppe3_canonical_v1_20260804_172437/images/all/val__image11.jpeg,/root/autodl-tmp/datasets/derived/construction_ppe3_canonical_v1_20260804_172437/labels/all/val__image11.txt,/root/autodl-tmp/datasets/sources/construction-ppe_ultralytics_2025_v1/images/val/image11.jpeg,val,11,0,4898cd62392ffd1072f4161c604d47a1c3352c299e8e56fd9df65d40bddeef74,dcdcd4d4cccccccc,3,3,1,False,hardlink,hardlink
group_0070,train,19,/root/autodl-tmp/datasets/derived/construction_ppe3_canonical_v1_20260804_172437/images/all/val__image12.jpg,/root/autodl-tmp/datasets/derived/construction_ppe3_canonical_v1_20260804_172437/labels/all/val__image12.txt,/root/autodl-tmp/datasets/sources/construction-ppe_ultralytics_2025_v1/images/val/image12.jpg,val,12,0,1c13a8d744324e680ba4508d7c95818cf6deb2eab1cd9476ebe130dd0e43f912,05032716868b1e1e,1,1,1,False,hardlink,hardlink
group_0070,train,19,/root/autodl-tmp/datasets/derived/construction_ppe3_canonical_v1_20260804_172437/images/all/val__image9.jpg,/root/autodl-tmp/datasets/derived/construction_ppe3_canonical_v1_20260804_172437/labels/all/val__image9.txt,/root/autodl-tmp/datasets/sources/construction-ppe_ultralytics_2025_v1/images/val/image9.jpg,val,9,0,b4112b2f221f41acc9dc345f70aad53bd23428583e2a68cb27e38882ba25af33,0503171a9a8b160e,1,1,1,False,hardlink,hardlink
group_0070,train,19,/root/autodl-tmp/datasets/derived/construction_ppe3_canonical_v1_20260804_172437/images/all/test__image1.jpeg,/root/autodl-tmp/datasets/derived/construction_ppe3_canonical_v1_20260804_172437/labels/all/test__image1.txt,/root/autodl-tmp/datasets/sources/construction-ppe_ultralytics_2025_v1/images/test/image1.jpeg,test,1,0,fc1c0ef16712655f3eda7f709141d980b7e1deab06c18b4a4cea51eff7a403db,00f0fbfeff5f3e00,2,1,1,False,hardlink,hardlink
group_0070,train,19,/root/autodl-tmp/datasets/derived/construction_ppe3_canonical_v1_20260804_172437/images/all/test__image10.jpeg,/root/autodl-tmp/datasets/derived/construction_ppe3_canonical_v1_20260804_172437/labels/all/test__image10.txt,/root/autodl-tmp/datasets/sources/construction-ppe_ultralytics_2025_v1/images/test/image10.jpeg,test,10,0,ae293c38ac2c443941b7c35f3821204c496da86cdd27a0ee7a3373b862f7ef9d,dcfcfcf4ecfcfcdc,3,0,3,False,hardlink,hardlink
group_0070,train,19,/root/autodl-tmp/datasets/derived/construction_ppe3_canonical_v1_20260804_172437/images/all/test__image6.jpeg,/root/autodl-tmp/datasets/derived/construction_ppe3_canonical_v1_20260804_172437/labels/all/test__image6.txt,/root/autodl-tmp/datasets/sources/construction-ppe_ultralytics_2025_v1/images/test/image6.jpeg,test,6,0,52e331bb290b8638a258bee3848e74365fa76c97d79142fb926a119ac75dd518,c4c4c4c4cccccccc,2,2,2,False,hardlink,hardlink
group_0071,train,17,/root/autodl-tmp/datasets/derived/construction_ppe3_canonical_v1_20260804_172437/images/all/train__image1400.jpg,/root/autodl-tmp/datasets/derived/construction_ppe3_canonical_v1_20260804_172437/labels/all/train__image1400.txt,/root/autodl-tmp/datasets/sources/construction-ppe_ultralytics_2025_v1/images/train/image1400.jpg,train,1400,70,2557ad56b4671b5c09d0c4731fab224b296eb0786a889433e8c109225fbfde7e,d0b2e4ecf8f4fcec,1,0,0,False,hardlink,hardlink
group_0071,train,17,/root/autodl-tmp/datasets/derived/construction_ppe3_canonical_v1_20260804_172437/images/all/train__image1401.jpg,/root/autodl-tmp/datasets/derived/construction_ppe3_canonical_v1_20260804_172437/labels/all/train__image1401.txt,/root/autodl-tmp/datasets/sources/construction-ppe_ultralytics_2025_v1/images/train/image1401.jpg,train,1401,70,39bf89da7e6f683baf23e82ccbf8f35f638b230bff788c0152eeb21c6fbe8bf9,b3939ab0bc686474,1,0,0,False,hardlink,hardlink
group_0071,train,17,/root/autodl-tmp/datasets/derived/construction_ppe3_canonical_v1_20260804_172437/images/all/train__image1403.jpg,/root/autodl-tmp/datasets/derived/construction_ppe3_canonical_v1_20260804_172437/labels/all/train__image1403.txt,/root/autodl-tmp/datasets/sources/construction-ppe_ultralytics_2025_v1/images/train/image1403.jpg,train,1403,70,faa5bcfe99e1abc1dfa3b16f53e7148a06ada9b2079ca0941f6b0bb108d38728,2c6ca78626af8ed8,1,0,0,False,hardlink,hardlink
group_0071,train,17,/root/autodl-tmp/datasets/derived/construction_ppe3_canonical_v1_20260804_172437/images/all/train__image1404.jpg,/root/autodl-tmp/datasets/derived/construction_ppe3_canonical_v1_20260804_172437/labels/all/train__image1404.txt,/root/autodl-tmp/datasets/sources/construction-ppe_ultralytics_2025_v1/images/train/image1404.jpg,train,1404,70,63cafe85013316efcbcd632d1b0894304ccb3a3238b055513710a143cf1e9dd5,d09894904b5949d8,1,0,0,False,hardlink,hardlink
group_0071,train,17,/root/autodl-tmp/datasets/derived/construction_ppe3_canonical_v1_20260804_172437/images/all/train__image1405.jpg,/root/autodl-tmp/datasets/derived/construction_ppe3_canonical_v1_20260804_172437/labels/all/train__image1405.txt,/root/autodl-tmp/datasets/sources/construction-ppe_ultralytics_2025_v1/images/train/image1405.jpg,train,1405,70,9c7f3d8cc76bfaf98acf3f9410845064f6afb6226b627a571622c11c07a88bb2,f4f6e7cdc5c7c6c6,2,0,0,False,hardlink,hardlink
group_0071,train,17,/root/autodl-tmp/datasets/derived/construction_ppe3_canonical_v1_20260804_172437/images/all/train__image1407.jpg,/root/autodl-tmp/datasets/derived/construction_ppe3_canonical_v1_20260804_172437/labels/all/train__image1407.txt,/root/autodl-tmp/datasets/sources/construction-ppe_ultralytics_2025_v1/images/train/image1407.jpg,train,1407,70,69c52d359b0fb6df2cbcfbcc75a475f7b77a0da147774090341044bd1d071db0,1ea7978d9973cbcb,1,0,0,False,hardlink,hardlink
group_0071,train,17,/root/autodl-tmp/datasets/derived/construction_ppe3_canonical_v1_20260804_172437/images/all/train__image1408.jpg,/root/autodl-tmp/datasets/derived/construction_ppe3_canonical_v1_20260804_172437/labels/all/train__image1408.txt,/root/autodl-tmp/datasets/sources/construction-ppe_ultralytics_2025_v1/images/train/image1408.jpg,train,1408,70,6911fc55d920b56bd6645f90c2184bb91562212d7304903fbbc26d80eea19b05,92c161666ce89696,3,0,0,False,hardlink,hardlink
group_0071,train,17,/root/autodl-tmp/datasets/derived/construction_ppe3_canonical_v1_20260804_172437/images/all/train__image1409.jpg,/root/autodl-tmp/datasets/derived/construction_ppe3_canonical_v1_20260804_172437/labels/all/train__image1409.txt,/root/autodl-tmp/datasets/sources/construction-ppe_ultralytics_2025_v1/images/train/image1409.jpg,train,1409,70,3de93825a7fc9145cc9c56fcaeacf1494c93052c559c5817df5fe78ba34fe7ce,2c4d6179646162e3,1,0,0,False,hardlink,hardlink
group_0071,train,17,/root/autodl-tmp/datasets/derived/construction_ppe3_canonical_v1_20260804_172437/images/all/train__image1410.jpg,/root/autodl-tmp/datasets/derived/construction_ppe3_canonical_v1_20260804_172437/labels/all/train__image1410.txt,/root/autodl-tmp/datasets/sources/construction-ppe_ultralytics_2025_v1/images/train/image1410.jpg,train,1410,70,97c147e3ed6ed8b26d2ba16a6e27a4c44130b725249c2cf6ad586c51cb96e328,f8f4f4f2f2f2e2f0,1,0,0,False,hardlink,hardlink
group_0071,train,17,/root/autodl-tmp/datasets/derived/construction_ppe3_canonical_v1_20260804_172437/images/all/train__image1411.jpg,/root/autodl-tmp/datasets/derived/construction_ppe3_canonical_v1_20260804_172437/labels/all/train__image1411.txt,/root/autodl-tmp/datasets/sources/construction-ppe_ultralytics_2025_v1/images/train/image1411.jpg,train,1411,70,b48e1d2069e3a6208f14d93bfe7903d71a4450a45541f5a2985a4c63e342917a,e5c1c3c0e5c6d371,1,0,0,False,hardlink,hardlink
group_0071,train,17,/root/autodl-tmp/datasets/derived/construction_ppe3_canonical_v1_20260804_172437/images/all/train__image1412.jpg,/root/autodl-tmp/datasets/derived/construction_ppe3_canonical_v1_20260804_172437/labels/all/train__image1412.txt,/root/autodl-tmp/datasets/sources/construction-ppe_ultralytics_2025_v1/images/train/image1412.jpg,train,1412,70,b5088d31ea0e9bf36ddb587401329a005c9621ea9f242e91b81c2d65443e5c94,d2c2334b2ca6ecad,1,0,0,False,hardlink,hardlink
group_0071,train,17,/root/autodl-tmp/datasets/derived/construction_ppe3_canonical_v1_20260804_172437/images/all/train__image1413.jpg,/root/autodl-tmp/datasets/derived/construction_ppe3_canonical_v1_20260804_172437/labels/all/train__image1413.txt,/root/autodl-tmp/datasets/sources/construction-ppe_ultralytics_2025_v1/images/train/image1413.jpg,train,1413,70,cd9edb2aed28ffda86c4b83e739d4d8192b74f0f5e8bc09ff8a005d4d5a4fd37,dd999f8e0c6d63f3,1,0,0,False,hardlink,hardlink
group_0071,train,17,/root/autodl-tmp/datasets/derived/construction_ppe3_canonical_v1_20260804_172437/images/all/train__image1414.jpg,/root/autodl-tmp/datasets/derived/construction_ppe3_canonical_v1_20260804_172437/labels/all/train__image1414.txt,/root/autodl-tmp/datasets/sources/construction-ppe_ultralytics_2025_v1/images/train/image1414.jpg,train,1414,70,8027fd68beaf8815d4968ad03b11d471c2ed337abab80abc2c8acf0ec94cd698,d8e46466e2e26262,1,0,0,False,hardlink,hardlink
group_0071,train,17,/root/autodl-tmp/datasets/derived/construction_ppe3_canonical_v1_20260804_172437/images/all/train__image1415.jpg,/root/autodl-tmp/datasets/derived/construction_ppe3_canonical_v1_20260804_172437/labels/all/train__image1415.txt,/root/autodl-tmp/datasets/sources/construction-ppe_ultralytics_2025_v1/images/train/image1415.jpg,train,1415,70,70e4771a0bc0eb47b9f83fc954d718c0d5ccb8a3438cc75b876a74c5d53608d3,f6e2e6c68e3bccc8,1,0,0,False,hardlink,hardlink
group_0071,train,17,/root/autodl-tmp/datasets/derived/construction_ppe3_canonical_v1_20260804_172437/images/all/train__image1416.jpg,/root/autodl-tmp/datasets/derived/construction_ppe3_canonical_v1_20260804_172437/labels/all/train__image1416.txt,/root/autodl-tmp/datasets/sources/construction-ppe_ultralytics_2025_v1/images/train/image1416.jpg,train,1416,70,7387516ae67c082e9cb6a9d306859b6cc45932f30e1d9aac850cfac2078257e6,a6c9cafa7499bbe9,3,0,0,False,hardlink,hardlink
group_0071,train,17,/root/autodl-tmp/datasets/derived/construction_ppe3_canonical_v1_20260804_172437/images/all/val__image1402.jpg,/root/autodl-tmp/datasets/derived/construction_ppe3_canonical_v1_20260804_172437/labels/all/val__image1402.txt,/root/autodl-tmp/datasets/sources/construction-ppe_ultralytics_2025_v1/images/val/image1402.jpg,val,1402,70,f6b880098055df84fb9f96d846a37d1803d0e11348c360140f83a9de4f7b306f,effbfbbb576dc6f7,3,0,0,False,hardlink,hardlink
group_0071,train,17,/root/autodl-tmp/datasets/derived/construction_ppe3_canonical_v1_20260804_172437/images/all/test__image1406.jpg,/root/autodl-tmp/datasets/derived/construction_ppe3_canonical_v1_20260804_172437/labels/all/test__image1406.txt,/root/autodl-tmp/datasets/sources/construction-ppe_ultralytics_2025_v1/images/test/image1406.jpg,test,1406,70,722fe3b3eec76a2cae402895d44a96c0d4758c4735942e0c27cc95fc271ef8d8,4e3626e2e2f0f266,1,0,0,False,hardlink,hardlink
