source_split,source_image,source_label,canonical_image,canonical_label,raw_box_count,mapped_box_count,dropped_box_count,image_sha256,transfer_action
train,/root/autodl-tmp/datasets/sources/construction-ppe_ultralytics_2025_v1/images/train/image100.jpg,/root/autodl-tmp/datasets/sources/construction-ppe_ultralytics_2025_v1/labels/train/image100.txt,/root/autodl-tmp/datasets/derived/construction_ppe3_canonical_v1_20260804_172437/images/all/train__image100.jpg,/root/autodl-tmp/datasets/derived/construction_ppe3_canonical_v1_20260804_172437/labels/all/train__image100.txt,11,8,3,f90bb05e3d79d843b63fbdbb01841b8d58e934cd6575049ed9c9f5042230ec82,hardlink
train,/root/autodl-tmp/datasets/sources/construction-ppe_ultralytics_2025_v1/images/train/image1000.jpeg,/root/autodl-tmp/datasets/sources/construction-ppe_ultralytics_2025_v1/labels/train/image1000.txt,/root/autodl-tmp/datasets/derived/construction_ppe3_canonical_v1_20260804_172437/images/all/train__image1000.jpeg,/root/autodl-tmp/datasets/derived/construction_ppe3_canonical_v1_20260804_172437/labels/all/train__image1000.txt,3,2,1,d16cc2100b49135d7722063a23d24ff29a0e90ad6c9a4e757ca655a0d574ef66,hardlink
train,/root/autodl-tmp/datasets/sources/construction-ppe_ultralytics_2025_v1/images/train/image1001.jpg,/root/autodl-tmp/datasets/sources/construction-ppe_ultralytics_2025_v1/labels/train/image1001.txt,/root/autodl-tmp/datasets/derived/construction_ppe3_canonical_v1_20260804_172437/images/all/train__image1001.jpg,/root/autodl-tmp/datasets/derived/construction_ppe3_canonical_v1_20260804_172437/labels/all/train__image1001.txt,8,3,5,343e0ff03dfcac5b17cdf5a79375773737bf1812fa782751d5a507bd5b067ca6,hardlink
train,/root/autodl-tmp/datasets/sources/construction-ppe_ultralytics_2025_v1/images/train/image1002.jpg,/root/autodl-tmp/datasets/sources/construction-ppe_ultralytics_2025_v1/labels/train/image1002.txt,/root/autodl-tmp/datasets/derived/construction_ppe3_canonical_v1_20260804_172437/images/all/train__image1002.jpg,/root/autodl-tmp/datasets/derived/construction_ppe3_canonical_v1_20260804_172437/labels/all/train__image1002.txt,8,3,5,81b89f79a61244aa09ea58922934390cd5706e8e7a2ac0cf9a5235716b3ce06f,hardlink
train,/root/autodl-tmp/datasets/sources/construction-ppe_ultralytics_2025_v1/images/train/image1004.jpg,/root/autodl-tmp/datasets/sources/construction-ppe_ultralytics_2025_v1/labels/train/image1004.txt,/root/autodl-tmp/datasets/derived/construction_ppe3_canonical_v1_20260804_172437/images/all/train__image1004.jpg,/root/autodl-tmp/datasets/derived/construction_ppe3_canonical_v1_20260804_172437/labels/all/train__image1004.txt,8,3,5,292b40524edcb6ea55d02265464a31f9b40f96e915947bc25b35b66458bc1ee8,hardlink
train,/root/autodl-tmp/datasets/sources/construction-ppe_ultralytics_2025_v1/images/train/image1005.jpeg,/root/autodl-tmp/datasets/sources/construction-ppe_ultralytics_2025_v1/labels/train/image1005.txt,/root/autodl-tmp/datasets/derived/construction_ppe3_canonical_v1_20260804_172437/images/all/train__image1005.jpeg,/root/autodl-tmp/datasets/derived/construction_ppe3_canonical_v1_20260804_172437/labels/all/train__image1005.txt,4,4,0,13370ec005b3c83571dfdcf4bc865d5db05b8f81d9139ab22c5c4f5e00837b29,hardlink
train,/root/autodl-tmp/datasets/sources/construction-ppe_ultralytics_2025_v1/images/train/image1006.jpg,/root/autodl-tmp/datasets/sources/construction-ppe_ultralytics_2025_v1/labels/train/image1006.txt,/root/autodl-tmp/datasets/derived/construction_ppe3_canonical_v1_20260804_172437/images/all/train__image1006.jpg,/root/autodl-tmp/datasets/derived/construction_ppe3_canonical_v1_20260804_172437/labels/all/train__image1006.txt,5,3,2,0a23a6487f2e169b3ce0b92ffa705618d7b24fb540b6067de7538191595c968f,hardlink
train,/root/autodl-tmp/datasets/sources/construction-ppe_ultralytics_2025_v1/images/train/image1008.jpeg,/root/autodl-tmp/datasets/sources/construction-ppe_ultralytics_2025_v1/labels/train/image1008.txt,/root/autodl-tmp/datasets/derived/construction_ppe3_canonical_v1_20260804_172437/images/all/train__image1008.jpeg,/root/autodl-tmp/datasets/derived/construction_ppe3_canonical_v1_20260804_172437/labels/all/train__image1008.txt,3,3,0,25e10ae920bea4fdd8b2322b9a99ed1b5b9a79c70251355c582341aa9291dfed,hardlink
train,/root/autodl-tmp/datasets/sources/construction-ppe_ultralytics_2025_v1/images/train/image101.jpeg,/root/autodl-tmp/datasets/sources/construction-ppe_ultralytics_2025_v1/labels/train/image101.txt,/root/autodl-tmp/datasets/derived/construction_ppe3_canonical_v1_20260804_172437/images/all/train__image101.jpeg,/root/autodl-tmp/datasets/derived/construction_ppe3_canonical_v1_20260804_172437/labels/all/train__image101.txt,7,3,4,73fd2999c1316b1fb967462f75cec583dc99c311a47fe245074837dc2b4b1062,hardlink
train,/root/autodl-tmp/datasets/sources/construction-ppe_ultralytics_2025_v1/images/train/image1011.jpg,/root/autodl-tmp/datasets/sources/construction-ppe_ultralytics_2025_v1/labels/train/image1011.txt,/root/autodl-tmp/datasets/derived/construction_ppe3_canonical_v1_20260804_172437/images/all/train__image1011.jpg,/root/autodl-tmp/datasets/derived/construction_ppe3_canonical_v1_20260804_172437/labels/all/train__image1011.txt,8,3,5,6f5df94c6c8aaa63ec04cbe6c4c36a729a61f8d6b09a381fe5233f64535faaea,hardlink
train,/root/autodl-tmp/datasets/sources/construction-ppe_ultralytics_2025_v1/images/train/image1012.jpg,/root/autodl-tmp/datasets/sources/construction-ppe_ultralytics_2025_v1/labels/train/image1012.txt,/root/autodl-tmp/datasets/derived/construction_ppe3_canonical_v1_20260804_172437/images/all/train__image1012.jpg,/root/autodl-tmp/datasets/derived/construction_ppe3_canonical_v1_20260804_172437/labels/all/train__image1012.txt,8,3,5,63cbd0f6762f4ed5434ecad5bcc7b5355d994d8d8b45329b98d7a0e7f714cf5f,hardlink
train,/root/autodl-tmp/datasets/sources/construction-ppe_ultralytics_2025_v1/images/train/image1013.jpg,/root/autodl-tmp/datasets/sources/construction-ppe_ultralytics_2025_v1/labels/train/image1013.txt,/root/autodl-tmp/datasets/derived/construction_ppe3_canonical_v1_20260804_172437/images/all/train__image1013.jpg,/root/autodl-tmp/datasets/derived/construction_ppe3_canonical_v1_20260804_172437/labels/all/train__image1013.txt,8,3,5,6ae65c8187e9e2c6a15aca878a148edecdb95042fe16eb5a45c59a551ae8b236,hardlink
train,/root/autodl-tmp/datasets/sources/construction-ppe_ultralytics_2025_v1/images/train/image1015.jpg,/root/autodl-tmp/datasets/sources/construction-ppe_ultralytics_2025_v1/labels/train/image1015.txt,/root/autodl-tmp/datasets/derived/construction_ppe3_canonical_v1_20260804_172437/images/all/train__image1015.jpg,/root/autodl-tmp/datasets/derived/construction_ppe3_canonical_v1_20260804_172437/labels/all/train__image1015.txt,8,3,5,3fc956ea7fff82a7671c85f0d1c21ac82dfcceb3d361c8662a9eb70638d82a11,hardlink
train,/root/autodl-tmp/datasets/sources/construction-ppe_ultralytics_2025_v1/images/train/image1016.jpeg,/root/autodl-tmp/datasets/sources/construction-ppe_ultralytics_2025_v1/labels/train/image1016.txt,/root/autodl-tmp/datasets/derived/construction_ppe3_canonical_v1_20260804_172437/images/all/train__image1016.jpeg,/root/autodl-tmp/datasets/derived/construction_ppe3_canonical_v1_20260804_172437/labels/all/train__image1016.txt,10,5,5,9b3324bacf8ae55c7ceaec5f6c81dbba350d8fb284d92f6101442f288671d3e2,hardlink
train,/root/autodl-tmp/datasets/sources/construction-ppe_ultralytics_2025_v1/images/train/image1017.jpg,/root/autodl-tmp/datasets/sources/construction-ppe_ultralytics_2025_v1/labels/train/image1017.txt,/root/autodl-tmp/datasets/derived/construction_ppe3_canonical_v1_20260804_172437/images/all/train__image1017.jpg,/root/autodl-tmp/datasets/derived/construction_ppe3_canonical_v1_20260804_172437/labels/all/train__image1017.txt,8,3,5,0ae70f75ae50a611fd374198ccc52c54f904739a15ebf94719a90108f18d9509,hardlink
train,/root/autodl-tmp/datasets/sources/construction-ppe_ultralytics_2025_v1/images/train/image1018.jpg,/root/autodl-tmp/datasets/sources/construction-ppe_ultralytics_2025_v1/labels/train/image1018.txt,/root/autodl-tmp/datasets/derived/construction_ppe3_canonical_v1_20260804_172437/images/all/train__image1018.jpg,/root/autodl-tmp/datasets/derived/construction_ppe3_canonical_v1_20260804_172437/labels/all/train__image1018.txt,8,3,5,a8c5def3bb825301e1cf4922f3062f2faa5dc2bca0c5b37fd78e06dcda18beea,hardlink
train,/root/autodl-tmp/datasets/sources/construction-ppe_ultralytics_2025_v1/images/train/image102.jpg,/root/autodl-tmp/datasets/sources/construction-ppe_ultralytics_2025_v1/labels/train/image102.txt,/root/autodl-tmp/datasets/derived/construction_ppe3_canonical_v1_20260804_172437/images/all/train__image102.jpg,/root/autodl-tmp/datasets/derived/construction_ppe3_canonical_v1_20260804_172437/labels/all/train__image102.txt,5,3,2,158d5b3f3355f7f937e43a3879f3fe77e0b4384b6b70480c42ffa2edcdb41b23,hardlink
train,/root/autodl-tmp/datasets/sources/construction-ppe_ultralytics_2025_v1/images/train/image1020.jpg,/root/autodl-tmp/datasets/sources/construction-ppe_ultralytics_2025_v1/labels/train/image1020.txt,/root/autodl-tmp/datasets/derived/construction_ppe3_canonical_v1_20260804_172437/images/all/train__image1020.jpg,/root/autodl-tmp/datasets/derived/construction_ppe3_canonical_v1_20260804_172437/labels/all/train__image1020.txt,8,3,5,fb352313cf96b536509ea8e2de1652cf59830c2ea0c6c476a79d624126d9bafa,hardlink
train,/root/autodl-tmp/datasets/sources/construction-ppe_ultralytics_2025_v1/images/train/image1021.jpg,/root/autodl-tmp/datasets/sources/construction-ppe_ultralytics_2025_v1/labels/train/image1021.txt,/root/autodl-tmp/datasets/derived/construction_ppe3_canonical_v1_20260804_172437/images/all/train__image1021.jpg,/root/autodl-tmp/datasets/derived/construction_ppe3_canonical_v1_20260804_172437/labels/all/train__image1021.txt,7,3,4,d50203d428449d130b3b86b4b9e0745ff4f0691d31f1b60eafdc9d50891e9066,hardlink
train,/root/autodl-tmp/datasets/sources/construction-ppe_ultralytics_2025_v1/images/train/image1022.jpg,/root/autodl-tmp/datasets/sources/construction-ppe_ultralytics_2025_v1/labels/train/image1022.txt,/root/autodl-tmp/datasets/derived/construction_ppe3_canonical_v1_20260804_172437/images/all/train__image1022.jpg,/root/autodl-tmp/datasets/derived/construction_ppe3_canonical_v1_20260804_172437/labels/all/train__image1022.txt,7,3,4,9428458af71b0dda0fcd1405ffb067b9815cca268ebdc57f56033f23faf83057,hardlink
train,/root/autodl-tmp/datasets/sources/construction-ppe_ultralytics_2025_v1/images/train/image1024.jpeg,/root/autodl-tmp/datasets/sources/construction-ppe_ultralytics_2025_v1/labels/train/image1024.txt,/root/autodl-tmp/datasets/derived/construction_ppe3_canonical_v1_20260804_172437/images/all/train__image1024.jpeg,/root/autodl-tmp/datasets/derived/construction_ppe3_canonical_v1_20260804_172437/labels/all/train__image1024.txt,18,16,2,ac5590a82cb2f80db5e46528dc11a2c4236404f16d094a10f8d6b5ec172f1ff4,hardlink
train,/root/autodl-tmp/datasets/sources/construction-ppe_ultralytics_2025_v1/images/train/image1025.jpg,/root/autodl-tmp/datasets/sources/construction-ppe_ultralytics_2025_v1/labels/train/image1025.txt,/root/autodl-tmp/datasets/derived/construction_ppe3_canonical_v1_20260804_172437/images/all/train__image1025.jpg,/root/autodl-tmp/datasets/derived/construction_ppe3_canonical_v1_20260804_172437/labels/all/train__image1025.txt,5,3,2,0f78d21a9fc985d6aa200e59f6cda9e0481e732b6c9e3b59917157d8676f47b0,hardlink
train,/root/autodl-tmp/datasets/sources/construction-ppe_ultralytics_2025_v1/images/train/image1026.jpg,/root/autodl-tmp/datasets/sources/construction-ppe_ultralytics_2025_v1/labels/train/image1026.txt,/root/autodl-tmp/datasets/derived/construction_ppe3_canonical_v1_20260804_172437/images/all/train__image1026.jpg,/root/autodl-tmp/datasets/derived/construction_ppe3_canonical_v1_20260804_172437/labels/all/train__image1026.txt,8,3,5,12a400dfeb3ff3aa8d5277cb439535938052f6077581867ac0c3b9ca81498ff8,hardlink
train,/root/autodl-tmp/datasets/sources/construction-ppe_ultralytics_2025_v1/images/train/image1027.jpg,/root/autodl-tmp/datasets/sources/construction-ppe_ultralytics_2025_v1/labels/train/image1027.txt,/root/autodl-tmp/datasets/derived/construction_ppe3_canonical_v1_20260804_172437/images/all/train__image1027.jpg,/root/autodl-tmp/datasets/derived/construction_ppe3_canonical_v1_20260804_172437/labels/all/train__image1027.txt,8,3,5,6849ee5f1394d660450a7338e5a046df0540743d6022ae4cab24b6e520dd1c98,hardlink
train,/root/autodl-tmp/datasets/sources/construction-ppe_ultralytics_2025_v1/images/train/image1028.jpg,/root/autodl-tmp/datasets/sources/construction-ppe_ultralytics_2025_v1/labels/train/image1028.txt,/root/autodl-tmp/datasets/derived/construction_ppe3_canonical_v1_20260804_172437/images/all/train__image1028.jpg,/root/autodl-tmp/datasets/derived/construction_ppe3_canonical_v1_20260804_172437/labels/all/train__image1028.txt,8,3,5,ebd5928fe542a1739c318dcaede0de6fb3ed1ef053c9ed8ea0dcf40d77e53daa,hardlink
train,/root/autodl-tmp/datasets/sources/construction-ppe_ultralytics_2025_v1/images/train/image1029.jpg,/root/autodl-tmp/datasets/sources/construction-ppe_ultralytics_2025_v1/labels/train/image1029.txt,/root/autodl-tmp/datasets/derived/construction_ppe3_canonical_v1_20260804_172437/images/all/train__image1029.jpg,/root/autodl-tmp/datasets/derived/construction_ppe3_canonical_v1_20260804_172437/labels/all/train__image1029.txt,8,3,5,03bae05645d63b4f6d76678d194af10fc8f71da1ba4ce77c700df2977a3f6dee,hardlink
train,/root/autodl-tmp/datasets/sources/construction-ppe_ultralytics_2025_v1/images/train/image103.jpeg,/root/autodl-tmp/datasets/sources/construction-ppe_ultralytics_2025_v1/labels/train/image103.txt,/root/autodl-tmp/datasets/derived/construction_ppe3_canonical_v1_20260804_172437/images/all/train__image103.jpeg,/root/autodl-tmp/datasets/derived/construction_ppe3_canonical_v1_20260804_172437/labels/all/train__image103.txt,2,2,0,223604f303e51304f0e21aa394a28fc1b3f8cb40a15828028988516f43d035ae,hardlink
train,/root/autodl-tmp/datasets/sources/construction-ppe_ultralytics_2025_v1/images/train/image1030.jpg,/root/autodl-tmp/datasets/sources/construction-ppe_ultralytics_2025_v1/labels/train/image1030.txt,/root/autodl-tmp/datasets/derived/construction_ppe3_canonical_v1_20260804_172437/images/all/train__image1030.jpg,/root/autodl-tmp/datasets/derived/construction_ppe3_canonical_v1_20260804_172437/labels/all/train__image1030.txt,8,3,5,8b49d49680065cbe2b76c96d596199e433d7b5c42d8aefee72a567b3e928ce58,hardlink
train,/root/autodl-tmp/datasets/sources/construction-ppe_ultralytics_2025_v1/images/train/image1031.jpg,/root/autodl-tmp/datasets/sources/construction-ppe_ultralytics_2025_v1/labels/train/image1031.txt,/root/autodl-tmp/datasets/derived/construction_ppe3_canonical_v1_20260804_172437/images/all/train__image1031.jpg,/root/autodl-tmp/datasets/derived/construction_ppe3_canonical_v1_20260804_172437/labels/all/train__image1031.txt,8,3,5,cfaf45ced0656b052a1a17696b9c3a2cf0d2cd92e3793d8c0925edc716b866b5,hardlink
train,/root/autodl-tmp/datasets/sources/construction-ppe_ultralytics_2025_v1/images/train/image1032.jpg,/root/autodl-tmp/datasets/sources/construction-ppe_ultralytics_2025_v1/labels/train/image1032.txt,/root/autodl-tmp/datasets/derived/construction_ppe3_canonical_v1_20260804_172437/images/all/train__image1032.jpg,/root/autodl-tmp/datasets/derived/construction_ppe3_canonical_v1_20260804_172437/labels/all/train__image1032.txt,8,3,5,a7708734d18d64253e9cff97298e9b61ba5a985e1a336a0cfa7807f61ee1ad0e,hardlink
train,/root/autodl-tmp/datasets/sources/construction-ppe_ultralytics_2025_v1/images/train/image1033.jpg,/root/autodl-tmp/datasets/sources/construction-ppe_ultralytics_2025_v1/labels/train/image1033.txt,/root/autodl-tmp/datasets/derived/construction_ppe3_canonical_v1_20260804_172437/images/all/train__image1033.jpg,/root/autodl-tmp/datasets/derived/construction_ppe3_canonical_v1_20260804_172437/labels/all/train__image1033.txt,8,3,5,8e612ecd9abe061fb131b634064a164a0fab6c538bfab02e5aa50c354c9fdd1f,hardlink
train,/root/autodl-tmp/datasets/sources/construction-ppe_ultralytics_2025_v1/images/train/image1034.jpg,/root/autodl-tmp/datasets/sources/construction-ppe_ultralytics_2025_v1/labels/train/image1034.txt,/root/autodl-tmp/datasets/derived/construction_ppe3_canonical_v1_20260804_172437/images/all/train__image1034.jpg,/root/autodl-tmp/datasets/derived/construction_ppe3_canonical_v1_20260804_172437/labels/all/train__image1034.txt,8,3,5,eeaa8cbdbe40a5fc281933e9573025c02b335e1227f4adc079711a35143a2c36,hardlink
train,/root/autodl-tmp/datasets/sources/construction-ppe_ultralytics_2025_v1/images/train/image1035.jpeg,/root/autodl-tmp/datasets/sources/construction-ppe_ultralytics_2025_v1/labels/train/image1035.txt,/root/autodl-tmp/datasets/derived/construction_ppe3_canonical_v1_20260804_172437/images/all/train__image1035.jpeg,/root/autodl-tmp/datasets/derived/construction_ppe3_canonical_v1_20260804_172437/labels/all/train__image1035.txt,12,12,0,f32c1b3ad7a42728e310ffabb9c995163222f1c02efb48418cf91603048e7952,hardlink
train,/root/autodl-tmp/datasets/sources/construction-ppe_ultralytics_2025_v1/images/train/image1036.jpg,/root/autodl-tmp/datasets/sources/construction-ppe_ultralytics_2025_v1/labels/train/image1036.txt,/root/autodl-tmp/datasets/derived/construction_ppe3_canonical_v1_20260804_172437/images/all/train__image1036.jpg,/root/autodl-tmp/datasets/derived/construction_ppe3_canonical_v1_20260804_172437/labels/all/train__image1036.txt,6,6,0,a014d01ecd6ab693a8c6b2bf91e59f2bd03418abf8ce35a9e924aace732a2e9e,hardlink
train,/root/autodl-tmp/datasets/sources/construction-ppe_ultralytics_2025_v1/images/train/image1038.jpg,/root/autodl-tmp/datasets/sources/construction-ppe_ultralytics_2025_v1/labels/train/image1038.txt,/root/autodl-tmp/datasets/derived/construction_ppe3_canonical_v1_20260804_172437/images/all/train__image1038.jpg,/root/autodl-tmp/datasets/derived/construction_ppe3_canonical_v1_20260804_172437/labels/all/train__image1038.txt,5,3,2,b9a1ac94bcd69aace085e7cbc11e1e63a2d1b69a21face415a05dc12733764ca,hardlink
train,/root/autodl-tmp/datasets/sources/construction-ppe_ultralytics_2025_v1/images/train/image1039.jpg,/root/autodl-tmp/datasets/sources/construction-ppe_ultralytics_2025_v1/labels/train/image1039.txt,/root/autodl-tmp/datasets/derived/construction_ppe3_canonical_v1_20260804_172437/images/all/train__image1039.jpg,/root/autodl-tmp/datasets/derived/construction_ppe3_canonical_v1_20260804_172437/labels/all/train__image1039.txt,8,3,5,b316a9aa0da1d5420a8281b3a4fb040374fd2e583df8e7f2ed7814a149e16119,hardlink
train,/root/autodl-tmp/datasets/sources/construction-ppe_ultralytics_2025_v1/images/train/image104.jpg,/root/autodl-tmp/datasets/sources/construction-ppe_ultralytics_2025_v1/labels/train/image104.txt,/root/autodl-tmp/datasets/derived/construction_ppe3_canonical_v1_20260804_172437/images/all/train__image104.jpg,/root/autodl-tmp/datasets/derived/construction_ppe3_canonical_v1_20260804_172437/labels/all/train__image104.txt,8,3,5,db20330f9e7306f6d4d50d0e1f6d7763efb3f84c418f03c37d4c28dd80836278,hardlink
train,/root/autodl-tmp/datasets/sources/construction-ppe_ultralytics_2025_v1/images/train/image1040.jpg,/root/autodl-tmp/datasets/sources/construction-ppe_ultralytics_2025_v1/labels/train/image1040.txt,/root/autodl-tmp/datasets/derived/construction_ppe3_canonical_v1_20260804_172437/images/all/train__image1040.jpg,/root/autodl-tmp/datasets/derived/construction_ppe3_canonical_v1_20260804_172437/labels/all/train__image1040.txt,8,3,5,cac47902c35d50812177bdd254c12ee7220f8a3e68781aedd7dc6ab6bf79afaa,hardlink
train,/root/autodl-tmp/datasets/sources/construction-ppe_ultralytics_2025_v1/images/train/image1041.jpg,/root/autodl-tmp/datasets/sources/construction-ppe_ultralytics_2025_v1/labels/train/image1041.txt,/root/autodl-tmp/datasets/derived/construction_ppe3_canonical_v1_20260804_172437/images/all/train__image1041.jpg,/root/autodl-tmp/datasets/derived/construction_ppe3_canonical_v1_20260804_172437/labels/all/train__image1041.txt,8,3,5,e8f2793df6daf3d024d501adb3b71168ad2842a523efcc5de9d3d82cee1436dc,hardlink
train,/root/autodl-tmp/datasets/sources/construction-ppe_ultralytics_2025_v1/images/train/image1042.jpg,/root/autodl-tmp/datasets/sources/construction-ppe_ultralytics_2025_v1/labels/train/image1042.txt,/root/autodl-tmp/datasets/derived/construction_ppe3_canonical_v1_20260804_172437/images/all/train__image1042.jpg,/root/autodl-tmp/datasets/derived/construction_ppe3_canonical_v1_20260804_172437/labels/all/train__image1042.txt,8,3,5,c09416f14840594bb450793cd6f370f66030578486199a21e6d9da42901ff35c,hardlink
train,/root/autodl-tmp/datasets/sources/construction-ppe_ultralytics_2025_v1/images/train/image1043.jpg,/root/autodl-tmp/datasets/sources/construction-ppe_ultralytics_2025_v1/labels/train/image1043.txt,/root/autodl-tmp/datasets/derived/construction_ppe3_canonical_v1_20260804_172437/images/all/train__image1043.jpg,/root/autodl-tmp/datasets/derived/construction_ppe3_canonical_v1_20260804_172437/labels/all/train__image1043.txt,8,3,5,a65447b52c0897604c80f1af88a6eb2ce0104c7523280e6205db3936dcfd5dab,hardlink
train,/root/autodl-tmp/datasets/sources/construction-ppe_ultralytics_2025_v1/images/train/image1044.jpg,/root/autodl-tmp/datasets/sources/construction-ppe_ultralytics_2025_v1/labels/train/image1044.txt,/root/autodl-tmp/datasets/derived/construction_ppe3_canonical_v1_20260804_172437/images/all/train__image1044.jpg,/root/autodl-tmp/datasets/derived/construction_ppe3_canonical_v1_20260804_172437/labels/all/train__image1044.txt,8,3,5,4cfc0a4a2961ead666a25045403c4f5e9830f67a63fad067b930e1e35ebacef3,hardlink
train,/root/autodl-tmp/datasets/sources/construction-ppe_ultralytics_2025_v1/images/train/image1045.jpg,/root/autodl-tmp/datasets/sources/construction-ppe_ultralytics_2025_v1/labels/train/image1045.txt,/root/autodl-tmp/datasets/derived/construction_ppe3_canonical_v1_20260804_172437/images/all/train__image1045.jpg,/root/autodl-tmp/datasets/derived/construction_ppe3_canonical_v1_20260804_172437/labels/all/train__image1045.txt,8,3,5,6e70135a59994f7a2c3b697f1647c9da8003ad9017a46afeec1f1c26c3238e5c,hardlink
train,/root/autodl-tmp/datasets/sources/construction-ppe_ultralytics_2025_v1/images/train/image1047.jpg,/root/autodl-tmp/datasets/sources/construction-ppe_ultralytics_2025_v1/labels/train/image1047.txt,/root/autodl-tmp/datasets/derived/construction_ppe3_canonical_v1_20260804_172437/images/all/train__image1047.jpg,/root/autodl-tmp/datasets/derived/construction_ppe3_canonical_v1_20260804_172437/labels/all/train__image1047.txt,8,3,5,af10ef307c37161f64f05a07703bae9b5d40aee76aeb5e440d863dd71ccebec7,hardlink
train,/root/autodl-tmp/datasets/sources/construction-ppe_ultralytics_2025_v1/images/train/image1048.jpg,/root/autodl-tmp/datasets/sources/construction-ppe_ultralytics_2025_v1/labels/train/image1048.txt,/root/autodl-tmp/datasets/derived/construction_ppe3_canonical_v1_20260804_172437/images/all/train__image1048.jpg,/root/autodl-tmp/datasets/derived/construction_ppe3_canonical_v1_20260804_172437/labels/all/train__image1048.txt,8,3,5,f9923424b079996ca4df481a35fdc4f1c92ac6c80a707a5d6b0b57635bf3f7c5,hardlink
train,/root/autodl-tmp/datasets/sources/construction-ppe_ultralytics_2025_v1/images/train/image105.jpg,/root/autodl-tmp/datasets/sources/construction-ppe_ultralytics_2025_v1/labels/train/image105.txt,/root/autodl-tmp/datasets/derived/construction_ppe3_canonical_v1_20260804_172437/images/all/train__image105.jpg,/root/autodl-tmp/datasets/derived/construction_ppe3_canonical_v1_20260804_172437/labels/all/train__image105.txt,8,3,5,f96da2f7f0b42ea45106db6ddc452fa487e74d697ad950b8c306a4627a161973,hardlink
train,/root/autodl-tmp/datasets/sources/construction-ppe_ultralytics_2025_v1/images/train/image1050.jpg,/root/autodl-tmp/datasets/sources/construction-ppe_ultralytics_2025_v1/labels/train/image1050.txt,/root/autodl-tmp/datasets/derived/construction_ppe3_canonical_v1_20260804_172437/images/all/train__image1050.jpg,/root/autodl-tmp/datasets/derived/construction_ppe3_canonical_v1_20260804_172437/labels/all/train__image1050.txt,8,3,5,8ab33fa35ebb08ddacbd53d131adf66152645ef6970c97a172828c5bce1487d6,hardlink
train,/root/autodl-tmp/datasets/sources/construction-ppe_ultralytics_2025_v1/images/train/image1051.jpeg,/root/autodl-tmp/datasets/sources/construction-ppe_ultralytics_2025_v1/labels/train/image1051.txt,/root/autodl-tmp/datasets/derived/construction_ppe3_canonical_v1_20260804_172437/images/all/train__image1051.jpeg,/root/autodl-tmp/datasets/derived/construction_ppe3_canonical_v1_20260804_172437/labels/all/train__image1051.txt,29,29,0,a5ffbe42109f7f5009878d4dbf88a295456b21823a866b7013483ad32ee149ad,hardlink
train,/root/autodl-tmp/datasets/sources/construction-ppe_ultralytics_2025_v1/images/train/image1052.jpg,/root/autodl-tmp/datasets/sources/construction-ppe_ultralytics_2025_v1/labels/train/image1052.txt,/root/autodl-tmp/datasets/derived/construction_ppe3_canonical_v1_20260804_172437/images/all/train__image1052.jpg,/root/autodl-tmp/datasets/derived/construction_ppe3_canonical_v1_20260804_172437/labels/all/train__image1052.txt,8,3,5,08f68636630a72f47c7c4981c2498915f9c88548fba9675494b6c85907e10a2b,hardlink
train,/root/autodl-tmp/datasets/sources/construction-ppe_ultralytics_2025_v1/images/train/image1053.jpg,/root/autodl-tmp/datasets/sources/construction-ppe_ultralytics_2025_v1/labels/train/image1053.txt,/root/autodl-tmp/datasets/derived/construction_ppe3_canonical_v1_20260804_172437/images/all/train__image1053.jpg,/root/autodl-tmp/datasets/derived/construction_ppe3_canonical_v1_20260804_172437/labels/all/train__image1053.txt,8,3,5,b8070ace7b10398bc1a316b4545bd9889a06184aa2e2025d593b97736f99af8a,hardlink
train,/root/autodl-tmp/datasets/sources/construction-ppe_ultralytics_2025_v1/images/train/image1054.jpg,/root/autodl-tmp/datasets/sources/construction-ppe_ultralytics_2025_v1/labels/train/image1054.txt,/root/autodl-tmp/datasets/derived/construction_ppe3_canonical_v1_20260804_172437/images/all/train__image1054.jpg,/root/autodl-tmp/datasets/derived/construction_ppe3_canonical_v1_20260804_172437/labels/all/train__image1054.txt,8,3,5,12b3c011d64641600ba35d66148622f0d71af2c5d43d6929587d469aec310ff1,hardlink
train,/root/autodl-tmp/datasets/sources/construction-ppe_ultralytics_2025_v1/images/train/image1056.jpg,/root/autodl-tmp/datasets/sources/construction-ppe_ultralytics_2025_v1/labels/train/image1056.txt,/root/autodl-tmp/datasets/derived/construction_ppe3_canonical_v1_20260804_172437/images/all/train__image1056.jpg,/root/autodl-tmp/datasets/derived/construction_ppe3_canonical_v1_20260804_172437/labels/all/train__image1056.txt,8,3,5,4480b9289336b188596ecfb4c98db89d42bfb0625ba4346e8dbeee669fc4aa1d,hardlink
train,/root/autodl-tmp/datasets/sources/construction-ppe_ultralytics_2025_v1/images/train/image1058.jpg,/root/autodl-tmp/datasets/sources/construction-ppe_ultralytics_2025_v1/labels/train/image1058.txt,/root/autodl-tmp/datasets/derived/construction_ppe3_canonical_v1_20260804_172437/images/all/train__image1058.jpg,/root/autodl-tmp/datasets/derived/construction_ppe3_canonical_v1_20260804_172437/labels/all/train__image1058.txt,8,3,5,dd9cbd2ebecece0e24167c5f6b63ccb3e92900255cc9c4ba42aa351fea62a4c2,hardlink
train,/root/autodl-tmp/datasets/sources/construction-ppe_ultralytics_2025_v1/images/train/image1059.jpg,/root/autodl-tmp/datasets/sources/construction-ppe_ultralytics_2025_v1/labels/train/image1059.txt,/root/autodl-tmp/datasets/derived/construction_ppe3_canonical_v1_20260804_172437/images/all/train__image1059.jpg,/root/autodl-tmp/datasets/derived/construction_ppe3_canonical_v1_20260804_172437/labels/all/train__image1059.txt,8,3,5,325c593a3b579918bc8a06f698b4fb77c8d270ab870188af3cb226708bf943ec,hardlink
train,/root/autodl-tmp/datasets/sources/construction-ppe_ultralytics_2025_v1/images/train/image106.jpg,/root/autodl-tmp/datasets/sources/construction-ppe_ultralytics_2025_v1/labels/train/image106.txt,/root/autodl-tmp/datasets/derived/construction_ppe3_canonical_v1_20260804_172437/images/all/train__image106.jpg,/root/autodl-tmp/datasets/derived/construction_ppe3_canonical_v1_20260804_172437/labels/all/train__image106.txt,8,3,5,668ea63e4916a7fb63b6438240755dc64d3d113bc91f0ac3cd480057452871e3,hardlink
train,/root/autodl-tmp/datasets/sources/construction-ppe_ultralytics_2025_v1/images/train/image1060.jpeg,/root/autodl-tmp/datasets/sources/construction-ppe_ultralytics_2025_v1/labels/train/image1060.txt,/root/autodl-tmp/datasets/derived/construction_ppe3_canonical_v1_20260804_172437/images/all/train__image1060.jpeg,/root/autodl-tmp/datasets/derived/construction_ppe3_canonical_v1_20260804_172437/labels/all/train__image1060.txt,8,6,2,de25471488870d37f099bda86b72173094d071eab656a06ea082d77f6ff120b1,hardlink
train,/root/autodl-tmp/datasets/sources/construction-ppe_ultralytics_2025_v1/images/train/image1061.jpg,/root/autodl-tmp/datasets/sources/construction-ppe_ultralytics_2025_v1/labels/train/image1061.txt,/root/autodl-tmp/datasets/derived/construction_ppe3_canonical_v1_20260804_172437/images/all/train__image1061.jpg,/root/autodl-tmp/datasets/derived/construction_ppe3_canonical_v1_20260804_172437/labels/all/train__image1061.txt,8,3,5,1e8287642e95df1debb635cf907083c0def012561130f39e367721f7a1d0a8a0,hardlink
train,/root/autodl-tmp/datasets/sources/construction-ppe_ultralytics_2025_v1/images/train/image1062.jpg,/root/autodl-tmp/datasets/sources/construction-ppe_ultralytics_2025_v1/labels/train/image1062.txt,/root/autodl-tmp/datasets/derived/construction_ppe3_canonical_v1_20260804_172437/images/all/train__image1062.jpg,/root/autodl-tmp/datasets/derived/construction_ppe3_canonical_v1_20260804_172437/labels/all/train__image1062.txt,8,3,5,c076e83a3fcb8b93200ec6bbdb24ffaf8f29245f79f9451345cdadc234a1d2f3,hardlink
train,/root/autodl-tmp/datasets/sources/construction-ppe_ultralytics_2025_v1/images/train/image1063.jpg,/root/autodl-tmp/datasets/sources/construction-ppe_ultralytics_2025_v1/labels/train/image1063.txt,/root/autodl-tmp/datasets/derived/construction_ppe3_canonical_v1_20260804_172437/images/all/train__image1063.jpg,/root/autodl-tmp/datasets/derived/construction_ppe3_canonical_v1_20260804_172437/labels/all/train__image1063.txt,8,3,5,385436486959eca02f27d8c29862386aa788d032f35a37809376f782617e0096,hardlink
train,/root/autodl-tmp/datasets/sources/construction-ppe_ultralytics_2025_v1/images/train/image1064.jpg,/root/autodl-tmp/datasets/sources/construction-ppe_ultralytics_2025_v1/labels/train/image1064.txt,/root/autodl-tmp/datasets/derived/construction_ppe3_canonical_v1_20260804_172437/images/all/train__image1064.jpg,/root/autodl-tmp/datasets/derived/construction_ppe3_canonical_v1_20260804_172437/labels/all/train__image1064.txt,8,3,5,37c95ef824cfae54db349877d8d48ec9064b67ffec63ce9d075fe140487f75b5,hardlink
train,/root/autodl-tmp/datasets/sources/construction-ppe_ultralytics_2025_v1/images/train/image1066.jpg,/root/autodl-tmp/datasets/sources/construction-ppe_ultralytics_2025_v1/labels/train/image1066.txt,/root/autodl-tmp/datasets/derived/construction_ppe3_canonical_v1_20260804_172437/images/all/train__image1066.jpg,/root/autodl-tmp/datasets/derived/construction_ppe3_canonical_v1_20260804_172437/labels/all/train__image1066.txt,8,3,5,fd8616842d07d45e08223f18e8d3a4170c3fdf7655ff7a05596259274ec65b7b,hardlink
train,/root/autodl-tmp/datasets/sources/construction-ppe_ultralytics_2025_v1/images/train/image1067.jpg,/root/autodl-tmp/datasets/sources/construction-ppe_ultralytics_2025_v1/labels/train/image1067.txt,/root/autodl-tmp/datasets/derived/construction_ppe3_canonical_v1_20260804_172437/images/all/train__image1067.jpg,/root/autodl-tmp/datasets/derived/construction_ppe3_canonical_v1_20260804_172437/labels/all/train__image1067.txt,8,3,5,85ff97c0a72a4f22edbceb961aae8ce913149d6d910fc842fc26d2ebca817c22,hardlink
train,/root/autodl-tmp/datasets/sources/construction-ppe_ultralytics_2025_v1/images/train/image1068.jpg,/root/autodl-tmp/datasets/sources/construction-ppe_ultralytics_2025_v1/labels/train/image1068.txt,/root/autodl-tmp/datasets/derived/construction_ppe3_canonical_v1_20260804_172437/images/all/train__image1068.jpg,/root/autodl-tmp/datasets/derived/construction_ppe3_canonical_v1_20260804_172437/labels/all/train__image1068.txt,8,3,5,62f343321b518f2fced0cbe942ed41501a3894392fe36e18a2e6ba4ff736d09b,hardlink
train,/root/autodl-tmp/datasets/sources/construction-ppe_ultralytics_2025_v1/images/train/image1069.jpeg,/root/autodl-tmp/datasets/sources/construction-ppe_ultralytics_2025_v1/labels/train/image1069.txt,/root/autodl-tmp/datasets/derived/construction_ppe3_canonical_v1_20260804_172437/images/all/train__image1069.jpeg,/root/autodl-tmp/datasets/derived/construction_ppe3_canonical_v1_20260804_172437/labels/all/train__image1069.txt,4,2,2,7e97fac288aa832c9c85eb2eb4492d4843e24064b4ddbfa76b802e2700dc2f83,hardlink
train,/root/autodl-tmp/datasets/sources/construction-ppe_ultralytics_2025_v1/images/train/image107.jpg,/root/autodl-tmp/datasets/sources/construction-ppe_ultralytics_2025_v1/labels/train/image107.txt,/root/autodl-tmp/datasets/derived/construction_ppe3_canonical_v1_20260804_172437/images/all/train__image107.jpg,/root/autodl-tmp/datasets/derived/construction_ppe3_canonical_v1_20260804_172437/labels/all/train__image107.txt,2,2,0,98ed63e1f06c5dd619224d5c487799744f7d4860c875ee8e2c91c8e18d769d91,hardlink
train,/root/autodl-tmp/datasets/sources/construction-ppe_ultralytics_2025_v1/images/train/image1070.jpg,/root/autodl-tmp/datasets/sources/construction-ppe_ultralytics_2025_v1/labels/train/image1070.txt,/root/autodl-tmp/datasets/derived/construction_ppe3_canonical_v1_20260804_172437/images/all/train__image1070.jpg,/root/autodl-tmp/datasets/derived/construction_ppe3_canonical_v1_20260804_172437/labels/all/train__image1070.txt,8,3,5,27b0eae35421c85024a035aa933d4193316395321423bc97cd3953906128e3a9,hardlink
train,/root/autodl-tmp/datasets/sources/construction-ppe_ultralytics_2025_v1/images/train/image1071.jpg,/root/autodl-tmp/datasets/sources/construction-ppe_ultralytics_2025_v1/labels/train/image1071.txt,/root/autodl-tmp/datasets/derived/construction_ppe3_canonical_v1_20260804_172437/images/all/train__image1071.jpg,/root/autodl-tmp/datasets/derived/construction_ppe3_canonical_v1_20260804_172437/labels/all/train__image1071.txt,8,3,5,87b01c73f07fc0458f92f6f43b9aee6cc69864ca666e930d62903044d98d9b34,hardlink
train,/root/autodl-tmp/datasets/sources/construction-ppe_ultralytics_2025_v1/images/train/image1073.jpg,/root/autodl-tmp/datasets/sources/construction-ppe_ultralytics_2025_v1/labels/train/image1073.txt,/root/autodl-tmp/datasets/derived/construction_ppe3_canonical_v1_20260804_172437/images/all/train__image1073.jpg,/root/autodl-tmp/datasets/derived/construction_ppe3_canonical_v1_20260804_172437/labels/all/train__image1073.txt,8,3,5,64562b30159a955a2cf3b0c21a4eedd3ee6e8790b829a422e144f9b34d736d6c,hardlink
train,/root/autodl-tmp/datasets/sources/construction-ppe_ultralytics_2025_v1/images/train/image1075.jpg,/root/autodl-tmp/datasets/sources/construction-ppe_ultralytics_2025_v1/labels/train/image1075.txt,/root/autodl-tmp/datasets/derived/construction_ppe3_canonical_v1_20260804_172437/images/all/train__image1075.jpg,/root/autodl-tmp/datasets/derived/construction_ppe3_canonical_v1_20260804_172437/labels/all/train__image1075.txt,8,3,5,e5a0461f9b89f9eae8bed15c8e3e932d703bcd6677fec91963a516dcb6092b14,hardlink
train,/root/autodl-tmp/datasets/sources/construction-ppe_ultralytics_2025_v1/images/train/image1077.jpg,/root/autodl-tmp/datasets/sources/construction-ppe_ultralytics_2025_v1/labels/train/image1077.txt,/root/autodl-tmp/datasets/derived/construction_ppe3_canonical_v1_20260804_172437/images/all/train__image1077.jpg,/root/autodl-tmp/datasets/derived/construction_ppe3_canonical_v1_20260804_172437/labels/all/train__image1077.txt,8,3,5,1c231db04ae7ec1908ce5b953f23a41fa845fbb45d4a4d233a49912a260145dc,hardlink
train,/root/autodl-tmp/datasets/sources/construction-ppe_ultralytics_2025_v1/images/train/image1078.jpeg,/root/autodl-tmp/datasets/sources/construction-ppe_ultralytics_2025_v1/labels/train/image1078.txt,/root/autodl-tmp/datasets/derived/construction_ppe3_canonical_v1_20260804_172437/images/all/train__image1078.jpeg,/root/autodl-tmp/datasets/derived/construction_ppe3_canonical_v1_20260804_172437/labels/all/train__image1078.txt,6,6,0,8b4f2cafd2d08b439ada2ff06223effa227b9079d80e25962f3194952fb03a8e,hardlink
train,/root/autodl-tmp/datasets/sources/construction-ppe_ultralytics_2025_v1/images/train/image1079.jpg,/root/autodl-tmp/datasets/sources/construction-ppe_ultralytics_2025_v1/labels/train/image1079.txt,/root/autodl-tmp/datasets/derived/construction_ppe3_canonical_v1_20260804_172437/images/all/train__image1079.jpg,/root/autodl-tmp/datasets/derived/construction_ppe3_canonical_v1_20260804_172437/labels/all/train__image1079.txt,3,3,0,4328119a49d2041cc15ec1d4591907df2ae9fb1367985da804e792d45b4a2454,hardlink
train,/root/autodl-tmp/datasets/sources/construction-ppe_ultralytics_2025_v1/images/train/image108.jpg,/root/autodl-tmp/datasets/sources/construction-ppe_ultralytics_2025_v1/labels/train/image108.txt,/root/autodl-tmp/datasets/derived/construction_ppe3_canonical_v1_20260804_172437/images/all/train__image108.jpg,/root/autodl-tmp/datasets/derived/construction_ppe3_canonical_v1_20260804_172437/labels/all/train__image108.txt,5,5,0,f3917ba40946a7836c1a2b09fdb63559bc654c3eafcf80d4a30bd2aff0b53f97,hardlink
train,/root/autodl-tmp/datasets/sources/construction-ppe_ultralytics_2025_v1/images/train/image1080.jpg,/root/autodl-tmp/datasets/sources/construction-ppe_ultralytics_2025_v1/labels/train/image1080.txt,/root/autodl-tmp/datasets/derived/construction_ppe3_canonical_v1_20260804_172437/images/all/train__image1080.jpg,/root/autodl-tmp/datasets/derived/construction_ppe3_canonical_v1_20260804_172437/labels/all/train__image1080.txt,8,3,5,5f7330ca8405199ec6ff4119a1e946ca8b5b5bdcb684d012af3c289e5d7b7ad9,hardlink
train,/root/autodl-tmp/datasets/sources/construction-ppe_ultralytics_2025_v1/images/train/image1081.jpg,/root/autodl-tmp/datasets/sources/construction-ppe_ultralytics_2025_v1/labels/train/image1081.txt,/root/autodl-tmp/datasets/derived/construction_ppe3_canonical_v1_20260804_172437/images/all/train__image1081.jpg,/root/autodl-tmp/datasets/derived/construction_ppe3_canonical_v1_20260804_172437/labels/all/train__image1081.txt,8,3,5,ae82349f684ec432fc04a860ffde1fa69c759e6e500c84dde83b93ec4e88b9b5,hardlink
train,/root/autodl-tmp/datasets/sources/construction-ppe_ultralytics_2025_v1/images/train/image1082.jpg,/root/autodl-tmp/datasets/sources/construction-ppe_ultralytics_2025_v1/labels/train/image1082.txt,/root/autodl-tmp/datasets/derived/construction_ppe3_canonical_v1_20260804_172437/images/all/train__image1082.jpg,/root/autodl-tmp/datasets/derived/construction_ppe3_canonical_v1_20260804_172437/labels/all/train__image1082.txt,8,3,5,922e059acec3a053a5134fee7cc0497765a93e2db05fc9e8c2c74647579d979c,hardlink
train,/root/autodl-tmp/datasets/sources/construction-ppe_ultralytics_2025_v1/images/train/image1084.jpg,/root/autodl-tmp/datasets/sources/construction-ppe_ultralytics_2025_v1/labels/train/image1084.txt,/root/autodl-tmp/datasets/derived/construction_ppe3_canonical_v1_20260804_172437/images/all/train__image1084.jpg,/root/autodl-tmp/datasets/derived/construction_ppe3_canonical_v1_20260804_172437/labels/all/train__image1084.txt,8,3,5,2565e015fc17ba46b038e589d856d508e9e1fd0bd339d82dc12ca20a3333333e,hardlink
train,/root/autodl-tmp/datasets/sources/construction-ppe_ultralytics_2025_v1/images/train/image1086.jpg,/root/autodl-tmp/datasets/sources/construction-ppe_ultralytics_2025_v1/labels/train/image1086.txt,/root/autodl-tmp/datasets/derived/construction_ppe3_canonical_v1_20260804_172437/images/all/train__image1086.jpg,/root/autodl-tmp/datasets/derived/construction_ppe3_canonical_v1_20260804_172437/labels/all/train__image1086.txt,8,3,5,1edf0b5dd0fae183c9db354ed1e3a68666962a1a745d78d66dd066328392eeaa,hardlink
train,/root/autodl-tmp/datasets/sources/construction-ppe_ultralytics_2025_v1/images/train/image1087.jpg,/root/autodl-tmp/datasets/sources/construction-ppe_ultralytics_2025_v1/labels/train/image1087.txt,/root/autodl-tmp/datasets/derived/construction_ppe3_canonical_v1_20260804_172437/images/all/train__image1087.jpg,/root/autodl-tmp/datasets/derived/construction_ppe3_canonical_v1_20260804_172437/labels/all/train__image1087.txt,8,3,5,a59f7d40a7675ef1f7b76e7e38a3087d2fd25df38b3ac2dd49bf3355374b97d8,hardlink
train,/root/autodl-tmp/datasets/sources/construction-ppe_ultralytics_2025_v1/images/train/image109.jpg,/root/autodl-tmp/datasets/sources/construction-ppe_ultralytics_2025_v1/labels/train/image109.txt,/root/autodl-tmp/datasets/derived/construction_ppe3_canonical_v1_20260804_172437/images/all/train__image109.jpg,/root/autodl-tmp/datasets/derived/construction_ppe3_canonical_v1_20260804_172437/labels/all/train__image109.txt,9,9,0,07fc46af42f1d88682516f5bf76586b3b5192d458a4ba11db35c6ae8ed8bca5e,hardlink
train,/root/autodl-tmp/datasets/sources/construction-ppe_ultralytics_2025_v1/images/train/image1090.jpeg,/root/autodl-tmp/datasets/sources/construction-ppe_ultralytics_2025_v1/labels/train/image1090.txt,/root/autodl-tmp/datasets/derived/construction_ppe3_canonical_v1_20260804_172437/images/all/train__image1090.jpeg,/root/autodl-tmp/datasets/derived/construction_ppe3_canonical_v1_20260804_172437/labels/all/train__image1090.txt,4,4,0,44aefa019d481f55d49b214811105f74e4d6180f7d553e85d34419163662b090,hardlink
train,/root/autodl-tmp/datasets/sources/construction-ppe_ultralytics_2025_v1/images/train/image1092.jpg,/root/autodl-tmp/datasets/sources/construction-ppe_ultralytics_2025_v1/labels/train/image1092.txt,/root/autodl-tmp/datasets/derived/construction_ppe3_canonical_v1_20260804_172437/images/all/train__image1092.jpg,/root/autodl-tmp/datasets/derived/construction_ppe3_canonical_v1_20260804_172437/labels/all/train__image1092.txt,8,3,5,65eecb794cf521d82785b986a13c674c725b9c13a9f03d5a4b92c915dc78ac68,hardlink
train,/root/autodl-tmp/datasets/sources/construction-ppe_ultralytics_2025_v1/images/train/image1093.jpg,/root/autodl-tmp/datasets/sources/construction-ppe_ultralytics_2025_v1/labels/train/image1093.txt,/root/autodl-tmp/datasets/derived/construction_ppe3_canonical_v1_20260804_172437/images/all/train__image1093.jpg,/root/autodl-tmp/datasets/derived/construction_ppe3_canonical_v1_20260804_172437/labels/all/train__image1093.txt,7,3,4,f83e9fea5526749206db674c35f158942d4a38665bbe80783f8144fc80268e81,hardlink
train,/root/autodl-tmp/datasets/sources/construction-ppe_ultralytics_2025_v1/images/train/image1094.jpg,/root/autodl-tmp/datasets/sources/construction-ppe_ultralytics_2025_v1/labels/train/image1094.txt,/root/autodl-tmp/datasets/derived/construction_ppe3_canonical_v1_20260804_172437/images/all/train__image1094.jpg,/root/autodl-tmp/datasets/derived/construction_ppe3_canonical_v1_20260804_172437/labels/all/train__image1094.txt,7,3,4,374d6316af919333cb27d366e1191d326205d0c1b9c37830d96d524d7095df89,hardlink
train,/root/autodl-tmp/datasets/sources/construction-ppe_ultralytics_2025_v1/images/train/image1095.jpg,/root/autodl-tmp/datasets/sources/construction-ppe_ultralytics_2025_v1/labels/train/image1095.txt,/root/autodl-tmp/datasets/derived/construction_ppe3_canonical_v1_20260804_172437/images/all/train__image1095.jpg,/root/autodl-tmp/datasets/derived/construction_ppe3_canonical_v1_20260804_172437/labels/all/train__image1095.txt,8,3,5,387b1d3b52163574d0209073fc2a0cb1116fbb249ff8c6a8a452d32ba3f4f2d7,hardlink
train,/root/autodl-tmp/datasets/sources/construction-ppe_ultralytics_2025_v1/images/train/image1097.jpg,/root/autodl-tmp/datasets/sources/construction-ppe_ultralytics_2025_v1/labels/train/image1097.txt,/root/autodl-tmp/datasets/derived/construction_ppe3_canonical_v1_20260804_172437/images/all/train__image1097.jpg,/root/autodl-tmp/datasets/derived/construction_ppe3_canonical_v1_20260804_172437/labels/all/train__image1097.txt,8,3,5,9cd566244fb5e3b8bf88f92ca27ab4635ae84929beae8a4ea3339ea45c547eee,hardlink
train,/root/autodl-tmp/datasets/sources/construction-ppe_ultralytics_2025_v1/images/train/image1098.jpg,/root/autodl-tmp/datasets/sources/construction-ppe_ultralytics_2025_v1/labels/train/image1098.txt,/root/autodl-tmp/datasets/derived/construction_ppe3_canonical_v1_20260804_172437/images/all/train__image1098.jpg,/root/autodl-tmp/datasets/derived/construction_ppe3_canonical_v1_20260804_172437/labels/all/train__image1098.txt,8,3,5,1f89b622c307748662c504d50760a7629ded6cfa9a7c324c6473bfccb5aa3c76,hardlink
train,/root/autodl-tmp/datasets/sources/construction-ppe_ultralytics_2025_v1/images/train/image1099.jpg,/root/autodl-tmp/datasets/sources/construction-ppe_ultralytics_2025_v1/labels/train/image1099.txt,/root/autodl-tmp/datasets/derived/construction_ppe3_canonical_v1_20260804_172437/images/all/train__image1099.jpg,/root/autodl-tmp/datasets/derived/construction_ppe3_canonical_v1_20260804_172437/labels/all/train__image1099.txt,8,3,5,ec968241f1e26455b90c99964133cb41477d041b6a19aa6e7af595a683e963ac,hardlink
train,/root/autodl-tmp/datasets/sources/construction-ppe_ultralytics_2025_v1/images/train/image1100.jpeg,/root/autodl-tmp/datasets/sources/construction-ppe_ultralytics_2025_v1/labels/train/image1100.txt,/root/autodl-tmp/datasets/derived/construction_ppe3_canonical_v1_20260804_172437/images/all/train__image1100.jpeg,/root/autodl-tmp/datasets/derived/construction_ppe3_canonical_v1_20260804_172437/labels/all/train__image1100.txt,11,11,0,e72fdbe67715c3f93f9eb9373d65a99ac6b575ee3ee123659bff462fcd7a5acc,hardlink
train,/root/autodl-tmp/datasets/sources/construction-ppe_ultralytics_2025_v1/images/train/image1101.jpg,/root/autodl-tmp/datasets/sources/construction-ppe_ultralytics_2025_v1/labels/train/image1101.txt,/root/autodl-tmp/datasets/derived/construction_ppe3_canonical_v1_20260804_172437/images/all/train__image1101.jpg,/root/autodl-tmp/datasets/derived/construction_ppe3_canonical_v1_20260804_172437/labels/all/train__image1101.txt,8,3,5,8f9e09912dc09e06392c1dd5392805b26f43cc562b92819617a44ba5a7b7aa08,hardlink
train,/root/autodl-tmp/datasets/sources/construction-ppe_ultralytics_2025_v1/images/train/image1102.jpg,/root/autodl-tmp/datasets/sources/construction-ppe_ultralytics_2025_v1/labels/train/image1102.txt,/root/autodl-tmp/datasets/derived/construction_ppe3_canonical_v1_20260804_172437/images/all/train__image1102.jpg,/root/autodl-tmp/datasets/derived/construction_ppe3_canonical_v1_20260804_172437/labels/all/train__image1102.txt,8,3,5,57e09819f9209e2fb91d5ae9e3f86182def1551c3660784e91958209fbeb3a56,hardlink
train,/root/autodl-tmp/datasets/sources/construction-ppe_ultralytics_2025_v1/images/train/image1103.jpg,/root/autodl-tmp/datasets/sources/construction-ppe_ultralytics_2025_v1/labels/train/image1103.txt,/root/autodl-tmp/datasets/derived/construction_ppe3_canonical_v1_20260804_172437/images/all/train__image1103.jpg,/root/autodl-tmp/datasets/derived/construction_ppe3_canonical_v1_20260804_172437/labels/all/train__image1103.txt,8,3,5,fbc8ea5d5c70e3b0a5f2f3c41e80bd971cbc8c03932ca7eced19adadfc70f1aa,hardlink
train,/root/autodl-tmp/datasets/sources/construction-ppe_ultralytics_2025_v1/images/train/image1104.jpg,/root/autodl-tmp/datasets/sources/construction-ppe_ultralytics_2025_v1/labels/train/image1104.txt,/root/autodl-tmp/datasets/derived/construction_ppe3_canonical_v1_20260804_172437/images/all/train__image1104.jpg,/root/autodl-tmp/datasets/derived/construction_ppe3_canonical_v1_20260804_172437/labels/all/train__image1104.txt,8,3,5,bba63872933eb5d97c77cec961603680ed653b909bf10ae125db103f51753e9f,hardlink
train,/root/autodl-tmp/datasets/sources/construction-ppe_ultralytics_2025_v1/images/train/image1105.jpg,/root/autodl-tmp/datasets/sources/construction-ppe_ultralytics_2025_v1/labels/train/image1105.txt,/root/autodl-tmp/datasets/derived/construction_ppe3_canonical_v1_20260804_172437/images/all/train__image1105.jpg,/root/autodl-tmp/datasets/derived/construction_ppe3_canonical_v1_20260804_172437/labels/all/train__image1105.txt,8,3,5,fb1b31ee80152ab89f2471cc9d9a4f5e93e9f01b604a9bd4619afed7c6cab801,hardlink
train,/root/autodl-tmp/datasets/sources/construction-ppe_ultralytics_2025_v1/images/train/image1106.jpg,/root/autodl-tmp/datasets/sources/construction-ppe_ultralytics_2025_v1/labels/train/image1106.txt,/root/autodl-tmp/datasets/derived/construction_ppe3_canonical_v1_20260804_172437/images/all/train__image1106.jpg,/root/autodl-tmp/datasets/derived/construction_ppe3_canonical_v1_20260804_172437/labels/all/train__image1106.txt,8,3,5,496dec7a32e52af7e3db8efeee71fdb5f21fc71f95fd381bcf24f7098b16f8d0,hardlink
train,/root/autodl-tmp/datasets/sources/construction-ppe_ultralytics_2025_v1/images/train/image1108.jpg,/root/autodl-tmp/datasets/sources/construction-ppe_ultralytics_2025_v1/labels/train/image1108.txt,/root/autodl-tmp/datasets/derived/construction_ppe3_canonical_v1_20260804_172437/images/all/train__image1108.jpg,/root/autodl-tmp/datasets/derived/construction_ppe3_canonical_v1_20260804_172437/labels/all/train__image1108.txt,8,3,5,09753ddcf06d77ca925a4cc7e298d13c2011d1ec7584768b7cbee0dd801ab71f,hardlink
train,/root/autodl-tmp/datasets/sources/construction-ppe_ultralytics_2025_v1/images/train/image111.jpg,/root/autodl-tmp/datasets/sources/construction-ppe_ultralytics_2025_v1/labels/train/image111.txt,/root/autodl-tmp/datasets/derived/construction_ppe3_canonical_v1_20260804_172437/images/all/train__image111.jpg,/root/autodl-tmp/datasets/derived/construction_ppe3_canonical_v1_20260804_172437/labels/all/train__image111.txt,9,9,0,c1c9e23b084d04355ad0d981d9b4ad4e74b2aaf00f60cf514bfd6b20101c6cd9,hardlink
train,/root/autodl-tmp/datasets/sources/construction-ppe_ultralytics_2025_v1/images/train/image1110.jpeg,/root/autodl-tmp/datasets/sources/construction-ppe_ultralytics_2025_v1/labels/train/image1110.txt,/root/autodl-tmp/datasets/derived/construction_ppe3_canonical_v1_20260804_172437/images/all/train__image1110.jpeg,/root/autodl-tmp/datasets/derived/construction_ppe3_canonical_v1_20260804_172437/labels/all/train__image1110.txt,5,5,0,3611eb660d76bd9118ab9344f98e2bd1b72301afcdbc8b78c13848e0fc7e3fc4,hardlink
train,/root/autodl-tmp/datasets/sources/construction-ppe_ultralytics_2025_v1/images/train/image1112.jpg,/root/autodl-tmp/datasets/sources/construction-ppe_ultralytics_2025_v1/labels/train/image1112.txt,/root/autodl-tmp/datasets/derived/construction_ppe3_canonical_v1_20260804_172437/images/all/train__image1112.jpg,/root/autodl-tmp/datasets/derived/construction_ppe3_canonical_v1_20260804_172437/labels/all/train__image1112.txt,8,3,5,897bd266537683b351e738d03eb10b5aab79579d01ae47dd59caf6d179c8f38e,hardlink
train,/root/autodl-tmp/datasets/sources/construction-ppe_ultralytics_2025_v1/images/train/image1113.jpg,/root/autodl-tmp/datasets/sources/construction-ppe_ultralytics_2025_v1/labels/train/image1113.txt,/root/autodl-tmp/datasets/derived/construction_ppe3_canonical_v1_20260804_172437/images/all/train__image1113.jpg,/root/autodl-tmp/datasets/derived/construction_ppe3_canonical_v1_20260804_172437/labels/all/train__image1113.txt,8,3,5,f1cc14c0773b20408ea3d8dbcc3a7665ea3709cd16d06619ce45b3798a9af289,hardlink
train,/root/autodl-tmp/datasets/sources/construction-ppe_ultralytics_2025_v1/images/train/image1115.jpg,/root/autodl-tmp/datasets/sources/construction-ppe_ultralytics_2025_v1/labels/train/image1115.txt,/root/autodl-tmp/datasets/derived/construction_ppe3_canonical_v1_20260804_172437/images/all/train__image1115.jpg,/root/autodl-tmp/datasets/derived/construction_ppe3_canonical_v1_20260804_172437/labels/all/train__image1115.txt,8,3,5,2d4140180692b3d445a7b3a6cfca17afb7a59ca422bc25d0688371ed27a51698,hardlink
train,/root/autodl-tmp/datasets/sources/construction-ppe_ultralytics_2025_v1/images/train/image1116.jpg,/root/autodl-tmp/datasets/sources/construction-ppe_ultralytics_2025_v1/labels/train/image1116.txt,/root/autodl-tmp/datasets/derived/construction_ppe3_canonical_v1_20260804_172437/images/all/train__image1116.jpg,/root/autodl-tmp/datasets/derived/construction_ppe3_canonical_v1_20260804_172437/labels/all/train__image1116.txt,8,3,5,f779bb256448104fdd4d27e14ba9c88e01ae64e6eb37065af41b6f9720528d83,hardlink
train,/root/autodl-tmp/datasets/sources/construction-ppe_ultralytics_2025_v1/images/train/image1117.jpg,/root/autodl-tmp/datasets/sources/construction-ppe_ultralytics_2025_v1/labels/train/image1117.txt,/root/autodl-tmp/datasets/derived/construction_ppe3_canonical_v1_20260804_172437/images/all/train__image1117.jpg,/root/autodl-tmp/datasets/derived/construction_ppe3_canonical_v1_20260804_172437/labels/all/train__image1117.txt,6,1,5,55a27302a6b6dd5a75bc1473cc23dcd60d38bcb976fc4c3746a5035f45139aeb,hardlink
train,/root/autodl-tmp/datasets/sources/construction-ppe_ultralytics_2025_v1/images/train/image1118.jpg,/root/autodl-tmp/datasets/sources/construction-ppe_ultralytics_2025_v1/labels/train/image1118.txt,/root/autodl-tmp/datasets/derived/construction_ppe3_canonical_v1_20260804_172437/images/all/train__image1118.jpg,/root/autodl-tmp/datasets/derived/construction_ppe3_canonical_v1_20260804_172437/labels/all/train__image1118.txt,9,2,7,ecb5e1af6cd3cfa209e28e5674a3a1d0b8c8969f1f7b6e8383374663ec8e709c,hardlink
train,/root/autodl-tmp/datasets/sources/construction-ppe_ultralytics_2025_v1/images/train/image1119.jpg,/root/autodl-tmp/datasets/sources/construction-ppe_ultralytics_2025_v1/labels/train/image1119.txt,/root/autodl-tmp/datasets/derived/construction_ppe3_canonical_v1_20260804_172437/images/all/train__image1119.jpg,/root/autodl-tmp/datasets/derived/construction_ppe3_canonical_v1_20260804_172437/labels/all/train__image1119.txt,6,1,5,f34c2a446ca5cf5e1909f3be01602bfd5a807a5316f7bd563b809643a31ddf1e,hardlink
train,/root/autodl-tmp/datasets/sources/construction-ppe_ultralytics_2025_v1/images/train/image112.jpeg,/root/autodl-tmp/datasets/sources/construction-ppe_ultralytics_2025_v1/labels/train/image112.txt,/root/autodl-tmp/datasets/derived/construction_ppe3_canonical_v1_20260804_172437/images/all/train__image112.jpeg,/root/autodl-tmp/datasets/derived/construction_ppe3_canonical_v1_20260804_172437/labels/all/train__image112.txt,7,4,3,7d9d79e1dd1a9c011d29ed5485bd87fe63f48fb5baafa220533f3f8a25aec991,hardlink
train,/root/autodl-tmp/datasets/sources/construction-ppe_ultralytics_2025_v1/images/train/image1122.jpg,/root/autodl-tmp/datasets/sources/construction-ppe_ultralytics_2025_v1/labels/train/image1122.txt,/root/autodl-tmp/datasets/derived/construction_ppe3_canonical_v1_20260804_172437/images/all/train__image1122.jpg,/root/autodl-tmp/datasets/derived/construction_ppe3_canonical_v1_20260804_172437/labels/all/train__image1122.txt,18,3,15,136a78755787b33847a185fab422365fd82c14771a7c69c672e2a55f4090285e,hardlink
train,/root/autodl-tmp/datasets/sources/construction-ppe_ultralytics_2025_v1/images/train/image1123.jpg,/root/autodl-tmp/datasets/sources/construction-ppe_ultralytics_2025_v1/labels/train/image1123.txt,/root/autodl-tmp/datasets/derived/construction_ppe3_canonical_v1_20260804_172437/images/all/train__image1123.jpg,/root/autodl-tmp/datasets/derived/construction_ppe3_canonical_v1_20260804_172437/labels/all/train__image1123.txt,9,2,7,2ca794c213d4a249400a248036f07cf54bcc77b264b2df566ae93eceeae8dd19,hardlink
train,/root/autodl-tmp/datasets/sources/construction-ppe_ultralytics_2025_v1/images/train/image1124.jpg,/root/autodl-tmp/datasets/sources/construction-ppe_ultralytics_2025_v1/labels/train/image1124.txt,/root/autodl-tmp/datasets/derived/construction_ppe3_canonical_v1_20260804_172437/images/all/train__image1124.jpg,/root/autodl-tmp/datasets/derived/construction_ppe3_canonical_v1_20260804_172437/labels/all/train__image1124.txt,22,5,17,9a4048a6cd28620dbf7cf14fe0b508ea3c8756d51184889c483990d5a880a29e,hardlink
train,/root/autodl-tmp/datasets/sources/construction-ppe_ultralytics_2025_v1/images/train/image1126.jpg,/root/autodl-tmp/datasets/sources/construction-ppe_ultralytics_2025_v1/labels/train/image1126.txt,/root/autodl-tmp/datasets/derived/construction_ppe3_canonical_v1_20260804_172437/images/all/train__image1126.jpg,/root/autodl-tmp/datasets/derived/construction_ppe3_canonical_v1_20260804_172437/labels/all/train__image1126.txt,18,4,14,dc5c363411e8b2ec65f9c9df506a08c719d87825b2b05d071c1effc725f3430c,hardlink
train,/root/autodl-tmp/datasets/sources/construction-ppe_ultralytics_2025_v1/images/train/image1127.jpg,/root/autodl-tmp/datasets/sources/construction-ppe_ultralytics_2025_v1/labels/train/image1127.txt,/root/autodl-tmp/datasets/derived/construction_ppe3_canonical_v1_20260804_172437/images/all/train__image1127.jpg,/root/autodl-tmp/datasets/derived/construction_ppe3_canonical_v1_20260804_172437/labels/all/train__image1127.txt,5,1,4,361ca5b23f471b0533d8529ff45652ace3136e613539fba220a58b0f5539f5e6,hardlink
train,/root/autodl-tmp/datasets/sources/construction-ppe_ultralytics_2025_v1/images/train/image1128.jpg,/root/autodl-tmp/datasets/sources/construction-ppe_ultralytics_2025_v1/labels/train/image1128.txt,/root/autodl-tmp/datasets/derived/construction_ppe3_canonical_v1_20260804_172437/images/all/train__image1128.jpg,/root/autodl-tmp/datasets/derived/construction_ppe3_canonical_v1_20260804_172437/labels/all/train__image1128.txt,16,2,14,7d41a57bac22a375491275746a3115b76634c2bea4231a411c5dee5be8c30bc4,hardlink
train,/root/autodl-tmp/datasets/sources/construction-ppe_ultralytics_2025_v1/images/train/image113.jpg,/root/autodl-tmp/datasets/sources/construction-ppe_ultralytics_2025_v1/labels/train/image113.txt,/root/autodl-tmp/datasets/derived/construction_ppe3_canonical_v1_20260804_172437/images/all/train__image113.jpg,/root/autodl-tmp/datasets/derived/construction_ppe3_canonical_v1_20260804_172437/labels/all/train__image113.txt,30,30,0,b5d233dfb7007f7cb2614905f2d8f9668a69dd6195713c0fcad478976dbf4bc5,hardlink
train,/root/autodl-tmp/datasets/sources/construction-ppe_ultralytics_2025_v1/images/train/image1131.jpg,/root/autodl-tmp/datasets/sources/construction-ppe_ultralytics_2025_v1/labels/train/image1131.txt,/root/autodl-tmp/datasets/derived/construction_ppe3_canonical_v1_20260804_172437/images/all/train__image1131.jpg,/root/autodl-tmp/datasets/derived/construction_ppe3_canonical_v1_20260804_172437/labels/all/train__image1131.txt,6,1,5,f7b50cb69e5f66d8a2c237f473be4c167127bc0dae09f47310da56859b32fbc2,hardlink
train,/root/autodl-tmp/datasets/sources/construction-ppe_ultralytics_2025_v1/images/train/image1134.jpg,/root/autodl-tmp/datasets/sources/construction-ppe_ultralytics_2025_v1/labels/train/image1134.txt,/root/autodl-tmp/datasets/derived/construction_ppe3_canonical_v1_20260804_172437/images/all/train__image1134.jpg,/root/autodl-tmp/datasets/derived/construction_ppe3_canonical_v1_20260804_172437/labels/all/train__image1134.txt,10,2,8,0934301be039bd1fed810a464a0e3d4f66ccd0e8f9194269a7f4e193fb966066,hardlink
train,/root/autodl-tmp/datasets/sources/construction-ppe_ultralytics_2025_v1/images/train/image1135.jpg,/root/autodl-tmp/datasets/sources/construction-ppe_ultralytics_2025_v1/labels/train/image1135.txt,/root/autodl-tmp/datasets/derived/construction_ppe3_canonical_v1_20260804_172437/images/all/train__image1135.jpg,/root/autodl-tmp/datasets/derived/construction_ppe3_canonical_v1_20260804_172437/labels/all/train__image1135.txt,6,1,5,cc7d442a563f1759792ffc420029e0ac621d47fcb4452b7f3a76b5a8ca098926,hardlink
train,/root/autodl-tmp/datasets/sources/construction-ppe_ultralytics_2025_v1/images/train/image1136.jpg,/root/autodl-tmp/datasets/sources/construction-ppe_ultralytics_2025_v1/labels/train/image1136.txt,/root/autodl-tmp/datasets/derived/construction_ppe3_canonical_v1_20260804_172437/images/all/train__image1136.jpg,/root/autodl-tmp/datasets/derived/construction_ppe3_canonical_v1_20260804_172437/labels/all/train__image1136.txt,4,1,3,8bf5e9a42d42ccd750f9197e8640e0e50a5e4b10135d58759666b605ef5488ad,hardlink
train,/root/autodl-tmp/datasets/sources/construction-ppe_ultralytics_2025_v1/images/train/image1138.jpg,/root/autodl-tmp/datasets/sources/construction-ppe_ultralytics_2025_v1/labels/train/image1138.txt,/root/autodl-tmp/datasets/derived/construction_ppe3_canonical_v1_20260804_172437/images/all/train__image1138.jpg,/root/autodl-tmp/datasets/derived/construction_ppe3_canonical_v1_20260804_172437/labels/all/train__image1138.txt,20,4,16,c0241b256891b1352f30ba736b0f8b7095b236397371c267229ef3a622c7cdeb,hardlink
train,/root/autodl-tmp/datasets/sources/construction-ppe_ultralytics_2025_v1/images/train/image114.jpg,/root/autodl-tmp/datasets/sources/construction-ppe_ultralytics_2025_v1/labels/train/image114.txt,/root/autodl-tmp/datasets/derived/construction_ppe3_canonical_v1_20260804_172437/images/all/train__image114.jpg,/root/autodl-tmp/datasets/derived/construction_ppe3_canonical_v1_20260804_172437/labels/all/train__image114.txt,9,9,0,0204f83949316c25e33d570be1129d023963ff2ea73a8e87d5ddd10b15dd0a4e,hardlink
train,/root/autodl-tmp/datasets/sources/construction-ppe_ultralytics_2025_v1/images/train/image1140.jpg,/root/autodl-tmp/datasets/sources/construction-ppe_ultralytics_2025_v1/labels/train/image1140.txt,/root/autodl-tmp/datasets/derived/construction_ppe3_canonical_v1_20260804_172437/images/all/train__image1140.jpg,/root/autodl-tmp/datasets/derived/construction_ppe3_canonical_v1_20260804_172437/labels/all/train__image1140.txt,4,2,2,5c1ec9c086bcf15991bc2a609505dee335400fe09b18001f9bb4fa4094b15272,hardlink
train,/root/autodl-tmp/datasets/sources/construction-ppe_ultralytics_2025_v1/images/train/image1141.jpg,/root/autodl-tmp/datasets/sources/construction-ppe_ultralytics_2025_v1/labels/train/image1141.txt,/root/autodl-tmp/datasets/derived/construction_ppe3_canonical_v1_20260804_172437/images/all/train__image1141.jpg,/root/autodl-tmp/datasets/derived/construction_ppe3_canonical_v1_20260804_172437/labels/all/train__image1141.txt,29,7,22,e8cf35a7667a66cfc0749d093c1b614f5219ec59779a05068f4ff1a77510a173,hardlink
train,/root/autodl-tmp/datasets/sources/construction-ppe_ultralytics_2025_v1/images/train/image1142.jpg,/root/autodl-tmp/datasets/sources/construction-ppe_ultralytics_2025_v1/labels/train/image1142.txt,/root/autodl-tmp/datasets/derived/construction_ppe3_canonical_v1_20260804_172437/images/all/train__image1142.jpg,/root/autodl-tmp/datasets/derived/construction_ppe3_canonical_v1_20260804_172437/labels/all/train__image1142.txt,4,1,3,d2ae0800fbf2adbea789005429351591f257f188f74e883f984d394cfc7084f4,hardlink
train,/root/autodl-tmp/datasets/sources/construction-ppe_ultralytics_2025_v1/images/train/image1143.jpg,/root/autodl-tmp/datasets/sources/construction-ppe_ultralytics_2025_v1/labels/train/image1143.txt,/root/autodl-tmp/datasets/derived/construction_ppe3_canonical_v1_20260804_172437/images/all/train__image1143.jpg,/root/autodl-tmp/datasets/derived/construction_ppe3_canonical_v1_20260804_172437/labels/all/train__image1143.txt,7,1,6,16f314c057956d3a88b698f9027b942297309e7a7473e871338fbfed46a8051d,hardlink
train,/root/autodl-tmp/datasets/sources/construction-ppe_ultralytics_2025_v1/images/train/image1144.jpg,/root/autodl-tmp/datasets/sources/construction-ppe_ultralytics_2025_v1/labels/train/image1144.txt,/root/autodl-tmp/datasets/derived/construction_ppe3_canonical_v1_20260804_172437/images/all/train__image1144.jpg,/root/autodl-tmp/datasets/derived/construction_ppe3_canonical_v1_20260804_172437/labels/all/train__image1144.txt,13,2,11,ddf52f7b41a35b7b82b27344ec5ea9874fc8689137ac4d714033c9a62f4adb8c,hardlink
train,/root/autodl-tmp/datasets/sources/construction-ppe_ultralytics_2025_v1/images/train/image1147.jpg,/root/autodl-tmp/datasets/sources/construction-ppe_ultralytics_2025_v1/labels/train/image1147.txt,/root/autodl-tmp/datasets/derived/construction_ppe3_canonical_v1_20260804_172437/images/all/train__image1147.jpg,/root/autodl-tmp/datasets/derived/construction_ppe3_canonical_v1_20260804_172437/labels/all/train__image1147.txt,4,1,3,8d1ed0166709eae0184ac264afca890ac51b43ae358ea074c5b1a3da22ab6202,hardlink
train,/root/autodl-tmp/datasets/sources/construction-ppe_ultralytics_2025_v1/images/train/image1148.jpg,/root/autodl-tmp/datasets/sources/construction-ppe_ultralytics_2025_v1/labels/train/image1148.txt,/root/autodl-tmp/datasets/derived/construction_ppe3_canonical_v1_20260804_172437/images/all/train__image1148.jpg,/root/autodl-tmp/datasets/derived/construction_ppe3_canonical_v1_20260804_172437/labels/all/train__image1148.txt,26,5,21,4318a40b86d2ecddcb282577ecdd5d7e4a16dc1fdc0e09ff1dbfb7cff02d2aad,hardlink
train,/root/autodl-tmp/datasets/sources/construction-ppe_ultralytics_2025_v1/images/train/image1149.jpg,/root/autodl-tmp/datasets/sources/construction-ppe_ultralytics_2025_v1/labels/train/image1149.txt,/root/autodl-tmp/datasets/derived/construction_ppe3_canonical_v1_20260804_172437/images/all/train__image1149.jpg,/root/autodl-tmp/datasets/derived/construction_ppe3_canonical_v1_20260804_172437/labels/all/train__image1149.txt,17,3,14,3cb584611f243bd6f7b6ae06fe9a025d3325983dda5f469a03d8db68539364a6,hardlink
train,/root/autodl-tmp/datasets/sources/construction-ppe_ultralytics_2025_v1/images/train/image1150.jpg,/root/autodl-tmp/datasets/sources/construction-ppe_ultralytics_2025_v1/labels/train/image1150.txt,/root/autodl-tmp/datasets/derived/construction_ppe3_canonical_v1_20260804_172437/images/all/train__image1150.jpg,/root/autodl-tmp/datasets/derived/construction_ppe3_canonical_v1_20260804_172437/labels/all/train__image1150.txt,5,1,4,187daafece1689c33c136e1f9798516e0f9286bf205d4a6aa262d8a4e976b4b1,hardlink
train,/root/autodl-tmp/datasets/sources/construction-ppe_ultralytics_2025_v1/images/train/image1153.jpg,/root/autodl-tmp/datasets/sources/construction-ppe_ultralytics_2025_v1/labels/train/image1153.txt,/root/autodl-tmp/datasets/derived/construction_ppe3_canonical_v1_20260804_172437/images/all/train__image1153.jpg,/root/autodl-tmp/datasets/derived/construction_ppe3_canonical_v1_20260804_172437/labels/all/train__image1153.txt,12,2,10,c0cdaa906f336345d49a2d5752e5e00ea8ea24591c2d0bc1cb29140cc3cb0aa1,hardlink
train,/root/autodl-tmp/datasets/sources/construction-ppe_ultralytics_2025_v1/images/train/image1154.jpg,/root/autodl-tmp/datasets/sources/construction-ppe_ultralytics_2025_v1/labels/train/image1154.txt,/root/autodl-tmp/datasets/derived/construction_ppe3_canonical_v1_20260804_172437/images/all/train__image1154.jpg,/root/autodl-tmp/datasets/derived/construction_ppe3_canonical_v1_20260804_172437/labels/all/train__image1154.txt,12,2,10,fe87878da7c6b31a3976013c3f0074b4bea4c6128f836d280f22473e7a1fe85f,hardlink
train,/root/autodl-tmp/datasets/sources/construction-ppe_ultralytics_2025_v1/images/train/image1155.jpg,/root/autodl-tmp/datasets/sources/construction-ppe_ultralytics_2025_v1/labels/train/image1155.txt,/root/autodl-tmp/datasets/derived/construction_ppe3_canonical_v1_20260804_172437/images/all/train__image1155.jpg,/root/autodl-tmp/datasets/derived/construction_ppe3_canonical_v1_20260804_172437/labels/all/train__image1155.txt,8,2,6,fb45361169bbd2ae2db147d7fb6f3ba792b57124abdbe4b557a4d8f24c4a0678,hardlink
train,/root/autodl-tmp/datasets/sources/construction-ppe_ultralytics_2025_v1/images/train/image1156.jpg,/root/autodl-tmp/datasets/sources/construction-ppe_ultralytics_2025_v1/labels/train/image1156.txt,/root/autodl-tmp/datasets/derived/construction_ppe3_canonical_v1_20260804_172437/images/all/train__image1156.jpg,/root/autodl-tmp/datasets/derived/construction_ppe3_canonical_v1_20260804_172437/labels/all/train__image1156.txt,36,7,29,5da43de99c55cad7b8c862e9f7b63d4b3b684f17dcea2891580fce82994421ce,hardlink
train,/root/autodl-tmp/datasets/sources/construction-ppe_ultralytics_2025_v1/images/train/image1157.jpg,/root/autodl-tmp/datasets/sources/construction-ppe_ultralytics_2025_v1/labels/train/image1157.txt,/root/autodl-tmp/datasets/derived/construction_ppe3_canonical_v1_20260804_172437/images/all/train__image1157.jpg,/root/autodl-tmp/datasets/derived/construction_ppe3_canonical_v1_20260804_172437/labels/all/train__image1157.txt,4,1,3,9ddb40082282f946c531f2312338bd0757ba9a4bf139084fece2479e0a315323,hardlink
train,/root/autodl-tmp/datasets/sources/construction-ppe_ultralytics_2025_v1/images/train/image1158.jpg,/root/autodl-tmp/datasets/sources/construction-ppe_ultralytics_2025_v1/labels/train/image1158.txt,/root/autodl-tmp/datasets/derived/construction_ppe3_canonical_v1_20260804_172437/images/all/train__image1158.jpg,/root/autodl-tmp/datasets/derived/construction_ppe3_canonical_v1_20260804_172437/labels/all/train__image1158.txt,5,1,4,eeed42c2fc6ad64bce834bf46b7cbe1d9204c66e14ed7ab995d0d1ced63ab13e,hardlink
train,/root/autodl-tmp/datasets/sources/construction-ppe_ultralytics_2025_v1/images/train/image1159.jpg,/root/autodl-tmp/datasets/sources/construction-ppe_ultralytics_2025_v1/labels/train/image1159.txt,/root/autodl-tmp/datasets/derived/construction_ppe3_canonical_v1_20260804_172437/images/all/train__image1159.jpg,/root/autodl-tmp/datasets/derived/construction_ppe3_canonical_v1_20260804_172437/labels/all/train__image1159.txt,8,1,7,ef058ec8cb6fddcb06d3cd2d3d1eaace0de16bf2ba05a3e511b6745ca1d300f3,hardlink
train,/root/autodl-tmp/datasets/sources/construction-ppe_ultralytics_2025_v1/images/train/image1160.jpg,/root/autodl-tmp/datasets/sources/construction-ppe_ultralytics_2025_v1/labels/train/image1160.txt,/root/autodl-tmp/datasets/derived/construction_ppe3_canonical_v1_20260804_172437/images/all/train__image1160.jpg,/root/autodl-tmp/datasets/derived/construction_ppe3_canonical_v1_20260804_172437/labels/all/train__image1160.txt,16,4,12,c0750bc92cac1794b112e4060de7aa77517d2f671a75bb573f1c77953fab39b9,hardlink
train,/root/autodl-tmp/datasets/sources/construction-ppe_ultralytics_2025_v1/images/train/image1161.jpg,/root/autodl-tmp/datasets/sources/construction-ppe_ultralytics_2025_v1/labels/train/image1161.txt,/root/autodl-tmp/datasets/derived/construction_ppe3_canonical_v1_20260804_172437/images/all/train__image1161.jpg,/root/autodl-tmp/datasets/derived/construction_ppe3_canonical_v1_20260804_172437/labels/all/train__image1161.txt,8,1,7,5da97c8ce322ccf86d062867bc316129a7c9e4e7d119029f293a4acd5758498c,hardlink
train,/root/autodl-tmp/datasets/sources/construction-ppe_ultralytics_2025_v1/images/train/image1162.jpg,/root/autodl-tmp/datasets/sources/construction-ppe_ultralytics_2025_v1/labels/train/image1162.txt,/root/autodl-tmp/datasets/derived/construction_ppe3_canonical_v1_20260804_172437/images/all/train__image1162.jpg,/root/autodl-tmp/datasets/derived/construction_ppe3_canonical_v1_20260804_172437/labels/all/train__image1162.txt,53,16,37,1118039d0bd0db776846abd6358ceaab6e3fdeeeb68cd574f22e3f0cf4067834,hardlink
train,/root/autodl-tmp/datasets/sources/construction-ppe_ultralytics_2025_v1/images/train/image1163.jpg,/root/autodl-tmp/datasets/sources/construction-ppe_ultralytics_2025_v1/labels/train/image1163.txt,/root/autodl-tmp/datasets/derived/construction_ppe3_canonical_v1_20260804_172437/images/all/train__image1163.jpg,/root/autodl-tmp/datasets/derived/construction_ppe3_canonical_v1_20260804_172437/labels/all/train__image1163.txt,6,1,5,81b73cc6bae92ab9f5510612669546189b5822f0b18abfede9a7ba7dfab31482,hardlink
train,/root/autodl-tmp/datasets/sources/construction-ppe_ultralytics_2025_v1/images/train/image1164.jpg,/root/autodl-tmp/datasets/sources/construction-ppe_ultralytics_2025_v1/labels/train/image1164.txt,/root/autodl-tmp/datasets/derived/construction_ppe3_canonical_v1_20260804_172437/images/all/train__image1164.jpg,/root/autodl-tmp/datasets/derived/construction_ppe3_canonical_v1_20260804_172437/labels/all/train__image1164.txt,10,2,8,2c2157a035bca73d1a00cd3990a118b69b96cf4317771a5827f2eb23a86eff64,hardlink
train,/root/autodl-tmp/datasets/sources/construction-ppe_ultralytics_2025_v1/images/train/image1165.jpg,/root/autodl-tmp/datasets/sources/construction-ppe_ultralytics_2025_v1/labels/train/image1165.txt,/root/autodl-tmp/datasets/derived/construction_ppe3_canonical_v1_20260804_172437/images/all/train__image1165.jpg,/root/autodl-tmp/datasets/derived/construction_ppe3_canonical_v1_20260804_172437/labels/all/train__image1165.txt,6,1,5,6539650067867a48a572031e737a98c51ceb785f31976ec69ce5428cb21652ce,hardlink
train,/root/autodl-tmp/datasets/sources/construction-ppe_ultralytics_2025_v1/images/train/image1166.jpg,/root/autodl-tmp/datasets/sources/construction-ppe_ultralytics_2025_v1/labels/train/image1166.txt,/root/autodl-tmp/datasets/derived/construction_ppe3_canonical_v1_20260804_172437/images/all/train__image1166.jpg,/root/autodl-tmp/datasets/derived/construction_ppe3_canonical_v1_20260804_172437/labels/all/train__image1166.txt,6,1,5,ec85f17cf26daf1be0cc4b60273076301be8e6a828486bb83c0d7c614f14bf0a,hardlink
train,/root/autodl-tmp/datasets/sources/construction-ppe_ultralytics_2025_v1/images/train/image1167.jpg,/root/autodl-tmp/datasets/sources/construction-ppe_ultralytics_2025_v1/labels/train/image1167.txt,/root/autodl-tmp/datasets/derived/construction_ppe3_canonical_v1_20260804_172437/images/all/train__image1167.jpg,/root/autodl-tmp/datasets/derived/construction_ppe3_canonical_v1_20260804_172437/labels/all/train__image1167.txt,6,1,5,be3a82c2a500c7416e27e9f25b5b28f6cd1ef3e817ccda7c700f5753272aca3b,hardlink
train,/root/autodl-tmp/datasets/sources/construction-ppe_ultralytics_2025_v1/images/train/image1168.jpg,/root/autodl-tmp/datasets/sources/construction-ppe_ultralytics_2025_v1/labels/train/image1168.txt,/root/autodl-tmp/datasets/derived/construction_ppe3_canonical_v1_20260804_172437/images/all/train__image1168.jpg,/root/autodl-tmp/datasets/derived/construction_ppe3_canonical_v1_20260804_172437/labels/all/train__image1168.txt,4,1,3,743984f16b02407d0ac2cb518c97f52d6a4f4960a4684a9dbcbd3b3717321714,hardlink
train,/root/autodl-tmp/datasets/sources/construction-ppe_ultralytics_2025_v1/images/train/image1169.jpg,/root/autodl-tmp/datasets/sources/construction-ppe_ultralytics_2025_v1/labels/train/image1169.txt,/root/autodl-tmp/datasets/derived/construction_ppe3_canonical_v1_20260804_172437/images/all/train__image1169.jpg,/root/autodl-tmp/datasets/derived/construction_ppe3_canonical_v1_20260804_172437/labels/all/train__image1169.txt,6,0,6,a1e1f20cf660da2120cf490648254feea697526aee0a9120f6d93828b82e5186,hardlink
train,/root/autodl-tmp/datasets/sources/construction-ppe_ultralytics_2025_v1/images/train/image1170.jpg,/root/autodl-tmp/datasets/sources/construction-ppe_ultralytics_2025_v1/labels/train/image1170.txt,/root/autodl-tmp/datasets/derived/construction_ppe3_canonical_v1_20260804_172437/images/all/train__image1170.jpg,/root/autodl-tmp/datasets/derived/construction_ppe3_canonical_v1_20260804_172437/labels/all/train__image1170.txt,7,1,6,b8cb894e0a4a65fff37ee1c1bf9cb0527dc94e1f2b2b48a83f097b1b3d355de9,hardlink
train,/root/autodl-tmp/datasets/sources/construction-ppe_ultralytics_2025_v1/images/train/image1171.jpg,/root/autodl-tmp/datasets/sources/construction-ppe_ultralytics_2025_v1/labels/train/image1171.txt,/root/autodl-tmp/datasets/derived/construction_ppe3_canonical_v1_20260804_172437/images/all/train__image1171.jpg,/root/autodl-tmp/datasets/derived/construction_ppe3_canonical_v1_20260804_172437/labels/all/train__image1171.txt,4,0,4,929dd741dc512eb4e2745ac3c99b6ff5dc6e39cdaaa8a3abe43d10067d1c90c8,hardlink
train,/root/autodl-tmp/datasets/sources/construction-ppe_ultralytics_2025_v1/images/train/image1172.jpg,/root/autodl-tmp/datasets/sources/construction-ppe_ultralytics_2025_v1/labels/train/image1172.txt,/root/autodl-tmp/datasets/derived/construction_ppe3_canonical_v1_20260804_172437/images/all/train__image1172.jpg,/root/autodl-tmp/datasets/derived/construction_ppe3_canonical_v1_20260804_172437/labels/all/train__image1172.txt,14,2,12,03879aa9b98f4080c9fc6f390815b5a66238ae891fab8c45131516332193da74,hardlink
train,/root/autodl-tmp/datasets/sources/construction-ppe_ultralytics_2025_v1/images/train/image1173.jpg,/root/autodl-tmp/datasets/sources/construction-ppe_ultralytics_2025_v1/labels/train/image1173.txt,/root/autodl-tmp/datasets/derived/construction_ppe3_canonical_v1_20260804_172437/images/all/train__image1173.jpg,/root/autodl-tmp/datasets/derived/construction_ppe3_canonical_v1_20260804_172437/labels/all/train__image1173.txt,6,1,5,b8b5cb9bacc26f5813f15733e9be4cf2849d929ba67beb5e8ed0c4df9c2c96d8,hardlink
train,/root/autodl-tmp/datasets/sources/construction-ppe_ultralytics_2025_v1/images/train/image1174.jpg,/root/autodl-tmp/datasets/sources/construction-ppe_ultralytics_2025_v1/labels/train/image1174.txt,/root/autodl-tmp/datasets/derived/construction_ppe3_canonical_v1_20260804_172437/images/all/train__image1174.jpg,/root/autodl-tmp/datasets/derived/construction_ppe3_canonical_v1_20260804_172437/labels/all/train__image1174.txt,12,3,9,f2a8bb1ecbdef7a8efd34bde4c013ee701c7ab1b00c905914194e327b6d7d337,hardlink
train,/root/autodl-tmp/datasets/sources/construction-ppe_ultralytics_2025_v1/images/train/image1175.jpg,/root/autodl-tmp/datasets/sources/construction-ppe_ultralytics_2025_v1/labels/train/image1175.txt,/root/autodl-tmp/datasets/derived/construction_ppe3_canonical_v1_20260804_172437/images/all/train__image1175.jpg,/root/autodl-tmp/datasets/derived/construction_ppe3_canonical_v1_20260804_172437/labels/all/train__image1175.txt,6,1,5,02d8e1a62ed7f5e0fec2a0d1cd8b7952c6edbb97d613bd42ecd44a2e5d215169,hardlink
train,/root/autodl-tmp/datasets/sources/construction-ppe_ultralytics_2025_v1/images/train/image1176.jpg,/root/autodl-tmp/datasets/sources/construction-ppe_ultralytics_2025_v1/labels/train/image1176.txt,/root/autodl-tmp/datasets/derived/construction_ppe3_canonical_v1_20260804_172437/images/all/train__image1176.jpg,/root/autodl-tmp/datasets/derived/construction_ppe3_canonical_v1_20260804_172437/labels/all/train__image1176.txt,10,2,8,d4d10df0e668b502da1bef06eb00a448b374011f237b0b9d479e07fb85db2ff9,hardlink
train,/root/autodl-tmp/datasets/sources/construction-ppe_ultralytics_2025_v1/images/train/image1177.jpg,/root/autodl-tmp/datasets/sources/construction-ppe_ultralytics_2025_v1/labels/train/image1177.txt,/root/autodl-tmp/datasets/derived/construction_ppe3_canonical_v1_20260804_172437/images/all/train__image1177.jpg,/root/autodl-tmp/datasets/derived/construction_ppe3_canonical_v1_20260804_172437/labels/all/train__image1177.txt,9,3,6,9ae18fdbf27f65a44ce165d9e60ca6738011c7ef0f69d2988ab3a3842767de70,hardlink
train,/root/autodl-tmp/datasets/sources/construction-ppe_ultralytics_2025_v1/images/train/image1179.jpg,/root/autodl-tmp/datasets/sources/construction-ppe_ultralytics_2025_v1/labels/train/image1179.txt,/root/autodl-tmp/datasets/derived/construction_ppe3_canonical_v1_20260804_172437/images/all/train__image1179.jpg,/root/autodl-tmp/datasets/derived/construction_ppe3_canonical_v1_20260804_172437/labels/all/train__image1179.txt,12,2,10,adb0cb87cced312604df7d1dfecced9ef4023c9b1f0e96094eb83783fa990a07,hardlink
train,/root/autodl-tmp/datasets/sources/construction-ppe_ultralytics_2025_v1/images/train/image118.jpg,/root/autodl-tmp/datasets/sources/construction-ppe_ultralytics_2025_v1/labels/train/image118.txt,/root/autodl-tmp/datasets/derived/construction_ppe3_canonical_v1_20260804_172437/images/all/train__image118.jpg,/root/autodl-tmp/datasets/derived/construction_ppe3_canonical_v1_20260804_172437/labels/all/train__image118.txt,6,6,0,80f63f7d4b247b3cfcd0ad7d96e00a8501cbeb44990298b5ae35095722f8a589,hardlink
train,/root/autodl-tmp/datasets/sources/construction-ppe_ultralytics_2025_v1/images/train/image1180.jpg,/root/autodl-tmp/datasets/sources/construction-ppe_ultralytics_2025_v1/labels/train/image1180.txt,/root/autodl-tmp/datasets/derived/construction_ppe3_canonical_v1_20260804_172437/images/all/train__image1180.jpg,/root/autodl-tmp/datasets/derived/construction_ppe3_canonical_v1_20260804_172437/labels/all/train__image1180.txt,6,1,5,fd2c8874df391a270b784e541e984e7f2cd288e1ec394aab64c5e055ecb373c1,hardlink
train,/root/autodl-tmp/datasets/sources/construction-ppe_ultralytics_2025_v1/images/train/image1181.jpg,/root/autodl-tmp/datasets/sources/construction-ppe_ultralytics_2025_v1/labels/train/image1181.txt,/root/autodl-tmp/datasets/derived/construction_ppe3_canonical_v1_20260804_172437/images/all/train__image1181.jpg,/root/autodl-tmp/datasets/derived/construction_ppe3_canonical_v1_20260804_172437/labels/all/train__image1181.txt,41,15,26,2e524f0f20cd19f6b34de06f7ffbaa6c931b28c911d521336236c106324d9f50,hardlink
train,/root/autodl-tmp/datasets/sources/construction-ppe_ultralytics_2025_v1/images/train/image1182.jpg,/root/autodl-tmp/datasets/sources/construction-ppe_ultralytics_2025_v1/labels/train/image1182.txt,/root/autodl-tmp/datasets/derived/construction_ppe3_canonical_v1_20260804_172437/images/all/train__image1182.jpg,/root/autodl-tmp/datasets/derived/construction_ppe3_canonical_v1_20260804_172437/labels/all/train__image1182.txt,5,1,4,ea88d4cec0bdcf4794b51022895fac13fd4016bb9d617df6249ea5b82a6850c2,hardlink
train,/root/autodl-tmp/datasets/sources/construction-ppe_ultralytics_2025_v1/images/train/image1184.jpg,/root/autodl-tmp/datasets/sources/construction-ppe_ultralytics_2025_v1/labels/train/image1184.txt,/root/autodl-tmp/datasets/derived/construction_ppe3_canonical_v1_20260804_172437/images/all/train__image1184.jpg,/root/autodl-tmp/datasets/derived/construction_ppe3_canonical_v1_20260804_172437/labels/all/train__image1184.txt,5,1,4,3b29d31222b271c31a5955607f3dd1bcb3939a1f4cc6aa4d046780826e876156,hardlink
train,/root/autodl-tmp/datasets/sources/construction-ppe_ultralytics_2025_v1/images/train/image1185.jpg,/root/autodl-tmp/datasets/sources/construction-ppe_ultralytics_2025_v1/labels/train/image1185.txt,/root/autodl-tmp/datasets/derived/construction_ppe3_canonical_v1_20260804_172437/images/all/train__image1185.jpg,/root/autodl-tmp/datasets/derived/construction_ppe3_canonical_v1_20260804_172437/labels/all/train__image1185.txt,9,2,7,327ce25de59e65812c7bcc553dd9240a8f89730a1e57dcefbb81232b33db89fb,hardlink
train,/root/autodl-tmp/datasets/sources/construction-ppe_ultralytics_2025_v1/images/train/image1186.jpg,/root/autodl-tmp/datasets/sources/construction-ppe_ultralytics_2025_v1/labels/train/image1186.txt,/root/autodl-tmp/datasets/derived/construction_ppe3_canonical_v1_20260804_172437/images/all/train__image1186.jpg,/root/autodl-tmp/datasets/derived/construction_ppe3_canonical_v1_20260804_172437/labels/all/train__image1186.txt,19,4,15,2d4bc1cbd3271822ac27683fec30367717ee34098b37c5b53ede898fd15f9468,hardlink
train,/root/autodl-tmp/datasets/sources/construction-ppe_ultralytics_2025_v1/images/train/image1187.jpg,/root/autodl-tmp/datasets/sources/construction-ppe_ultralytics_2025_v1/labels/train/image1187.txt,/root/autodl-tmp/datasets/derived/construction_ppe3_canonical_v1_20260804_172437/images/all/train__image1187.jpg,/root/autodl-tmp/datasets/derived/construction_ppe3_canonical_v1_20260804_172437/labels/all/train__image1187.txt,6,1,5,2b8a75b35cb1a1404dd21bfb02f5b5ef655da19dbbef310ae9757a029c0de688,hardlink
train,/root/autodl-tmp/datasets/sources/construction-ppe_ultralytics_2025_v1/images/train/image1188.jpg,/root/autodl-tmp/datasets/sources/construction-ppe_ultralytics_2025_v1/labels/train/image1188.txt,/root/autodl-tmp/datasets/derived/construction_ppe3_canonical_v1_20260804_172437/images/all/train__image1188.jpg,/root/autodl-tmp/datasets/derived/construction_ppe3_canonical_v1_20260804_172437/labels/all/train__image1188.txt,6,1,5,fa3f97c096d556d462461ec4d49bb9e07c12dd6096cebd7729076a39466d1b4c,hardlink
train,/root/autodl-tmp/datasets/sources/construction-ppe_ultralytics_2025_v1/images/train/image1189.jpg,/root/autodl-tmp/datasets/sources/construction-ppe_ultralytics_2025_v1/labels/train/image1189.txt,/root/autodl-tmp/datasets/derived/construction_ppe3_canonical_v1_20260804_172437/images/all/train__image1189.jpg,/root/autodl-tmp/datasets/derived/construction_ppe3_canonical_v1_20260804_172437/labels/all/train__image1189.txt,17,4,13,fc31be1b49eee218eb2548664ff362cb9e861851f7861f577193d515b463b042,hardlink
train,/root/autodl-tmp/datasets/sources/construction-ppe_ultralytics_2025_v1/images/train/image119.jpg,/root/autodl-tmp/datasets/sources/construction-ppe_ultralytics_2025_v1/labels/train/image119.txt,/root/autodl-tmp/datasets/derived/construction_ppe3_canonical_v1_20260804_172437/images/all/train__image119.jpg,/root/autodl-tmp/datasets/derived/construction_ppe3_canonical_v1_20260804_172437/labels/all/train__image119.txt,9,9,0,f15941ab559a38a9d89af3a2a0032ba14e4860cea6da3377e75eeac89fe5a746,hardlink
train,/root/autodl-tmp/datasets/sources/construction-ppe_ultralytics_2025_v1/images/train/image1191.jpg,/root/autodl-tmp/datasets/sources/construction-ppe_ultralytics_2025_v1/labels/train/image1191.txt,/root/autodl-tmp/datasets/derived/construction_ppe3_canonical_v1_20260804_172437/images/all/train__image1191.jpg,/root/autodl-tmp/datasets/derived/construction_ppe3_canonical_v1_20260804_172437/labels/all/train__image1191.txt,7,1,6,81401e628e2ec2e0baa1a149625795d78a8531a5d8b53cbc32e77c9d28ee9bad,hardlink
train,/root/autodl-tmp/datasets/sources/construction-ppe_ultralytics_2025_v1/images/train/image1192.jpg,/root/autodl-tmp/datasets/sources/construction-ppe_ultralytics_2025_v1/labels/train/image1192.txt,/root/autodl-tmp/datasets/derived/construction_ppe3_canonical_v1_20260804_172437/images/all/train__image1192.jpg,/root/autodl-tmp/datasets/derived/construction_ppe3_canonical_v1_20260804_172437/labels/all/train__image1192.txt,5,1,4,5178b70582edc4e50ed96120cc058483ae4c963fe2487f14d5f0624165d0071c,hardlink
train,/root/autodl-tmp/datasets/sources/construction-ppe_ultralytics_2025_v1/images/train/image1194.jpg,/root/autodl-tmp/datasets/sources/construction-ppe_ultralytics_2025_v1/labels/train/image1194.txt,/root/autodl-tmp/datasets/derived/construction_ppe3_canonical_v1_20260804_172437/images/all/train__image1194.jpg,/root/autodl-tmp/datasets/derived/construction_ppe3_canonical_v1_20260804_172437/labels/all/train__image1194.txt,6,1,5,164da43fc96dd9e9e6c56c33928fe8dc897d459dbbd2dfe6c4bdf78f7f3cdb61,hardlink
train,/root/autodl-tmp/datasets/sources/construction-ppe_ultralytics_2025_v1/images/train/image1195.jpg,/root/autodl-tmp/datasets/sources/construction-ppe_ultralytics_2025_v1/labels/train/image1195.txt,/root/autodl-tmp/datasets/derived/construction_ppe3_canonical_v1_20260804_172437/images/all/train__image1195.jpg,/root/autodl-tmp/datasets/derived/construction_ppe3_canonical_v1_20260804_172437/labels/all/train__image1195.txt,4,1,3,11d3c72efe612d9e9895f4b6b39e10b70f10096d6536431c843c7440c1b122fc,hardlink
train,/root/autodl-tmp/datasets/sources/construction-ppe_ultralytics_2025_v1/images/train/image1196.jpg,/root/autodl-tmp/datasets/sources/construction-ppe_ultralytics_2025_v1/labels/train/image1196.txt,/root/autodl-tmp/datasets/derived/construction_ppe3_canonical_v1_20260804_172437/images/all/train__image1196.jpg,/root/autodl-tmp/datasets/derived/construction_ppe3_canonical_v1_20260804_172437/labels/all/train__image1196.txt,11,2,9,df012b50106ab64ba29638077bc3b70c828027d7a5c0f5f563f241895e5e0c33,hardlink
train,/root/autodl-tmp/datasets/sources/construction-ppe_ultralytics_2025_v1/images/train/image1197.jpg,/root/autodl-tmp/datasets/sources/construction-ppe_ultralytics_2025_v1/labels/train/image1197.txt,/root/autodl-tmp/datasets/derived/construction_ppe3_canonical_v1_20260804_172437/images/all/train__image1197.jpg,/root/autodl-tmp/datasets/derived/construction_ppe3_canonical_v1_20260804_172437/labels/all/train__image1197.txt,16,3,13,97273fcf2f9d1bb0806f550fa0f488ef337f4a26c891fc337ea58cf22d4e673d,hardlink
train,/root/autodl-tmp/datasets/sources/construction-ppe_ultralytics_2025_v1/images/train/image1198.jpg,/root/autodl-tmp/datasets/sources/construction-ppe_ultralytics_2025_v1/labels/train/image1198.txt,/root/autodl-tmp/datasets/derived/construction_ppe3_canonical_v1_20260804_172437/images/all/train__image1198.jpg,/root/autodl-tmp/datasets/derived/construction_ppe3_canonical_v1_20260804_172437/labels/all/train__image1198.txt,11,2,9,008b75dccdd2da6acc748e37124fce92645cefb767eb1530349ba36a889fb39c,hardlink
train,/root/autodl-tmp/datasets/sources/construction-ppe_ultralytics_2025_v1/images/train/image1199.jpg,/root/autodl-tmp/datasets/sources/construction-ppe_ultralytics_2025_v1/labels/train/image1199.txt,/root/autodl-tmp/datasets/derived/construction_ppe3_canonical_v1_20260804_172437/images/all/train__image1199.jpg,/root/autodl-tmp/datasets/derived/construction_ppe3_canonical_v1_20260804_172437/labels/all/train__image1199.txt,28,4,24,ca97db73f17d9abc8c4a7e3a94e29c7ed757b47b62da54f14c40b7ba36eaa1e9,hardlink
train,/root/autodl-tmp/datasets/sources/construction-ppe_ultralytics_2025_v1/images/train/image120.jpg,/root/autodl-tmp/datasets/sources/construction-ppe_ultralytics_2025_v1/labels/train/image120.txt,/root/autodl-tmp/datasets/derived/construction_ppe3_canonical_v1_20260804_172437/images/all/train__image120.jpg,/root/autodl-tmp/datasets/derived/construction_ppe3_canonical_v1_20260804_172437/labels/all/train__image120.txt,5,3,2,60a11111a1eb2c55257b2135d10ec4939d0498fb9c3cb60289839d29ee7846e2,hardlink
train,/root/autodl-tmp/datasets/sources/construction-ppe_ultralytics_2025_v1/images/train/image1200.jpg,/root/autodl-tmp/datasets/sources/construction-ppe_ultralytics_2025_v1/labels/train/image1200.txt,/root/autodl-tmp/datasets/derived/construction_ppe3_canonical_v1_20260804_172437/images/all/train__image1200.jpg,/root/autodl-tmp/datasets/derived/construction_ppe3_canonical_v1_20260804_172437/labels/all/train__image1200.txt,6,1,5,81fd1e9165ae8783c8fb7def327d0a22cfb70e62be8ae8f494a5edaf7948ef2f,hardlink
train,/root/autodl-tmp/datasets/sources/construction-ppe_ultralytics_2025_v1/images/train/image1201.jpg,/root/autodl-tmp/datasets/sources/construction-ppe_ultralytics_2025_v1/labels/train/image1201.txt,/root/autodl-tmp/datasets/derived/construction_ppe3_canonical_v1_20260804_172437/images/all/train__image1201.jpg,/root/autodl-tmp/datasets/derived/construction_ppe3_canonical_v1_20260804_172437/labels/all/train__image1201.txt,7,1,6,ba115677e21c3e8e200e3a71067da7b4363c737dc6d58cf0996951a6435d1443,hardlink
train,/root/autodl-tmp/datasets/sources/construction-ppe_ultralytics_2025_v1/images/train/image1202.jpg,/root/autodl-tmp/datasets/sources/construction-ppe_ultralytics_2025_v1/labels/train/image1202.txt,/root/autodl-tmp/datasets/derived/construction_ppe3_canonical_v1_20260804_172437/images/all/train__image1202.jpg,/root/autodl-tmp/datasets/derived/construction_ppe3_canonical_v1_20260804_172437/labels/all/train__image1202.txt,4,1,3,98aa720f4c3b88937538cda46653addf127860b6c93e23b55acf2dac6efb9112,hardlink
train,/root/autodl-tmp/datasets/sources/construction-ppe_ultralytics_2025_v1/images/train/image1204.jpg,/root/autodl-tmp/datasets/sources/construction-ppe_ultralytics_2025_v1/labels/train/image1204.txt,/root/autodl-tmp/datasets/derived/construction_ppe3_canonical_v1_20260804_172437/images/all/train__image1204.jpg,/root/autodl-tmp/datasets/derived/construction_ppe3_canonical_v1_20260804_172437/labels/all/train__image1204.txt,12,2,10,04f201bd2abfac7491e8a131c1b4fb429d7deab3b4a958fa95e16b1f0e102085,hardlink
train,/root/autodl-tmp/datasets/sources/construction-ppe_ultralytics_2025_v1/images/train/image1206.jpg,/root/autodl-tmp/datasets/sources/construction-ppe_ultralytics_2025_v1/labels/train/image1206.txt,/root/autodl-tmp/datasets/derived/construction_ppe3_canonical_v1_20260804_172437/images/all/train__image1206.jpg,/root/autodl-tmp/datasets/derived/construction_ppe3_canonical_v1_20260804_172437/labels/all/train__image1206.txt,27,4,23,cf990a9ddbe78726e77f7922bc624778b04e8ab63569a5864a2de38816b038f9,hardlink
train,/root/autodl-tmp/datasets/sources/construction-ppe_ultralytics_2025_v1/images/train/image1207.jpg,/root/autodl-tmp/datasets/sources/construction-ppe_ultralytics_2025_v1/labels/train/image1207.txt,/root/autodl-tmp/datasets/derived/construction_ppe3_canonical_v1_20260804_172437/images/all/train__image1207.jpg,/root/autodl-tmp/datasets/derived/construction_ppe3_canonical_v1_20260804_172437/labels/all/train__image1207.txt,12,2,10,93ce8b2ac69e794c4ffbafbe8931b6b9138a10d8e4508d3a5f16c53fba8b36c4,hardlink
train,/root/autodl-tmp/datasets/sources/construction-ppe_ultralytics_2025_v1/images/train/image1208.jpg,/root/autodl-tmp/datasets/sources/construction-ppe_ultralytics_2025_v1/labels/train/image1208.txt,/root/autodl-tmp/datasets/derived/construction_ppe3_canonical_v1_20260804_172437/images/all/train__image1208.jpg,/root/autodl-tmp/datasets/derived/construction_ppe3_canonical_v1_20260804_172437/labels/all/train__image1208.txt,6,1,5,5d53a3142e0901bfdb11e3f4c18582f68f322bc9fe950ee7e7ac27dffbb6a99e,hardlink
train,/root/autodl-tmp/datasets/sources/construction-ppe_ultralytics_2025_v1/images/train/image1209.jpg,/root/autodl-tmp/datasets/sources/construction-ppe_ultralytics_2025_v1/labels/train/image1209.txt,/root/autodl-tmp/datasets/derived/construction_ppe3_canonical_v1_20260804_172437/images/all/train__image1209.jpg,/root/autodl-tmp/datasets/derived/construction_ppe3_canonical_v1_20260804_172437/labels/all/train__image1209.txt,5,1,4,d32fa21bcb3f49db3eee18518fe7e68d8758a705678c6e3eae93acbac014eb32,hardlink
train,/root/autodl-tmp/datasets/sources/construction-ppe_ultralytics_2025_v1/images/train/image121.jpg,/root/autodl-tmp/datasets/sources/construction-ppe_ultralytics_2025_v1/labels/train/image121.txt,/root/autodl-tmp/datasets/derived/construction_ppe3_canonical_v1_20260804_172437/images/all/train__image121.jpg,/root/autodl-tmp/datasets/derived/construction_ppe3_canonical_v1_20260804_172437/labels/all/train__image121.txt,12,12,0,4aaeaf77dff3429f54c0961d3eebb18aac54e7773725a98a4a7549a614915f0a,hardlink
train,/root/autodl-tmp/datasets/sources/construction-ppe_ultralytics_2025_v1/images/train/image1210.jpg,/root/autodl-tmp/datasets/sources/construction-ppe_ultralytics_2025_v1/labels/train/image1210.txt,/root/autodl-tmp/datasets/derived/construction_ppe3_canonical_v1_20260804_172437/images/all/train__image1210.jpg,/root/autodl-tmp/datasets/derived/construction_ppe3_canonical_v1_20260804_172437/labels/all/train__image1210.txt,6,1,5,ec26664e3df61accb840f4ef1588134079d1a1ba5a759f7eb303e664b0b822f2,hardlink
train,/root/autodl-tmp/datasets/sources/construction-ppe_ultralytics_2025_v1/images/train/image1212.jpg,/root/autodl-tmp/datasets/sources/construction-ppe_ultralytics_2025_v1/labels/train/image1212.txt,/root/autodl-tmp/datasets/derived/construction_ppe3_canonical_v1_20260804_172437/images/all/train__image1212.jpg,/root/autodl-tmp/datasets/derived/construction_ppe3_canonical_v1_20260804_172437/labels/all/train__image1212.txt,14,2,12,4343084aa4ce76bcddf989c525ad2899678c768e49c778ee3ecb06ba88c2ee00,hardlink
train,/root/autodl-tmp/datasets/sources/construction-ppe_ultralytics_2025_v1/images/train/image1213.jpg,/root/autodl-tmp/datasets/sources/construction-ppe_ultralytics_2025_v1/labels/train/image1213.txt,/root/autodl-tmp/datasets/derived/construction_ppe3_canonical_v1_20260804_172437/images/all/train__image1213.jpg,/root/autodl-tmp/datasets/derived/construction_ppe3_canonical_v1_20260804_172437/labels/all/train__image1213.txt,6,1,5,a569cec862892d9942c2842e44abc2735e008b1706ddd6f21a5b6ca50187709d,hardlink
train,/root/autodl-tmp/datasets/sources/construction-ppe_ultralytics_2025_v1/images/train/image1214.jpg,/root/autodl-tmp/datasets/sources/construction-ppe_ultralytics_2025_v1/labels/train/image1214.txt,/root/autodl-tmp/datasets/derived/construction_ppe3_canonical_v1_20260804_172437/images/all/train__image1214.jpg,/root/autodl-tmp/datasets/derived/construction_ppe3_canonical_v1_20260804_172437/labels/all/train__image1214.txt,6,1,5,f87a5a3a0ba9986a4ad889120420bde965499a7f12a11c65bf8aa77dd36a5cbe,hardlink
train,/root/autodl-tmp/datasets/sources/construction-ppe_ultralytics_2025_v1/images/train/image1216.jpg,/root/autodl-tmp/datasets/sources/construction-ppe_ultralytics_2025_v1/labels/train/image1216.txt,/root/autodl-tmp/datasets/derived/construction_ppe3_canonical_v1_20260804_172437/images/all/train__image1216.jpg,/root/autodl-tmp/datasets/derived/construction_ppe3_canonical_v1_20260804_172437/labels/all/train__image1216.txt,15,6,9,5332aa051f85ada812e9d0eedd67488aa9d49f52275d3d7dc4e5b15c12de4ada,hardlink
train,/root/autodl-tmp/datasets/sources/construction-ppe_ultralytics_2025_v1/images/train/image1218.jpg,/root/autodl-tmp/datasets/sources/construction-ppe_ultralytics_2025_v1/labels/train/image1218.txt,/root/autodl-tmp/datasets/derived/construction_ppe3_canonical_v1_20260804_172437/images/all/train__image1218.jpg,/root/autodl-tmp/datasets/derived/construction_ppe3_canonical_v1_20260804_172437/labels/all/train__image1218.txt,30,9,21,13e67ed59ebccd024214907392fd0305bdb27a0e82fedde926062331c793d8e3,hardlink
train,/root/autodl-tmp/datasets/sources/construction-ppe_ultralytics_2025_v1/images/train/image1219.jpg,/root/autodl-tmp/datasets/sources/construction-ppe_ultralytics_2025_v1/labels/train/image1219.txt,/root/autodl-tmp/datasets/derived/construction_ppe3_canonical_v1_20260804_172437/images/all/train__image1219.jpg,/root/autodl-tmp/datasets/derived/construction_ppe3_canonical_v1_20260804_172437/labels/all/train__image1219.txt,6,1,5,e29097f635e40bcf96239406d153a9ae289253063d66a505765e3f633bb02498,hardlink
train,/root/autodl-tmp/datasets/sources/construction-ppe_ultralytics_2025_v1/images/train/image1220.jpg,/root/autodl-tmp/datasets/sources/construction-ppe_ultralytics_2025_v1/labels/train/image1220.txt,/root/autodl-tmp/datasets/derived/construction_ppe3_canonical_v1_20260804_172437/images/all/train__image1220.jpg,/root/autodl-tmp/datasets/derived/construction_ppe3_canonical_v1_20260804_172437/labels/all/train__image1220.txt,5,1,4,1596420963b76b20ba0facf0e6e3225948f3482082fc237af2cfb2754624960a,hardlink
train,/root/autodl-tmp/datasets/sources/construction-ppe_ultralytics_2025_v1/images/train/image1221.jpg,/root/autodl-tmp/datasets/sources/construction-ppe_ultralytics_2025_v1/labels/train/image1221.txt,/root/autodl-tmp/datasets/derived/construction_ppe3_canonical_v1_20260804_172437/images/all/train__image1221.jpg,/root/autodl-tmp/datasets/derived/construction_ppe3_canonical_v1_20260804_172437/labels/all/train__image1221.txt,4,1,3,f82171b40aa145eca01f7905927a1c68ac5a98ea3d635c25eed409d27bdf129c,hardlink
train,/root/autodl-tmp/datasets/sources/construction-ppe_ultralytics_2025_v1/images/train/image1222.jpg,/root/autodl-tmp/datasets/sources/construction-ppe_ultralytics_2025_v1/labels/train/image1222.txt,/root/autodl-tmp/datasets/derived/construction_ppe3_canonical_v1_20260804_172437/images/all/train__image1222.jpg,/root/autodl-tmp/datasets/derived/construction_ppe3_canonical_v1_20260804_172437/labels/all/train__image1222.txt,6,1,5,7ee44f8cb1673c40f3fb41273b705611f9f5b4e06e14594d88ae9b099ab29358,hardlink
train,/root/autodl-tmp/datasets/sources/construction-ppe_ultralytics_2025_v1/images/train/image1224.jpg,/root/autodl-tmp/datasets/sources/construction-ppe_ultralytics_2025_v1/labels/train/image1224.txt,/root/autodl-tmp/datasets/derived/construction_ppe3_canonical_v1_20260804_172437/images/all/train__image1224.jpg,/root/autodl-tmp/datasets/derived/construction_ppe3_canonical_v1_20260804_172437/labels/all/train__image1224.txt,4,1,3,cd6df82a2549d1ca8c197173f11b717f09290c3a3ce68d22fa245858b575e527,hardlink
train,/root/autodl-tmp/datasets/sources/construction-ppe_ultralytics_2025_v1/images/train/image1225.jpg,/root/autodl-tmp/datasets/sources/construction-ppe_ultralytics_2025_v1/labels/train/image1225.txt,/root/autodl-tmp/datasets/derived/construction_ppe3_canonical_v1_20260804_172437/images/all/train__image1225.jpg,/root/autodl-tmp/datasets/derived/construction_ppe3_canonical_v1_20260804_172437/labels/all/train__image1225.txt,5,1,4,e5210293c4c6dab55735133457460bad806e767b9147a11d946e11b40a97de45,hardlink
train,/root/autodl-tmp/datasets/sources/construction-ppe_ultralytics_2025_v1/images/train/image1226.jpg,/root/autodl-tmp/datasets/sources/construction-ppe_ultralytics_2025_v1/labels/train/image1226.txt,/root/autodl-tmp/datasets/derived/construction_ppe3_canonical_v1_20260804_172437/images/all/train__image1226.jpg,/root/autodl-tmp/datasets/derived/construction_ppe3_canonical_v1_20260804_172437/labels/all/train__image1226.txt,4,1,3,86e2498f41cc49494d9fe5bd3091026114195e072fcce6de61a3eba2cb67dd05,hardlink
train,/root/autodl-tmp/datasets/sources/construction-ppe_ultralytics_2025_v1/images/train/image1227.jpg,/root/autodl-tmp/datasets/sources/construction-ppe_ultralytics_2025_v1/labels/train/image1227.txt,/root/autodl-tmp/datasets/derived/construction_ppe3_canonical_v1_20260804_172437/images/all/train__image1227.jpg,/root/autodl-tmp/datasets/derived/construction_ppe3_canonical_v1_20260804_172437/labels/all/train__image1227.txt,5,1,4,4cbb0d1579e33efbb27cc3d7950ab03dee3489c901a90fea37bb766cfef31a17,hardlink
train,/root/autodl-tmp/datasets/sources/construction-ppe_ultralytics_2025_v1/images/train/image1228.jpg,/root/autodl-tmp/datasets/sources/construction-ppe_ultralytics_2025_v1/labels/train/image1228.txt,/root/autodl-tmp/datasets/derived/construction_ppe3_canonical_v1_20260804_172437/images/all/train__image1228.jpg,/root/autodl-tmp/datasets/derived/construction_ppe3_canonical_v1_20260804_172437/labels/all/train__image1228.txt,6,1,5,33df0980ec00acdb852b6bd0a46f458171b2c89a8d0fc52b1d23c8009cba2657,hardlink
train,/root/autodl-tmp/datasets/sources/construction-ppe_ultralytics_2025_v1/images/train/image123.jpg,/root/autodl-tmp/datasets/sources/construction-ppe_ultralytics_2025_v1/labels/train/image123.txt,/root/autodl-tmp/datasets/derived/construction_ppe3_canonical_v1_20260804_172437/images/all/train__image123.jpg,/root/autodl-tmp/datasets/derived/construction_ppe3_canonical_v1_20260804_172437/labels/all/train__image123.txt,5,3,2,7243656f3d2e4549a9fa41894aa8b11a0437ec0c66e30f6cbd7337c566967435,hardlink
train,/root/autodl-tmp/datasets/sources/construction-ppe_ultralytics_2025_v1/images/train/image1230.jpg,/root/autodl-tmp/datasets/sources/construction-ppe_ultralytics_2025_v1/labels/train/image1230.txt,/root/autodl-tmp/datasets/derived/construction_ppe3_canonical_v1_20260804_172437/images/all/train__image1230.jpg,/root/autodl-tmp/datasets/derived/construction_ppe3_canonical_v1_20260804_172437/labels/all/train__image1230.txt,4,1,3,a6eeca49e331445bbd5ee9d1c5a08919748fe4e7f54c4df481cc39d5f9ec32fe,hardlink
train,/root/autodl-tmp/datasets/sources/construction-ppe_ultralytics_2025_v1/images/train/image1232.jpg,/root/autodl-tmp/datasets/sources/construction-ppe_ultralytics_2025_v1/labels/train/image1232.txt,/root/autodl-tmp/datasets/derived/construction_ppe3_canonical_v1_20260804_172437/images/all/train__image1232.jpg,/root/autodl-tmp/datasets/derived/construction_ppe3_canonical_v1_20260804_172437/labels/all/train__image1232.txt,4,1,3,21d36ce9c09ed7b50d8d2dd46dafb259ed268b4c2b2b921b13f69ff907acf1b4,hardlink
train,/root/autodl-tmp/datasets/sources/construction-ppe_ultralytics_2025_v1/images/train/image1233.jpg,/root/autodl-tmp/datasets/sources/construction-ppe_ultralytics_2025_v1/labels/train/image1233.txt,/root/autodl-tmp/datasets/derived/construction_ppe3_canonical_v1_20260804_172437/images/all/train__image1233.jpg,/root/autodl-tmp/datasets/derived/construction_ppe3_canonical_v1_20260804_172437/labels/all/train__image1233.txt,16,4,12,5b6372e158003c8a2c832ec568715eb4d7881b5051bfedd2034974dee951b486,hardlink
train,/root/autodl-tmp/datasets/sources/construction-ppe_ultralytics_2025_v1/images/train/image1236.jpg,/root/autodl-tmp/datasets/sources/construction-ppe_ultralytics_2025_v1/labels/train/image1236.txt,/root/autodl-tmp/datasets/derived/construction_ppe3_canonical_v1_20260804_172437/images/all/train__image1236.jpg,/root/autodl-tmp/datasets/derived/construction_ppe3_canonical_v1_20260804_172437/labels/all/train__image1236.txt,5,1,4,8e05ea776af8dae8ee3bb0695b5234ae21e9cecdbb5c999d6a3f55e9366f052f,hardlink
train,/root/autodl-tmp/datasets/sources/construction-ppe_ultralytics_2025_v1/images/train/image1237.jpg,/root/autodl-tmp/datasets/sources/construction-ppe_ultralytics_2025_v1/labels/train/image1237.txt,/root/autodl-tmp/datasets/derived/construction_ppe3_canonical_v1_20260804_172437/images/all/train__image1237.jpg,/root/autodl-tmp/datasets/derived/construction_ppe3_canonical_v1_20260804_172437/labels/all/train__image1237.txt,13,3,10,1282f90997a6ffac90672b816c33e0c0f0611835fe573d7747159399af5a2743,hardlink
train,/root/autodl-tmp/datasets/sources/construction-ppe_ultralytics_2025_v1/images/train/image1238.jpg,/root/autodl-tmp/datasets/sources/construction-ppe_ultralytics_2025_v1/labels/train/image1238.txt,/root/autodl-tmp/datasets/derived/construction_ppe3_canonical_v1_20260804_172437/images/all/train__image1238.jpg,/root/autodl-tmp/datasets/derived/construction_ppe3_canonical_v1_20260804_172437/labels/all/train__image1238.txt,4,1,3,d9d4c49b7f5001ebdfc5136087b392eb02aef7c1d9ef22a953a68dbb30c0bcf8,hardlink
train,/root/autodl-tmp/datasets/sources/construction-ppe_ultralytics_2025_v1/images/train/image124.jpg,/root/autodl-tmp/datasets/sources/construction-ppe_ultralytics_2025_v1/labels/train/image124.txt,/root/autodl-tmp/datasets/derived/construction_ppe3_canonical_v1_20260804_172437/images/all/train__image124.jpg,/root/autodl-tmp/datasets/derived/construction_ppe3_canonical_v1_20260804_172437/labels/all/train__image124.txt,6,6,0,40b7fa0983f430ed1a16163ea0754b7eeabeb8aaf2fad9ceb25363c4931498ca,hardlink
train,/root/autodl-tmp/datasets/sources/construction-ppe_ultralytics_2025_v1/images/train/image1240.jpg,/root/autodl-tmp/datasets/sources/construction-ppe_ultralytics_2025_v1/labels/train/image1240.txt,/root/autodl-tmp/datasets/derived/construction_ppe3_canonical_v1_20260804_172437/images/all/train__image1240.jpg,/root/autodl-tmp/datasets/derived/construction_ppe3_canonical_v1_20260804_172437/labels/all/train__image1240.txt,6,1,5,8b72bc0b29bd9fd9a58b5c373b2b494f7f456a4e4bd4e561d4b9964270cc1c9b,hardlink
train,/root/autodl-tmp/datasets/sources/construction-ppe_ultralytics_2025_v1/images/train/image1241.jpg,/root/autodl-tmp/datasets/sources/construction-ppe_ultralytics_2025_v1/labels/train/image1241.txt,/root/autodl-tmp/datasets/derived/construction_ppe3_canonical_v1_20260804_172437/images/all/train__image1241.jpg,/root/autodl-tmp/datasets/derived/construction_ppe3_canonical_v1_20260804_172437/labels/all/train__image1241.txt,8,1,7,f2082dfb734e0b85e3010cd1f88e3dd955a620f1d7a9c9e3d7cead14af524093,hardlink
train,/root/autodl-tmp/datasets/sources/construction-ppe_ultralytics_2025_v1/images/train/image1242.jpg,/root/autodl-tmp/datasets/sources/construction-ppe_ultralytics_2025_v1/labels/train/image1242.txt,/root/autodl-tmp/datasets/derived/construction_ppe3_canonical_v1_20260804_172437/images/all/train__image1242.jpg,/root/autodl-tmp/datasets/derived/construction_ppe3_canonical_v1_20260804_172437/labels/all/train__image1242.txt,4,1,3,f94057c38c9f0e23b5e73dddf350b91f825d4581b8a2021b4189d9ee0e15bace,hardlink
train,/root/autodl-tmp/datasets/sources/construction-ppe_ultralytics_2025_v1/images/train/image1243.jpg,/root/autodl-tmp/datasets/sources/construction-ppe_ultralytics_2025_v1/labels/train/image1243.txt,/root/autodl-tmp/datasets/derived/construction_ppe3_canonical_v1_20260804_172437/images/all/train__image1243.jpg,/root/autodl-tmp/datasets/derived/construction_ppe3_canonical_v1_20260804_172437/labels/all/train__image1243.txt,6,1,5,bcec8104497b411d140dd4e261bb5c65beda3527f1f8099c5d54e383694121b9,hardlink
train,/root/autodl-tmp/datasets/sources/construction-ppe_ultralytics_2025_v1/images/train/image1244.jpg,/root/autodl-tmp/datasets/sources/construction-ppe_ultralytics_2025_v1/labels/train/image1244.txt,/root/autodl-tmp/datasets/derived/construction_ppe3_canonical_v1_20260804_172437/images/all/train__image1244.jpg,/root/autodl-tmp/datasets/derived/construction_ppe3_canonical_v1_20260804_172437/labels/all/train__image1244.txt,6,2,4,71257461653cc3354e558619b658d7839b35552610985a5b649bfae0aca44519,hardlink
train,/root/autodl-tmp/datasets/sources/construction-ppe_ultralytics_2025_v1/images/train/image1245.jpg,/root/autodl-tmp/datasets/sources/construction-ppe_ultralytics_2025_v1/labels/train/image1245.txt,/root/autodl-tmp/datasets/derived/construction_ppe3_canonical_v1_20260804_172437/images/all/train__image1245.jpg,/root/autodl-tmp/datasets/derived/construction_ppe3_canonical_v1_20260804_172437/labels/all/train__image1245.txt,4,1,3,361c6441146b2d2b71151df2bee0dde2c77588f065287e5c909ff7a360ae8fb5,hardlink
train,/root/autodl-tmp/datasets/sources/construction-ppe_ultralytics_2025_v1/images/train/image1246.jpg,/root/autodl-tmp/datasets/sources/construction-ppe_ultralytics_2025_v1/labels/train/image1246.txt,/root/autodl-tmp/datasets/derived/construction_ppe3_canonical_v1_20260804_172437/images/all/train__image1246.jpg,/root/autodl-tmp/datasets/derived/construction_ppe3_canonical_v1_20260804_172437/labels/all/train__image1246.txt,6,1,5,7456999dc48486e117bd0627c3c2006084aebc13cbcd6a4917fcebda01904480,hardlink
train,/root/autodl-tmp/datasets/sources/construction-ppe_ultralytics_2025_v1/images/train/image1247.jpg,/root/autodl-tmp/datasets/sources/construction-ppe_ultralytics_2025_v1/labels/train/image1247.txt,/root/autodl-tmp/datasets/derived/construction_ppe3_canonical_v1_20260804_172437/images/all/train__image1247.jpg,/root/autodl-tmp/datasets/derived/construction_ppe3_canonical_v1_20260804_172437/labels/all/train__image1247.txt,6,1,5,2dfd49fdb6e55e4c52f5f1ed204a7cc3b79f816ed5eed2b1afade5a8fae57a5e,hardlink
train,/root/autodl-tmp/datasets/sources/construction-ppe_ultralytics_2025_v1/images/train/image1249.jpg,/root/autodl-tmp/datasets/sources/construction-ppe_ultralytics_2025_v1/labels/train/image1249.txt,/root/autodl-tmp/datasets/derived/construction_ppe3_canonical_v1_20260804_172437/images/all/train__image1249.jpg,/root/autodl-tmp/datasets/derived/construction_ppe3_canonical_v1_20260804_172437/labels/all/train__image1249.txt,9,2,7,f4b29e69ad2d0f49eb55d8b642cf1e90cfad838240b63f73d4cf0dcf0dad8f56,hardlink
train,/root/autodl-tmp/datasets/sources/construction-ppe_ultralytics_2025_v1/images/train/image125.jpg,/root/autodl-tmp/datasets/sources/construction-ppe_ultralytics_2025_v1/labels/train/image125.txt,/root/autodl-tmp/datasets/derived/construction_ppe3_canonical_v1_20260804_172437/images/all/train__image125.jpg,/root/autodl-tmp/datasets/derived/construction_ppe3_canonical_v1_20260804_172437/labels/all/train__image125.txt,17,13,4,0e1c5cdca522dab3806c862cda043a7beb6a0ef4af90c74fc81e1e43b928da9c,hardlink
train,/root/autodl-tmp/datasets/sources/construction-ppe_ultralytics_2025_v1/images/train/image1250.jpg,/root/autodl-tmp/datasets/sources/construction-ppe_ultralytics_2025_v1/labels/train/image1250.txt,/root/autodl-tmp/datasets/derived/construction_ppe3_canonical_v1_20260804_172437/images/all/train__image1250.jpg,/root/autodl-tmp/datasets/derived/construction_ppe3_canonical_v1_20260804_172437/labels/all/train__image1250.txt,6,1,5,34761a90d293c27ea31fd5562506dc4934600d732d9865382de6c35ac76544ff,hardlink
train,/root/autodl-tmp/datasets/sources/construction-ppe_ultralytics_2025_v1/images/train/image1251.jpg,/root/autodl-tmp/datasets/sources/construction-ppe_ultralytics_2025_v1/labels/train/image1251.txt,/root/autodl-tmp/datasets/derived/construction_ppe3_canonical_v1_20260804_172437/images/all/train__image1251.jpg,/root/autodl-tmp/datasets/derived/construction_ppe3_canonical_v1_20260804_172437/labels/all/train__image1251.txt,6,1,5,e8d0cc9dbed0ae2558a48a53c3ad94969bd6bdee9bd75461fcbbad0cbd69c84d,hardlink
train,/root/autodl-tmp/datasets/sources/construction-ppe_ultralytics_2025_v1/images/train/image1253.jpg,/root/autodl-tmp/datasets/sources/construction-ppe_ultralytics_2025_v1/labels/train/image1253.txt,/root/autodl-tmp/datasets/derived/construction_ppe3_canonical_v1_20260804_172437/images/all/train__image1253.jpg,/root/autodl-tmp/datasets/derived/construction_ppe3_canonical_v1_20260804_172437/labels/all/train__image1253.txt,5,1,4,f7277d62d1b1fea41a4f0a5de6d3a5f3e95137cb73d146d1f6b7047d361a7558,hardlink
train,/root/autodl-tmp/datasets/sources/construction-ppe_ultralytics_2025_v1/images/train/image1254.jpg,/root/autodl-tmp/datasets/sources/construction-ppe_ultralytics_2025_v1/labels/train/image1254.txt,/root/autodl-tmp/datasets/derived/construction_ppe3_canonical_v1_20260804_172437/images/all/train__image1254.jpg,/root/autodl-tmp/datasets/derived/construction_ppe3_canonical_v1_20260804_172437/labels/all/train__image1254.txt,8,1,7,5d69789909dd7ce0c367e8640f6da21ad47e6863fee35afa06073a3889379558,hardlink
train,/root/autodl-tmp/datasets/sources/construction-ppe_ultralytics_2025_v1/images/train/image1255.jpg,/root/autodl-tmp/datasets/sources/construction-ppe_ultralytics_2025_v1/labels/train/image1255.txt,/root/autodl-tmp/datasets/derived/construction_ppe3_canonical_v1_20260804_172437/images/all/train__image1255.jpg,/root/autodl-tmp/datasets/derived/construction_ppe3_canonical_v1_20260804_172437/labels/all/train__image1255.txt,7,1,6,001b8018ba919866ec987385b613c85111f5fecf71d108fa64e92cc0d7b06cd0,hardlink
train,/root/autodl-tmp/datasets/sources/construction-ppe_ultralytics_2025_v1/images/train/image1257.jpg,/root/autodl-tmp/datasets/sources/construction-ppe_ultralytics_2025_v1/labels/train/image1257.txt,/root/autodl-tmp/datasets/derived/construction_ppe3_canonical_v1_20260804_172437/images/all/train__image1257.jpg,/root/autodl-tmp/datasets/derived/construction_ppe3_canonical_v1_20260804_172437/labels/all/train__image1257.txt,6,1,5,e3bc18677e10dbad584b6cd81a8e8be7bb59bca06b9d1a8b38d967abb2a3015a,hardlink
train,/root/autodl-tmp/datasets/sources/construction-ppe_ultralytics_2025_v1/images/train/image1258.jpg,/root/autodl-tmp/datasets/sources/construction-ppe_ultralytics_2025_v1/labels/train/image1258.txt,/root/autodl-tmp/datasets/derived/construction_ppe3_canonical_v1_20260804_172437/images/all/train__image1258.jpg,/root/autodl-tmp/datasets/derived/construction_ppe3_canonical_v1_20260804_172437/labels/all/train__image1258.txt,15,3,12,ae557eae5bcbf2c8a7f0d2255cda43ce505b2c02ed4bb3290612ea7500347cbb,hardlink
train,/root/autodl-tmp/datasets/sources/construction-ppe_ultralytics_2025_v1/images/train/image1259.jpg,/root/autodl-tmp/datasets/sources/construction-ppe_ultralytics_2025_v1/labels/train/image1259.txt,/root/autodl-tmp/datasets/derived/construction_ppe3_canonical_v1_20260804_172437/images/all/train__image1259.jpg,/root/autodl-tmp/datasets/derived/construction_ppe3_canonical_v1_20260804_172437/labels/all/train__image1259.txt,18,3,15,db848c0bdaa6d3f6a0deecfd14c0050872512036466408913baa3b1eb14ae5a4,hardlink
train,/root/autodl-tmp/datasets/sources/construction-ppe_ultralytics_2025_v1/images/train/image126.jpg,/root/autodl-tmp/datasets/sources/construction-ppe_ultralytics_2025_v1/labels/train/image126.txt,/root/autodl-tmp/datasets/derived/construction_ppe3_canonical_v1_20260804_172437/images/all/train__image126.jpg,/root/autodl-tmp/datasets/derived/construction_ppe3_canonical_v1_20260804_172437/labels/all/train__image126.txt,29,15,14,557f7f9b1079eb7c52af23497e838d2b3ce14af3ca1d0b5940fd4f5691b62508,hardlink
train,/root/autodl-tmp/datasets/sources/construction-ppe_ultralytics_2025_v1/images/train/image1260.jpg,/root/autodl-tmp/datasets/sources/construction-ppe_ultralytics_2025_v1/labels/train/image1260.txt,/root/autodl-tmp/datasets/derived/construction_ppe3_canonical_v1_20260804_172437/images/all/train__image1260.jpg,/root/autodl-tmp/datasets/derived/construction_ppe3_canonical_v1_20260804_172437/labels/all/train__image1260.txt,9,2,7,558cbbc8cbc6fe8c6a2733c08a87e11bcffe8698c658147c9068ae6c814cead1,hardlink
train,/root/autodl-tmp/datasets/sources/construction-ppe_ultralytics_2025_v1/images/train/image1261.jpg,/root/autodl-tmp/datasets/sources/construction-ppe_ultralytics_2025_v1/labels/train/image1261.txt,/root/autodl-tmp/datasets/derived/construction_ppe3_canonical_v1_20260804_172437/images/all/train__image1261.jpg,/root/autodl-tmp/datasets/derived/construction_ppe3_canonical_v1_20260804_172437/labels/all/train__image1261.txt,12,2,10,8c1f404d26706e10f01e675d0266f9e09718b3f200142ab7e8234435eb452722,hardlink
train,/root/autodl-tmp/datasets/sources/construction-ppe_ultralytics_2025_v1/images/train/image1262.jpg,/root/autodl-tmp/datasets/sources/construction-ppe_ultralytics_2025_v1/labels/train/image1262.txt,/root/autodl-tmp/datasets/derived/construction_ppe3_canonical_v1_20260804_172437/images/all/train__image1262.jpg,/root/autodl-tmp/datasets/derived/construction_ppe3_canonical_v1_20260804_172437/labels/all/train__image1262.txt,6,1,5,f336c7ceb11ac290adc40b892317302057d01a00d1e0561eaeaf12ec0acfe243,hardlink
train,/root/autodl-tmp/datasets/sources/construction-ppe_ultralytics_2025_v1/images/train/image1263.jpg,/root/autodl-tmp/datasets/sources/construction-ppe_ultralytics_2025_v1/labels/train/image1263.txt,/root/autodl-tmp/datasets/derived/construction_ppe3_canonical_v1_20260804_172437/images/all/train__image1263.jpg,/root/autodl-tmp/datasets/derived/construction_ppe3_canonical_v1_20260804_172437/labels/all/train__image1263.txt,6,1,5,7e160eb0cd0b0c703657e4b497d4fcd528e176c0517e0814140864ad36cb86a3,hardlink
train,/root/autodl-tmp/datasets/sources/construction-ppe_ultralytics_2025_v1/images/train/image1265.jpg,/root/autodl-tmp/datasets/sources/construction-ppe_ultralytics_2025_v1/labels/train/image1265.txt,/root/autodl-tmp/datasets/derived/construction_ppe3_canonical_v1_20260804_172437/images/all/train__image1265.jpg,/root/autodl-tmp/datasets/derived/construction_ppe3_canonical_v1_20260804_172437/labels/all/train__image1265.txt,5,1,4,cc9e5ad6b901183c842064cf7c742f52a19e9651c618c72f003501c926208d75,hardlink
train,/root/autodl-tmp/datasets/sources/construction-ppe_ultralytics_2025_v1/images/train/image1266.jpg,/root/autodl-tmp/datasets/sources/construction-ppe_ultralytics_2025_v1/labels/train/image1266.txt,/root/autodl-tmp/datasets/derived/construction_ppe3_canonical_v1_20260804_172437/images/all/train__image1266.jpg,/root/autodl-tmp/datasets/derived/construction_ppe3_canonical_v1_20260804_172437/labels/all/train__image1266.txt,6,1,5,66d9190bfd643d7c517a74fdfb85c95ab5ea67c31c8cc8515343bcc70b671e9f,hardlink
train,/root/autodl-tmp/datasets/sources/construction-ppe_ultralytics_2025_v1/images/train/image1267.jpg,/root/autodl-tmp/datasets/sources/construction-ppe_ultralytics_2025_v1/labels/train/image1267.txt,/root/autodl-tmp/datasets/derived/construction_ppe3_canonical_v1_20260804_172437/images/all/train__image1267.jpg,/root/autodl-tmp/datasets/derived/construction_ppe3_canonical_v1_20260804_172437/labels/all/train__image1267.txt,8,1,7,1fc1837f3acb4e27163f7f0ffa432cc29bcc0c514fbcda0dc6c49a255d23273d,hardlink
train,/root/autodl-tmp/datasets/sources/construction-ppe_ultralytics_2025_v1/images/train/image1268.jpg,/root/autodl-tmp/datasets/sources/construction-ppe_ultralytics_2025_v1/labels/train/image1268.txt,/root/autodl-tmp/datasets/derived/construction_ppe3_canonical_v1_20260804_172437/images/all/train__image1268.jpg,/root/autodl-tmp/datasets/derived/construction_ppe3_canonical_v1_20260804_172437/labels/all/train__image1268.txt,6,1,5,527897a185f1d16aebeb55f382ae4c3238fbf5cf6626423e9d47116659300091,hardlink
train,/root/autodl-tmp/datasets/sources/construction-ppe_ultralytics_2025_v1/images/train/image1269.jpg,/root/autodl-tmp/datasets/sources/construction-ppe_ultralytics_2025_v1/labels/train/image1269.txt,/root/autodl-tmp/datasets/derived/construction_ppe3_canonical_v1_20260804_172437/images/all/train__image1269.jpg,/root/autodl-tmp/datasets/derived/construction_ppe3_canonical_v1_20260804_172437/labels/all/train__image1269.txt,13,3,10,529251765a3ef304219985ef3d126ac4e3694503081e5a5a7118146c0876a3a0,hardlink
train,/root/autodl-tmp/datasets/sources/construction-ppe_ultralytics_2025_v1/images/train/image127.jpg,/root/autodl-tmp/datasets/sources/construction-ppe_ultralytics_2025_v1/labels/train/image127.txt,/root/autodl-tmp/datasets/derived/construction_ppe3_canonical_v1_20260804_172437/images/all/train__image127.jpg,/root/autodl-tmp/datasets/derived/construction_ppe3_canonical_v1_20260804_172437/labels/all/train__image127.txt,15,9,6,1391762e4cf9ddab568a9c4d1763c2f19667c369d6b2ef3543a27126162f12d2,hardlink
train,/root/autodl-tmp/datasets/sources/construction-ppe_ultralytics_2025_v1/images/train/image1271.jpg,/root/autodl-tmp/datasets/sources/construction-ppe_ultralytics_2025_v1/labels/train/image1271.txt,/root/autodl-tmp/datasets/derived/construction_ppe3_canonical_v1_20260804_172437/images/all/train__image1271.jpg,/root/autodl-tmp/datasets/derived/construction_ppe3_canonical_v1_20260804_172437/labels/all/train__image1271.txt,6,1,5,09c0c319d1c9e0bdda80f2802855f0289a6765c06df9477d5930ff469c4c9e23,hardlink
train,/root/autodl-tmp/datasets/sources/construction-ppe_ultralytics_2025_v1/images/train/image1272.jpg,/root/autodl-tmp/datasets/sources/construction-ppe_ultralytics_2025_v1/labels/train/image1272.txt,/root/autodl-tmp/datasets/derived/construction_ppe3_canonical_v1_20260804_172437/images/all/train__image1272.jpg,/root/autodl-tmp/datasets/derived/construction_ppe3_canonical_v1_20260804_172437/labels/all/train__image1272.txt,6,1,5,ac26041f36d046cdb44e820bab8cc4854356180ee22dd92f7fc015f4426f9ade,hardlink
train,/root/autodl-tmp/datasets/sources/construction-ppe_ultralytics_2025_v1/images/train/image1274.jpg,/root/autodl-tmp/datasets/sources/construction-ppe_ultralytics_2025_v1/labels/train/image1274.txt,/root/autodl-tmp/datasets/derived/construction_ppe3_canonical_v1_20260804_172437/images/all/train__image1274.jpg,/root/autodl-tmp/datasets/derived/construction_ppe3_canonical_v1_20260804_172437/labels/all/train__image1274.txt,18,3,15,ccf406989e0df7e089d08581efe8aab5daff3be5e46776b2e22eeb5a0ba3e127,hardlink
train,/root/autodl-tmp/datasets/sources/construction-ppe_ultralytics_2025_v1/images/train/image1275.jpg,/root/autodl-tmp/datasets/sources/construction-ppe_ultralytics_2025_v1/labels/train/image1275.txt,/root/autodl-tmp/datasets/derived/construction_ppe3_canonical_v1_20260804_172437/images/all/train__image1275.jpg,/root/autodl-tmp/datasets/derived/construction_ppe3_canonical_v1_20260804_172437/labels/all/train__image1275.txt,20,3,17,3375bd97c33c4ab10eeca8553d866ff718d1f7d92806def3d4f1257cae3b47c8,hardlink
train,/root/autodl-tmp/datasets/sources/construction-ppe_ultralytics_2025_v1/images/train/image1277.jpg,/root/autodl-tmp/datasets/sources/construction-ppe_ultralytics_2025_v1/labels/train/image1277.txt,/root/autodl-tmp/datasets/derived/construction_ppe3_canonical_v1_20260804_172437/images/all/train__image1277.jpg,/root/autodl-tmp/datasets/derived/construction_ppe3_canonical_v1_20260804_172437/labels/all/train__image1277.txt,8,1,7,cb98efe4fa2f5fb30f3c95713cb99091a682ef3a105e2e81eb3103fac02182cf,hardlink
train,/root/autodl-tmp/datasets/sources/construction-ppe_ultralytics_2025_v1/images/train/image1278.jpg,/root/autodl-tmp/datasets/sources/construction-ppe_ultralytics_2025_v1/labels/train/image1278.txt,/root/autodl-tmp/datasets/derived/construction_ppe3_canonical_v1_20260804_172437/images/all/train__image1278.jpg,/root/autodl-tmp/datasets/derived/construction_ppe3_canonical_v1_20260804_172437/labels/all/train__image1278.txt,10,2,8,23f164e7d206fe837dae4e318dc342830ce7c3f88ce6eaa71a8f6b2623c9651a,hardlink
train,/root/autodl-tmp/datasets/sources/construction-ppe_ultralytics_2025_v1/images/train/image1279.jpg,/root/autodl-tmp/datasets/sources/construction-ppe_ultralytics_2025_v1/labels/train/image1279.txt,/root/autodl-tmp/datasets/derived/construction_ppe3_canonical_v1_20260804_172437/images/all/train__image1279.jpg,/root/autodl-tmp/datasets/derived/construction_ppe3_canonical_v1_20260804_172437/labels/all/train__image1279.txt,8,2,6,fc430defb7188937447b301c59ac79eb04168c4669548e002e91c967f7b7a7e3,hardlink
train,/root/autodl-tmp/datasets/sources/construction-ppe_ultralytics_2025_v1/images/train/image128.jpg,/root/autodl-tmp/datasets/sources/construction-ppe_ultralytics_2025_v1/labels/train/image128.txt,/root/autodl-tmp/datasets/derived/construction_ppe3_canonical_v1_20260804_172437/images/all/train__image128.jpg,/root/autodl-tmp/datasets/derived/construction_ppe3_canonical_v1_20260804_172437/labels/all/train__image128.txt,37,37,0,cc66618ce357fe8173880c8e655f2278a22f37a79e1386671bffd091b9ac0da1,hardlink
train,/root/autodl-tmp/datasets/sources/construction-ppe_ultralytics_2025_v1/images/train/image1280.jpg,/root/autodl-tmp/datasets/sources/construction-ppe_ultralytics_2025_v1/labels/train/image1280.txt,/root/autodl-tmp/datasets/derived/construction_ppe3_canonical_v1_20260804_172437/images/all/train__image1280.jpg,/root/autodl-tmp/datasets/derived/construction_ppe3_canonical_v1_20260804_172437/labels/all/train__image1280.txt,16,3,13,0bcaa8fb47133f6fb0dce8d92b47256c1b98dacea6075134fc0f4f5f5c9d679b,hardlink
train,/root/autodl-tmp/datasets/sources/construction-ppe_ultralytics_2025_v1/images/train/image1281.jpg,/root/autodl-tmp/datasets/sources/construction-ppe_ultralytics_2025_v1/labels/train/image1281.txt,/root/autodl-tmp/datasets/derived/construction_ppe3_canonical_v1_20260804_172437/images/all/train__image1281.jpg,/root/autodl-tmp/datasets/derived/construction_ppe3_canonical_v1_20260804_172437/labels/all/train__image1281.txt,6,1,5,52de2f52bb8a6bf68a76a9fda92cf7821eb135b6542e4ecf6d87cf202cfa139a,hardlink
train,/root/autodl-tmp/datasets/sources/construction-ppe_ultralytics_2025_v1/images/train/image1282.jpg,/root/autodl-tmp/datasets/sources/construction-ppe_ultralytics_2025_v1/labels/train/image1282.txt,/root/autodl-tmp/datasets/derived/construction_ppe3_canonical_v1_20260804_172437/images/all/train__image1282.jpg,/root/autodl-tmp/datasets/derived/construction_ppe3_canonical_v1_20260804_172437/labels/all/train__image1282.txt,6,1,5,2e8d2f552c5aefde998b1791b2c161416795a41e5c5c6152ded206b880893b1f,hardlink
train,/root/autodl-tmp/datasets/sources/construction-ppe_ultralytics_2025_v1/images/train/image1283.jpg,/root/autodl-tmp/datasets/sources/construction-ppe_ultralytics_2025_v1/labels/train/image1283.txt,/root/autodl-tmp/datasets/derived/construction_ppe3_canonical_v1_20260804_172437/images/all/train__image1283.jpg,/root/autodl-tmp/datasets/derived/construction_ppe3_canonical_v1_20260804_172437/labels/all/train__image1283.txt,5,1,4,4adb773f6b3825271ef47df2a61f02c51536a49ba16b8eb41cef6a78e6df4075,hardlink
train,/root/autodl-tmp/datasets/sources/construction-ppe_ultralytics_2025_v1/images/train/image1284.jpg,/root/autodl-tmp/datasets/sources/construction-ppe_ultralytics_2025_v1/labels/train/image1284.txt,/root/autodl-tmp/datasets/derived/construction_ppe3_canonical_v1_20260804_172437/images/all/train__image1284.jpg,/root/autodl-tmp/datasets/derived/construction_ppe3_canonical_v1_20260804_172437/labels/all/train__image1284.txt,10,2,8,178b6f9ee754bcf75672b7fa305abdc19e8656e3ae6876387f1f1a5f29ebf6f7,hardlink
train,/root/autodl-tmp/datasets/sources/construction-ppe_ultralytics_2025_v1/images/train/image1285.jpg,/root/autodl-tmp/datasets/sources/construction-ppe_ultralytics_2025_v1/labels/train/image1285.txt,/root/autodl-tmp/datasets/derived/construction_ppe3_canonical_v1_20260804_172437/images/all/train__image1285.jpg,/root/autodl-tmp/datasets/derived/construction_ppe3_canonical_v1_20260804_172437/labels/all/train__image1285.txt,17,3,14,d4630fc0a8fd5c7e3b07013062a7270b9736d2817df91508769ce4ca98599687,hardlink
train,/root/autodl-tmp/datasets/sources/construction-ppe_ultralytics_2025_v1/images/train/image1286.jpg,/root/autodl-tmp/datasets/sources/construction-ppe_ultralytics_2025_v1/labels/train/image1286.txt,/root/autodl-tmp/datasets/derived/construction_ppe3_canonical_v1_20260804_172437/images/all/train__image1286.jpg,/root/autodl-tmp/datasets/derived/construction_ppe3_canonical_v1_20260804_172437/labels/all/train__image1286.txt,5,1,4,a04759cedeff635fae68218d1341911df78d339a5659e236947fdb96ffc4ad02,hardlink
train,/root/autodl-tmp/datasets/sources/construction-ppe_ultralytics_2025_v1/images/train/image1287.jpg,/root/autodl-tmp/datasets/sources/construction-ppe_ultralytics_2025_v1/labels/train/image1287.txt,/root/autodl-tmp/datasets/derived/construction_ppe3_canonical_v1_20260804_172437/images/all/train__image1287.jpg,/root/autodl-tmp/datasets/derived/construction_ppe3_canonical_v1_20260804_172437/labels/all/train__image1287.txt,6,1,5,ce9b622db9d7db8b123ee184b56dd3c7b211ff3becfa9c9bc282b7db398d703c,hardlink
train,/root/autodl-tmp/datasets/sources/construction-ppe_ultralytics_2025_v1/images/train/image1288.jpg,/root/autodl-tmp/datasets/sources/construction-ppe_ultralytics_2025_v1/labels/train/image1288.txt,/root/autodl-tmp/datasets/derived/construction_ppe3_canonical_v1_20260804_172437/images/all/train__image1288.jpg,/root/autodl-tmp/datasets/derived/construction_ppe3_canonical_v1_20260804_172437/labels/all/train__image1288.txt,11,2,9,ac34ee24acdeffa822abdf34991fd32b58cbb41b3e1bd048a984a47cf0b23482,hardlink
train,/root/autodl-tmp/datasets/sources/construction-ppe_ultralytics_2025_v1/images/train/image1289.jpg,/root/autodl-tmp/datasets/sources/construction-ppe_ultralytics_2025_v1/labels/train/image1289.txt,/root/autodl-tmp/datasets/derived/construction_ppe3_canonical_v1_20260804_172437/images/all/train__image1289.jpg,/root/autodl-tmp/datasets/derived/construction_ppe3_canonical_v1_20260804_172437/labels/all/train__image1289.txt,21,5,16,e2c0642421918d4f95d4ba537add70aad2b6abe8d78d8e3bbbcffbe29d4b0ced,hardlink
train,/root/autodl-tmp/datasets/sources/construction-ppe_ultralytics_2025_v1/images/train/image129.jpg,/root/autodl-tmp/datasets/sources/construction-ppe_ultralytics_2025_v1/labels/train/image129.txt,/root/autodl-tmp/datasets/derived/construction_ppe3_canonical_v1_20260804_172437/images/all/train__image129.jpg,/root/autodl-tmp/datasets/derived/construction_ppe3_canonical_v1_20260804_172437/labels/all/train__image129.txt,29,12,17,6deca24e110bd5da79f9ee2c704be991d0e490a4a0a8317e981f32993c4e074e,hardlink
train,/root/autodl-tmp/datasets/sources/construction-ppe_ultralytics_2025_v1/images/train/image1291.jpg,/root/autodl-tmp/datasets/sources/construction-ppe_ultralytics_2025_v1/labels/train/image1291.txt,/root/autodl-tmp/datasets/derived/construction_ppe3_canonical_v1_20260804_172437/images/all/train__image1291.jpg,/root/autodl-tmp/datasets/derived/construction_ppe3_canonical_v1_20260804_172437/labels/all/train__image1291.txt,6,1,5,25f6b10b218f2576bca1552b777cd1af1234bc64128e19e4cb2c02a032443ab3,hardlink
train,/root/autodl-tmp/datasets/sources/construction-ppe_ultralytics_2025_v1/images/train/image1294.jpg,/root/autodl-tmp/datasets/sources/construction-ppe_ultralytics_2025_v1/labels/train/image1294.txt,/root/autodl-tmp/datasets/derived/construction_ppe3_canonical_v1_20260804_172437/images/all/train__image1294.jpg,/root/autodl-tmp/datasets/derived/construction_ppe3_canonical_v1_20260804_172437/labels/all/train__image1294.txt,11,2,9,c1c032da7a25e11234bfb4f88dad474328a9a67505773dbcd2dfb1f3181a5915,hardlink
train,/root/autodl-tmp/datasets/sources/construction-ppe_ultralytics_2025_v1/images/train/image1295.jpg,/root/autodl-tmp/datasets/sources/construction-ppe_ultralytics_2025_v1/labels/train/image1295.txt,/root/autodl-tmp/datasets/derived/construction_ppe3_canonical_v1_20260804_172437/images/all/train__image1295.jpg,/root/autodl-tmp/datasets/derived/construction_ppe3_canonical_v1_20260804_172437/labels/all/train__image1295.txt,5,1,4,aa09018d77d2824d84179a1a2151200fb3f21d581a3612546248acebd01c677e,hardlink
train,/root/autodl-tmp/datasets/sources/construction-ppe_ultralytics_2025_v1/images/train/image1296.jpg,/root/autodl-tmp/datasets/sources/construction-ppe_ultralytics_2025_v1/labels/train/image1296.txt,/root/autodl-tmp/datasets/derived/construction_ppe3_canonical_v1_20260804_172437/images/all/train__image1296.jpg,/root/autodl-tmp/datasets/derived/construction_ppe3_canonical_v1_20260804_172437/labels/all/train__image1296.txt,21,3,18,7d532994a788314ede22077d9cfc0946743f4ef1f27eb730c3c4cdbe22e598cb,hardlink
train,/root/autodl-tmp/datasets/sources/construction-ppe_ultralytics_2025_v1/images/train/image1297.jpg,/root/autodl-tmp/datasets/sources/construction-ppe_ultralytics_2025_v1/labels/train/image1297.txt,/root/autodl-tmp/datasets/derived/construction_ppe3_canonical_v1_20260804_172437/images/all/train__image1297.jpg,/root/autodl-tmp/datasets/derived/construction_ppe3_canonical_v1_20260804_172437/labels/all/train__image1297.txt,23,3,20,8abbf208c64baccd9f2cb63f58397f60b5bf7620b6dfbc7c88c0ee84aee65aac,hardlink
train,/root/autodl-tmp/datasets/sources/construction-ppe_ultralytics_2025_v1/images/train/image1298.jpg,/root/autodl-tmp/datasets/sources/construction-ppe_ultralytics_2025_v1/labels/train/image1298.txt,/root/autodl-tmp/datasets/derived/construction_ppe3_canonical_v1_20260804_172437/images/all/train__image1298.jpg,/root/autodl-tmp/datasets/derived/construction_ppe3_canonical_v1_20260804_172437/labels/all/train__image1298.txt,5,1,4,6217a270daac217221b28782a9c5c32df0b53651d35a7eedf98599a5a7b0f366,hardlink
train,/root/autodl-tmp/datasets/sources/construction-ppe_ultralytics_2025_v1/images/train/image1299.jpg,/root/autodl-tmp/datasets/sources/construction-ppe_ultralytics_2025_v1/labels/train/image1299.txt,/root/autodl-tmp/datasets/derived/construction_ppe3_canonical_v1_20260804_172437/images/all/train__image1299.jpg,/root/autodl-tmp/datasets/derived/construction_ppe3_canonical_v1_20260804_172437/labels/all/train__image1299.txt,5,2,3,c5d4922e128ac9ff0b04d9e7d0a26baf618d968ab588750b4063c854257ce8ab,hardlink
train,/root/autodl-tmp/datasets/sources/construction-ppe_ultralytics_2025_v1/images/train/image13.jpeg,/root/autodl-tmp/datasets/sources/construction-ppe_ultralytics_2025_v1/labels/train/image13.txt,/root/autodl-tmp/datasets/derived/construction_ppe3_canonical_v1_20260804_172437/images/all/train__image13.jpeg,/root/autodl-tmp/datasets/derived/construction_ppe3_canonical_v1_20260804_172437/labels/all/train__image13.txt,3,3,0,9459c36ca17fadd3e93078833c3cd230a3903231c4ff8d418e52b2d45dac6f55,hardlink
train,/root/autodl-tmp/datasets/sources/construction-ppe_ultralytics_2025_v1/images/train/image1300.jpg,/root/autodl-tmp/datasets/sources/construction-ppe_ultralytics_2025_v1/labels/train/image1300.txt,/root/autodl-tmp/datasets/derived/construction_ppe3_canonical_v1_20260804_172437/images/all/train__image1300.jpg,/root/autodl-tmp/datasets/derived/construction_ppe3_canonical_v1_20260804_172437/labels/all/train__image1300.txt,6,1,5,24e7eb74d5a707c2981c271478a69f6015cd696549b79082d2141d46a3228eab,hardlink
train,/root/autodl-tmp/datasets/sources/construction-ppe_ultralytics_2025_v1/images/train/image1302.jpg,/root/autodl-tmp/datasets/sources/construction-ppe_ultralytics_2025_v1/labels/train/image1302.txt,/root/autodl-tmp/datasets/derived/construction_ppe3_canonical_v1_20260804_172437/images/all/train__image1302.jpg,/root/autodl-tmp/datasets/derived/construction_ppe3_canonical_v1_20260804_172437/labels/all/train__image1302.txt,14,2,12,e2e664d88b9d452b4a42b4a075eb598fa18897f2f27fc48bf66ade7e2b29c5fe,hardlink
train,/root/autodl-tmp/datasets/sources/construction-ppe_ultralytics_2025_v1/images/train/image1303.jpg,/root/autodl-tmp/datasets/sources/construction-ppe_ultralytics_2025_v1/labels/train/image1303.txt,/root/autodl-tmp/datasets/derived/construction_ppe3_canonical_v1_20260804_172437/images/all/train__image1303.jpg,/root/autodl-tmp/datasets/derived/construction_ppe3_canonical_v1_20260804_172437/labels/all/train__image1303.txt,4,1,3,dd830bfe48c67ec66a5138ac1e711dcbfc279a7c949f0365bfab232ad1268aba,hardlink
train,/root/autodl-tmp/datasets/sources/construction-ppe_ultralytics_2025_v1/images/train/image1304.jpg,/root/autodl-tmp/datasets/sources/construction-ppe_ultralytics_2025_v1/labels/train/image1304.txt,/root/autodl-tmp/datasets/derived/construction_ppe3_canonical_v1_20260804_172437/images/all/train__image1304.jpg,/root/autodl-tmp/datasets/derived/construction_ppe3_canonical_v1_20260804_172437/labels/all/train__image1304.txt,4,1,3,167de2ca21d85a2a76347556b18b0e549d4f385c946b4feb422d3576eb7f3578,hardlink
train,/root/autodl-tmp/datasets/sources/construction-ppe_ultralytics_2025_v1/images/train/image1305.jpg,/root/autodl-tmp/datasets/sources/construction-ppe_ultralytics_2025_v1/labels/train/image1305.txt,/root/autodl-tmp/datasets/derived/construction_ppe3_canonical_v1_20260804_172437/images/all/train__image1305.jpg,/root/autodl-tmp/datasets/derived/construction_ppe3_canonical_v1_20260804_172437/labels/all/train__image1305.txt,6,1,5,2b63bd4abc166aa2a96c050ef7181eb37669c3c952d9405321cb152d138e1d59,hardlink
train,/root/autodl-tmp/datasets/sources/construction-ppe_ultralytics_2025_v1/images/train/image1307.jpg,/root/autodl-tmp/datasets/sources/construction-ppe_ultralytics_2025_v1/labels/train/image1307.txt,/root/autodl-tmp/datasets/derived/construction_ppe3_canonical_v1_20260804_172437/images/all/train__image1307.jpg,/root/autodl-tmp/datasets/derived/construction_ppe3_canonical_v1_20260804_172437/labels/all/train__image1307.txt,5,1,4,41b35364b42d6962d30979ab6f433558d5973d2416d9daddc6ba935cdfff4e3e,hardlink
train,/root/autodl-tmp/datasets/sources/construction-ppe_ultralytics_2025_v1/images/train/image1308.jpg,/root/autodl-tmp/datasets/sources/construction-ppe_ultralytics_2025_v1/labels/train/image1308.txt,/root/autodl-tmp/datasets/derived/construction_ppe3_canonical_v1_20260804_172437/images/all/train__image1308.jpg,/root/autodl-tmp/datasets/derived/construction_ppe3_canonical_v1_20260804_172437/labels/all/train__image1308.txt,5,1,4,7db2360340c99bc3d0a9c31b1d928d63a0a18f021f59be7ca5840eda420b6467,hardlink
train,/root/autodl-tmp/datasets/sources/construction-ppe_ultralytics_2025_v1/images/train/image1309.jpg,/root/autodl-tmp/datasets/sources/construction-ppe_ultralytics_2025_v1/labels/train/image1309.txt,/root/autodl-tmp/datasets/derived/construction_ppe3_canonical_v1_20260804_172437/images/all/train__image1309.jpg,/root/autodl-tmp/datasets/derived/construction_ppe3_canonical_v1_20260804_172437/labels/all/train__image1309.txt,16,3,13,edb9ace3a1f40ae6ff71354da81c1c5da4001688cf74066d43a3bc6df752d5d1,hardlink
train,/root/autodl-tmp/datasets/sources/construction-ppe_ultralytics_2025_v1/images/train/image131.jpg,/root/autodl-tmp/datasets/sources/construction-ppe_ultralytics_2025_v1/labels/train/image131.txt,/root/autodl-tmp/datasets/derived/construction_ppe3_canonical_v1_20260804_172437/images/all/train__image131.jpg,/root/autodl-tmp/datasets/derived/construction_ppe3_canonical_v1_20260804_172437/labels/all/train__image131.txt,13,10,3,dbeb16ed41dfb548cb7b334dd0a824b7ff49ae535c3f71d712297357b1faefd3,hardlink
train,/root/autodl-tmp/datasets/sources/construction-ppe_ultralytics_2025_v1/images/train/image1310.jpg,/root/autodl-tmp/datasets/sources/construction-ppe_ultralytics_2025_v1/labels/train/image1310.txt,/root/autodl-tmp/datasets/derived/construction_ppe3_canonical_v1_20260804_172437/images/all/train__image1310.jpg,/root/autodl-tmp/datasets/derived/construction_ppe3_canonical_v1_20260804_172437/labels/all/train__image1310.txt,4,1,3,812f7b3f70a206fb6d0b3af568415db4ccc84a0c9cd3660e4836e647253bc06e,hardlink
train,/root/autodl-tmp/datasets/sources/construction-ppe_ultralytics_2025_v1/images/train/image1311.jpg,/root/autodl-tmp/datasets/sources/construction-ppe_ultralytics_2025_v1/labels/train/image1311.txt,/root/autodl-tmp/datasets/derived/construction_ppe3_canonical_v1_20260804_172437/images/all/train__image1311.jpg,/root/autodl-tmp/datasets/derived/construction_ppe3_canonical_v1_20260804_172437/labels/all/train__image1311.txt,3,1,2,2719fba08822da11477150f55cb668c73957e8588d491c735aa5e68d25a242ed,hardlink
train,/root/autodl-tmp/datasets/sources/construction-ppe_ultralytics_2025_v1/images/train/image1312.jpg,/root/autodl-tmp/datasets/sources/construction-ppe_ultralytics_2025_v1/labels/train/image1312.txt,/root/autodl-tmp/datasets/derived/construction_ppe3_canonical_v1_20260804_172437/images/all/train__image1312.jpg,/root/autodl-tmp/datasets/derived/construction_ppe3_canonical_v1_20260804_172437/labels/all/train__image1312.txt,6,1,5,42483ae53ec80c749d5d7de2036571ebe5e6e988cb47f89f35a1ae82846bb96a,hardlink
train,/root/autodl-tmp/datasets/sources/construction-ppe_ultralytics_2025_v1/images/train/image1313.jpg,/root/autodl-tmp/datasets/sources/construction-ppe_ultralytics_2025_v1/labels/train/image1313.txt,/root/autodl-tmp/datasets/derived/construction_ppe3_canonical_v1_20260804_172437/images/all/train__image1313.jpg,/root/autodl-tmp/datasets/derived/construction_ppe3_canonical_v1_20260804_172437/labels/all/train__image1313.txt,6,1,5,49ec4d5af8e6c3b9e74f4906fff9130b5682b92c782db5d468ff062b5e033b36,hardlink
train,/root/autodl-tmp/datasets/sources/construction-ppe_ultralytics_2025_v1/images/train/image1314.jpg,/root/autodl-tmp/datasets/sources/construction-ppe_ultralytics_2025_v1/labels/train/image1314.txt,/root/autodl-tmp/datasets/derived/construction_ppe3_canonical_v1_20260804_172437/images/all/train__image1314.jpg,/root/autodl-tmp/datasets/derived/construction_ppe3_canonical_v1_20260804_172437/labels/all/train__image1314.txt,8,2,6,29a0052f6b70f9328c3d343d9f261169f55ed531c94f5aa79a696c44cd27addb,hardlink
train,/root/autodl-tmp/datasets/sources/construction-ppe_ultralytics_2025_v1/images/train/image1315.jpg,/root/autodl-tmp/datasets/sources/construction-ppe_ultralytics_2025_v1/labels/train/image1315.txt,/root/autodl-tmp/datasets/derived/construction_ppe3_canonical_v1_20260804_172437/images/all/train__image1315.jpg,/root/autodl-tmp/datasets/derived/construction_ppe3_canonical_v1_20260804_172437/labels/all/train__image1315.txt,11,2,9,775552c86717c23bb3d737d692ddfcd6d294a8e49a2f4ff2103e2d02c33e61cc,hardlink
train,/root/autodl-tmp/datasets/sources/construction-ppe_ultralytics_2025_v1/images/train/image1316.jpg,/root/autodl-tmp/datasets/sources/construction-ppe_ultralytics_2025_v1/labels/train/image1316.txt,/root/autodl-tmp/datasets/derived/construction_ppe3_canonical_v1_20260804_172437/images/all/train__image1316.jpg,/root/autodl-tmp/datasets/derived/construction_ppe3_canonical_v1_20260804_172437/labels/all/train__image1316.txt,6,1,5,ac51991231dd8cc69bd28ddc0a72265039df6047c32b7bf1d841a4f0e170e62c,hardlink
train,/root/autodl-tmp/datasets/sources/construction-ppe_ultralytics_2025_v1/images/train/image1317.jpg,/root/autodl-tmp/datasets/sources/construction-ppe_ultralytics_2025_v1/labels/train/image1317.txt,/root/autodl-tmp/datasets/derived/construction_ppe3_canonical_v1_20260804_172437/images/all/train__image1317.jpg,/root/autodl-tmp/datasets/derived/construction_ppe3_canonical_v1_20260804_172437/labels/all/train__image1317.txt,4,1,3,29238ad070cd372e834e61a1b56a1ce37983868b87849e45bdf04bf1bf0f7d95,hardlink
train,/root/autodl-tmp/datasets/sources/construction-ppe_ultralytics_2025_v1/images/train/image1318.jpg,/root/autodl-tmp/datasets/sources/construction-ppe_ultralytics_2025_v1/labels/train/image1318.txt,/root/autodl-tmp/datasets/derived/construction_ppe3_canonical_v1_20260804_172437/images/all/train__image1318.jpg,/root/autodl-tmp/datasets/derived/construction_ppe3_canonical_v1_20260804_172437/labels/all/train__image1318.txt,6,1,5,b8407c59d57e90df7267bf182f093cd7815653fa6745d095f472fcc5150cda6a,hardlink
train,/root/autodl-tmp/datasets/sources/construction-ppe_ultralytics_2025_v1/images/train/image1319.jpg,/root/autodl-tmp/datasets/sources/construction-ppe_ultralytics_2025_v1/labels/train/image1319.txt,/root/autodl-tmp/datasets/derived/construction_ppe3_canonical_v1_20260804_172437/images/all/train__image1319.jpg,/root/autodl-tmp/datasets/derived/construction_ppe3_canonical_v1_20260804_172437/labels/all/train__image1319.txt,20,4,16,97e47bd8194fa035650b3e26ef02c4267c6465140e836afb741218c9de496716,hardlink
train,/root/autodl-tmp/datasets/sources/construction-ppe_ultralytics_2025_v1/images/train/image1320.jpg,/root/autodl-tmp/datasets/sources/construction-ppe_ultralytics_2025_v1/labels/train/image1320.txt,/root/autodl-tmp/datasets/derived/construction_ppe3_canonical_v1_20260804_172437/images/all/train__image1320.jpg,/root/autodl-tmp/datasets/derived/construction_ppe3_canonical_v1_20260804_172437/labels/all/train__image1320.txt,6,1,5,dc64cda703224171cd89cfc6f0ff77d442ab441d1bf6280ebf8847a6f6374d06,hardlink
train,/root/autodl-tmp/datasets/sources/construction-ppe_ultralytics_2025_v1/images/train/image1321.jpg,/root/autodl-tmp/datasets/sources/construction-ppe_ultralytics_2025_v1/labels/train/image1321.txt,/root/autodl-tmp/datasets/derived/construction_ppe3_canonical_v1_20260804_172437/images/all/train__image1321.jpg,/root/autodl-tmp/datasets/derived/construction_ppe3_canonical_v1_20260804_172437/labels/all/train__image1321.txt,14,3,11,ee28dce0ea3db8e7a7bbce07c4a68ebe5ad5ff2c30dab6cba486ef5611b795c2,hardlink
train,/root/autodl-tmp/datasets/sources/construction-ppe_ultralytics_2025_v1/images/train/image1322.jpg,/root/autodl-tmp/datasets/sources/construction-ppe_ultralytics_2025_v1/labels/train/image1322.txt,/root/autodl-tmp/datasets/derived/construction_ppe3_canonical_v1_20260804_172437/images/all/train__image1322.jpg,/root/autodl-tmp/datasets/derived/construction_ppe3_canonical_v1_20260804_172437/labels/all/train__image1322.txt,4,1,3,3aee7e4b234fc0ec81ea50cf7f80a0c4ec1db900dea1e668e5663e6ea5715191,hardlink
train,/root/autodl-tmp/datasets/sources/construction-ppe_ultralytics_2025_v1/images/train/image1323.jpg,/root/autodl-tmp/datasets/sources/construction-ppe_ultralytics_2025_v1/labels/train/image1323.txt,/root/autodl-tmp/datasets/derived/construction_ppe3_canonical_v1_20260804_172437/images/all/train__image1323.jpg,/root/autodl-tmp/datasets/derived/construction_ppe3_canonical_v1_20260804_172437/labels/all/train__image1323.txt,6,1,5,14e50bbe46c619d9e8a92bac9feae5331e24c511d21c0417803bcbd12280e7c5,hardlink
train,/root/autodl-tmp/datasets/sources/construction-ppe_ultralytics_2025_v1/images/train/image1324.jpg,/root/autodl-tmp/datasets/sources/construction-ppe_ultralytics_2025_v1/labels/train/image1324.txt,/root/autodl-tmp/datasets/derived/construction_ppe3_canonical_v1_20260804_172437/images/all/train__image1324.jpg,/root/autodl-tmp/datasets/derived/construction_ppe3_canonical_v1_20260804_172437/labels/all/train__image1324.txt,13,2,11,022132385c453eebc8bcf87230a8e05bd1534c10b742b0a2f6de8586ddf6c760,hardlink
train,/root/autodl-tmp/datasets/sources/construction-ppe_ultralytics_2025_v1/images/train/image1325.jpg,/root/autodl-tmp/datasets/sources/construction-ppe_ultralytics_2025_v1/labels/train/image1325.txt,/root/autodl-tmp/datasets/derived/construction_ppe3_canonical_v1_20260804_172437/images/all/train__image1325.jpg,/root/autodl-tmp/datasets/derived/construction_ppe3_canonical_v1_20260804_172437/labels/all/train__image1325.txt,6,1,5,7e6fc9c1f188d90aaee1c93e63a99a6233131cdde1ce66f76cc1844bd570b2d3,hardlink
train,/root/autodl-tmp/datasets/sources/construction-ppe_ultralytics_2025_v1/images/train/image1326.jpg,/root/autodl-tmp/datasets/sources/construction-ppe_ultralytics_2025_v1/labels/train/image1326.txt,/root/autodl-tmp/datasets/derived/construction_ppe3_canonical_v1_20260804_172437/images/all/train__image1326.jpg,/root/autodl-tmp/datasets/derived/construction_ppe3_canonical_v1_20260804_172437/labels/all/train__image1326.txt,24,3,21,a6178caf0de0edce6f9f31a19e1d2827a3765832fc2a9d6ced33c48628ee741b,hardlink
train,/root/autodl-tmp/datasets/sources/construction-ppe_ultralytics_2025_v1/images/train/image1327.jpg,/root/autodl-tmp/datasets/sources/construction-ppe_ultralytics_2025_v1/labels/train/image1327.txt,/root/autodl-tmp/datasets/derived/construction_ppe3_canonical_v1_20260804_172437/images/all/train__image1327.jpg,/root/autodl-tmp/datasets/derived/construction_ppe3_canonical_v1_20260804_172437/labels/all/train__image1327.txt,6,1,5,5aa156d7b860a1beb2c440cff876e04431d4a04a733ef928a1b081f3517c61c9,hardlink
train,/root/autodl-tmp/datasets/sources/construction-ppe_ultralytics_2025_v1/images/train/image1328.jpg,/root/autodl-tmp/datasets/sources/construction-ppe_ultralytics_2025_v1/labels/train/image1328.txt,/root/autodl-tmp/datasets/derived/construction_ppe3_canonical_v1_20260804_172437/images/all/train__image1328.jpg,/root/autodl-tmp/datasets/derived/construction_ppe3_canonical_v1_20260804_172437/labels/all/train__image1328.txt,15,3,12,be94b1245c9824c091b8ad561befe8bc4ad5557915470230180a71bdf96d0d8d,hardlink
train,/root/autodl-tmp/datasets/sources/construction-ppe_ultralytics_2025_v1/images/train/image1329.jpg,/root/autodl-tmp/datasets/sources/construction-ppe_ultralytics_2025_v1/labels/train/image1329.txt,/root/autodl-tmp/datasets/derived/construction_ppe3_canonical_v1_20260804_172437/images/all/train__image1329.jpg,/root/autodl-tmp/datasets/derived/construction_ppe3_canonical_v1_20260804_172437/labels/all/train__image1329.txt,8,2,6,b46b7bc844abe6dc2f166304e2f44aad6649e22132d20e8721a786d852ca127e,hardlink
train,/root/autodl-tmp/datasets/sources/construction-ppe_ultralytics_2025_v1/images/train/image133.jpeg,/root/autodl-tmp/datasets/sources/construction-ppe_ultralytics_2025_v1/labels/train/image133.txt,/root/autodl-tmp/datasets/derived/construction_ppe3_canonical_v1_20260804_172437/images/all/train__image133.jpeg,/root/autodl-tmp/datasets/derived/construction_ppe3_canonical_v1_20260804_172437/labels/all/train__image133.txt,5,3,2,39609cde333ed2a934b0d63059bc060986c27a6b79cc77683965ef31f279cda2,hardlink
train,/root/autodl-tmp/datasets/sources/construction-ppe_ultralytics_2025_v1/images/train/image1334.jpg,/root/autodl-tmp/datasets/sources/construction-ppe_ultralytics_2025_v1/labels/train/image1334.txt,/root/autodl-tmp/datasets/derived/construction_ppe3_canonical_v1_20260804_172437/images/all/train__image1334.jpg,/root/autodl-tmp/datasets/derived/construction_ppe3_canonical_v1_20260804_172437/labels/all/train__image1334.txt,4,1,3,bd6a89c1c48e1e8cb0932e18f89e273ac9be420b23c617a651dc4fba5f88de80,hardlink
train,/root/autodl-tmp/datasets/sources/construction-ppe_ultralytics_2025_v1/images/train/image1335.jpg,/root/autodl-tmp/datasets/sources/construction-ppe_ultralytics_2025_v1/labels/train/image1335.txt,/root/autodl-tmp/datasets/derived/construction_ppe3_canonical_v1_20260804_172437/images/all/train__image1335.jpg,/root/autodl-tmp/datasets/derived/construction_ppe3_canonical_v1_20260804_172437/labels/all/train__image1335.txt,5,1,4,bdaac39c1e9fe4b1951c2f7d6ac7b9189ec0d5e0e78e8d02068194f5a5522a23,hardlink
train,/root/autodl-tmp/datasets/sources/construction-ppe_ultralytics_2025_v1/images/train/image1336.jpg,/root/autodl-tmp/datasets/sources/construction-ppe_ultralytics_2025_v1/labels/train/image1336.txt,/root/autodl-tmp/datasets/derived/construction_ppe3_canonical_v1_20260804_172437/images/all/train__image1336.jpg,/root/autodl-tmp/datasets/derived/construction_ppe3_canonical_v1_20260804_172437/labels/all/train__image1336.txt,20,4,16,35f7ff54a613b0087155b69c87ba03bf9f4d148f6525fb61626b3eac239fc881,hardlink
train,/root/autodl-tmp/datasets/sources/construction-ppe_ultralytics_2025_v1/images/train/image1337.jpg,/root/autodl-tmp/datasets/sources/construction-ppe_ultralytics_2025_v1/labels/train/image1337.txt,/root/autodl-tmp/datasets/derived/construction_ppe3_canonical_v1_20260804_172437/images/all/train__image1337.jpg,/root/autodl-tmp/datasets/derived/construction_ppe3_canonical_v1_20260804_172437/labels/all/train__image1337.txt,8,1,7,0d0626cf23968c27347ce3352964e60cfa20b9d985a5a2cbdc66b9ae166601e9,hardlink
train,/root/autodl-tmp/datasets/sources/construction-ppe_ultralytics_2025_v1/images/train/image1338.jpg,/root/autodl-tmp/datasets/sources/construction-ppe_ultralytics_2025_v1/labels/train/image1338.txt,/root/autodl-tmp/datasets/derived/construction_ppe3_canonical_v1_20260804_172437/images/all/train__image1338.jpg,/root/autodl-tmp/datasets/derived/construction_ppe3_canonical_v1_20260804_172437/labels/all/train__image1338.txt,4,1,3,2602c21190f2e35b72fd715a1bb9f711b14902b6d48b324236fa5bd82869da20,hardlink
train,/root/autodl-tmp/datasets/sources/construction-ppe_ultralytics_2025_v1/images/train/image1339.jpg,/root/autodl-tmp/datasets/sources/construction-ppe_ultralytics_2025_v1/labels/train/image1339.txt,/root/autodl-tmp/datasets/derived/construction_ppe3_canonical_v1_20260804_172437/images/all/train__image1339.jpg,/root/autodl-tmp/datasets/derived/construction_ppe3_canonical_v1_20260804_172437/labels/all/train__image1339.txt,10,2,8,131dd64d393fccc114af15abadbd249c92b96940b0442fa480f4b4ee21e776be,hardlink
train,/root/autodl-tmp/datasets/sources/construction-ppe_ultralytics_2025_v1/images/train/image134.jpg,/root/autodl-tmp/datasets/sources/construction-ppe_ultralytics_2025_v1/labels/train/image134.txt,/root/autodl-tmp/datasets/derived/construction_ppe3_canonical_v1_20260804_172437/images/all/train__image134.jpg,/root/autodl-tmp/datasets/derived/construction_ppe3_canonical_v1_20260804_172437/labels/all/train__image134.txt,9,9,0,efed7bc5a74fab15706cbdca6af5339b91712e1fcd9fae2b764573d3d75aa804,hardlink
train,/root/autodl-tmp/datasets/sources/construction-ppe_ultralytics_2025_v1/images/train/image1340.jpg,/root/autodl-tmp/datasets/sources/construction-ppe_ultralytics_2025_v1/labels/train/image1340.txt,/root/autodl-tmp/datasets/derived/construction_ppe3_canonical_v1_20260804_172437/images/all/train__image1340.jpg,/root/autodl-tmp/datasets/derived/construction_ppe3_canonical_v1_20260804_172437/labels/all/train__image1340.txt,7,1,6,53ca57e5b7834aec372c16c4574361048c951a79e79a832d8383be5dc9d80b4c,hardlink
train,/root/autodl-tmp/datasets/sources/construction-ppe_ultralytics_2025_v1/images/train/image1343.jpg,/root/autodl-tmp/datasets/sources/construction-ppe_ultralytics_2025_v1/labels/train/image1343.txt,/root/autodl-tmp/datasets/derived/construction_ppe3_canonical_v1_20260804_172437/images/all/train__image1343.jpg,/root/autodl-tmp/datasets/derived/construction_ppe3_canonical_v1_20260804_172437/labels/all/train__image1343.txt,5,1,4,4e14cf98c1df2af571453945c0028cc899c0499b284571b4d223aa16fcefbbe5,hardlink
train,/root/autodl-tmp/datasets/sources/construction-ppe_ultralytics_2025_v1/images/train/image1345.jpg,/root/autodl-tmp/datasets/sources/construction-ppe_ultralytics_2025_v1/labels/train/image1345.txt,/root/autodl-tmp/datasets/derived/construction_ppe3_canonical_v1_20260804_172437/images/all/train__image1345.jpg,/root/autodl-tmp/datasets/derived/construction_ppe3_canonical_v1_20260804_172437/labels/all/train__image1345.txt,4,1,3,5f80c5f05f8fd439e92656eb792a35bda00637adb882d43174df50a06698ea93,hardlink
train,/root/autodl-tmp/datasets/sources/construction-ppe_ultralytics_2025_v1/images/train/image1347.jpg,/root/autodl-tmp/datasets/sources/construction-ppe_ultralytics_2025_v1/labels/train/image1347.txt,/root/autodl-tmp/datasets/derived/construction_ppe3_canonical_v1_20260804_172437/images/all/train__image1347.jpg,/root/autodl-tmp/datasets/derived/construction_ppe3_canonical_v1_20260804_172437/labels/all/train__image1347.txt,16,3,13,7d3d9e1de9ced07e34a2f666a52500ba13c2de2001a404664a4a1ed68f4ba68c,hardlink
train,/root/autodl-tmp/datasets/sources/construction-ppe_ultralytics_2025_v1/images/train/image1348.jpg,/root/autodl-tmp/datasets/sources/construction-ppe_ultralytics_2025_v1/labels/train/image1348.txt,/root/autodl-tmp/datasets/derived/construction_ppe3_canonical_v1_20260804_172437/images/all/train__image1348.jpg,/root/autodl-tmp/datasets/derived/construction_ppe3_canonical_v1_20260804_172437/labels/all/train__image1348.txt,6,1,5,70cbd3b6c44e19a689683990747f4dca15211fc5a1d4da8ca8bdf58016507d38,hardlink
train,/root/autodl-tmp/datasets/sources/construction-ppe_ultralytics_2025_v1/images/train/image1349.jpg,/root/autodl-tmp/datasets/sources/construction-ppe_ultralytics_2025_v1/labels/train/image1349.txt,/root/autodl-tmp/datasets/derived/construction_ppe3_canonical_v1_20260804_172437/images/all/train__image1349.jpg,/root/autodl-tmp/datasets/derived/construction_ppe3_canonical_v1_20260804_172437/labels/all/train__image1349.txt,5,1,4,68f28a956c3fed2208f043ed31341c88b79a44534a38b487b22fd1d183cfaf25,hardlink
train,/root/autodl-tmp/datasets/sources/construction-ppe_ultralytics_2025_v1/images/train/image135.jpg,/root/autodl-tmp/datasets/sources/construction-ppe_ultralytics_2025_v1/labels/train/image135.txt,/root/autodl-tmp/datasets/derived/construction_ppe3_canonical_v1_20260804_172437/images/all/train__image135.jpg,/root/autodl-tmp/datasets/derived/construction_ppe3_canonical_v1_20260804_172437/labels/all/train__image135.txt,10,10,0,452b24279053173c332ee23fbe726ea942e5423d6e98a2dd836b0215cd7e84f2,hardlink
train,/root/autodl-tmp/datasets/sources/construction-ppe_ultralytics_2025_v1/images/train/image1350.jpg,/root/autodl-tmp/datasets/sources/construction-ppe_ultralytics_2025_v1/labels/train/image1350.txt,/root/autodl-tmp/datasets/derived/construction_ppe3_canonical_v1_20260804_172437/images/all/train__image1350.jpg,/root/autodl-tmp/datasets/derived/construction_ppe3_canonical_v1_20260804_172437/labels/all/train__image1350.txt,5,1,4,fca2332046e90b7a6ce90b9dd1925137d52ed45e65a20939377e1e0781522db2,hardlink
train,/root/autodl-tmp/datasets/sources/construction-ppe_ultralytics_2025_v1/images/train/image1351.jpg,/root/autodl-tmp/datasets/sources/construction-ppe_ultralytics_2025_v1/labels/train/image1351.txt,/root/autodl-tmp/datasets/derived/construction_ppe3_canonical_v1_20260804_172437/images/all/train__image1351.jpg,/root/autodl-tmp/datasets/derived/construction_ppe3_canonical_v1_20260804_172437/labels/all/train__image1351.txt,14,2,12,3cd67d9c478964b67563580e5c7251af042917d2031cc7cd7f416a6d7af7fd5a,hardlink
train,/root/autodl-tmp/datasets/sources/construction-ppe_ultralytics_2025_v1/images/train/image1352.jpg,/root/autodl-tmp/datasets/sources/construction-ppe_ultralytics_2025_v1/labels/train/image1352.txt,/root/autodl-tmp/datasets/derived/construction_ppe3_canonical_v1_20260804_172437/images/all/train__image1352.jpg,/root/autodl-tmp/datasets/derived/construction_ppe3_canonical_v1_20260804_172437/labels/all/train__image1352.txt,6,1,5,d9b7e4f255604660a25ef4aac6814e1dc692fe7e81c768c29e27d80fa36f9d99,hardlink
train,/root/autodl-tmp/datasets/sources/construction-ppe_ultralytics_2025_v1/images/train/image1353.jpg,/root/autodl-tmp/datasets/sources/construction-ppe_ultralytics_2025_v1/labels/train/image1353.txt,/root/autodl-tmp/datasets/derived/construction_ppe3_canonical_v1_20260804_172437/images/all/train__image1353.jpg,/root/autodl-tmp/datasets/derived/construction_ppe3_canonical_v1_20260804_172437/labels/all/train__image1353.txt,6,1,5,c4679e6e840268db66996aac1e306e6672a33fa1429129970e03c1c5248a4642,hardlink
train,/root/autodl-tmp/datasets/sources/construction-ppe_ultralytics_2025_v1/images/train/image1355.jpg,/root/autodl-tmp/datasets/sources/construction-ppe_ultralytics_2025_v1/labels/train/image1355.txt,/root/autodl-tmp/datasets/derived/construction_ppe3_canonical_v1_20260804_172437/images/all/train__image1355.jpg,/root/autodl-tmp/datasets/derived/construction_ppe3_canonical_v1_20260804_172437/labels/all/train__image1355.txt,11,3,8,486851c9b3a2a7e0eb89ae7fe587c2287775c154aca02a85db74907c8e5b6da8,hardlink
train,/root/autodl-tmp/datasets/sources/construction-ppe_ultralytics_2025_v1/images/train/image1356.jpg,/root/autodl-tmp/datasets/sources/construction-ppe_ultralytics_2025_v1/labels/train/image1356.txt,/root/autodl-tmp/datasets/derived/construction_ppe3_canonical_v1_20260804_172437/images/all/train__image1356.jpg,/root/autodl-tmp/datasets/derived/construction_ppe3_canonical_v1_20260804_172437/labels/all/train__image1356.txt,13,1,12,cff7731ca9eebaf35b26d242c48cdc60ec689c5f2414b36bd6fb85b3af80d4a8,hardlink
train,/root/autodl-tmp/datasets/sources/construction-ppe_ultralytics_2025_v1/images/train/image1357.jpg,/root/autodl-tmp/datasets/sources/construction-ppe_ultralytics_2025_v1/labels/train/image1357.txt,/root/autodl-tmp/datasets/derived/construction_ppe3_canonical_v1_20260804_172437/images/all/train__image1357.jpg,/root/autodl-tmp/datasets/derived/construction_ppe3_canonical_v1_20260804_172437/labels/all/train__image1357.txt,8,6,2,8b66c8706004a58e4115d5c3b77fd997b4799b999e6302ab68ce5a793cf21c17,hardlink
train,/root/autodl-tmp/datasets/sources/construction-ppe_ultralytics_2025_v1/images/train/image1358.jpg,/root/autodl-tmp/datasets/sources/construction-ppe_ultralytics_2025_v1/labels/train/image1358.txt,/root/autodl-tmp/datasets/derived/construction_ppe3_canonical_v1_20260804_172437/images/all/train__image1358.jpg,/root/autodl-tmp/datasets/derived/construction_ppe3_canonical_v1_20260804_172437/labels/all/train__image1358.txt,6,3,3,cc5aece6fe79f248ca7ee0a9207324425be082459bfdfbe5e45afc215b140564,hardlink
train,/root/autodl-tmp/datasets/sources/construction-ppe_ultralytics_2025_v1/images/train/image1359.jpg,/root/autodl-tmp/datasets/sources/construction-ppe_ultralytics_2025_v1/labels/train/image1359.txt,/root/autodl-tmp/datasets/derived/construction_ppe3_canonical_v1_20260804_172437/images/all/train__image1359.jpg,/root/autodl-tmp/datasets/derived/construction_ppe3_canonical_v1_20260804_172437/labels/all/train__image1359.txt,27,9,18,01f47a507acccb73a527484ca76eab5334928555030d93d885b8b020563214b6,hardlink
train,/root/autodl-tmp/datasets/sources/construction-ppe_ultralytics_2025_v1/images/train/image136.jpg,/root/autodl-tmp/datasets/sources/construction-ppe_ultralytics_2025_v1/labels/train/image136.txt,/root/autodl-tmp/datasets/derived/construction_ppe3_canonical_v1_20260804_172437/images/all/train__image136.jpg,/root/autodl-tmp/datasets/derived/construction_ppe3_canonical_v1_20260804_172437/labels/all/train__image136.txt,24,23,1,ef5d657f4166c4d1fabc561bf589f8541e9d6f8af975639c30210fc684bc8911,hardlink
train,/root/autodl-tmp/datasets/sources/construction-ppe_ultralytics_2025_v1/images/train/image1360.jpg,/root/autodl-tmp/datasets/sources/construction-ppe_ultralytics_2025_v1/labels/train/image1360.txt,/root/autodl-tmp/datasets/derived/construction_ppe3_canonical_v1_20260804_172437/images/all/train__image1360.jpg,/root/autodl-tmp/datasets/derived/construction_ppe3_canonical_v1_20260804_172437/labels/all/train__image1360.txt,14,2,12,65b14f177573057b7b01364bc1142056cd3eb9684a40e8220b5a3d1f3ef9d4c7,hardlink
train,/root/autodl-tmp/datasets/sources/construction-ppe_ultralytics_2025_v1/images/train/image1361.jpg,/root/autodl-tmp/datasets/sources/construction-ppe_ultralytics_2025_v1/labels/train/image1361.txt,/root/autodl-tmp/datasets/derived/construction_ppe3_canonical_v1_20260804_172437/images/all/train__image1361.jpg,/root/autodl-tmp/datasets/derived/construction_ppe3_canonical_v1_20260804_172437/labels/all/train__image1361.txt,8,1,7,0825a568e044782928a96048b3c9788c3fde25f3fed2a08f7279da67eb1add97,hardlink
train,/root/autodl-tmp/datasets/sources/construction-ppe_ultralytics_2025_v1/images/train/image1362.jpg,/root/autodl-tmp/datasets/sources/construction-ppe_ultralytics_2025_v1/labels/train/image1362.txt,/root/autodl-tmp/datasets/derived/construction_ppe3_canonical_v1_20260804_172437/images/all/train__image1362.jpg,/root/autodl-tmp/datasets/derived/construction_ppe3_canonical_v1_20260804_172437/labels/all/train__image1362.txt,4,1,3,b3895ae845d2934a6da34a455131d35414e557f2df247adbb277186a873922b2,hardlink
train,/root/autodl-tmp/datasets/sources/construction-ppe_ultralytics_2025_v1/images/train/image1363.jpg,/root/autodl-tmp/datasets/sources/construction-ppe_ultralytics_2025_v1/labels/train/image1363.txt,/root/autodl-tmp/datasets/derived/construction_ppe3_canonical_v1_20260804_172437/images/all/train__image1363.jpg,/root/autodl-tmp/datasets/derived/construction_ppe3_canonical_v1_20260804_172437/labels/all/train__image1363.txt,4,1,3,f82368b9aba67fe6381bd22a8b9b7503399e08b93fa0f2da53892e8d122c09e3,hardlink
train,/root/autodl-tmp/datasets/sources/construction-ppe_ultralytics_2025_v1/images/train/image1364.jpg,/root/autodl-tmp/datasets/sources/construction-ppe_ultralytics_2025_v1/labels/train/image1364.txt,/root/autodl-tmp/datasets/derived/construction_ppe3_canonical_v1_20260804_172437/images/all/train__image1364.jpg,/root/autodl-tmp/datasets/derived/construction_ppe3_canonical_v1_20260804_172437/labels/all/train__image1364.txt,6,1,5,1c935d40f11450ab87bd3754570fd4e3af5dea38e30e9c0abf5b0afe3ecf8530,hardlink
train,/root/autodl-tmp/datasets/sources/construction-ppe_ultralytics_2025_v1/images/train/image1365.jpg,/root/autodl-tmp/datasets/sources/construction-ppe_ultralytics_2025_v1/labels/train/image1365.txt,/root/autodl-tmp/datasets/derived/construction_ppe3_canonical_v1_20260804_172437/images/all/train__image1365.jpg,/root/autodl-tmp/datasets/derived/construction_ppe3_canonical_v1_20260804_172437/labels/all/train__image1365.txt,5,1,4,b67c38c0a68f1ca7bcab44e1aa4fb1cca52758ec0c015f6c6c8877d5ed38b53f,hardlink
train,/root/autodl-tmp/datasets/sources/construction-ppe_ultralytics_2025_v1/images/train/image1366.jpg,/root/autodl-tmp/datasets/sources/construction-ppe_ultralytics_2025_v1/labels/train/image1366.txt,/root/autodl-tmp/datasets/derived/construction_ppe3_canonical_v1_20260804_172437/images/all/train__image1366.jpg,/root/autodl-tmp/datasets/derived/construction_ppe3_canonical_v1_20260804_172437/labels/all/train__image1366.txt,6,1,5,56fd815e10ea60e82d9a9ce31f42c70429590c9fb426f05d859ddd3dc4410368,hardlink
train,/root/autodl-tmp/datasets/sources/construction-ppe_ultralytics_2025_v1/images/train/image1367.jpg,/root/autodl-tmp/datasets/sources/construction-ppe_ultralytics_2025_v1/labels/train/image1367.txt,/root/autodl-tmp/datasets/derived/construction_ppe3_canonical_v1_20260804_172437/images/all/train__image1367.jpg,/root/autodl-tmp/datasets/derived/construction_ppe3_canonical_v1_20260804_172437/labels/all/train__image1367.txt,9,2,7,e3b01b849810e8e0a8264d46b62c3b42da43ad745736b6e8fc2529bb4b66d35e,hardlink
train,/root/autodl-tmp/datasets/sources/construction-ppe_ultralytics_2025_v1/images/train/image1368.jpg,/root/autodl-tmp/datasets/sources/construction-ppe_ultralytics_2025_v1/labels/train/image1368.txt,/root/autodl-tmp/datasets/derived/construction_ppe3_canonical_v1_20260804_172437/images/all/train__image1368.jpg,/root/autodl-tmp/datasets/derived/construction_ppe3_canonical_v1_20260804_172437/labels/all/train__image1368.txt,33,6,27,3e839084e5a956acc4ec5074e588ead172d4b9fe09c53530f6d509b3192148fe,hardlink
train,/root/autodl-tmp/datasets/sources/construction-ppe_ultralytics_2025_v1/images/train/image1370.jpg,/root/autodl-tmp/datasets/sources/construction-ppe_ultralytics_2025_v1/labels/train/image1370.txt,/root/autodl-tmp/datasets/derived/construction_ppe3_canonical_v1_20260804_172437/images/all/train__image1370.jpg,/root/autodl-tmp/datasets/derived/construction_ppe3_canonical_v1_20260804_172437/labels/all/train__image1370.txt,8,1,7,71fc0bd3548f5d0d52b1038ce86af7b8b8c73757d2dfae1fd9990b13dbb46c9d,hardlink
train,/root/autodl-tmp/datasets/sources/construction-ppe_ultralytics_2025_v1/images/train/image1371.jpg,/root/autodl-tmp/datasets/sources/construction-ppe_ultralytics_2025_v1/labels/train/image1371.txt,/root/autodl-tmp/datasets/derived/construction_ppe3_canonical_v1_20260804_172437/images/all/train__image1371.jpg,/root/autodl-tmp/datasets/derived/construction_ppe3_canonical_v1_20260804_172437/labels/all/train__image1371.txt,5,1,4,306ac6c2f6eda7ea93ee6fefbd40ca88b0f4be39ae5ee1f8b34743dee01829d3,hardlink
train,/root/autodl-tmp/datasets/sources/construction-ppe_ultralytics_2025_v1/images/train/image1372.jpg,/root/autodl-tmp/datasets/sources/construction-ppe_ultralytics_2025_v1/labels/train/image1372.txt,/root/autodl-tmp/datasets/derived/construction_ppe3_canonical_v1_20260804_172437/images/all/train__image1372.jpg,/root/autodl-tmp/datasets/derived/construction_ppe3_canonical_v1_20260804_172437/labels/all/train__image1372.txt,6,1,5,83c40923e7f9ed293cb1e53d67f818209fc9a6e05e0f4f9efdeae0c74a7d3aa7,hardlink
train,/root/autodl-tmp/datasets/sources/construction-ppe_ultralytics_2025_v1/images/train/image1373.jpg,/root/autodl-tmp/datasets/sources/construction-ppe_ultralytics_2025_v1/labels/train/image1373.txt,/root/autodl-tmp/datasets/derived/construction_ppe3_canonical_v1_20260804_172437/images/all/train__image1373.jpg,/root/autodl-tmp/datasets/derived/construction_ppe3_canonical_v1_20260804_172437/labels/all/train__image1373.txt,6,1,5,de6eeeef1b56f42470e2fb8941b007ee9a0a63cf53436cd3fdab93f360841d43,hardlink
train,/root/autodl-tmp/datasets/sources/construction-ppe_ultralytics_2025_v1/images/train/image1374.jpg,/root/autodl-tmp/datasets/sources/construction-ppe_ultralytics_2025_v1/labels/train/image1374.txt,/root/autodl-tmp/datasets/derived/construction_ppe3_canonical_v1_20260804_172437/images/all/train__image1374.jpg,/root/autodl-tmp/datasets/derived/construction_ppe3_canonical_v1_20260804_172437/labels/all/train__image1374.txt,19,4,15,5e890991086c5beaf9fc0e880c9bdc63ebff3618a4c1a2d6d342eecf5c9c69c9,hardlink
train,/root/autodl-tmp/datasets/sources/construction-ppe_ultralytics_2025_v1/images/train/image1376.jpg,/root/autodl-tmp/datasets/sources/construction-ppe_ultralytics_2025_v1/labels/train/image1376.txt,/root/autodl-tmp/datasets/derived/construction_ppe3_canonical_v1_20260804_172437/images/all/train__image1376.jpg,/root/autodl-tmp/datasets/derived/construction_ppe3_canonical_v1_20260804_172437/labels/all/train__image1376.txt,4,1,3,44f694609de30dac10a8418d08732296bbcda8533ab76f8bb82a6d60ff7aefc7,hardlink
train,/root/autodl-tmp/datasets/sources/construction-ppe_ultralytics_2025_v1/images/train/image1378.jpg,/root/autodl-tmp/datasets/sources/construction-ppe_ultralytics_2025_v1/labels/train/image1378.txt,/root/autodl-tmp/datasets/derived/construction_ppe3_canonical_v1_20260804_172437/images/all/train__image1378.jpg,/root/autodl-tmp/datasets/derived/construction_ppe3_canonical_v1_20260804_172437/labels/all/train__image1378.txt,5,0,5,539d7e8b6c28ecbe6a3b88b08a5be1c4708ac789b8ccd29fed7a305d16fde673,hardlink
train,/root/autodl-tmp/datasets/sources/construction-ppe_ultralytics_2025_v1/images/train/image1379.jpg,/root/autodl-tmp/datasets/sources/construction-ppe_ultralytics_2025_v1/labels/train/image1379.txt,/root/autodl-tmp/datasets/derived/construction_ppe3_canonical_v1_20260804_172437/images/all/train__image1379.jpg,/root/autodl-tmp/datasets/derived/construction_ppe3_canonical_v1_20260804_172437/labels/all/train__image1379.txt,6,1,5,3aa0f39157e732fc3ff286f8d9786a280e681366f626529cfd967b631a1f5c86,hardlink
train,/root/autodl-tmp/datasets/sources/construction-ppe_ultralytics_2025_v1/images/train/image138.jpg,/root/autodl-tmp/datasets/sources/construction-ppe_ultralytics_2025_v1/labels/train/image138.txt,/root/autodl-tmp/datasets/derived/construction_ppe3_canonical_v1_20260804_172437/images/all/train__image138.jpg,/root/autodl-tmp/datasets/derived/construction_ppe3_canonical_v1_20260804_172437/labels/all/train__image138.txt,4,2,2,85736a98de1fe1097ab2d907daca7ff4d4a22b5e3394611492396fecfacd553f,hardlink
train,/root/autodl-tmp/datasets/sources/construction-ppe_ultralytics_2025_v1/images/train/image1380.jpg,/root/autodl-tmp/datasets/sources/construction-ppe_ultralytics_2025_v1/labels/train/image1380.txt,/root/autodl-tmp/datasets/derived/construction_ppe3_canonical_v1_20260804_172437/images/all/train__image1380.jpg,/root/autodl-tmp/datasets/derived/construction_ppe3_canonical_v1_20260804_172437/labels/all/train__image1380.txt,4,1,3,5f8bec0cd61093055fa48edc0852d1e6a4fe201f6455680b043b3fcc4ed376d4,hardlink
train,/root/autodl-tmp/datasets/sources/construction-ppe_ultralytics_2025_v1/images/train/image1381.jpg,/root/autodl-tmp/datasets/sources/construction-ppe_ultralytics_2025_v1/labels/train/image1381.txt,/root/autodl-tmp/datasets/derived/construction_ppe3_canonical_v1_20260804_172437/images/all/train__image1381.jpg,/root/autodl-tmp/datasets/derived/construction_ppe3_canonical_v1_20260804_172437/labels/all/train__image1381.txt,6,1,5,79f3519b71e8ec8a86a32756b941145d0212c903cf21c2403bb0e201ce2ff205,hardlink
train,/root/autodl-tmp/datasets/sources/construction-ppe_ultralytics_2025_v1/images/train/image1382.jpg,/root/autodl-tmp/datasets/sources/construction-ppe_ultralytics_2025_v1/labels/train/image1382.txt,/root/autodl-tmp/datasets/derived/construction_ppe3_canonical_v1_20260804_172437/images/all/train__image1382.jpg,/root/autodl-tmp/datasets/derived/construction_ppe3_canonical_v1_20260804_172437/labels/all/train__image1382.txt,6,1,5,370980cf11b2a1634f9fa2bc4a55d780965dfdb184d6af1ce29cab5a3391db9b,hardlink
train,/root/autodl-tmp/datasets/sources/construction-ppe_ultralytics_2025_v1/images/train/image1383.jpg,/root/autodl-tmp/datasets/sources/construction-ppe_ultralytics_2025_v1/labels/train/image1383.txt,/root/autodl-tmp/datasets/derived/construction_ppe3_canonical_v1_20260804_172437/images/all/train__image1383.jpg,/root/autodl-tmp/datasets/derived/construction_ppe3_canonical_v1_20260804_172437/labels/all/train__image1383.txt,6,1,5,6e8d98ed84e8f6e280b1036d4328f75236faf7e5d93e187ab40a87cd94396e8d,hardlink
train,/root/autodl-tmp/datasets/sources/construction-ppe_ultralytics_2025_v1/images/train/image1384.jpg,/root/autodl-tmp/datasets/sources/construction-ppe_ultralytics_2025_v1/labels/train/image1384.txt,/root/autodl-tmp/datasets/derived/construction_ppe3_canonical_v1_20260804_172437/images/all/train__image1384.jpg,/root/autodl-tmp/datasets/derived/construction_ppe3_canonical_v1_20260804_172437/labels/all/train__image1384.txt,7,2,5,f7f47eefd00b4c69ae35501f0e83645600a6177069af75168339e10a04b0e6af,hardlink
train,/root/autodl-tmp/datasets/sources/construction-ppe_ultralytics_2025_v1/images/train/image1385.jpg,/root/autodl-tmp/datasets/sources/construction-ppe_ultralytics_2025_v1/labels/train/image1385.txt,/root/autodl-tmp/datasets/derived/construction_ppe3_canonical_v1_20260804_172437/images/all/train__image1385.jpg,/root/autodl-tmp/datasets/derived/construction_ppe3_canonical_v1_20260804_172437/labels/all/train__image1385.txt,6,1,5,d2086879dd764ce6467aaf9da50910ca1ec14d01c601f9716c0f9c16e9ca1c2f,hardlink
train,/root/autodl-tmp/datasets/sources/construction-ppe_ultralytics_2025_v1/images/train/image1386.jpg,/root/autodl-tmp/datasets/sources/construction-ppe_ultralytics_2025_v1/labels/train/image1386.txt,/root/autodl-tmp/datasets/derived/construction_ppe3_canonical_v1_20260804_172437/images/all/train__image1386.jpg,/root/autodl-tmp/datasets/derived/construction_ppe3_canonical_v1_20260804_172437/labels/all/train__image1386.txt,5,1,4,57ea5f1beccf3a0ab2fdec778b0ece274c574146be6e0fe695380e8496129415,hardlink
train,/root/autodl-tmp/datasets/sources/construction-ppe_ultralytics_2025_v1/images/train/image1387.jpg,/root/autodl-tmp/datasets/sources/construction-ppe_ultralytics_2025_v1/labels/train/image1387.txt,/root/autodl-tmp/datasets/derived/construction_ppe3_canonical_v1_20260804_172437/images/all/train__image1387.jpg,/root/autodl-tmp/datasets/derived/construction_ppe3_canonical_v1_20260804_172437/labels/all/train__image1387.txt,8,1,7,e48eff6117679bc3b1d62b96ac6c300b9b01df019bb6b8943383d1d2e8d25feb,hardlink
train,/root/autodl-tmp/datasets/sources/construction-ppe_ultralytics_2025_v1/images/train/image1388.jpg,/root/autodl-tmp/datasets/sources/construction-ppe_ultralytics_2025_v1/labels/train/image1388.txt,/root/autodl-tmp/datasets/derived/construction_ppe3_canonical_v1_20260804_172437/images/all/train__image1388.jpg,/root/autodl-tmp/datasets/derived/construction_ppe3_canonical_v1_20260804_172437/labels/all/train__image1388.txt,5,1,4,6a843e9ad78575d9b1ebd37a2cf2d5c06a7671099a2105155948311cc8f94109,hardlink
train,/root/autodl-tmp/datasets/sources/construction-ppe_ultralytics_2025_v1/images/train/image1389.jpg,/root/autodl-tmp/datasets/sources/construction-ppe_ultralytics_2025_v1/labels/train/image1389.txt,/root/autodl-tmp/datasets/derived/construction_ppe3_canonical_v1_20260804_172437/images/all/train__image1389.jpg,/root/autodl-tmp/datasets/derived/construction_ppe3_canonical_v1_20260804_172437/labels/all/train__image1389.txt,6,1,5,1c4eba8efbc82b5a4c36b5ff250ebd4fb2b06e1b08c13251c31bec1df12e00d8,hardlink
train,/root/autodl-tmp/datasets/sources/construction-ppe_ultralytics_2025_v1/images/train/image139.jpg,/root/autodl-tmp/datasets/sources/construction-ppe_ultralytics_2025_v1/labels/train/image139.txt,/root/autodl-tmp/datasets/derived/construction_ppe3_canonical_v1_20260804_172437/images/all/train__image139.jpg,/root/autodl-tmp/datasets/derived/construction_ppe3_canonical_v1_20260804_172437/labels/all/train__image139.txt,3,3,0,e1846a3905028f2b305cd42cdd8a6c9922a3eb78bc3f33bf59129e1efaee1776,hardlink
train,/root/autodl-tmp/datasets/sources/construction-ppe_ultralytics_2025_v1/images/train/image1390.jpg,/root/autodl-tmp/datasets/sources/construction-ppe_ultralytics_2025_v1/labels/train/image1390.txt,/root/autodl-tmp/datasets/derived/construction_ppe3_canonical_v1_20260804_172437/images/all/train__image1390.jpg,/root/autodl-tmp/datasets/derived/construction_ppe3_canonical_v1_20260804_172437/labels/all/train__image1390.txt,6,1,5,0c41311cb4005b0b9781690a4f5fa5c35433db873303b7d9c0ce22a335b101c5,hardlink
train,/root/autodl-tmp/datasets/sources/construction-ppe_ultralytics_2025_v1/images/train/image1391.jpg,/root/autodl-tmp/datasets/sources/construction-ppe_ultralytics_2025_v1/labels/train/image1391.txt,/root/autodl-tmp/datasets/derived/construction_ppe3_canonical_v1_20260804_172437/images/all/train__image1391.jpg,/root/autodl-tmp/datasets/derived/construction_ppe3_canonical_v1_20260804_172437/labels/all/train__image1391.txt,6,1,5,9a2a34f6fef14b1d92e1102409ead2955c6215f0c4a62102bd68cf3fc4b6dd43,hardlink
train,/root/autodl-tmp/datasets/sources/construction-ppe_ultralytics_2025_v1/images/train/image1393.jpg,/root/autodl-tmp/datasets/sources/construction-ppe_ultralytics_2025_v1/labels/train/image1393.txt,/root/autodl-tmp/datasets/derived/construction_ppe3_canonical_v1_20260804_172437/images/all/train__image1393.jpg,/root/autodl-tmp/datasets/derived/construction_ppe3_canonical_v1_20260804_172437/labels/all/train__image1393.txt,6,1,5,803bd4ae5d061297fb6283d2c6d9a66666367c857f31cb53f7c6a460f2325bb9,hardlink
train,/root/autodl-tmp/datasets/sources/construction-ppe_ultralytics_2025_v1/images/train/image1394.jpg,/root/autodl-tmp/datasets/sources/construction-ppe_ultralytics_2025_v1/labels/train/image1394.txt,/root/autodl-tmp/datasets/derived/construction_ppe3_canonical_v1_20260804_172437/images/all/train__image1394.jpg,/root/autodl-tmp/datasets/derived/construction_ppe3_canonical_v1_20260804_172437/labels/all/train__image1394.txt,6,1,5,2854f75f768edcf82adcf80a0416a59be0376c27c1e3224b725e0f8eb8196b33,hardlink
train,/root/autodl-tmp/datasets/sources/construction-ppe_ultralytics_2025_v1/images/train/image1395.jpg,/root/autodl-tmp/datasets/sources/construction-ppe_ultralytics_2025_v1/labels/train/image1395.txt,/root/autodl-tmp/datasets/derived/construction_ppe3_canonical_v1_20260804_172437/images/all/train__image1395.jpg,/root/autodl-tmp/datasets/derived/construction_ppe3_canonical_v1_20260804_172437/labels/all/train__image1395.txt,13,2,11,45b7fa6ebd80208aaafb5590bfef717cc729eaa0c7f081a2ff8d8f101f1556e3,hardlink
train,/root/autodl-tmp/datasets/sources/construction-ppe_ultralytics_2025_v1/images/train/image1396.jpg,/root/autodl-tmp/datasets/sources/construction-ppe_ultralytics_2025_v1/labels/train/image1396.txt,/root/autodl-tmp/datasets/derived/construction_ppe3_canonical_v1_20260804_172437/images/all/train__image1396.jpg,/root/autodl-tmp/datasets/derived/construction_ppe3_canonical_v1_20260804_172437/labels/all/train__image1396.txt,8,1,7,db3e8c15f12f354b1ea045422de3c60123762fc79cf3e2bcf6d30afce1d10b8e,hardlink
train,/root/autodl-tmp/datasets/sources/construction-ppe_ultralytics_2025_v1/images/train/image1398.jpg,/root/autodl-tmp/datasets/sources/construction-ppe_ultralytics_2025_v1/labels/train/image1398.txt,/root/autodl-tmp/datasets/derived/construction_ppe3_canonical_v1_20260804_172437/images/all/train__image1398.jpg,/root/autodl-tmp/datasets/derived/construction_ppe3_canonical_v1_20260804_172437/labels/all/train__image1398.txt,6,1,5,e780ab1fb9f4b11d8739a75c40367d57dda840b86f2f191c95b8fb3a286a3d38,hardlink
train,/root/autodl-tmp/datasets/sources/construction-ppe_ultralytics_2025_v1/images/train/image1399.jpg,/root/autodl-tmp/datasets/sources/construction-ppe_ultralytics_2025_v1/labels/train/image1399.txt,/root/autodl-tmp/datasets/derived/construction_ppe3_canonical_v1_20260804_172437/images/all/train__image1399.jpg,/root/autodl-tmp/datasets/derived/construction_ppe3_canonical_v1_20260804_172437/labels/all/train__image1399.txt,8,1,7,61c70d7897671c3548f50458251182b8370f86d7fb48decd96464a3be44de8a4,hardlink
train,/root/autodl-tmp/datasets/sources/construction-ppe_ultralytics_2025_v1/images/train/image14.jpeg,/root/autodl-tmp/datasets/sources/construction-ppe_ultralytics_2025_v1/labels/train/image14.txt,/root/autodl-tmp/datasets/derived/construction_ppe3_canonical_v1_20260804_172437/images/all/train__image14.jpeg,/root/autodl-tmp/datasets/derived/construction_ppe3_canonical_v1_20260804_172437/labels/all/train__image14.txt,8,8,0,80b4280f26af8a35917b4fcc5e3a350e8cb2b1af6ca68e764fc33a2cb0a0cc0d,hardlink
train,/root/autodl-tmp/datasets/sources/construction-ppe_ultralytics_2025_v1/images/train/image1400.jpg,/root/autodl-tmp/datasets/sources/construction-ppe_ultralytics_2025_v1/labels/train/image1400.txt,/root/autodl-tmp/datasets/derived/construction_ppe3_canonical_v1_20260804_172437/images/all/train__image1400.jpg,/root/autodl-tmp/datasets/derived/construction_ppe3_canonical_v1_20260804_172437/labels/all/train__image1400.txt,6,1,5,2557ad56b4671b5c09d0c4731fab224b296eb0786a889433e8c109225fbfde7e,hardlink
train,/root/autodl-tmp/datasets/sources/construction-ppe_ultralytics_2025_v1/images/train/image1401.jpg,/root/autodl-tmp/datasets/sources/construction-ppe_ultralytics_2025_v1/labels/train/image1401.txt,/root/autodl-tmp/datasets/derived/construction_ppe3_canonical_v1_20260804_172437/images/all/train__image1401.jpg,/root/autodl-tmp/datasets/derived/construction_ppe3_canonical_v1_20260804_172437/labels/all/train__image1401.txt,6,1,5,39bf89da7e6f683baf23e82ccbf8f35f638b230bff788c0152eeb21c6fbe8bf9,hardlink
train,/root/autodl-tmp/datasets/sources/construction-ppe_ultralytics_2025_v1/images/train/image1403.jpg,/root/autodl-tmp/datasets/sources/construction-ppe_ultralytics_2025_v1/labels/train/image1403.txt,/root/autodl-tmp/datasets/derived/construction_ppe3_canonical_v1_20260804_172437/images/all/train__image1403.jpg,/root/autodl-tmp/datasets/derived/construction_ppe3_canonical_v1_20260804_172437/labels/all/train__image1403.txt,6,1,5,faa5bcfe99e1abc1dfa3b16f53e7148a06ada9b2079ca0941f6b0bb108d38728,hardlink
train,/root/autodl-tmp/datasets/sources/construction-ppe_ultralytics_2025_v1/images/train/image1404.jpg,/root/autodl-tmp/datasets/sources/construction-ppe_ultralytics_2025_v1/labels/train/image1404.txt,/root/autodl-tmp/datasets/derived/construction_ppe3_canonical_v1_20260804_172437/images/all/train__image1404.jpg,/root/autodl-tmp/datasets/derived/construction_ppe3_canonical_v1_20260804_172437/labels/all/train__image1404.txt,4,1,3,63cafe85013316efcbcd632d1b0894304ccb3a3238b055513710a143cf1e9dd5,hardlink
train,/root/autodl-tmp/datasets/sources/construction-ppe_ultralytics_2025_v1/images/train/image1405.jpg,/root/autodl-tmp/datasets/sources/construction-ppe_ultralytics_2025_v1/labels/train/image1405.txt,/root/autodl-tmp/datasets/derived/construction_ppe3_canonical_v1_20260804_172437/images/all/train__image1405.jpg,/root/autodl-tmp/datasets/derived/construction_ppe3_canonical_v1_20260804_172437/labels/all/train__image1405.txt,11,2,9,9c7f3d8cc76bfaf98acf3f9410845064f6afb6226b627a571622c11c07a88bb2,hardlink
train,/root/autodl-tmp/datasets/sources/construction-ppe_ultralytics_2025_v1/images/train/image1407.jpg,/root/autodl-tmp/datasets/sources/construction-ppe_ultralytics_2025_v1/labels/train/image1407.txt,/root/autodl-tmp/datasets/derived/construction_ppe3_canonical_v1_20260804_172437/images/all/train__image1407.jpg,/root/autodl-tmp/datasets/derived/construction_ppe3_canonical_v1_20260804_172437/labels/all/train__image1407.txt,6,1,5,69c52d359b0fb6df2cbcfbcc75a475f7b77a0da147774090341044bd1d071db0,hardlink
train,/root/autodl-tmp/datasets/sources/construction-ppe_ultralytics_2025_v1/images/train/image1408.jpg,/root/autodl-tmp/datasets/sources/construction-ppe_ultralytics_2025_v1/labels/train/image1408.txt,/root/autodl-tmp/datasets/derived/construction_ppe3_canonical_v1_20260804_172437/images/all/train__image1408.jpg,/root/autodl-tmp/datasets/derived/construction_ppe3_canonical_v1_20260804_172437/labels/all/train__image1408.txt,14,3,11,6911fc55d920b56bd6645f90c2184bb91562212d7304903fbbc26d80eea19b05,hardlink
train,/root/autodl-tmp/datasets/sources/construction-ppe_ultralytics_2025_v1/images/train/image1409.jpg,/root/autodl-tmp/datasets/sources/construction-ppe_ultralytics_2025_v1/labels/train/image1409.txt,/root/autodl-tmp/datasets/derived/construction_ppe3_canonical_v1_20260804_172437/images/all/train__image1409.jpg,/root/autodl-tmp/datasets/derived/construction_ppe3_canonical_v1_20260804_172437/labels/all/train__image1409.txt,5,1,4,3de93825a7fc9145cc9c56fcaeacf1494c93052c559c5817df5fe78ba34fe7ce,hardlink
train,/root/autodl-tmp/datasets/sources/construction-ppe_ultralytics_2025_v1/images/train/image1410.jpg,/root/autodl-tmp/datasets/sources/construction-ppe_ultralytics_2025_v1/labels/train/image1410.txt,/root/autodl-tmp/datasets/derived/construction_ppe3_canonical_v1_20260804_172437/images/all/train__image1410.jpg,/root/autodl-tmp/datasets/derived/construction_ppe3_canonical_v1_20260804_172437/labels/all/train__image1410.txt,6,1,5,97c147e3ed6ed8b26d2ba16a6e27a4c44130b725249c2cf6ad586c51cb96e328,hardlink
train,/root/autodl-tmp/datasets/sources/construction-ppe_ultralytics_2025_v1/images/train/image1411.jpg,/root/autodl-tmp/datasets/sources/construction-ppe_ultralytics_2025_v1/labels/train/image1411.txt,/root/autodl-tmp/datasets/derived/construction_ppe3_canonical_v1_20260804_172437/images/all/train__image1411.jpg,/root/autodl-tmp/datasets/derived/construction_ppe3_canonical_v1_20260804_172437/labels/all/train__image1411.txt,7,1,6,b48e1d2069e3a6208f14d93bfe7903d71a4450a45541f5a2985a4c63e342917a,hardlink
train,/root/autodl-tmp/datasets/sources/construction-ppe_ultralytics_2025_v1/images/train/image1412.jpg,/root/autodl-tmp/datasets/sources/construction-ppe_ultralytics_2025_v1/labels/train/image1412.txt,/root/autodl-tmp/datasets/derived/construction_ppe3_canonical_v1_20260804_172437/images/all/train__image1412.jpg,/root/autodl-tmp/datasets/derived/construction_ppe3_canonical_v1_20260804_172437/labels/all/train__image1412.txt,8,1,7,b5088d31ea0e9bf36ddb587401329a005c9621ea9f242e91b81c2d65443e5c94,hardlink
train,/root/autodl-tmp/datasets/sources/construction-ppe_ultralytics_2025_v1/images/train/image1413.jpg,/root/autodl-tmp/datasets/sources/construction-ppe_ultralytics_2025_v1/labels/train/image1413.txt,/root/autodl-tmp/datasets/derived/construction_ppe3_canonical_v1_20260804_172437/images/all/train__image1413.jpg,/root/autodl-tmp/datasets/derived/construction_ppe3_canonical_v1_20260804_172437/labels/all/train__image1413.txt,6,1,5,cd9edb2aed28ffda86c4b83e739d4d8192b74f0f5e8bc09ff8a005d4d5a4fd37,hardlink
train,/root/autodl-tmp/datasets/sources/construction-ppe_ultralytics_2025_v1/images/train/image1414.jpg,/root/autodl-tmp/datasets/sources/construction-ppe_ultralytics_2025_v1/labels/train/image1414.txt,/root/autodl-tmp/datasets/derived/construction_ppe3_canonical_v1_20260804_172437/images/all/train__image1414.jpg,/root/autodl-tmp/datasets/derived/construction_ppe3_canonical_v1_20260804_172437/labels/all/train__image1414.txt,4,1,3,8027fd68beaf8815d4968ad03b11d471c2ed337abab80abc2c8acf0ec94cd698,hardlink
train,/root/autodl-tmp/datasets/sources/construction-ppe_ultralytics_2025_v1/images/train/image1415.jpg,/root/autodl-tmp/datasets/sources/construction-ppe_ultralytics_2025_v1/labels/train/image1415.txt,/root/autodl-tmp/datasets/derived/construction_ppe3_canonical_v1_20260804_172437/images/all/train__image1415.jpg,/root/autodl-tmp/datasets/derived/construction_ppe3_canonical_v1_20260804_172437/labels/all/train__image1415.txt,8,1,7,70e4771a0bc0eb47b9f83fc954d718c0d5ccb8a3438cc75b876a74c5d53608d3,hardlink
train,/root/autodl-tmp/datasets/sources/construction-ppe_ultralytics_2025_v1/images/train/image1416.jpg,/root/autodl-tmp/datasets/sources/construction-ppe_ultralytics_2025_v1/labels/train/image1416.txt,/root/autodl-tmp/datasets/derived/construction_ppe3_canonical_v1_20260804_172437/images/all/train__image1416.jpg,/root/autodl-tmp/datasets/derived/construction_ppe3_canonical_v1_20260804_172437/labels/all/train__image1416.txt,17,3,14,7387516ae67c082e9cb6a9d306859b6cc45932f30e1d9aac850cfac2078257e6,hardlink
train,/root/autodl-tmp/datasets/sources/construction-ppe_ultralytics_2025_v1/images/train/image142.jpg,/root/autodl-tmp/datasets/sources/construction-ppe_ultralytics_2025_v1/labels/train/image142.txt,/root/autodl-tmp/datasets/derived/construction_ppe3_canonical_v1_20260804_172437/images/all/train__image142.jpg,/root/autodl-tmp/datasets/derived/construction_ppe3_canonical_v1_20260804_172437/labels/all/train__image142.txt,5,3,2,db2a5eea8196a35f7fda1b530624d06e0e353b94ef341d4eabbb1e26cb85538a,hardlink
train,/root/autodl-tmp/datasets/sources/construction-ppe_ultralytics_2025_v1/images/train/image143.jpg,/root/autodl-tmp/datasets/sources/construction-ppe_ultralytics_2025_v1/labels/train/image143.txt,/root/autodl-tmp/datasets/derived/construction_ppe3_canonical_v1_20260804_172437/images/all/train__image143.jpg,/root/autodl-tmp/datasets/derived/construction_ppe3_canonical_v1_20260804_172437/labels/all/train__image143.txt,14,14,0,15b2769f15a38a759b869c07bbc11d05aa9095ebe3d675fcc0d26cde9c1f6527,hardlink
train,/root/autodl-tmp/datasets/sources/construction-ppe_ultralytics_2025_v1/images/train/image145.jpg,/root/autodl-tmp/datasets/sources/construction-ppe_ultralytics_2025_v1/labels/train/image145.txt,/root/autodl-tmp/datasets/derived/construction_ppe3_canonical_v1_20260804_172437/images/all/train__image145.jpg,/root/autodl-tmp/datasets/derived/construction_ppe3_canonical_v1_20260804_172437/labels/all/train__image145.txt,12,12,0,fa491f3c78f6f3a8574d52702be84ba48797ebc7ae108cccf771435048d7e1a3,hardlink
train,/root/autodl-tmp/datasets/sources/construction-ppe_ultralytics_2025_v1/images/train/image146.jpg,/root/autodl-tmp/datasets/sources/construction-ppe_ultralytics_2025_v1/labels/train/image146.txt,/root/autodl-tmp/datasets/derived/construction_ppe3_canonical_v1_20260804_172437/images/all/train__image146.jpg,/root/autodl-tmp/datasets/derived/construction_ppe3_canonical_v1_20260804_172437/labels/all/train__image146.txt,29,26,3,6a99651ade1a04c9863fa68779445b13526ed129bf83df5d4a0f21fe5031dc67,hardlink
train,/root/autodl-tmp/datasets/sources/construction-ppe_ultralytics_2025_v1/images/train/image147.jpg,/root/autodl-tmp/datasets/sources/construction-ppe_ultralytics_2025_v1/labels/train/image147.txt,/root/autodl-tmp/datasets/derived/construction_ppe3_canonical_v1_20260804_172437/images/all/train__image147.jpg,/root/autodl-tmp/datasets/derived/construction_ppe3_canonical_v1_20260804_172437/labels/all/train__image147.txt,9,9,0,2d1425c4c13ea9d1bc85172ab47c696a1ebf322e82857102aa586c6a9c2247c2,hardlink
train,/root/autodl-tmp/datasets/sources/construction-ppe_ultralytics_2025_v1/images/train/image148.jpg,/root/autodl-tmp/datasets/sources/construction-ppe_ultralytics_2025_v1/labels/train/image148.txt,/root/autodl-tmp/datasets/derived/construction_ppe3_canonical_v1_20260804_172437/images/all/train__image148.jpg,/root/autodl-tmp/datasets/derived/construction_ppe3_canonical_v1_20260804_172437/labels/all/train__image148.txt,10,10,0,57e074e27a12be20fedccbc542b8dfa140eb56205f159bd20a9ebbc6888ec043,hardlink
train,/root/autodl-tmp/datasets/sources/construction-ppe_ultralytics_2025_v1/images/train/image15.jpg,/root/autodl-tmp/datasets/sources/construction-ppe_ultralytics_2025_v1/labels/train/image15.txt,/root/autodl-tmp/datasets/derived/construction_ppe3_canonical_v1_20260804_172437/images/all/train__image15.jpg,/root/autodl-tmp/datasets/derived/construction_ppe3_canonical_v1_20260804_172437/labels/all/train__image15.txt,5,3,2,31efc8d7d53c63b7bac43da7c1411052be021c46a0029b21e604bb0a705135cf,hardlink
train,/root/autodl-tmp/datasets/sources/construction-ppe_ultralytics_2025_v1/images/train/image152.jpeg,/root/autodl-tmp/datasets/sources/construction-ppe_ultralytics_2025_v1/labels/train/image152.txt,/root/autodl-tmp/datasets/derived/construction_ppe3_canonical_v1_20260804_172437/images/all/train__image152.jpeg,/root/autodl-tmp/datasets/derived/construction_ppe3_canonical_v1_20260804_172437/labels/all/train__image152.txt,11,6,5,6a86e225e85ec8f6fbd57a451cb63f7042b9a4f83f2a74c74fd51c30ab15a60a,hardlink
train,/root/autodl-tmp/datasets/sources/construction-ppe_ultralytics_2025_v1/images/train/image153.jpg,/root/autodl-tmp/datasets/sources/construction-ppe_ultralytics_2025_v1/labels/train/image153.txt,/root/autodl-tmp/datasets/derived/construction_ppe3_canonical_v1_20260804_172437/images/all/train__image153.jpg,/root/autodl-tmp/datasets/derived/construction_ppe3_canonical_v1_20260804_172437/labels/all/train__image153.txt,5,3,2,464149c9fe7d7cbfc3b82d29a28166d21784e425fe7e5f994e3ce2a9fedfdde6,hardlink
train,/root/autodl-tmp/datasets/sources/construction-ppe_ultralytics_2025_v1/images/train/image154.jpg,/root/autodl-tmp/datasets/sources/construction-ppe_ultralytics_2025_v1/labels/train/image154.txt,/root/autodl-tmp/datasets/derived/construction_ppe3_canonical_v1_20260804_172437/images/all/train__image154.jpg,/root/autodl-tmp/datasets/derived/construction_ppe3_canonical_v1_20260804_172437/labels/all/train__image154.txt,58,44,14,5590180a520b1d88441fe6a88d77c05dd31d7b978252c075bba03ca9cefe2cd6,hardlink
train,/root/autodl-tmp/datasets/sources/construction-ppe_ultralytics_2025_v1/images/train/image155.jpeg,/root/autodl-tmp/datasets/sources/construction-ppe_ultralytics_2025_v1/labels/train/image155.txt,/root/autodl-tmp/datasets/derived/construction_ppe3_canonical_v1_20260804_172437/images/all/train__image155.jpeg,/root/autodl-tmp/datasets/derived/construction_ppe3_canonical_v1_20260804_172437/labels/all/train__image155.txt,9,6,3,5620b608fe8ef9a0e71a3ed38d6ad1c031ff5fc78e3f3e79903644a4d7b84b38,hardlink
train,/root/autodl-tmp/datasets/sources/construction-ppe_ultralytics_2025_v1/images/train/image156.jpg,/root/autodl-tmp/datasets/sources/construction-ppe_ultralytics_2025_v1/labels/train/image156.txt,/root/autodl-tmp/datasets/derived/construction_ppe3_canonical_v1_20260804_172437/images/all/train__image156.jpg,/root/autodl-tmp/datasets/derived/construction_ppe3_canonical_v1_20260804_172437/labels/all/train__image156.txt,5,3,2,0dd48cb309090dd49b6df4fe0e1bda12c67dd9d60f5375c1a8eb11617eda8a9c,hardlink
train,/root/autodl-tmp/datasets/sources/construction-ppe_ultralytics_2025_v1/images/train/image157.jpeg,/root/autodl-tmp/datasets/sources/construction-ppe_ultralytics_2025_v1/labels/train/image157.txt,/root/autodl-tmp/datasets/derived/construction_ppe3_canonical_v1_20260804_172437/images/all/train__image157.jpeg,/root/autodl-tmp/datasets/derived/construction_ppe3_canonical_v1_20260804_172437/labels/all/train__image157.txt,8,8,0,a22cb397950c0552be98c37248dde2788e6572c7e08d42fea5395d6c6aa4953e,hardlink
train,/root/autodl-tmp/datasets/sources/construction-ppe_ultralytics_2025_v1/images/train/image158.jpeg,/root/autodl-tmp/datasets/sources/construction-ppe_ultralytics_2025_v1/labels/train/image158.txt,/root/autodl-tmp/datasets/derived/construction_ppe3_canonical_v1_20260804_172437/images/all/train__image158.jpeg,/root/autodl-tmp/datasets/derived/construction_ppe3_canonical_v1_20260804_172437/labels/all/train__image158.txt,3,3,0,3c7fdc47af460dd4d451e53b8614ea2fc26f93f9bc48e76be7945a6ccfd38797,hardlink
train,/root/autodl-tmp/datasets/sources/construction-ppe_ultralytics_2025_v1/images/train/image159.jpeg,/root/autodl-tmp/datasets/sources/construction-ppe_ultralytics_2025_v1/labels/train/image159.txt,/root/autodl-tmp/datasets/derived/construction_ppe3_canonical_v1_20260804_172437/images/all/train__image159.jpeg,/root/autodl-tmp/datasets/derived/construction_ppe3_canonical_v1_20260804_172437/labels/all/train__image159.txt,5,2,3,73cc4c19bca71b2083d68c7fd56d4536ab37e5b10f7e5cce3bf9f2f72678f1f1,hardlink
train,/root/autodl-tmp/datasets/sources/construction-ppe_ultralytics_2025_v1/images/train/image16.jpeg,/root/autodl-tmp/datasets/sources/construction-ppe_ultralytics_2025_v1/labels/train/image16.txt,/root/autodl-tmp/datasets/derived/construction_ppe3_canonical_v1_20260804_172437/images/all/train__image16.jpeg,/root/autodl-tmp/datasets/derived/construction_ppe3_canonical_v1_20260804_172437/labels/all/train__image16.txt,6,6,0,37ded053294353da59dfbd6f0bbe43a7a68a18ee5b4ce6297aeca95daa134ca6,hardlink
train,/root/autodl-tmp/datasets/sources/construction-ppe_ultralytics_2025_v1/images/train/image162.jpg,/root/autodl-tmp/datasets/sources/construction-ppe_ultralytics_2025_v1/labels/train/image162.txt,/root/autodl-tmp/datasets/derived/construction_ppe3_canonical_v1_20260804_172437/images/all/train__image162.jpg,/root/autodl-tmp/datasets/derived/construction_ppe3_canonical_v1_20260804_172437/labels/all/train__image162.txt,15,9,6,1fee8428fef890d75ddebb8be6e8c9ac5f9f6fd35bcebbba2b4f4a2d72cb9a86,hardlink
train,/root/autodl-tmp/datasets/sources/construction-ppe_ultralytics_2025_v1/images/train/image163.jpg,/root/autodl-tmp/datasets/sources/construction-ppe_ultralytics_2025_v1/labels/train/image163.txt,/root/autodl-tmp/datasets/derived/construction_ppe3_canonical_v1_20260804_172437/images/all/train__image163.jpg,/root/autodl-tmp/datasets/derived/construction_ppe3_canonical_v1_20260804_172437/labels/all/train__image163.txt,3,3,0,2177f5c7af4ac5291dd55c432f13865326aebbebd732724e5955bc444b6af95b,hardlink
train,/root/autodl-tmp/datasets/sources/construction-ppe_ultralytics_2025_v1/images/train/image165.jpg,/root/autodl-tmp/datasets/sources/construction-ppe_ultralytics_2025_v1/labels/train/image165.txt,/root/autodl-tmp/datasets/derived/construction_ppe3_canonical_v1_20260804_172437/images/all/train__image165.jpg,/root/autodl-tmp/datasets/derived/construction_ppe3_canonical_v1_20260804_172437/labels/all/train__image165.txt,3,3,0,8c7fc97c385a1378bcddc4e7626a56af3b31d0b313bf752d667874f77ef8a1f0,hardlink
train,/root/autodl-tmp/datasets/sources/construction-ppe_ultralytics_2025_v1/images/train/image166.jpg,/root/autodl-tmp/datasets/sources/construction-ppe_ultralytics_2025_v1/labels/train/image166.txt,/root/autodl-tmp/datasets/derived/construction_ppe3_canonical_v1_20260804_172437/images/all/train__image166.jpg,/root/autodl-tmp/datasets/derived/construction_ppe3_canonical_v1_20260804_172437/labels/all/train__image166.txt,9,9,0,8696cd92532018f811a502b93027392dfdbcf7893c6619a7f8af4e353b9f2310,hardlink
train,/root/autodl-tmp/datasets/sources/construction-ppe_ultralytics_2025_v1/images/train/image17.jpg,/root/autodl-tmp/datasets/sources/construction-ppe_ultralytics_2025_v1/labels/train/image17.txt,/root/autodl-tmp/datasets/derived/construction_ppe3_canonical_v1_20260804_172437/images/all/train__image17.jpg,/root/autodl-tmp/datasets/derived/construction_ppe3_canonical_v1_20260804_172437/labels/all/train__image17.txt,5,3,2,6a0513798a9c7f1f8bb0486f54e72c74c7de0b142c80050c05b21055ce405f00,hardlink
train,/root/autodl-tmp/datasets/sources/construction-ppe_ultralytics_2025_v1/images/train/image170.jpg,/root/autodl-tmp/datasets/sources/construction-ppe_ultralytics_2025_v1/labels/train/image170.txt,/root/autodl-tmp/datasets/derived/construction_ppe3_canonical_v1_20260804_172437/images/all/train__image170.jpg,/root/autodl-tmp/datasets/derived/construction_ppe3_canonical_v1_20260804_172437/labels/all/train__image170.txt,3,3,0,732e67a844c449c0e4d4371f37e5da833e07fc3d57b1850f042cd6ee9119e25b,hardlink
train,/root/autodl-tmp/datasets/sources/construction-ppe_ultralytics_2025_v1/images/train/image172.jpg,/root/autodl-tmp/datasets/sources/construction-ppe_ultralytics_2025_v1/labels/train/image172.txt,/root/autodl-tmp/datasets/derived/construction_ppe3_canonical_v1_20260804_172437/images/all/train__image172.jpg,/root/autodl-tmp/datasets/derived/construction_ppe3_canonical_v1_20260804_172437/labels/all/train__image172.txt,5,3,2,658467a8b33b599cf80d62eaf207a551bc916762fa32ddaf4ca2600690a4340f,hardlink
train,/root/autodl-tmp/datasets/sources/construction-ppe_ultralytics_2025_v1/images/train/image173.jpg,/root/autodl-tmp/datasets/sources/construction-ppe_ultralytics_2025_v1/labels/train/image173.txt,/root/autodl-tmp/datasets/derived/construction_ppe3_canonical_v1_20260804_172437/images/all/train__image173.jpg,/root/autodl-tmp/datasets/derived/construction_ppe3_canonical_v1_20260804_172437/labels/all/train__image173.txt,5,3,2,792d498e20120e37cb686b1714027c545340fd23aea71604c35b704088f027fc,hardlink
train,/root/autodl-tmp/datasets/sources/construction-ppe_ultralytics_2025_v1/images/train/image174.jpg,/root/autodl-tmp/datasets/sources/construction-ppe_ultralytics_2025_v1/labels/train/image174.txt,/root/autodl-tmp/datasets/derived/construction_ppe3_canonical_v1_20260804_172437/images/all/train__image174.jpg,/root/autodl-tmp/datasets/derived/construction_ppe3_canonical_v1_20260804_172437/labels/all/train__image174.txt,3,3,0,34eb948f08915bff7d4b516cc72fe12a1a49349c6dac41f405a8a627a738e6c1,hardlink
train,/root/autodl-tmp/datasets/sources/construction-ppe_ultralytics_2025_v1/images/train/image175.jpg,/root/autodl-tmp/datasets/sources/construction-ppe_ultralytics_2025_v1/labels/train/image175.txt,/root/autodl-tmp/datasets/derived/construction_ppe3_canonical_v1_20260804_172437/images/all/train__image175.jpg,/root/autodl-tmp/datasets/derived/construction_ppe3_canonical_v1_20260804_172437/labels/all/train__image175.txt,8,4,4,d88d34089ab53d888a9b34035ea3578f6bc1886abab93e0cdbd8fc373f8534cc,hardlink
train,/root/autodl-tmp/datasets/sources/construction-ppe_ultralytics_2025_v1/images/train/image177.jpg,/root/autodl-tmp/datasets/sources/construction-ppe_ultralytics_2025_v1/labels/train/image177.txt,/root/autodl-tmp/datasets/derived/construction_ppe3_canonical_v1_20260804_172437/images/all/train__image177.jpg,/root/autodl-tmp/datasets/derived/construction_ppe3_canonical_v1_20260804_172437/labels/all/train__image177.txt,10,8,2,0e4cf0e19e0f071db776af2a2e24d360e0e6ba2cf2439eb75d565e1e704a20bd,hardlink
train,/root/autodl-tmp/datasets/sources/construction-ppe_ultralytics_2025_v1/images/train/image178.jpg,/root/autodl-tmp/datasets/sources/construction-ppe_ultralytics_2025_v1/labels/train/image178.txt,/root/autodl-tmp/datasets/derived/construction_ppe3_canonical_v1_20260804_172437/images/all/train__image178.jpg,/root/autodl-tmp/datasets/derived/construction_ppe3_canonical_v1_20260804_172437/labels/all/train__image178.txt,14,6,8,bdda9026feca90d9b96687ca5e2d4412c82e4d329e16d8f9af1054bc9a0fee80,hardlink
train,/root/autodl-tmp/datasets/sources/construction-ppe_ultralytics_2025_v1/images/train/image179.jpg,/root/autodl-tmp/datasets/sources/construction-ppe_ultralytics_2025_v1/labels/train/image179.txt,/root/autodl-tmp/datasets/derived/construction_ppe3_canonical_v1_20260804_172437/images/all/train__image179.jpg,/root/autodl-tmp/datasets/derived/construction_ppe3_canonical_v1_20260804_172437/labels/all/train__image179.txt,4,4,0,5b7decce16a5138383d46aa1b2c2407aa1c9a3f5403e7c6902a5094578763f3d,hardlink
train,/root/autodl-tmp/datasets/sources/construction-ppe_ultralytics_2025_v1/images/train/image18.jpeg,/root/autodl-tmp/datasets/sources/construction-ppe_ultralytics_2025_v1/labels/train/image18.txt,/root/autodl-tmp/datasets/derived/construction_ppe3_canonical_v1_20260804_172437/images/all/train__image18.jpeg,/root/autodl-tmp/datasets/derived/construction_ppe3_canonical_v1_20260804_172437/labels/all/train__image18.txt,15,4,11,d1b7bdd859946e613783a2191f8a02ffa074ae95eb13a2a433c92d0ada0a5bab,hardlink
train,/root/autodl-tmp/datasets/sources/construction-ppe_ultralytics_2025_v1/images/train/image181.jpg,/root/autodl-tmp/datasets/sources/construction-ppe_ultralytics_2025_v1/labels/train/image181.txt,/root/autodl-tmp/datasets/derived/construction_ppe3_canonical_v1_20260804_172437/images/all/train__image181.jpg,/root/autodl-tmp/datasets/derived/construction_ppe3_canonical_v1_20260804_172437/labels/all/train__image181.txt,7,4,3,b503f41e4c70aca769362ce34a4a2f978736981c83a18ce9e7e9abce8325d042,hardlink
train,/root/autodl-tmp/datasets/sources/construction-ppe_ultralytics_2025_v1/images/train/image183.jpg,/root/autodl-tmp/datasets/sources/construction-ppe_ultralytics_2025_v1/labels/train/image183.txt,/root/autodl-tmp/datasets/derived/construction_ppe3_canonical_v1_20260804_172437/images/all/train__image183.jpg,/root/autodl-tmp/datasets/derived/construction_ppe3_canonical_v1_20260804_172437/labels/all/train__image183.txt,7,4,3,2062f10116538c00640bffdc1206c60b4e9e76416f4cf42e2e33c7aa216abbba,hardlink
train,/root/autodl-tmp/datasets/sources/construction-ppe_ultralytics_2025_v1/images/train/image184.jpg,/root/autodl-tmp/datasets/sources/construction-ppe_ultralytics_2025_v1/labels/train/image184.txt,/root/autodl-tmp/datasets/derived/construction_ppe3_canonical_v1_20260804_172437/images/all/train__image184.jpg,/root/autodl-tmp/datasets/derived/construction_ppe3_canonical_v1_20260804_172437/labels/all/train__image184.txt,17,12,5,7792e253b05160ab3b1639678cb050f31f7e0a5fe94c9c7354bb549ed0fcd0c3,hardlink
train,/root/autodl-tmp/datasets/sources/construction-ppe_ultralytics_2025_v1/images/train/image185.jpg,/root/autodl-tmp/datasets/sources/construction-ppe_ultralytics_2025_v1/labels/train/image185.txt,/root/autodl-tmp/datasets/derived/construction_ppe3_canonical_v1_20260804_172437/images/all/train__image185.jpg,/root/autodl-tmp/datasets/derived/construction_ppe3_canonical_v1_20260804_172437/labels/all/train__image185.txt,44,35,9,13e79f6cc2f3427791d8fad527abe9934278eb9644b15d82b6f5a451e5b770f5,hardlink
train,/root/autodl-tmp/datasets/sources/construction-ppe_ultralytics_2025_v1/images/train/image186.jpg,/root/autodl-tmp/datasets/sources/construction-ppe_ultralytics_2025_v1/labels/train/image186.txt,/root/autodl-tmp/datasets/derived/construction_ppe3_canonical_v1_20260804_172437/images/all/train__image186.jpg,/root/autodl-tmp/datasets/derived/construction_ppe3_canonical_v1_20260804_172437/labels/all/train__image186.txt,7,4,3,206d9d5c531fae9c36aa1c66a24ad0f6ca4b6f1dd0aadb40a06dce98032ed3af,hardlink
train,/root/autodl-tmp/datasets/sources/construction-ppe_ultralytics_2025_v1/images/train/image187.jpg,/root/autodl-tmp/datasets/sources/construction-ppe_ultralytics_2025_v1/labels/train/image187.txt,/root/autodl-tmp/datasets/derived/construction_ppe3_canonical_v1_20260804_172437/images/all/train__image187.jpg,/root/autodl-tmp/datasets/derived/construction_ppe3_canonical_v1_20260804_172437/labels/all/train__image187.txt,6,5,1,2d4136d36c322b5f909981f619a8d7e1e317159784a678fc4869dc596353ab82,hardlink
train,/root/autodl-tmp/datasets/sources/construction-ppe_ultralytics_2025_v1/images/train/image188.jpg,/root/autodl-tmp/datasets/sources/construction-ppe_ultralytics_2025_v1/labels/train/image188.txt,/root/autodl-tmp/datasets/derived/construction_ppe3_canonical_v1_20260804_172437/images/all/train__image188.jpg,/root/autodl-tmp/datasets/derived/construction_ppe3_canonical_v1_20260804_172437/labels/all/train__image188.txt,27,15,12,c836d013f539c41d3183756b216711ad3f3ca8fc94591b57cfce8b3bcbfec916,hardlink
train,/root/autodl-tmp/datasets/sources/construction-ppe_ultralytics_2025_v1/images/train/image189.jpg,/root/autodl-tmp/datasets/sources/construction-ppe_ultralytics_2025_v1/labels/train/image189.txt,/root/autodl-tmp/datasets/derived/construction_ppe3_canonical_v1_20260804_172437/images/all/train__image189.jpg,/root/autodl-tmp/datasets/derived/construction_ppe3_canonical_v1_20260804_172437/labels/all/train__image189.txt,14,8,6,587817979d5e4a9df335ce3bd89a8b54d24a04509d1cc3d057998b0ef8c48997,hardlink
train,/root/autodl-tmp/datasets/sources/construction-ppe_ultralytics_2025_v1/images/train/image19.jpeg,/root/autodl-tmp/datasets/sources/construction-ppe_ultralytics_2025_v1/labels/train/image19.txt,/root/autodl-tmp/datasets/derived/construction_ppe3_canonical_v1_20260804_172437/images/all/train__image19.jpeg,/root/autodl-tmp/datasets/derived/construction_ppe3_canonical_v1_20260804_172437/labels/all/train__image19.txt,5,4,1,672b6e1d92d48649d4613672adac3c72c94e50004b413c0381be9898136a4ba3,hardlink
train,/root/autodl-tmp/datasets/sources/construction-ppe_ultralytics_2025_v1/images/train/image191.jpg,/root/autodl-tmp/datasets/sources/construction-ppe_ultralytics_2025_v1/labels/train/image191.txt,/root/autodl-tmp/datasets/derived/construction_ppe3_canonical_v1_20260804_172437/images/all/train__image191.jpg,/root/autodl-tmp/datasets/derived/construction_ppe3_canonical_v1_20260804_172437/labels/all/train__image191.txt,10,4,6,d3801caf5442a6d71d37b26bd56ba44449ec01a0716266118229bed9fcde26b3,hardlink
train,/root/autodl-tmp/datasets/sources/construction-ppe_ultralytics_2025_v1/images/train/image192.jpg,/root/autodl-tmp/datasets/sources/construction-ppe_ultralytics_2025_v1/labels/train/image192.txt,/root/autodl-tmp/datasets/derived/construction_ppe3_canonical_v1_20260804_172437/images/all/train__image192.jpg,/root/autodl-tmp/datasets/derived/construction_ppe3_canonical_v1_20260804_172437/labels/all/train__image192.txt,8,4,4,929cd83cdfb345206f5127f92b5f08c7c7e055759bb05fb6c4360ad93307e8c2,hardlink
train,/root/autodl-tmp/datasets/sources/construction-ppe_ultralytics_2025_v1/images/train/image193.jpg,/root/autodl-tmp/datasets/sources/construction-ppe_ultralytics_2025_v1/labels/train/image193.txt,/root/autodl-tmp/datasets/derived/construction_ppe3_canonical_v1_20260804_172437/images/all/train__image193.jpg,/root/autodl-tmp/datasets/derived/construction_ppe3_canonical_v1_20260804_172437/labels/all/train__image193.txt,8,4,4,2f4e9b381a61a276a4d537e7a6fc3a8cf4a3b8d1d6b5f933de5bdce0f083575a,hardlink
train,/root/autodl-tmp/datasets/sources/construction-ppe_ultralytics_2025_v1/images/train/image194.jpg,/root/autodl-tmp/datasets/sources/construction-ppe_ultralytics_2025_v1/labels/train/image194.txt,/root/autodl-tmp/datasets/derived/construction_ppe3_canonical_v1_20260804_172437/images/all/train__image194.jpg,/root/autodl-tmp/datasets/derived/construction_ppe3_canonical_v1_20260804_172437/labels/all/train__image194.txt,8,4,4,0f5e6618bed87130ee37787b59bc88de4616ae0fba9247f4ee8514ef2b077cfb,hardlink
train,/root/autodl-tmp/datasets/sources/construction-ppe_ultralytics_2025_v1/images/train/image195.jpg,/root/autodl-tmp/datasets/sources/construction-ppe_ultralytics_2025_v1/labels/train/image195.txt,/root/autodl-tmp/datasets/derived/construction_ppe3_canonical_v1_20260804_172437/images/all/train__image195.jpg,/root/autodl-tmp/datasets/derived/construction_ppe3_canonical_v1_20260804_172437/labels/all/train__image195.txt,6,4,2,c12534482c4f165d46d143f3e6f38578fb2d2e09aa23b365cff468dea7bafb78,hardlink
train,/root/autodl-tmp/datasets/sources/construction-ppe_ultralytics_2025_v1/images/train/image196.jpg,/root/autodl-tmp/datasets/sources/construction-ppe_ultralytics_2025_v1/labels/train/image196.txt,/root/autodl-tmp/datasets/derived/construction_ppe3_canonical_v1_20260804_172437/images/all/train__image196.jpg,/root/autodl-tmp/datasets/derived/construction_ppe3_canonical_v1_20260804_172437/labels/all/train__image196.txt,4,4,0,408954b2f91d93e058738c0d508b135dddd962c81031e993559f31bedb630c92,hardlink
train,/root/autodl-tmp/datasets/sources/construction-ppe_ultralytics_2025_v1/images/train/image197.jpg,/root/autodl-tmp/datasets/sources/construction-ppe_ultralytics_2025_v1/labels/train/image197.txt,/root/autodl-tmp/datasets/derived/construction_ppe3_canonical_v1_20260804_172437/images/all/train__image197.jpg,/root/autodl-tmp/datasets/derived/construction_ppe3_canonical_v1_20260804_172437/labels/all/train__image197.txt,4,4,0,a964ecc8f72134e42c24d66a2a9bb71c0beab307dbd8781d79c52da0b48ff644,hardlink
train,/root/autodl-tmp/datasets/sources/construction-ppe_ultralytics_2025_v1/images/train/image198.jpg,/root/autodl-tmp/datasets/sources/construction-ppe_ultralytics_2025_v1/labels/train/image198.txt,/root/autodl-tmp/datasets/derived/construction_ppe3_canonical_v1_20260804_172437/images/all/train__image198.jpg,/root/autodl-tmp/datasets/derived/construction_ppe3_canonical_v1_20260804_172437/labels/all/train__image198.txt,6,4,2,b5216d5a07f888e4e3f50df03a898fb9fe8f9d7ce58c59c018dc96909ef2fa97,hardlink
train,/root/autodl-tmp/datasets/sources/construction-ppe_ultralytics_2025_v1/images/train/image2.jpg,/root/autodl-tmp/datasets/sources/construction-ppe_ultralytics_2025_v1/labels/train/image2.txt,/root/autodl-tmp/datasets/derived/construction_ppe3_canonical_v1_20260804_172437/images/all/train__image2.jpg,/root/autodl-tmp/datasets/derived/construction_ppe3_canonical_v1_20260804_172437/labels/all/train__image2.txt,14,12,2,889a2d21f3668a381854354c08d862d497870617914a4f47a624196fb09ae48e,hardlink
train,/root/autodl-tmp/datasets/sources/construction-ppe_ultralytics_2025_v1/images/train/image20.jpg,/root/autodl-tmp/datasets/sources/construction-ppe_ultralytics_2025_v1/labels/train/image20.txt,/root/autodl-tmp/datasets/derived/construction_ppe3_canonical_v1_20260804_172437/images/all/train__image20.jpg,/root/autodl-tmp/datasets/derived/construction_ppe3_canonical_v1_20260804_172437/labels/all/train__image20.txt,6,4,2,7d42bb4c627c64c5f1c5748cce15e5a24ee3ceb7ba68fcf0a50cf24d39c74ccc,hardlink
train,/root/autodl-tmp/datasets/sources/construction-ppe_ultralytics_2025_v1/images/train/image200.jpg,/root/autodl-tmp/datasets/sources/construction-ppe_ultralytics_2025_v1/labels/train/image200.txt,/root/autodl-tmp/datasets/derived/construction_ppe3_canonical_v1_20260804_172437/images/all/train__image200.jpg,/root/autodl-tmp/datasets/derived/construction_ppe3_canonical_v1_20260804_172437/labels/all/train__image200.txt,4,4,0,9784cd345ff8a33348ba937277b10da4c8253fc33923f4194ea843488dc8dc76,hardlink
train,/root/autodl-tmp/datasets/sources/construction-ppe_ultralytics_2025_v1/images/train/image201.jpg,/root/autodl-tmp/datasets/sources/construction-ppe_ultralytics_2025_v1/labels/train/image201.txt,/root/autodl-tmp/datasets/derived/construction_ppe3_canonical_v1_20260804_172437/images/all/train__image201.jpg,/root/autodl-tmp/datasets/derived/construction_ppe3_canonical_v1_20260804_172437/labels/all/train__image201.txt,15,10,5,2a55cd9eb6889548f74dba9ec09cebc38c0cd8c988e7b2b096216d857d4650e9,hardlink
train,/root/autodl-tmp/datasets/sources/construction-ppe_ultralytics_2025_v1/images/train/image203.jpg,/root/autodl-tmp/datasets/sources/construction-ppe_ultralytics_2025_v1/labels/train/image203.txt,/root/autodl-tmp/datasets/derived/construction_ppe3_canonical_v1_20260804_172437/images/all/train__image203.jpg,/root/autodl-tmp/datasets/derived/construction_ppe3_canonical_v1_20260804_172437/labels/all/train__image203.txt,14,8,6,5acd2f22995c12c41270776cc0a97a657c3d7ec8e0520deefdd445a0888b1f89,hardlink
train,/root/autodl-tmp/datasets/sources/construction-ppe_ultralytics_2025_v1/images/train/image204.jpg,/root/autodl-tmp/datasets/sources/construction-ppe_ultralytics_2025_v1/labels/train/image204.txt,/root/autodl-tmp/datasets/derived/construction_ppe3_canonical_v1_20260804_172437/images/all/train__image204.jpg,/root/autodl-tmp/datasets/derived/construction_ppe3_canonical_v1_20260804_172437/labels/all/train__image204.txt,6,4,2,48698264c6f0e7854c3bee8a80a73b2427ec24758917c6435c9ea9d3ddcc11ef,hardlink
train,/root/autodl-tmp/datasets/sources/construction-ppe_ultralytics_2025_v1/images/train/image205.jpg,/root/autodl-tmp/datasets/sources/construction-ppe_ultralytics_2025_v1/labels/train/image205.txt,/root/autodl-tmp/datasets/derived/construction_ppe3_canonical_v1_20260804_172437/images/all/train__image205.jpg,/root/autodl-tmp/datasets/derived/construction_ppe3_canonical_v1_20260804_172437/labels/all/train__image205.txt,5,4,1,e01d2749e065a3dc4682db6d66e95efa8026dedeb3a750dfb08f20d618cf4211,hardlink
train,/root/autodl-tmp/datasets/sources/construction-ppe_ultralytics_2025_v1/images/train/image206.jpg,/root/autodl-tmp/datasets/sources/construction-ppe_ultralytics_2025_v1/labels/train/image206.txt,/root/autodl-tmp/datasets/derived/construction_ppe3_canonical_v1_20260804_172437/images/all/train__image206.jpg,/root/autodl-tmp/datasets/derived/construction_ppe3_canonical_v1_20260804_172437/labels/all/train__image206.txt,23,16,7,36f1d00a1ec522847252c8a7420cc97ea7d03aac57522c5c2595adeaad9a471b,hardlink
train,/root/autodl-tmp/datasets/sources/construction-ppe_ultralytics_2025_v1/images/train/image208.jpeg,/root/autodl-tmp/datasets/sources/construction-ppe_ultralytics_2025_v1/labels/train/image208.txt,/root/autodl-tmp/datasets/derived/construction_ppe3_canonical_v1_20260804_172437/images/all/train__image208.jpeg,/root/autodl-tmp/datasets/derived/construction_ppe3_canonical_v1_20260804_172437/labels/all/train__image208.txt,7,4,3,7cf2ae48d3df51aeab6b4f7fb8aa2ce19bbb8ce5208029032755fb9f0e942450,hardlink
train,/root/autodl-tmp/datasets/sources/construction-ppe_ultralytics_2025_v1/images/train/image209.jpg,/root/autodl-tmp/datasets/sources/construction-ppe_ultralytics_2025_v1/labels/train/image209.txt,/root/autodl-tmp/datasets/derived/construction_ppe3_canonical_v1_20260804_172437/images/all/train__image209.jpg,/root/autodl-tmp/datasets/derived/construction_ppe3_canonical_v1_20260804_172437/labels/all/train__image209.txt,7,4,3,2e1df1c7e0c480d3f78cb6f68b656357a04c0f3ce7b1fb2ac4e3210f9fff7121,hardlink
train,/root/autodl-tmp/datasets/sources/construction-ppe_ultralytics_2025_v1/images/train/image21.jpeg,/root/autodl-tmp/datasets/sources/construction-ppe_ultralytics_2025_v1/labels/train/image21.txt,/root/autodl-tmp/datasets/derived/construction_ppe3_canonical_v1_20260804_172437/images/all/train__image21.jpeg,/root/autodl-tmp/datasets/derived/construction_ppe3_canonical_v1_20260804_172437/labels/all/train__image21.txt,19,11,8,e1c6add940d41cd27cf1c46fb82f23f83ada26ecebcc10991ed25c8e2bd700ce,hardlink
train,/root/autodl-tmp/datasets/sources/construction-ppe_ultralytics_2025_v1/images/train/image210.jpg,/root/autodl-tmp/datasets/sources/construction-ppe_ultralytics_2025_v1/labels/train/image210.txt,/root/autodl-tmp/datasets/derived/construction_ppe3_canonical_v1_20260804_172437/images/all/train__image210.jpg,/root/autodl-tmp/datasets/derived/construction_ppe3_canonical_v1_20260804_172437/labels/all/train__image210.txt,7,3,4,2af8806a1198512af41beb9b399c17c29b63105c88adc9a540f98a75e630220a,hardlink
train,/root/autodl-tmp/datasets/sources/construction-ppe_ultralytics_2025_v1/images/train/image211.jpeg,/root/autodl-tmp/datasets/sources/construction-ppe_ultralytics_2025_v1/labels/train/image211.txt,/root/autodl-tmp/datasets/derived/construction_ppe3_canonical_v1_20260804_172437/images/all/train__image211.jpeg,/root/autodl-tmp/datasets/derived/construction_ppe3_canonical_v1_20260804_172437/labels/all/train__image211.txt,4,3,1,4a02d16da7da2c58f5718cb265649b28fea17fe8cde96a97d072e0f9cd96fac3,hardlink
train,/root/autodl-tmp/datasets/sources/construction-ppe_ultralytics_2025_v1/images/train/image213.jpg,/root/autodl-tmp/datasets/sources/construction-ppe_ultralytics_2025_v1/labels/train/image213.txt,/root/autodl-tmp/datasets/derived/construction_ppe3_canonical_v1_20260804_172437/images/all/train__image213.jpg,/root/autodl-tmp/datasets/derived/construction_ppe3_canonical_v1_20260804_172437/labels/all/train__image213.txt,8,2,6,1616515a874f31dc5c4e65077c7d247819b64dc6bb7f922ef6794bfc5c04e789,hardlink
train,/root/autodl-tmp/datasets/sources/construction-ppe_ultralytics_2025_v1/images/train/image214.jpeg,/root/autodl-tmp/datasets/sources/construction-ppe_ultralytics_2025_v1/labels/train/image214.txt,/root/autodl-tmp/datasets/derived/construction_ppe3_canonical_v1_20260804_172437/images/all/train__image214.jpeg,/root/autodl-tmp/datasets/derived/construction_ppe3_canonical_v1_20260804_172437/labels/all/train__image214.txt,4,2,2,fc02af499b02d77ec112933ae5e737e02f3fbdec19be0d3a30afc5975f541d5d,hardlink
train,/root/autodl-tmp/datasets/sources/construction-ppe_ultralytics_2025_v1/images/train/image215.jpeg,/root/autodl-tmp/datasets/sources/construction-ppe_ultralytics_2025_v1/labels/train/image215.txt,/root/autodl-tmp/datasets/derived/construction_ppe3_canonical_v1_20260804_172437/images/all/train__image215.jpeg,/root/autodl-tmp/datasets/derived/construction_ppe3_canonical_v1_20260804_172437/labels/all/train__image215.txt,3,2,1,303e8864857527bc778c37eb4074292ff3bbed55c26d509265b68fee8773b58b,hardlink
train,/root/autodl-tmp/datasets/sources/construction-ppe_ultralytics_2025_v1/images/train/image216.jpg,/root/autodl-tmp/datasets/sources/construction-ppe_ultralytics_2025_v1/labels/train/image216.txt,/root/autodl-tmp/datasets/derived/construction_ppe3_canonical_v1_20260804_172437/images/all/train__image216.jpg,/root/autodl-tmp/datasets/derived/construction_ppe3_canonical_v1_20260804_172437/labels/all/train__image216.txt,4,3,1,bc5367d3eac2e3c61c696a20badaea8469c3ba3c5d56044d8040cff7c39c3b4a,hardlink
train,/root/autodl-tmp/datasets/sources/construction-ppe_ultralytics_2025_v1/images/train/image217.jpg,/root/autodl-tmp/datasets/sources/construction-ppe_ultralytics_2025_v1/labels/train/image217.txt,/root/autodl-tmp/datasets/derived/construction_ppe3_canonical_v1_20260804_172437/images/all/train__image217.jpg,/root/autodl-tmp/datasets/derived/construction_ppe3_canonical_v1_20260804_172437/labels/all/train__image217.txt,7,3,4,77befcad5d99e7867439bcc947de9128c78064562cb7b601849042554b3ad878,hardlink
train,/root/autodl-tmp/datasets/sources/construction-ppe_ultralytics_2025_v1/images/train/image218.jpg,/root/autodl-tmp/datasets/sources/construction-ppe_ultralytics_2025_v1/labels/train/image218.txt,/root/autodl-tmp/datasets/derived/construction_ppe3_canonical_v1_20260804_172437/images/all/train__image218.jpg,/root/autodl-tmp/datasets/derived/construction_ppe3_canonical_v1_20260804_172437/labels/all/train__image218.txt,6,3,3,4f673261ffdbac3f9f094df7a21db8e4d47f56ee85f764e0fc87d89f9479d980,hardlink
train,/root/autodl-tmp/datasets/sources/construction-ppe_ultralytics_2025_v1/images/train/image219.jpg,/root/autodl-tmp/datasets/sources/construction-ppe_ultralytics_2025_v1/labels/train/image219.txt,/root/autodl-tmp/datasets/derived/construction_ppe3_canonical_v1_20260804_172437/images/all/train__image219.jpg,/root/autodl-tmp/datasets/derived/construction_ppe3_canonical_v1_20260804_172437/labels/all/train__image219.txt,8,3,5,7f2a62e6b246b48188cf07ee785a093d1603a54202910866ebc30d0a4093c79e,hardlink
train,/root/autodl-tmp/datasets/sources/construction-ppe_ultralytics_2025_v1/images/train/image22.jpg,/root/autodl-tmp/datasets/sources/construction-ppe_ultralytics_2025_v1/labels/train/image22.txt,/root/autodl-tmp/datasets/derived/construction_ppe3_canonical_v1_20260804_172437/images/all/train__image22.jpg,/root/autodl-tmp/datasets/derived/construction_ppe3_canonical_v1_20260804_172437/labels/all/train__image22.txt,17,8,9,6eefd712598052e5d7c1da4fef37aa1d69b7e96b64e410a141103bc361b231e5,hardlink
train,/root/autodl-tmp/datasets/sources/construction-ppe_ultralytics_2025_v1/images/train/image220.jpg,/root/autodl-tmp/datasets/sources/construction-ppe_ultralytics_2025_v1/labels/train/image220.txt,/root/autodl-tmp/datasets/derived/construction_ppe3_canonical_v1_20260804_172437/images/all/train__image220.jpg,/root/autodl-tmp/datasets/derived/construction_ppe3_canonical_v1_20260804_172437/labels/all/train__image220.txt,5,3,2,dbab91111bb0974a14b300a4f382f2780cd6544fd2a579e53f1fbe8eb3f194ed,hardlink
train,/root/autodl-tmp/datasets/sources/construction-ppe_ultralytics_2025_v1/images/train/image221.jpg,/root/autodl-tmp/datasets/sources/construction-ppe_ultralytics_2025_v1/labels/train/image221.txt,/root/autodl-tmp/datasets/derived/construction_ppe3_canonical_v1_20260804_172437/images/all/train__image221.jpg,/root/autodl-tmp/datasets/derived/construction_ppe3_canonical_v1_20260804_172437/labels/all/train__image221.txt,4,3,1,3a3e4f80dc25ce14f31f54dd87f0f902b8f750b7a01d5fed247747bc86c12952,hardlink
train,/root/autodl-tmp/datasets/sources/construction-ppe_ultralytics_2025_v1/images/train/image222.jpg,/root/autodl-tmp/datasets/sources/construction-ppe_ultralytics_2025_v1/labels/train/image222.txt,/root/autodl-tmp/datasets/derived/construction_ppe3_canonical_v1_20260804_172437/images/all/train__image222.jpg,/root/autodl-tmp/datasets/derived/construction_ppe3_canonical_v1_20260804_172437/labels/all/train__image222.txt,14,12,2,6cc4847a2287daa148c55d0f757c0cdebfdc97bd5e3c4172cebfe524346cc8ab,hardlink
train,/root/autodl-tmp/datasets/sources/construction-ppe_ultralytics_2025_v1/images/train/image223.jpg,/root/autodl-tmp/datasets/sources/construction-ppe_ultralytics_2025_v1/labels/train/image223.txt,/root/autodl-tmp/datasets/derived/construction_ppe3_canonical_v1_20260804_172437/images/all/train__image223.jpg,/root/autodl-tmp/datasets/derived/construction_ppe3_canonical_v1_20260804_172437/labels/all/train__image223.txt,4,2,2,e1bc70affa3f70cb5483128ac54b6a19656b1d4689f74d7dfc34af9200987a8d,hardlink
train,/root/autodl-tmp/datasets/sources/construction-ppe_ultralytics_2025_v1/images/train/image224.jpg,/root/autodl-tmp/datasets/sources/construction-ppe_ultralytics_2025_v1/labels/train/image224.txt,/root/autodl-tmp/datasets/derived/construction_ppe3_canonical_v1_20260804_172437/images/all/train__image224.jpg,/root/autodl-tmp/datasets/derived/construction_ppe3_canonical_v1_20260804_172437/labels/all/train__image224.txt,5,3,2,9be1f070d8fafd2ecb28f07298afa55e01a23d0b9a2fff62a8c249a1651b93f4,hardlink
train,/root/autodl-tmp/datasets/sources/construction-ppe_ultralytics_2025_v1/images/train/image226.jpg,/root/autodl-tmp/datasets/sources/construction-ppe_ultralytics_2025_v1/labels/train/image226.txt,/root/autodl-tmp/datasets/derived/construction_ppe3_canonical_v1_20260804_172437/images/all/train__image226.jpg,/root/autodl-tmp/datasets/derived/construction_ppe3_canonical_v1_20260804_172437/labels/all/train__image226.txt,16,16,0,1a63729a41c4a9a2aa3c89741fc7cbe68bc4d5bccd63b321e17f61577cc943f2,hardlink
train,/root/autodl-tmp/datasets/sources/construction-ppe_ultralytics_2025_v1/images/train/image227.jpg,/root/autodl-tmp/datasets/sources/construction-ppe_ultralytics_2025_v1/labels/train/image227.txt,/root/autodl-tmp/datasets/derived/construction_ppe3_canonical_v1_20260804_172437/images/all/train__image227.jpg,/root/autodl-tmp/datasets/derived/construction_ppe3_canonical_v1_20260804_172437/labels/all/train__image227.txt,6,3,3,1948e5db9eaecd1dd4903f0bcf73a959f8946243284d917b92027c28a6a88b31,hardlink
train,/root/autodl-tmp/datasets/sources/construction-ppe_ultralytics_2025_v1/images/train/image228.jpg,/root/autodl-tmp/datasets/sources/construction-ppe_ultralytics_2025_v1/labels/train/image228.txt,/root/autodl-tmp/datasets/derived/construction_ppe3_canonical_v1_20260804_172437/images/all/train__image228.jpg,/root/autodl-tmp/datasets/derived/construction_ppe3_canonical_v1_20260804_172437/labels/all/train__image228.txt,3,2,1,16cc871df43a7074b5db353058bc4b64adbf726bdb16f9565177e735c05046b9,hardlink
train,/root/autodl-tmp/datasets/sources/construction-ppe_ultralytics_2025_v1/images/train/image229.jpg,/root/autodl-tmp/datasets/sources/construction-ppe_ultralytics_2025_v1/labels/train/image229.txt,/root/autodl-tmp/datasets/derived/construction_ppe3_canonical_v1_20260804_172437/images/all/train__image229.jpg,/root/autodl-tmp/datasets/derived/construction_ppe3_canonical_v1_20260804_172437/labels/all/train__image229.txt,5,2,3,22fc967f03c0beefd48739783aadc3facc7b843caa075dff8455c1a9e317b419,hardlink
train,/root/autodl-tmp/datasets/sources/construction-ppe_ultralytics_2025_v1/images/train/image232.jpg,/root/autodl-tmp/datasets/sources/construction-ppe_ultralytics_2025_v1/labels/train/image232.txt,/root/autodl-tmp/datasets/derived/construction_ppe3_canonical_v1_20260804_172437/images/all/train__image232.jpg,/root/autodl-tmp/datasets/derived/construction_ppe3_canonical_v1_20260804_172437/labels/all/train__image232.txt,4,3,1,dea53620c0419a331fdab04688b9f947e91e83b918c8fa074c6b70e53e3c7521,hardlink
train,/root/autodl-tmp/datasets/sources/construction-ppe_ultralytics_2025_v1/images/train/image233.jpg,/root/autodl-tmp/datasets/sources/construction-ppe_ultralytics_2025_v1/labels/train/image233.txt,/root/autodl-tmp/datasets/derived/construction_ppe3_canonical_v1_20260804_172437/images/all/train__image233.jpg,/root/autodl-tmp/datasets/derived/construction_ppe3_canonical_v1_20260804_172437/labels/all/train__image233.txt,5,3,2,a736f5cc3dac0769a9f17bae709e5d9d8b6aed111febc680fd45f88e28053b69,hardlink
train,/root/autodl-tmp/datasets/sources/construction-ppe_ultralytics_2025_v1/images/train/image234.jpg,/root/autodl-tmp/datasets/sources/construction-ppe_ultralytics_2025_v1/labels/train/image234.txt,/root/autodl-tmp/datasets/derived/construction_ppe3_canonical_v1_20260804_172437/images/all/train__image234.jpg,/root/autodl-tmp/datasets/derived/construction_ppe3_canonical_v1_20260804_172437/labels/all/train__image234.txt,5,3,2,25c36ebce51f965157594e414f65fef48476819357f39fcbbbf0788014241c13,hardlink
train,/root/autodl-tmp/datasets/sources/construction-ppe_ultralytics_2025_v1/images/train/image235.jpg,/root/autodl-tmp/datasets/sources/construction-ppe_ultralytics_2025_v1/labels/train/image235.txt,/root/autodl-tmp/datasets/derived/construction_ppe3_canonical_v1_20260804_172437/images/all/train__image235.jpg,/root/autodl-tmp/datasets/derived/construction_ppe3_canonical_v1_20260804_172437/labels/all/train__image235.txt,7,3,4,7390896ef70b4841b08288a2b827533c331f2073260097b5d98681f7dd12f2fa,hardlink
train,/root/autodl-tmp/datasets/sources/construction-ppe_ultralytics_2025_v1/images/train/image236.jpg,/root/autodl-tmp/datasets/sources/construction-ppe_ultralytics_2025_v1/labels/train/image236.txt,/root/autodl-tmp/datasets/derived/construction_ppe3_canonical_v1_20260804_172437/images/all/train__image236.jpg,/root/autodl-tmp/datasets/derived/construction_ppe3_canonical_v1_20260804_172437/labels/all/train__image236.txt,7,3,4,0a03504dcd0c5341cbe7248942bd3f084e59f9bf14ef3f8ca3ce2bf07507de2b,hardlink
train,/root/autodl-tmp/datasets/sources/construction-ppe_ultralytics_2025_v1/images/train/image237.jpg,/root/autodl-tmp/datasets/sources/construction-ppe_ultralytics_2025_v1/labels/train/image237.txt,/root/autodl-tmp/datasets/derived/construction_ppe3_canonical_v1_20260804_172437/images/all/train__image237.jpg,/root/autodl-tmp/datasets/derived/construction_ppe3_canonical_v1_20260804_172437/labels/all/train__image237.txt,7,3,4,6b49156c27c0fb8628c9dbb0eeb5f4e6be904b71ee5cd445f7b0f24dffe151a7,hardlink
train,/root/autodl-tmp/datasets/sources/construction-ppe_ultralytics_2025_v1/images/train/image239.jpg,/root/autodl-tmp/datasets/sources/construction-ppe_ultralytics_2025_v1/labels/train/image239.txt,/root/autodl-tmp/datasets/derived/construction_ppe3_canonical_v1_20260804_172437/images/all/train__image239.jpg,/root/autodl-tmp/datasets/derived/construction_ppe3_canonical_v1_20260804_172437/labels/all/train__image239.txt,8,3,5,bc606c2211805b80f225257b41d67abd6877bf1f0bd1791573eddbb28e390352,hardlink
train,/root/autodl-tmp/datasets/sources/construction-ppe_ultralytics_2025_v1/images/train/image24.jpg,/root/autodl-tmp/datasets/sources/construction-ppe_ultralytics_2025_v1/labels/train/image24.txt,/root/autodl-tmp/datasets/derived/construction_ppe3_canonical_v1_20260804_172437/images/all/train__image24.jpg,/root/autodl-tmp/datasets/derived/construction_ppe3_canonical_v1_20260804_172437/labels/all/train__image24.txt,8,3,5,e2cbeb41fc44b5f234b0d3d3da7b44e570cec6b3eddde84f358a99c57460cc00,hardlink
train,/root/autodl-tmp/datasets/sources/construction-ppe_ultralytics_2025_v1/images/train/image240.jpg,/root/autodl-tmp/datasets/sources/construction-ppe_ultralytics_2025_v1/labels/train/image240.txt,/root/autodl-tmp/datasets/derived/construction_ppe3_canonical_v1_20260804_172437/images/all/train__image240.jpg,/root/autodl-tmp/datasets/derived/construction_ppe3_canonical_v1_20260804_172437/labels/all/train__image240.txt,8,3,5,20f94dd954bbd7fbbb103f2d05e881b611768bfd75df544a73a1a1912097ca04,hardlink
train,/root/autodl-tmp/datasets/sources/construction-ppe_ultralytics_2025_v1/images/train/image242.jpg,/root/autodl-tmp/datasets/sources/construction-ppe_ultralytics_2025_v1/labels/train/image242.txt,/root/autodl-tmp/datasets/derived/construction_ppe3_canonical_v1_20260804_172437/images/all/train__image242.jpg,/root/autodl-tmp/datasets/derived/construction_ppe3_canonical_v1_20260804_172437/labels/all/train__image242.txt,7,3,4,6ab88cb6aa79ac7b50138d94dc5cea55951b6039744dd4170f6389d47202e434,hardlink
train,/root/autodl-tmp/datasets/sources/construction-ppe_ultralytics_2025_v1/images/train/image243.jpg,/root/autodl-tmp/datasets/sources/construction-ppe_ultralytics_2025_v1/labels/train/image243.txt,/root/autodl-tmp/datasets/derived/construction_ppe3_canonical_v1_20260804_172437/images/all/train__image243.jpg,/root/autodl-tmp/datasets/derived/construction_ppe3_canonical_v1_20260804_172437/labels/all/train__image243.txt,8,3,5,7b54e59e3b140b1ae5e0c54f09c0d9befc54bba8b21043ec0dead0682f32b8d7,hardlink
train,/root/autodl-tmp/datasets/sources/construction-ppe_ultralytics_2025_v1/images/train/image244.jpg,/root/autodl-tmp/datasets/sources/construction-ppe_ultralytics_2025_v1/labels/train/image244.txt,/root/autodl-tmp/datasets/derived/construction_ppe3_canonical_v1_20260804_172437/images/all/train__image244.jpg,/root/autodl-tmp/datasets/derived/construction_ppe3_canonical_v1_20260804_172437/labels/all/train__image244.txt,8,3,5,dca444051469eec497eb1e550b5d169ab6a9cd7f95a3028176df52bf74a280ac,hardlink
train,/root/autodl-tmp/datasets/sources/construction-ppe_ultralytics_2025_v1/images/train/image245.jpg,/root/autodl-tmp/datasets/sources/construction-ppe_ultralytics_2025_v1/labels/train/image245.txt,/root/autodl-tmp/datasets/derived/construction_ppe3_canonical_v1_20260804_172437/images/all/train__image245.jpg,/root/autodl-tmp/datasets/derived/construction_ppe3_canonical_v1_20260804_172437/labels/all/train__image245.txt,8,3,5,7e8ba2c2066f7d8782cf8f533533cb1ce647f93c9ff307b5b19210ff5f150a45,hardlink
train,/root/autodl-tmp/datasets/sources/construction-ppe_ultralytics_2025_v1/images/train/image246.jpg,/root/autodl-tmp/datasets/sources/construction-ppe_ultralytics_2025_v1/labels/train/image246.txt,/root/autodl-tmp/datasets/derived/construction_ppe3_canonical_v1_20260804_172437/images/all/train__image246.jpg,/root/autodl-tmp/datasets/derived/construction_ppe3_canonical_v1_20260804_172437/labels/all/train__image246.txt,8,3,5,8edad3036eb595a94db68ff099e8148437ab212a3ac65021c3ec4b7fbfe6cfbd,hardlink
train,/root/autodl-tmp/datasets/sources/construction-ppe_ultralytics_2025_v1/images/train/image247.jpg,/root/autodl-tmp/datasets/sources/construction-ppe_ultralytics_2025_v1/labels/train/image247.txt,/root/autodl-tmp/datasets/derived/construction_ppe3_canonical_v1_20260804_172437/images/all/train__image247.jpg,/root/autodl-tmp/datasets/derived/construction_ppe3_canonical_v1_20260804_172437/labels/all/train__image247.txt,6,3,3,fa7f36434103c65f218b3fcc20c1cc5c20ddd9a1f24097ce3eb5efeb9f657c62,hardlink
train,/root/autodl-tmp/datasets/sources/construction-ppe_ultralytics_2025_v1/images/train/image248.jpg,/root/autodl-tmp/datasets/sources/construction-ppe_ultralytics_2025_v1/labels/train/image248.txt,/root/autodl-tmp/datasets/derived/construction_ppe3_canonical_v1_20260804_172437/images/all/train__image248.jpg,/root/autodl-tmp/datasets/derived/construction_ppe3_canonical_v1_20260804_172437/labels/all/train__image248.txt,8,3,5,d83425b0da6a50c92a8070c63f90ceb63a8167804b397772c35978c366e901a7,hardlink
train,/root/autodl-tmp/datasets/sources/construction-ppe_ultralytics_2025_v1/images/train/image249.jpg,/root/autodl-tmp/datasets/sources/construction-ppe_ultralytics_2025_v1/labels/train/image249.txt,/root/autodl-tmp/datasets/derived/construction_ppe3_canonical_v1_20260804_172437/images/all/train__image249.jpg,/root/autodl-tmp/datasets/derived/construction_ppe3_canonical_v1_20260804_172437/labels/all/train__image249.txt,8,3,5,0e85ea7dea70f8c8100a1a22931d79b28ede4c190f37d5eb663ebdaca867724e,hardlink
train,/root/autodl-tmp/datasets/sources/construction-ppe_ultralytics_2025_v1/images/train/image25.jpeg,/root/autodl-tmp/datasets/sources/construction-ppe_ultralytics_2025_v1/labels/train/image25.txt,/root/autodl-tmp/datasets/derived/construction_ppe3_canonical_v1_20260804_172437/images/all/train__image25.jpeg,/root/autodl-tmp/datasets/derived/construction_ppe3_canonical_v1_20260804_172437/labels/all/train__image25.txt,23,15,8,d2114c65ef3d642442677e49f0d05f84d02a9b54de6d6514fb1fc13ea8f9092d,hardlink
train,/root/autodl-tmp/datasets/sources/construction-ppe_ultralytics_2025_v1/images/train/image250.jpg,/root/autodl-tmp/datasets/sources/construction-ppe_ultralytics_2025_v1/labels/train/image250.txt,/root/autodl-tmp/datasets/derived/construction_ppe3_canonical_v1_20260804_172437/images/all/train__image250.jpg,/root/autodl-tmp/datasets/derived/construction_ppe3_canonical_v1_20260804_172437/labels/all/train__image250.txt,8,3,5,d275513d53cd97475c88aa677226720498dc580e49b7a0989997840d7ee3edae,hardlink
train,/root/autodl-tmp/datasets/sources/construction-ppe_ultralytics_2025_v1/images/train/image251.jpg,/root/autodl-tmp/datasets/sources/construction-ppe_ultralytics_2025_v1/labels/train/image251.txt,/root/autodl-tmp/datasets/derived/construction_ppe3_canonical_v1_20260804_172437/images/all/train__image251.jpg,/root/autodl-tmp/datasets/derived/construction_ppe3_canonical_v1_20260804_172437/labels/all/train__image251.txt,8,3,5,73c7cd3c27d18621ffee775ec028e71e92adb455f5b5291e62c697dd2d8b5ef3,hardlink
train,/root/autodl-tmp/datasets/sources/construction-ppe_ultralytics_2025_v1/images/train/image252.jpg,/root/autodl-tmp/datasets/sources/construction-ppe_ultralytics_2025_v1/labels/train/image252.txt,/root/autodl-tmp/datasets/derived/construction_ppe3_canonical_v1_20260804_172437/images/all/train__image252.jpg,/root/autodl-tmp/datasets/derived/construction_ppe3_canonical_v1_20260804_172437/labels/all/train__image252.txt,7,3,4,dcb8481c891e73ec2d59b66f7972adbf7bc934938ae394ff00b1614a37a2089f,hardlink
train,/root/autodl-tmp/datasets/sources/construction-ppe_ultralytics_2025_v1/images/train/image254.jpg,/root/autodl-tmp/datasets/sources/construction-ppe_ultralytics_2025_v1/labels/train/image254.txt,/root/autodl-tmp/datasets/derived/construction_ppe3_canonical_v1_20260804_172437/images/all/train__image254.jpg,/root/autodl-tmp/datasets/derived/construction_ppe3_canonical_v1_20260804_172437/labels/all/train__image254.txt,8,3,5,c38b9abc5db949a7345f5a88531e6efc8c8e5be1fe51e80ad227b258d804418c,hardlink
train,/root/autodl-tmp/datasets/sources/construction-ppe_ultralytics_2025_v1/images/train/image255.jpg,/root/autodl-tmp/datasets/sources/construction-ppe_ultralytics_2025_v1/labels/train/image255.txt,/root/autodl-tmp/datasets/derived/construction_ppe3_canonical_v1_20260804_172437/images/all/train__image255.jpg,/root/autodl-tmp/datasets/derived/construction_ppe3_canonical_v1_20260804_172437/labels/all/train__image255.txt,8,3,5,c16e9d584d628a470c5388677a915f0b69338696c53e701bbcc0d9197596195a,hardlink
train,/root/autodl-tmp/datasets/sources/construction-ppe_ultralytics_2025_v1/images/train/image256.jpg,/root/autodl-tmp/datasets/sources/construction-ppe_ultralytics_2025_v1/labels/train/image256.txt,/root/autodl-tmp/datasets/derived/construction_ppe3_canonical_v1_20260804_172437/images/all/train__image256.jpg,/root/autodl-tmp/datasets/derived/construction_ppe3_canonical_v1_20260804_172437/labels/all/train__image256.txt,8,3,5,57eec2444f6d95664ec5014f8afce11b935b536cbc5609fc7cdcc7946fc0a29f,hardlink
train,/root/autodl-tmp/datasets/sources/construction-ppe_ultralytics_2025_v1/images/train/image258.jpg,/root/autodl-tmp/datasets/sources/construction-ppe_ultralytics_2025_v1/labels/train/image258.txt,/root/autodl-tmp/datasets/derived/construction_ppe3_canonical_v1_20260804_172437/images/all/train__image258.jpg,/root/autodl-tmp/datasets/derived/construction_ppe3_canonical_v1_20260804_172437/labels/all/train__image258.txt,8,3,5,59a49bdc8717b62549ccff97364f2b93029665e7d7d2d63477f5243360f82c68,hardlink
train,/root/autodl-tmp/datasets/sources/construction-ppe_ultralytics_2025_v1/images/train/image26.jpeg,/root/autodl-tmp/datasets/sources/construction-ppe_ultralytics_2025_v1/labels/train/image26.txt,/root/autodl-tmp/datasets/derived/construction_ppe3_canonical_v1_20260804_172437/images/all/train__image26.jpeg,/root/autodl-tmp/datasets/derived/construction_ppe3_canonical_v1_20260804_172437/labels/all/train__image26.txt,19,19,0,35ea1d6375a25396d1c56f268112f356af58adb7f78f00ef4b2435e50bb09dc2,hardlink
train,/root/autodl-tmp/datasets/sources/construction-ppe_ultralytics_2025_v1/images/train/image260.jpg,/root/autodl-tmp/datasets/sources/construction-ppe_ultralytics_2025_v1/labels/train/image260.txt,/root/autodl-tmp/datasets/derived/construction_ppe3_canonical_v1_20260804_172437/images/all/train__image260.jpg,/root/autodl-tmp/datasets/derived/construction_ppe3_canonical_v1_20260804_172437/labels/all/train__image260.txt,8,3,5,9b06397f019d7a0efe2543ddb66462d3927990531023addedbfceee68bac7973,hardlink
train,/root/autodl-tmp/datasets/sources/construction-ppe_ultralytics_2025_v1/images/train/image261.jpg,/root/autodl-tmp/datasets/sources/construction-ppe_ultralytics_2025_v1/labels/train/image261.txt,/root/autodl-tmp/datasets/derived/construction_ppe3_canonical_v1_20260804_172437/images/all/train__image261.jpg,/root/autodl-tmp/datasets/derived/construction_ppe3_canonical_v1_20260804_172437/labels/all/train__image261.txt,7,3,4,7e0cbb7e8eb75af4021cfbdcb4ad19761fd5e99dd6544b43cb9a6463daa4a3d4,hardlink
train,/root/autodl-tmp/datasets/sources/construction-ppe_ultralytics_2025_v1/images/train/image262.jpg,/root/autodl-tmp/datasets/sources/construction-ppe_ultralytics_2025_v1/labels/train/image262.txt,/root/autodl-tmp/datasets/derived/construction_ppe3_canonical_v1_20260804_172437/images/all/train__image262.jpg,/root/autodl-tmp/datasets/derived/construction_ppe3_canonical_v1_20260804_172437/labels/all/train__image262.txt,8,3,5,d6d970655a7e37f826f55f1e32903096fb83085fdafbf2202aaf695b05d8376f,hardlink
train,/root/autodl-tmp/datasets/sources/construction-ppe_ultralytics_2025_v1/images/train/image263.jpg,/root/autodl-tmp/datasets/sources/construction-ppe_ultralytics_2025_v1/labels/train/image263.txt,/root/autodl-tmp/datasets/derived/construction_ppe3_canonical_v1_20260804_172437/images/all/train__image263.jpg,/root/autodl-tmp/datasets/derived/construction_ppe3_canonical_v1_20260804_172437/labels/all/train__image263.txt,8,3,5,c4505dd0fded11c9f71a085e58a7b45dc9dbe0470d90ccc71bbb90b4393e51cb,hardlink
train,/root/autodl-tmp/datasets/sources/construction-ppe_ultralytics_2025_v1/images/train/image264.jpg,/root/autodl-tmp/datasets/sources/construction-ppe_ultralytics_2025_v1/labels/train/image264.txt,/root/autodl-tmp/datasets/derived/construction_ppe3_canonical_v1_20260804_172437/images/all/train__image264.jpg,/root/autodl-tmp/datasets/derived/construction_ppe3_canonical_v1_20260804_172437/labels/all/train__image264.txt,8,3,5,c5359fdc3569725eace21d5aae5b0d1e2b6b03f24eeb4c2e38f750bcfc57e4ff,hardlink
train,/root/autodl-tmp/datasets/sources/construction-ppe_ultralytics_2025_v1/images/train/image265.jpg,/root/autodl-tmp/datasets/sources/construction-ppe_ultralytics_2025_v1/labels/train/image265.txt,/root/autodl-tmp/datasets/derived/construction_ppe3_canonical_v1_20260804_172437/images/all/train__image265.jpg,/root/autodl-tmp/datasets/derived/construction_ppe3_canonical_v1_20260804_172437/labels/all/train__image265.txt,8,3,5,c52a84e49180160084c04249022b7f9f18a787afa7fa50e4ddd25c54e93e3413,hardlink
train,/root/autodl-tmp/datasets/sources/construction-ppe_ultralytics_2025_v1/images/train/image266.jpg,/root/autodl-tmp/datasets/sources/construction-ppe_ultralytics_2025_v1/labels/train/image266.txt,/root/autodl-tmp/datasets/derived/construction_ppe3_canonical_v1_20260804_172437/images/all/train__image266.jpg,/root/autodl-tmp/datasets/derived/construction_ppe3_canonical_v1_20260804_172437/labels/all/train__image266.txt,8,3,5,23c7f7340f83263cbb3f8efa45092fe85f3833d35edbd8b8378abadf7c76fd3b,hardlink
train,/root/autodl-tmp/datasets/sources/construction-ppe_ultralytics_2025_v1/images/train/image267.jpg,/root/autodl-tmp/datasets/sources/construction-ppe_ultralytics_2025_v1/labels/train/image267.txt,/root/autodl-tmp/datasets/derived/construction_ppe3_canonical_v1_20260804_172437/images/all/train__image267.jpg,/root/autodl-tmp/datasets/derived/construction_ppe3_canonical_v1_20260804_172437/labels/all/train__image267.txt,8,3,5,9d982d46df92db4076ef0dbbf5128c4a686c8defb72275f648dbeb1b39f5ec10,hardlink
train,/root/autodl-tmp/datasets/sources/construction-ppe_ultralytics_2025_v1/images/train/image268.jpg,/root/autodl-tmp/datasets/sources/construction-ppe_ultralytics_2025_v1/labels/train/image268.txt,/root/autodl-tmp/datasets/derived/construction_ppe3_canonical_v1_20260804_172437/images/all/train__image268.jpg,/root/autodl-tmp/datasets/derived/construction_ppe3_canonical_v1_20260804_172437/labels/all/train__image268.txt,8,3,5,1fce8721a4563043d0a7d248b0fd364e036b0d71d856f1241c26e752b2dcfd0b,hardlink
train,/root/autodl-tmp/datasets/sources/construction-ppe_ultralytics_2025_v1/images/train/image269.jpg,/root/autodl-tmp/datasets/sources/construction-ppe_ultralytics_2025_v1/labels/train/image269.txt,/root/autodl-tmp/datasets/derived/construction_ppe3_canonical_v1_20260804_172437/images/all/train__image269.jpg,/root/autodl-tmp/datasets/derived/construction_ppe3_canonical_v1_20260804_172437/labels/all/train__image269.txt,8,3,5,d115f5df54bad5e226bd22f5c98ee104ec29087709e7f0d16fce9cb0cf6d9516,hardlink
train,/root/autodl-tmp/datasets/sources/construction-ppe_ultralytics_2025_v1/images/train/image272.jpg,/root/autodl-tmp/datasets/sources/construction-ppe_ultralytics_2025_v1/labels/train/image272.txt,/root/autodl-tmp/datasets/derived/construction_ppe3_canonical_v1_20260804_172437/images/all/train__image272.jpg,/root/autodl-tmp/datasets/derived/construction_ppe3_canonical_v1_20260804_172437/labels/all/train__image272.txt,8,3,5,37162a67fe1759976a5a00f1831143d6aaa9c5a1ac1a54c7845c569cff321939,hardlink
train,/root/autodl-tmp/datasets/sources/construction-ppe_ultralytics_2025_v1/images/train/image273.jpg,/root/autodl-tmp/datasets/sources/construction-ppe_ultralytics_2025_v1/labels/train/image273.txt,/root/autodl-tmp/datasets/derived/construction_ppe3_canonical_v1_20260804_172437/images/all/train__image273.jpg,/root/autodl-tmp/datasets/derived/construction_ppe3_canonical_v1_20260804_172437/labels/all/train__image273.txt,8,3,5,90c85216a8c019dca1a013f5449ca87b310a3b3596bd1a2bd2fcf681002ec2ce,hardlink
train,/root/autodl-tmp/datasets/sources/construction-ppe_ultralytics_2025_v1/images/train/image274.jpg,/root/autodl-tmp/datasets/sources/construction-ppe_ultralytics_2025_v1/labels/train/image274.txt,/root/autodl-tmp/datasets/derived/construction_ppe3_canonical_v1_20260804_172437/images/all/train__image274.jpg,/root/autodl-tmp/datasets/derived/construction_ppe3_canonical_v1_20260804_172437/labels/all/train__image274.txt,8,3,5,7a78534811eb085ffc3e86f1db71fc05b804bcdb23231d1a1018df35e2de54d6,hardlink
train,/root/autodl-tmp/datasets/sources/construction-ppe_ultralytics_2025_v1/images/train/image275.jpg,/root/autodl-tmp/datasets/sources/construction-ppe_ultralytics_2025_v1/labels/train/image275.txt,/root/autodl-tmp/datasets/derived/construction_ppe3_canonical_v1_20260804_172437/images/all/train__image275.jpg,/root/autodl-tmp/datasets/derived/construction_ppe3_canonical_v1_20260804_172437/labels/all/train__image275.txt,8,3,5,968dbf764e6bc52c21d099fd85a2bd252a1672ac1ba5db3dad5d93cef816145d,hardlink
train,/root/autodl-tmp/datasets/sources/construction-ppe_ultralytics_2025_v1/images/train/image276.jpg,/root/autodl-tmp/datasets/sources/construction-ppe_ultralytics_2025_v1/labels/train/image276.txt,/root/autodl-tmp/datasets/derived/construction_ppe3_canonical_v1_20260804_172437/images/all/train__image276.jpg,/root/autodl-tmp/datasets/derived/construction_ppe3_canonical_v1_20260804_172437/labels/all/train__image276.txt,7,3,4,9036eb2f21df4f1952fefab9d5d7a660ee259a08d819dd17db3a4a9eae05987e,hardlink
train,/root/autodl-tmp/datasets/sources/construction-ppe_ultralytics_2025_v1/images/train/image277.jpg,/root/autodl-tmp/datasets/sources/construction-ppe_ultralytics_2025_v1/labels/train/image277.txt,/root/autodl-tmp/datasets/derived/construction_ppe3_canonical_v1_20260804_172437/images/all/train__image277.jpg,/root/autodl-tmp/datasets/derived/construction_ppe3_canonical_v1_20260804_172437/labels/all/train__image277.txt,7,3,4,99bbeb71207b9b6b7a0ce225989d66dda831dee9caf17dce2efc77d647a68d6a,hardlink
train,/root/autodl-tmp/datasets/sources/construction-ppe_ultralytics_2025_v1/images/train/image279.jpg,/root/autodl-tmp/datasets/sources/construction-ppe_ultralytics_2025_v1/labels/train/image279.txt,/root/autodl-tmp/datasets/derived/construction_ppe3_canonical_v1_20260804_172437/images/all/train__image279.jpg,/root/autodl-tmp/datasets/derived/construction_ppe3_canonical_v1_20260804_172437/labels/all/train__image279.txt,6,3,3,747876a0f835e7dc45a1d92754ac0e0eaa6e81125b6dde8856cbd3d556c9613d,hardlink
train,/root/autodl-tmp/datasets/sources/construction-ppe_ultralytics_2025_v1/images/train/image28.jpeg,/root/autodl-tmp/datasets/sources/construction-ppe_ultralytics_2025_v1/labels/train/image28.txt,/root/autodl-tmp/datasets/derived/construction_ppe3_canonical_v1_20260804_172437/images/all/train__image28.jpeg,/root/autodl-tmp/datasets/derived/construction_ppe3_canonical_v1_20260804_172437/labels/all/train__image28.txt,6,6,0,df7d5e3ff937989c1d0b03c4001d1fe53c4f32f5d89d0a6a816d6fab5a397482,hardlink
train,/root/autodl-tmp/datasets/sources/construction-ppe_ultralytics_2025_v1/images/train/image280.jpg,/root/autodl-tmp/datasets/sources/construction-ppe_ultralytics_2025_v1/labels/train/image280.txt,/root/autodl-tmp/datasets/derived/construction_ppe3_canonical_v1_20260804_172437/images/all/train__image280.jpg,/root/autodl-tmp/datasets/derived/construction_ppe3_canonical_v1_20260804_172437/labels/all/train__image280.txt,8,3,5,bd4bbf14d4df1ff62690eb76b326dbc1d21cfa2993e3223f5265256efc66a033,hardlink
train,/root/autodl-tmp/datasets/sources/construction-ppe_ultralytics_2025_v1/images/train/image281.jpg,/root/autodl-tmp/datasets/sources/construction-ppe_ultralytics_2025_v1/labels/train/image281.txt,/root/autodl-tmp/datasets/derived/construction_ppe3_canonical_v1_20260804_172437/images/all/train__image281.jpg,/root/autodl-tmp/datasets/derived/construction_ppe3_canonical_v1_20260804_172437/labels/all/train__image281.txt,8,3,5,edf719d1c3dba96aff39d864e31693df88eeca80835463c3f29ce5ccf46addc6,hardlink
train,/root/autodl-tmp/datasets/sources/construction-ppe_ultralytics_2025_v1/images/train/image282.jpg,/root/autodl-tmp/datasets/sources/construction-ppe_ultralytics_2025_v1/labels/train/image282.txt,/root/autodl-tmp/datasets/derived/construction_ppe3_canonical_v1_20260804_172437/images/all/train__image282.jpg,/root/autodl-tmp/datasets/derived/construction_ppe3_canonical_v1_20260804_172437/labels/all/train__image282.txt,8,3,5,f0bc74eba96c9a49d638f6e149b648fd9ae5d29b189f43e5554783e8d591db67,hardlink
train,/root/autodl-tmp/datasets/sources/construction-ppe_ultralytics_2025_v1/images/train/image283.jpg,/root/autodl-tmp/datasets/sources/construction-ppe_ultralytics_2025_v1/labels/train/image283.txt,/root/autodl-tmp/datasets/derived/construction_ppe3_canonical_v1_20260804_172437/images/all/train__image283.jpg,/root/autodl-tmp/datasets/derived/construction_ppe3_canonical_v1_20260804_172437/labels/all/train__image283.txt,8,3,5,938b252d7212c4d17280fb1b10f7d017d4f47bd3b873038946cc322f0ddf375a,hardlink
train,/root/autodl-tmp/datasets/sources/construction-ppe_ultralytics_2025_v1/images/train/image284.jpg,/root/autodl-tmp/datasets/sources/construction-ppe_ultralytics_2025_v1/labels/train/image284.txt,/root/autodl-tmp/datasets/derived/construction_ppe3_canonical_v1_20260804_172437/images/all/train__image284.jpg,/root/autodl-tmp/datasets/derived/construction_ppe3_canonical_v1_20260804_172437/labels/all/train__image284.txt,5,3,2,5a5784c1bed581753dce02d3062e9310b546584dd06d558678a14c9cb0da86dc,hardlink
train,/root/autodl-tmp/datasets/sources/construction-ppe_ultralytics_2025_v1/images/train/image285.jpg,/root/autodl-tmp/datasets/sources/construction-ppe_ultralytics_2025_v1/labels/train/image285.txt,/root/autodl-tmp/datasets/derived/construction_ppe3_canonical_v1_20260804_172437/images/all/train__image285.jpg,/root/autodl-tmp/datasets/derived/construction_ppe3_canonical_v1_20260804_172437/labels/all/train__image285.txt,4,3,1,389c6055aa402fd6bbec577d7b6afe93dedc9f4668be33ea5c72dcc5f00c0af9,hardlink
train,/root/autodl-tmp/datasets/sources/construction-ppe_ultralytics_2025_v1/images/train/image286.jpg,/root/autodl-tmp/datasets/sources/construction-ppe_ultralytics_2025_v1/labels/train/image286.txt,/root/autodl-tmp/datasets/derived/construction_ppe3_canonical_v1_20260804_172437/images/all/train__image286.jpg,/root/autodl-tmp/datasets/derived/construction_ppe3_canonical_v1_20260804_172437/labels/all/train__image286.txt,3,3,0,8a6b40a0883f21a5ec1bebb2f3f3f0ba175f8175d468aaf191970b5b35eee252,hardlink
train,/root/autodl-tmp/datasets/sources/construction-ppe_ultralytics_2025_v1/images/train/image288.jpg,/root/autodl-tmp/datasets/sources/construction-ppe_ultralytics_2025_v1/labels/train/image288.txt,/root/autodl-tmp/datasets/derived/construction_ppe3_canonical_v1_20260804_172437/images/all/train__image288.jpg,/root/autodl-tmp/datasets/derived/construction_ppe3_canonical_v1_20260804_172437/labels/all/train__image288.txt,8,3,5,c8c1a0f47b90443c186add1df284650661a54bd5b5210f0f814defa240803b5f,hardlink
train,/root/autodl-tmp/datasets/sources/construction-ppe_ultralytics_2025_v1/images/train/image289.jpg,/root/autodl-tmp/datasets/sources/construction-ppe_ultralytics_2025_v1/labels/train/image289.txt,/root/autodl-tmp/datasets/derived/construction_ppe3_canonical_v1_20260804_172437/images/all/train__image289.jpg,/root/autodl-tmp/datasets/derived/construction_ppe3_canonical_v1_20260804_172437/labels/all/train__image289.txt,8,3,5,d0804d214d9e964d3a893864ace93faf76a9eabc3f670198825694f2dbdfa433,hardlink
train,/root/autodl-tmp/datasets/sources/construction-ppe_ultralytics_2025_v1/images/train/image29.jpeg,/root/autodl-tmp/datasets/sources/construction-ppe_ultralytics_2025_v1/labels/train/image29.txt,/root/autodl-tmp/datasets/derived/construction_ppe3_canonical_v1_20260804_172437/images/all/train__image29.jpeg,/root/autodl-tmp/datasets/derived/construction_ppe3_canonical_v1_20260804_172437/labels/all/train__image29.txt,3,3,0,aa13f615ec4a2e31f2bf9db5dcd655fbc157bfbbac6a9111f24862aaa150351b,hardlink
train,/root/autodl-tmp/datasets/sources/construction-ppe_ultralytics_2025_v1/images/train/image290.jpg,/root/autodl-tmp/datasets/sources/construction-ppe_ultralytics_2025_v1/labels/train/image290.txt,/root/autodl-tmp/datasets/derived/construction_ppe3_canonical_v1_20260804_172437/images/all/train__image290.jpg,/root/autodl-tmp/datasets/derived/construction_ppe3_canonical_v1_20260804_172437/labels/all/train__image290.txt,6,3,3,b3e8422c97c39a5ef67d854bc4f6e631ae6ffd81fa0d102810dfe9ce9ff64019,hardlink
train,/root/autodl-tmp/datasets/sources/construction-ppe_ultralytics_2025_v1/images/train/image291.jpg,/root/autodl-tmp/datasets/sources/construction-ppe_ultralytics_2025_v1/labels/train/image291.txt,/root/autodl-tmp/datasets/derived/construction_ppe3_canonical_v1_20260804_172437/images/all/train__image291.jpg,/root/autodl-tmp/datasets/derived/construction_ppe3_canonical_v1_20260804_172437/labels/all/train__image291.txt,8,3,5,d67e30b89d5fad7f6a0a83b02dcd3e8576485e137e5e593689b68d92ca9ab42e,hardlink
train,/root/autodl-tmp/datasets/sources/construction-ppe_ultralytics_2025_v1/images/train/image292.jpg,/root/autodl-tmp/datasets/sources/construction-ppe_ultralytics_2025_v1/labels/train/image292.txt,/root/autodl-tmp/datasets/derived/construction_ppe3_canonical_v1_20260804_172437/images/all/train__image292.jpg,/root/autodl-tmp/datasets/derived/construction_ppe3_canonical_v1_20260804_172437/labels/all/train__image292.txt,8,3,5,6a96a6d9c6446b6886a215cab27d8c2f30a69d56e26143e4380a7c7ac364d8fb,hardlink
train,/root/autodl-tmp/datasets/sources/construction-ppe_ultralytics_2025_v1/images/train/image293.jpeg,/root/autodl-tmp/datasets/sources/construction-ppe_ultralytics_2025_v1/labels/train/image293.txt,/root/autodl-tmp/datasets/derived/construction_ppe3_canonical_v1_20260804_172437/images/all/train__image293.jpeg,/root/autodl-tmp/datasets/derived/construction_ppe3_canonical_v1_20260804_172437/labels/all/train__image293.txt,4,2,2,bcf7ba9a02645db9ee7d4cc0d148a99cde99fff177ef4607b6f7970e6c3a228a,hardlink
train,/root/autodl-tmp/datasets/sources/construction-ppe_ultralytics_2025_v1/images/train/image294.jpg,/root/autodl-tmp/datasets/sources/construction-ppe_ultralytics_2025_v1/labels/train/image294.txt,/root/autodl-tmp/datasets/derived/construction_ppe3_canonical_v1_20260804_172437/images/all/train__image294.jpg,/root/autodl-tmp/datasets/derived/construction_ppe3_canonical_v1_20260804_172437/labels/all/train__image294.txt,8,3,5,931aad1015c47dbe53cf93f0617c37630434f6619aaf5643e10080ec07defd3e,hardlink
train,/root/autodl-tmp/datasets/sources/construction-ppe_ultralytics_2025_v1/images/train/image295.jpg,/root/autodl-tmp/datasets/sources/construction-ppe_ultralytics_2025_v1/labels/train/image295.txt,/root/autodl-tmp/datasets/derived/construction_ppe3_canonical_v1_20260804_172437/images/all/train__image295.jpg,/root/autodl-tmp/datasets/derived/construction_ppe3_canonical_v1_20260804_172437/labels/all/train__image295.txt,8,3,5,2adc817f4430ceb69a0c27525ca97f06ecdb656353db010fd9f7ad8f24e88bdf,hardlink
train,/root/autodl-tmp/datasets/sources/construction-ppe_ultralytics_2025_v1/images/train/image297.jpg,/root/autodl-tmp/datasets/sources/construction-ppe_ultralytics_2025_v1/labels/train/image297.txt,/root/autodl-tmp/datasets/derived/construction_ppe3_canonical_v1_20260804_172437/images/all/train__image297.jpg,/root/autodl-tmp/datasets/derived/construction_ppe3_canonical_v1_20260804_172437/labels/all/train__image297.txt,8,3,5,6e4411d218381497807e989159d029269b45658e184109ad2239d2f5144ba872,hardlink
train,/root/autodl-tmp/datasets/sources/construction-ppe_ultralytics_2025_v1/images/train/image298.jpg,/root/autodl-tmp/datasets/sources/construction-ppe_ultralytics_2025_v1/labels/train/image298.txt,/root/autodl-tmp/datasets/derived/construction_ppe3_canonical_v1_20260804_172437/images/all/train__image298.jpg,/root/autodl-tmp/datasets/derived/construction_ppe3_canonical_v1_20260804_172437/labels/all/train__image298.txt,8,3,5,cdad27a05541b3fd596d1dffb33f121aef3d0bbc4831d73c0752ac999b7d958f,hardlink
train,/root/autodl-tmp/datasets/sources/construction-ppe_ultralytics_2025_v1/images/train/image299.jpg,/root/autodl-tmp/datasets/sources/construction-ppe_ultralytics_2025_v1/labels/train/image299.txt,/root/autodl-tmp/datasets/derived/construction_ppe3_canonical_v1_20260804_172437/images/all/train__image299.jpg,/root/autodl-tmp/datasets/derived/construction_ppe3_canonical_v1_20260804_172437/labels/all/train__image299.txt,8,3,5,29ac1640579fd7b8f98d6c01002d7c7c5b6f0f46c1eae00d520f7218ce8f2fed,hardlink
train,/root/autodl-tmp/datasets/sources/construction-ppe_ultralytics_2025_v1/images/train/image3.jpeg,/root/autodl-tmp/datasets/sources/construction-ppe_ultralytics_2025_v1/labels/train/image3.txt,/root/autodl-tmp/datasets/derived/construction_ppe3_canonical_v1_20260804_172437/images/all/train__image3.jpeg,/root/autodl-tmp/datasets/derived/construction_ppe3_canonical_v1_20260804_172437/labels/all/train__image3.txt,3,3,0,6b3b30b75a9293ef09ce794d4404807e39a54483632f131787d60b4d2159d296,hardlink
train,/root/autodl-tmp/datasets/sources/construction-ppe_ultralytics_2025_v1/images/train/image30.jpeg,/root/autodl-tmp/datasets/sources/construction-ppe_ultralytics_2025_v1/labels/train/image30.txt,/root/autodl-tmp/datasets/derived/construction_ppe3_canonical_v1_20260804_172437/images/all/train__image30.jpeg,/root/autodl-tmp/datasets/derived/construction_ppe3_canonical_v1_20260804_172437/labels/all/train__image30.txt,5,3,2,dbb5c5eb5d42eadaeebf79c39cb622d89551fd8ae351a86b5236a40d1380e396,hardlink
train,/root/autodl-tmp/datasets/sources/construction-ppe_ultralytics_2025_v1/images/train/image300.jpeg,/root/autodl-tmp/datasets/sources/construction-ppe_ultralytics_2025_v1/labels/train/image300.txt,/root/autodl-tmp/datasets/derived/construction_ppe3_canonical_v1_20260804_172437/images/all/train__image300.jpeg,/root/autodl-tmp/datasets/derived/construction_ppe3_canonical_v1_20260804_172437/labels/all/train__image300.txt,6,6,0,c0acd2be72d274ba10e0a52226d22e7bf569434f3483c956ffb3c160c152c759,hardlink
train,/root/autodl-tmp/datasets/sources/construction-ppe_ultralytics_2025_v1/images/train/image301.jpg,/root/autodl-tmp/datasets/sources/construction-ppe_ultralytics_2025_v1/labels/train/image301.txt,/root/autodl-tmp/datasets/derived/construction_ppe3_canonical_v1_20260804_172437/images/all/train__image301.jpg,/root/autodl-tmp/datasets/derived/construction_ppe3_canonical_v1_20260804_172437/labels/all/train__image301.txt,5,3,2,53c1e367d10472d619f1a03ef70f3a307a216f1debc3d171bf31ceb2b62293b6,hardlink
train,/root/autodl-tmp/datasets/sources/construction-ppe_ultralytics_2025_v1/images/train/image302.jpg,/root/autodl-tmp/datasets/sources/construction-ppe_ultralytics_2025_v1/labels/train/image302.txt,/root/autodl-tmp/datasets/derived/construction_ppe3_canonical_v1_20260804_172437/images/all/train__image302.jpg,/root/autodl-tmp/datasets/derived/construction_ppe3_canonical_v1_20260804_172437/labels/all/train__image302.txt,8,3,5,842fc976c447ec673ce7560cdc337a9da058b077f102da4e8f6b0f94b8b22051,hardlink
train,/root/autodl-tmp/datasets/sources/construction-ppe_ultralytics_2025_v1/images/train/image303.jpg,/root/autodl-tmp/datasets/sources/construction-ppe_ultralytics_2025_v1/labels/train/image303.txt,/root/autodl-tmp/datasets/derived/construction_ppe3_canonical_v1_20260804_172437/images/all/train__image303.jpg,/root/autodl-tmp/datasets/derived/construction_ppe3_canonical_v1_20260804_172437/labels/all/train__image303.txt,8,3,5,c3980b851ab8d01aac1e24099096ce5da1e5af3132f1fb4fac547cef2c7d5f67,hardlink
train,/root/autodl-tmp/datasets/sources/construction-ppe_ultralytics_2025_v1/images/train/image304.jpg,/root/autodl-tmp/datasets/sources/construction-ppe_ultralytics_2025_v1/labels/train/image304.txt,/root/autodl-tmp/datasets/derived/construction_ppe3_canonical_v1_20260804_172437/images/all/train__image304.jpg,/root/autodl-tmp/datasets/derived/construction_ppe3_canonical_v1_20260804_172437/labels/all/train__image304.txt,8,8,0,7bb5f194b803fb2902751ee40929f44f1b739c0917bd49490b570fda9ac5321c,hardlink
train,/root/autodl-tmp/datasets/sources/construction-ppe_ultralytics_2025_v1/images/train/image305.jpg,/root/autodl-tmp/datasets/sources/construction-ppe_ultralytics_2025_v1/labels/train/image305.txt,/root/autodl-tmp/datasets/derived/construction_ppe3_canonical_v1_20260804_172437/images/all/train__image305.jpg,/root/autodl-tmp/datasets/derived/construction_ppe3_canonical_v1_20260804_172437/labels/all/train__image305.txt,13,10,3,6ebeeda5f3594540686cede4c011d29d83b1321cda62a2090139ea9be172f514,hardlink
train,/root/autodl-tmp/datasets/sources/construction-ppe_ultralytics_2025_v1/images/train/image306.jpg,/root/autodl-tmp/datasets/sources/construction-ppe_ultralytics_2025_v1/labels/train/image306.txt,/root/autodl-tmp/datasets/derived/construction_ppe3_canonical_v1_20260804_172437/images/all/train__image306.jpg,/root/autodl-tmp/datasets/derived/construction_ppe3_canonical_v1_20260804_172437/labels/all/train__image306.txt,21,21,0,5e153c6c2a1807557998bee2118cc4c219ac093c58fa3c0b1b48cea2b1ef0610,hardlink
train,/root/autodl-tmp/datasets/sources/construction-ppe_ultralytics_2025_v1/images/train/image307.jpg,/root/autodl-tmp/datasets/sources/construction-ppe_ultralytics_2025_v1/labels/train/image307.txt,/root/autodl-tmp/datasets/derived/construction_ppe3_canonical_v1_20260804_172437/images/all/train__image307.jpg,/root/autodl-tmp/datasets/derived/construction_ppe3_canonical_v1_20260804_172437/labels/all/train__image307.txt,14,12,2,9476fb4d706cd98a65740fbdb056bf170060e2ef2abaa5407e1644f0e8800782,hardlink
train,/root/autodl-tmp/datasets/sources/construction-ppe_ultralytics_2025_v1/images/train/image308.jpg,/root/autodl-tmp/datasets/sources/construction-ppe_ultralytics_2025_v1/labels/train/image308.txt,/root/autodl-tmp/datasets/derived/construction_ppe3_canonical_v1_20260804_172437/images/all/train__image308.jpg,/root/autodl-tmp/datasets/derived/construction_ppe3_canonical_v1_20260804_172437/labels/all/train__image308.txt,17,17,0,6f9c1097a8fb1075c1d4c16d2e2172f52c332808b09b04f15fd028468bc4f845,hardlink
train,/root/autodl-tmp/datasets/sources/construction-ppe_ultralytics_2025_v1/images/train/image309.jpg,/root/autodl-tmp/datasets/sources/construction-ppe_ultralytics_2025_v1/labels/train/image309.txt,/root/autodl-tmp/datasets/derived/construction_ppe3_canonical_v1_20260804_172437/images/all/train__image309.jpg,/root/autodl-tmp/datasets/derived/construction_ppe3_canonical_v1_20260804_172437/labels/all/train__image309.txt,16,16,0,91de4823d21c08b151a45dac52a1101b9cfb0e4f3283fce3a5572b93764bf237,hardlink
train,/root/autodl-tmp/datasets/sources/construction-ppe_ultralytics_2025_v1/images/train/image310.jpg,/root/autodl-tmp/datasets/sources/construction-ppe_ultralytics_2025_v1/labels/train/image310.txt,/root/autodl-tmp/datasets/derived/construction_ppe3_canonical_v1_20260804_172437/images/all/train__image310.jpg,/root/autodl-tmp/datasets/derived/construction_ppe3_canonical_v1_20260804_172437/labels/all/train__image310.txt,4,3,1,f06f7195402f52662730b1bbc54b7a1e17188e7071a6957d17a25ed999aeff75,hardlink
train,/root/autodl-tmp/datasets/sources/construction-ppe_ultralytics_2025_v1/images/train/image311.jpg,/root/autodl-tmp/datasets/sources/construction-ppe_ultralytics_2025_v1/labels/train/image311.txt,/root/autodl-tmp/datasets/derived/construction_ppe3_canonical_v1_20260804_172437/images/all/train__image311.jpg,/root/autodl-tmp/datasets/derived/construction_ppe3_canonical_v1_20260804_172437/labels/all/train__image311.txt,5,3,2,7e9a077121f48dbe269e62ef3544d83a2aa4c6b8fa87f8e45c32965053e5c96c,hardlink
train,/root/autodl-tmp/datasets/sources/construction-ppe_ultralytics_2025_v1/images/train/image312.jpg,/root/autodl-tmp/datasets/sources/construction-ppe_ultralytics_2025_v1/labels/train/image312.txt,/root/autodl-tmp/datasets/derived/construction_ppe3_canonical_v1_20260804_172437/images/all/train__image312.jpg,/root/autodl-tmp/datasets/derived/construction_ppe3_canonical_v1_20260804_172437/labels/all/train__image312.txt,5,3,2,951eb62fc3841df549355dee706399872c95c68bca636baaf8d7d90f9740ea20,hardlink
train,/root/autodl-tmp/datasets/sources/construction-ppe_ultralytics_2025_v1/images/train/image313.jpg,/root/autodl-tmp/datasets/sources/construction-ppe_ultralytics_2025_v1/labels/train/image313.txt,/root/autodl-tmp/datasets/derived/construction_ppe3_canonical_v1_20260804_172437/images/all/train__image313.jpg,/root/autodl-tmp/datasets/derived/construction_ppe3_canonical_v1_20260804_172437/labels/all/train__image313.txt,5,3,2,edcc4f28d89b002c9d209dbce7becdbcc81c3c56dda8f9427d531e8bb6f6a5e6,hardlink
train,/root/autodl-tmp/datasets/sources/construction-ppe_ultralytics_2025_v1/images/train/image314.jpg,/root/autodl-tmp/datasets/sources/construction-ppe_ultralytics_2025_v1/labels/train/image314.txt,/root/autodl-tmp/datasets/derived/construction_ppe3_canonical_v1_20260804_172437/images/all/train__image314.jpg,/root/autodl-tmp/datasets/derived/construction_ppe3_canonical_v1_20260804_172437/labels/all/train__image314.txt,3,3,0,d042f44b26a9a565a30438ceb84214e697007242d4b584d8c60ce1ae90792387,hardlink
train,/root/autodl-tmp/datasets/sources/construction-ppe_ultralytics_2025_v1/images/train/image315.jpg,/root/autodl-tmp/datasets/sources/construction-ppe_ultralytics_2025_v1/labels/train/image315.txt,/root/autodl-tmp/datasets/derived/construction_ppe3_canonical_v1_20260804_172437/images/all/train__image315.jpg,/root/autodl-tmp/datasets/derived/construction_ppe3_canonical_v1_20260804_172437/labels/all/train__image315.txt,10,6,4,1f6d5279303f745803a055e4cb91a24d292c8f6d7c5d42a22448b0fbf8a07182,hardlink
train,/root/autodl-tmp/datasets/sources/construction-ppe_ultralytics_2025_v1/images/train/image316.jpg,/root/autodl-tmp/datasets/sources/construction-ppe_ultralytics_2025_v1/labels/train/image316.txt,/root/autodl-tmp/datasets/derived/construction_ppe3_canonical_v1_20260804_172437/images/all/train__image316.jpg,/root/autodl-tmp/datasets/derived/construction_ppe3_canonical_v1_20260804_172437/labels/all/train__image316.txt,6,3,3,752c48bf5304ce2fe8ed3cea6d73805b23ddadad2bd8d528b962ac822e892935,hardlink
train,/root/autodl-tmp/datasets/sources/construction-ppe_ultralytics_2025_v1/images/train/image317.jpg,/root/autodl-tmp/datasets/sources/construction-ppe_ultralytics_2025_v1/labels/train/image317.txt,/root/autodl-tmp/datasets/derived/construction_ppe3_canonical_v1_20260804_172437/images/all/train__image317.jpg,/root/autodl-tmp/datasets/derived/construction_ppe3_canonical_v1_20260804_172437/labels/all/train__image317.txt,4,3,1,2eb8e8a9d2e822ac129fb68365d8873dcaffc988ad0b8dc733e22bc307976cc1,hardlink
train,/root/autodl-tmp/datasets/sources/construction-ppe_ultralytics_2025_v1/images/train/image319.jpg,/root/autodl-tmp/datasets/sources/construction-ppe_ultralytics_2025_v1/labels/train/image319.txt,/root/autodl-tmp/datasets/derived/construction_ppe3_canonical_v1_20260804_172437/images/all/train__image319.jpg,/root/autodl-tmp/datasets/derived/construction_ppe3_canonical_v1_20260804_172437/labels/all/train__image319.txt,4,3,1,cdbd416909a60471ed109cd15ae9948d178971f5bbe1d4022784013515c4c86f,hardlink
train,/root/autodl-tmp/datasets/sources/construction-ppe_ultralytics_2025_v1/images/train/image32.jpeg,/root/autodl-tmp/datasets/sources/construction-ppe_ultralytics_2025_v1/labels/train/image32.txt,/root/autodl-tmp/datasets/derived/construction_ppe3_canonical_v1_20260804_172437/images/all/train__image32.jpeg,/root/autodl-tmp/datasets/derived/construction_ppe3_canonical_v1_20260804_172437/labels/all/train__image32.txt,6,3,3,bb652fe3f598ba9503e0c5cec5fa9022d82d7ea49b24bf09aab3f4a5e9e410a4,hardlink
train,/root/autodl-tmp/datasets/sources/construction-ppe_ultralytics_2025_v1/images/train/image320.jpg,/root/autodl-tmp/datasets/sources/construction-ppe_ultralytics_2025_v1/labels/train/image320.txt,/root/autodl-tmp/datasets/derived/construction_ppe3_canonical_v1_20260804_172437/images/all/train__image320.jpg,/root/autodl-tmp/datasets/derived/construction_ppe3_canonical_v1_20260804_172437/labels/all/train__image320.txt,16,15,1,ee1893c97c29dd4efc59ce1d0eba626fb28916478f0d03f43fa7a31b1e691435,hardlink
train,/root/autodl-tmp/datasets/sources/construction-ppe_ultralytics_2025_v1/images/train/image321.jpg,/root/autodl-tmp/datasets/sources/construction-ppe_ultralytics_2025_v1/labels/train/image321.txt,/root/autodl-tmp/datasets/derived/construction_ppe3_canonical_v1_20260804_172437/images/all/train__image321.jpg,/root/autodl-tmp/datasets/derived/construction_ppe3_canonical_v1_20260804_172437/labels/all/train__image321.txt,18,13,5,42b9984f50640774822cd18b4d7d51e92af35d53bc976962195f559249e63c4e,hardlink
train,/root/autodl-tmp/datasets/sources/construction-ppe_ultralytics_2025_v1/images/train/image322.jpg,/root/autodl-tmp/datasets/sources/construction-ppe_ultralytics_2025_v1/labels/train/image322.txt,/root/autodl-tmp/datasets/derived/construction_ppe3_canonical_v1_20260804_172437/images/all/train__image322.jpg,/root/autodl-tmp/datasets/derived/construction_ppe3_canonical_v1_20260804_172437/labels/all/train__image322.txt,17,17,0,1161168b25ddee0eea8e5f0d01f826e7976448e947639f1c146ad1abad24a7e0,hardlink
train,/root/autodl-tmp/datasets/sources/construction-ppe_ultralytics_2025_v1/images/train/image323.jpg,/root/autodl-tmp/datasets/sources/construction-ppe_ultralytics_2025_v1/labels/train/image323.txt,/root/autodl-tmp/datasets/derived/construction_ppe3_canonical_v1_20260804_172437/images/all/train__image323.jpg,/root/autodl-tmp/datasets/derived/construction_ppe3_canonical_v1_20260804_172437/labels/all/train__image323.txt,10,9,1,5ae91be0dec2f0af5f000d29b9ca3809fe56b832f9707e0f7b3644c093ffa3af,hardlink
train,/root/autodl-tmp/datasets/sources/construction-ppe_ultralytics_2025_v1/images/train/image325.jpg,/root/autodl-tmp/datasets/sources/construction-ppe_ultralytics_2025_v1/labels/train/image325.txt,/root/autodl-tmp/datasets/derived/construction_ppe3_canonical_v1_20260804_172437/images/all/train__image325.jpg,/root/autodl-tmp/datasets/derived/construction_ppe3_canonical_v1_20260804_172437/labels/all/train__image325.txt,4,3,1,c27b6f554de326a7fb7d2471efde6fa78d74087484e343bee3d279f5154be3e0,hardlink
train,/root/autodl-tmp/datasets/sources/construction-ppe_ultralytics_2025_v1/images/train/image326.jpg,/root/autodl-tmp/datasets/sources/construction-ppe_ultralytics_2025_v1/labels/train/image326.txt,/root/autodl-tmp/datasets/derived/construction_ppe3_canonical_v1_20260804_172437/images/all/train__image326.jpg,/root/autodl-tmp/datasets/derived/construction_ppe3_canonical_v1_20260804_172437/labels/all/train__image326.txt,5,3,2,2428635f10cf809de015d41f3b874aa82472af43b490c2fdbea874f3752e0247,hardlink
train,/root/autodl-tmp/datasets/sources/construction-ppe_ultralytics_2025_v1/images/train/image327.jpeg,/root/autodl-tmp/datasets/sources/construction-ppe_ultralytics_2025_v1/labels/train/image327.txt,/root/autodl-tmp/datasets/derived/construction_ppe3_canonical_v1_20260804_172437/images/all/train__image327.jpeg,/root/autodl-tmp/datasets/derived/construction_ppe3_canonical_v1_20260804_172437/labels/all/train__image327.txt,3,3,0,103b4fd13c0de0aea859abd8be2b8d028bb85a3d4c1c8144d51ec72b6fa7b04d,hardlink
train,/root/autodl-tmp/datasets/sources/construction-ppe_ultralytics_2025_v1/images/train/image328.jpeg,/root/autodl-tmp/datasets/sources/construction-ppe_ultralytics_2025_v1/labels/train/image328.txt,/root/autodl-tmp/datasets/derived/construction_ppe3_canonical_v1_20260804_172437/images/all/train__image328.jpeg,/root/autodl-tmp/datasets/derived/construction_ppe3_canonical_v1_20260804_172437/labels/all/train__image328.txt,3,3,0,2d8f94aaea990e29cd194c1a1287143f023b58ade9264da91d83aff1eb649f59,hardlink
train,/root/autodl-tmp/datasets/sources/construction-ppe_ultralytics_2025_v1/images/train/image33.jpg,/root/autodl-tmp/datasets/sources/construction-ppe_ultralytics_2025_v1/labels/train/image33.txt,/root/autodl-tmp/datasets/derived/construction_ppe3_canonical_v1_20260804_172437/images/all/train__image33.jpg,/root/autodl-tmp/datasets/derived/construction_ppe3_canonical_v1_20260804_172437/labels/all/train__image33.txt,5,3,2,63a86f919d30d4c2cd591181b14b22cf70e96a4cf28143e4fcaf0fc1647e0ba1,hardlink
train,/root/autodl-tmp/datasets/sources/construction-ppe_ultralytics_2025_v1/images/train/image331.jpg,/root/autodl-tmp/datasets/sources/construction-ppe_ultralytics_2025_v1/labels/train/image331.txt,/root/autodl-tmp/datasets/derived/construction_ppe3_canonical_v1_20260804_172437/images/all/train__image331.jpg,/root/autodl-tmp/datasets/derived/construction_ppe3_canonical_v1_20260804_172437/labels/all/train__image331.txt,4,2,2,d88b3ae072e8d50846cbc43c53083a0beacbc6e2bab3e739caa7fd129fa84b8a,hardlink
train,/root/autodl-tmp/datasets/sources/construction-ppe_ultralytics_2025_v1/images/train/image332.jpg,/root/autodl-tmp/datasets/sources/construction-ppe_ultralytics_2025_v1/labels/train/image332.txt,/root/autodl-tmp/datasets/derived/construction_ppe3_canonical_v1_20260804_172437/images/all/train__image332.jpg,/root/autodl-tmp/datasets/derived/construction_ppe3_canonical_v1_20260804_172437/labels/all/train__image332.txt,5,3,2,a8b40b854dc34d404966ee2aed2064205ff0ddaeb6dd6de1ce779554cfd051ba,hardlink
train,/root/autodl-tmp/datasets/sources/construction-ppe_ultralytics_2025_v1/images/train/image333.jpg,/root/autodl-tmp/datasets/sources/construction-ppe_ultralytics_2025_v1/labels/train/image333.txt,/root/autodl-tmp/datasets/derived/construction_ppe3_canonical_v1_20260804_172437/images/all/train__image333.jpg,/root/autodl-tmp/datasets/derived/construction_ppe3_canonical_v1_20260804_172437/labels/all/train__image333.txt,4,3,1,a527aebf66d82f9503a0c23d77c032e9ec1ab20fc7bc858cd9c3fd1f474d682d,hardlink
train,/root/autodl-tmp/datasets/sources/construction-ppe_ultralytics_2025_v1/images/train/image334.jpg,/root/autodl-tmp/datasets/sources/construction-ppe_ultralytics_2025_v1/labels/train/image334.txt,/root/autodl-tmp/datasets/derived/construction_ppe3_canonical_v1_20260804_172437/images/all/train__image334.jpg,/root/autodl-tmp/datasets/derived/construction_ppe3_canonical_v1_20260804_172437/labels/all/train__image334.txt,4,3,1,412caf545411a069a5c84d312221ebaefbd383b9b82934e6f8003fb156ee80ce,hardlink
train,/root/autodl-tmp/datasets/sources/construction-ppe_ultralytics_2025_v1/images/train/image335.jpg,/root/autodl-tmp/datasets/sources/construction-ppe_ultralytics_2025_v1/labels/train/image335.txt,/root/autodl-tmp/datasets/derived/construction_ppe3_canonical_v1_20260804_172437/images/all/train__image335.jpg,/root/autodl-tmp/datasets/derived/construction_ppe3_canonical_v1_20260804_172437/labels/all/train__image335.txt,5,3,2,40984434446f936162f5a0ec5f5ff3b5765c201f912ef2f959c0d9364ca2eb7f,hardlink
train,/root/autodl-tmp/datasets/sources/construction-ppe_ultralytics_2025_v1/images/train/image336.jpg,/root/autodl-tmp/datasets/sources/construction-ppe_ultralytics_2025_v1/labels/train/image336.txt,/root/autodl-tmp/datasets/derived/construction_ppe3_canonical_v1_20260804_172437/images/all/train__image336.jpg,/root/autodl-tmp/datasets/derived/construction_ppe3_canonical_v1_20260804_172437/labels/all/train__image336.txt,8,6,2,932dfce945f5c69f10faf7fbb85ad97e21f8f3bcd6fe852fc43f6b4c23d23047,hardlink
train,/root/autodl-tmp/datasets/sources/construction-ppe_ultralytics_2025_v1/images/train/image338.jpg,/root/autodl-tmp/datasets/sources/construction-ppe_ultralytics_2025_v1/labels/train/image338.txt,/root/autodl-tmp/datasets/derived/construction_ppe3_canonical_v1_20260804_172437/images/all/train__image338.jpg,/root/autodl-tmp/datasets/derived/construction_ppe3_canonical_v1_20260804_172437/labels/all/train__image338.txt,3,3,0,e868f54a18f0ce38ec8705e52c58f6a449bba2d44f8e41ba8f174791194f36a2,hardlink
train,/root/autodl-tmp/datasets/sources/construction-ppe_ultralytics_2025_v1/images/train/image339.jpg,/root/autodl-tmp/datasets/sources/construction-ppe_ultralytics_2025_v1/labels/train/image339.txt,/root/autodl-tmp/datasets/derived/construction_ppe3_canonical_v1_20260804_172437/images/all/train__image339.jpg,/root/autodl-tmp/datasets/derived/construction_ppe3_canonical_v1_20260804_172437/labels/all/train__image339.txt,3,3,0,cf3e3797abfa15373a4af6b53582d0122da28a69bbd35f2bdf38f573005b134f,hardlink
train,/root/autodl-tmp/datasets/sources/construction-ppe_ultralytics_2025_v1/images/train/image34.jpeg,/root/autodl-tmp/datasets/sources/construction-ppe_ultralytics_2025_v1/labels/train/image34.txt,/root/autodl-tmp/datasets/derived/construction_ppe3_canonical_v1_20260804_172437/images/all/train__image34.jpeg,/root/autodl-tmp/datasets/derived/construction_ppe3_canonical_v1_20260804_172437/labels/all/train__image34.txt,6,5,1,ad5b1c972c512f45ec7a761d242b506bf91466c58ed20bcacdc14a8ded62e5af,hardlink
train,/root/autodl-tmp/datasets/sources/construction-ppe_ultralytics_2025_v1/images/train/image340.jpg,/root/autodl-tmp/datasets/sources/construction-ppe_ultralytics_2025_v1/labels/train/image340.txt,/root/autodl-tmp/datasets/derived/construction_ppe3_canonical_v1_20260804_172437/images/all/train__image340.jpg,/root/autodl-tmp/datasets/derived/construction_ppe3_canonical_v1_20260804_172437/labels/all/train__image340.txt,3,3,0,9564981c83fa394ef2f4782e88c59a8bfc3e1a208e13cb2b1fb8dd3cbebb3eb7,hardlink
train,/root/autodl-tmp/datasets/sources/construction-ppe_ultralytics_2025_v1/images/train/image341.jpg,/root/autodl-tmp/datasets/sources/construction-ppe_ultralytics_2025_v1/labels/train/image341.txt,/root/autodl-tmp/datasets/derived/construction_ppe3_canonical_v1_20260804_172437/images/all/train__image341.jpg,/root/autodl-tmp/datasets/derived/construction_ppe3_canonical_v1_20260804_172437/labels/all/train__image341.txt,3,3,0,d72f77d4e26f2b3c278af16c0e186cc593c13afbd4d5da1521c54ab60f872ba4,hardlink
train,/root/autodl-tmp/datasets/sources/construction-ppe_ultralytics_2025_v1/images/train/image342.jpg,/root/autodl-tmp/datasets/sources/construction-ppe_ultralytics_2025_v1/labels/train/image342.txt,/root/autodl-tmp/datasets/derived/construction_ppe3_canonical_v1_20260804_172437/images/all/train__image342.jpg,/root/autodl-tmp/datasets/derived/construction_ppe3_canonical_v1_20260804_172437/labels/all/train__image342.txt,3,3,0,1af28d08ae98906539f8501e50c23e41dcc4691d5a3cdab38fe81764c2752968,hardlink
train,/root/autodl-tmp/datasets/sources/construction-ppe_ultralytics_2025_v1/images/train/image343.jpeg,/root/autodl-tmp/datasets/sources/construction-ppe_ultralytics_2025_v1/labels/train/image343.txt,/root/autodl-tmp/datasets/derived/construction_ppe3_canonical_v1_20260804_172437/images/all/train__image343.jpeg,/root/autodl-tmp/datasets/derived/construction_ppe3_canonical_v1_20260804_172437/labels/all/train__image343.txt,20,12,8,b70f96714d6d91e14ca9d5f7c74ef2ad2fb46072e3e5f21384862a2dc68fb8e5,hardlink
train,/root/autodl-tmp/datasets/sources/construction-ppe_ultralytics_2025_v1/images/train/image344.jpg,/root/autodl-tmp/datasets/sources/construction-ppe_ultralytics_2025_v1/labels/train/image344.txt,/root/autodl-tmp/datasets/derived/construction_ppe3_canonical_v1_20260804_172437/images/all/train__image344.jpg,/root/autodl-tmp/datasets/derived/construction_ppe3_canonical_v1_20260804_172437/labels/all/train__image344.txt,3,3,0,c2802a31ba1cc25fce0d004f81b60ed077cdbd74644cc65ed9abe4bc8e4ebe7f,hardlink
train,/root/autodl-tmp/datasets/sources/construction-ppe_ultralytics_2025_v1/images/train/image346.jpg,/root/autodl-tmp/datasets/sources/construction-ppe_ultralytics_2025_v1/labels/train/image346.txt,/root/autodl-tmp/datasets/derived/construction_ppe3_canonical_v1_20260804_172437/images/all/train__image346.jpg,/root/autodl-tmp/datasets/derived/construction_ppe3_canonical_v1_20260804_172437/labels/all/train__image346.txt,3,3,0,783845f354c9941ecd290d3b6bf59e88f6458b944580f70f4c95f5ff10210894,hardlink
train,/root/autodl-tmp/datasets/sources/construction-ppe_ultralytics_2025_v1/images/train/image348.jpg,/root/autodl-tmp/datasets/sources/construction-ppe_ultralytics_2025_v1/labels/train/image348.txt,/root/autodl-tmp/datasets/derived/construction_ppe3_canonical_v1_20260804_172437/images/all/train__image348.jpg,/root/autodl-tmp/datasets/derived/construction_ppe3_canonical_v1_20260804_172437/labels/all/train__image348.txt,3,3,0,0dfef735a0b35c14e13fbac2908510ee88271ca12b2a9f05f9d34bd3ccafc57e,hardlink
train,/root/autodl-tmp/datasets/sources/construction-ppe_ultralytics_2025_v1/images/train/image349.jpg,/root/autodl-tmp/datasets/sources/construction-ppe_ultralytics_2025_v1/labels/train/image349.txt,/root/autodl-tmp/datasets/derived/construction_ppe3_canonical_v1_20260804_172437/images/all/train__image349.jpg,/root/autodl-tmp/datasets/derived/construction_ppe3_canonical_v1_20260804_172437/labels/all/train__image349.txt,10,10,0,30a815324d45fec68c76a4d6cc3d0d89457a61771ad147b5cc0e2ad51dbe63cf,hardlink
train,/root/autodl-tmp/datasets/sources/construction-ppe_ultralytics_2025_v1/images/train/image351.jpg,/root/autodl-tmp/datasets/sources/construction-ppe_ultralytics_2025_v1/labels/train/image351.txt,/root/autodl-tmp/datasets/derived/construction_ppe3_canonical_v1_20260804_172437/images/all/train__image351.jpg,/root/autodl-tmp/datasets/derived/construction_ppe3_canonical_v1_20260804_172437/labels/all/train__image351.txt,8,3,5,a9fd3bbb5c4959ff5b5c4662c3319a419aa1133a975ceeeb10548bc8b26a57bf,hardlink
train,/root/autodl-tmp/datasets/sources/construction-ppe_ultralytics_2025_v1/images/train/image352.jpg,/root/autodl-tmp/datasets/sources/construction-ppe_ultralytics_2025_v1/labels/train/image352.txt,/root/autodl-tmp/datasets/derived/construction_ppe3_canonical_v1_20260804_172437/images/all/train__image352.jpg,/root/autodl-tmp/datasets/derived/construction_ppe3_canonical_v1_20260804_172437/labels/all/train__image352.txt,8,6,2,501fe5476308863d1c5882882240981a459728a8f639c7f9c6daac4994b52ce9,hardlink
train,/root/autodl-tmp/datasets/sources/construction-ppe_ultralytics_2025_v1/images/train/image353.jpg,/root/autodl-tmp/datasets/sources/construction-ppe_ultralytics_2025_v1/labels/train/image353.txt,/root/autodl-tmp/datasets/derived/construction_ppe3_canonical_v1_20260804_172437/images/all/train__image353.jpg,/root/autodl-tmp/datasets/derived/construction_ppe3_canonical_v1_20260804_172437/labels/all/train__image353.txt,8,3,5,070cc728df02cc3d4a1bb7f0ba7dd3928394212bbf9cb9adf25586a3e8469c7d,hardlink
train,/root/autodl-tmp/datasets/sources/construction-ppe_ultralytics_2025_v1/images/train/image354.jpg,/root/autodl-tmp/datasets/sources/construction-ppe_ultralytics_2025_v1/labels/train/image354.txt,/root/autodl-tmp/datasets/derived/construction_ppe3_canonical_v1_20260804_172437/images/all/train__image354.jpg,/root/autodl-tmp/datasets/derived/construction_ppe3_canonical_v1_20260804_172437/labels/all/train__image354.txt,3,3,0,aab763126ac4be003e4125ad943b99ab92577a76fa78d2f75adecfa30d515ca4,hardlink
train,/root/autodl-tmp/datasets/sources/construction-ppe_ultralytics_2025_v1/images/train/image356.jpg,/root/autodl-tmp/datasets/sources/construction-ppe_ultralytics_2025_v1/labels/train/image356.txt,/root/autodl-tmp/datasets/derived/construction_ppe3_canonical_v1_20260804_172437/images/all/train__image356.jpg,/root/autodl-tmp/datasets/derived/construction_ppe3_canonical_v1_20260804_172437/labels/all/train__image356.txt,8,3,5,e823abf8477ca7134867bf7b7f6b8830061d82addfcedf2a1317d58ab1fe5005,hardlink
train,/root/autodl-tmp/datasets/sources/construction-ppe_ultralytics_2025_v1/images/train/image357.jpg,/root/autodl-tmp/datasets/sources/construction-ppe_ultralytics_2025_v1/labels/train/image357.txt,/root/autodl-tmp/datasets/derived/construction_ppe3_canonical_v1_20260804_172437/images/all/train__image357.jpg,/root/autodl-tmp/datasets/derived/construction_ppe3_canonical_v1_20260804_172437/labels/all/train__image357.txt,8,3,5,fa10176dc67782d6e3b466c9c4a95a6d6766833edb3fd5835cf350937d37eefe,hardlink
train,/root/autodl-tmp/datasets/sources/construction-ppe_ultralytics_2025_v1/images/train/image358.jpg,/root/autodl-tmp/datasets/sources/construction-ppe_ultralytics_2025_v1/labels/train/image358.txt,/root/autodl-tmp/datasets/derived/construction_ppe3_canonical_v1_20260804_172437/images/all/train__image358.jpg,/root/autodl-tmp/datasets/derived/construction_ppe3_canonical_v1_20260804_172437/labels/all/train__image358.txt,8,3,5,83a0e1bb4727c79b90e60840564a2cc682636f5cc60b856dae9d99b6f6ebe865,hardlink
train,/root/autodl-tmp/datasets/sources/construction-ppe_ultralytics_2025_v1/images/train/image359.jpg,/root/autodl-tmp/datasets/sources/construction-ppe_ultralytics_2025_v1/labels/train/image359.txt,/root/autodl-tmp/datasets/derived/construction_ppe3_canonical_v1_20260804_172437/images/all/train__image359.jpg,/root/autodl-tmp/datasets/derived/construction_ppe3_canonical_v1_20260804_172437/labels/all/train__image359.txt,8,3,5,0e210ce771fb048481ac96207cff0fc89616767c8ff84c0add8b15dee9e48cfa,hardlink
train,/root/autodl-tmp/datasets/sources/construction-ppe_ultralytics_2025_v1/images/train/image36.jpg,/root/autodl-tmp/datasets/sources/construction-ppe_ultralytics_2025_v1/labels/train/image36.txt,/root/autodl-tmp/datasets/derived/construction_ppe3_canonical_v1_20260804_172437/images/all/train__image36.jpg,/root/autodl-tmp/datasets/derived/construction_ppe3_canonical_v1_20260804_172437/labels/all/train__image36.txt,5,3,2,07506210f32f04b19e55313d8483d7a6eea4f80a84cc9ed41f6a788eda7074e7,hardlink
train,/root/autodl-tmp/datasets/sources/construction-ppe_ultralytics_2025_v1/images/train/image362.jpg,/root/autodl-tmp/datasets/sources/construction-ppe_ultralytics_2025_v1/labels/train/image362.txt,/root/autodl-tmp/datasets/derived/construction_ppe3_canonical_v1_20260804_172437/images/all/train__image362.jpg,/root/autodl-tmp/datasets/derived/construction_ppe3_canonical_v1_20260804_172437/labels/all/train__image362.txt,3,1,2,f25c9bb17a90c68e96965b589f139de3fb733187d219ec4bf5e16962bc641ac6,hardlink
train,/root/autodl-tmp/datasets/sources/construction-ppe_ultralytics_2025_v1/images/train/image363.jpg,/root/autodl-tmp/datasets/sources/construction-ppe_ultralytics_2025_v1/labels/train/image363.txt,/root/autodl-tmp/datasets/derived/construction_ppe3_canonical_v1_20260804_172437/images/all/train__image363.jpg,/root/autodl-tmp/datasets/derived/construction_ppe3_canonical_v1_20260804_172437/labels/all/train__image363.txt,8,3,5,effa395a29947d08d127cfc7c59ef603bfa81030a1d0bfd1f8bcc7e8ab0f29b4,hardlink
train,/root/autodl-tmp/datasets/sources/construction-ppe_ultralytics_2025_v1/images/train/image364.jpg,/root/autodl-tmp/datasets/sources/construction-ppe_ultralytics_2025_v1/labels/train/image364.txt,/root/autodl-tmp/datasets/derived/construction_ppe3_canonical_v1_20260804_172437/images/all/train__image364.jpg,/root/autodl-tmp/datasets/derived/construction_ppe3_canonical_v1_20260804_172437/labels/all/train__image364.txt,7,3,4,d4545eb7bc51173320358510ea7f33b04a7e0999658b60f37c518079431b5265,hardlink
train,/root/autodl-tmp/datasets/sources/construction-ppe_ultralytics_2025_v1/images/train/image365.jpg,/root/autodl-tmp/datasets/sources/construction-ppe_ultralytics_2025_v1/labels/train/image365.txt,/root/autodl-tmp/datasets/derived/construction_ppe3_canonical_v1_20260804_172437/images/all/train__image365.jpg,/root/autodl-tmp/datasets/derived/construction_ppe3_canonical_v1_20260804_172437/labels/all/train__image365.txt,3,3,0,90910bd09a2af85965b144f6eb04253268f9c6c974cfdcd81c1d2e1224fb842e,hardlink
train,/root/autodl-tmp/datasets/sources/construction-ppe_ultralytics_2025_v1/images/train/image366.jpg,/root/autodl-tmp/datasets/sources/construction-ppe_ultralytics_2025_v1/labels/train/image366.txt,/root/autodl-tmp/datasets/derived/construction_ppe3_canonical_v1_20260804_172437/images/all/train__image366.jpg,/root/autodl-tmp/datasets/derived/construction_ppe3_canonical_v1_20260804_172437/labels/all/train__image366.txt,8,3,5,009f773d3d7d4dd7252c9abea7d1da3dcacd4b5dea92dc3247b04a7c68d4a4c8,hardlink
train,/root/autodl-tmp/datasets/sources/construction-ppe_ultralytics_2025_v1/images/train/image367.jpg,/root/autodl-tmp/datasets/sources/construction-ppe_ultralytics_2025_v1/labels/train/image367.txt,/root/autodl-tmp/datasets/derived/construction_ppe3_canonical_v1_20260804_172437/images/all/train__image367.jpg,/root/autodl-tmp/datasets/derived/construction_ppe3_canonical_v1_20260804_172437/labels/all/train__image367.txt,8,3,5,62da6cbaa57722a809b2591dbb574427586e6bb915023d0670667d3c7d095217,hardlink
train,/root/autodl-tmp/datasets/sources/construction-ppe_ultralytics_2025_v1/images/train/image368.jpg,/root/autodl-tmp/datasets/sources/construction-ppe_ultralytics_2025_v1/labels/train/image368.txt,/root/autodl-tmp/datasets/derived/construction_ppe3_canonical_v1_20260804_172437/images/all/train__image368.jpg,/root/autodl-tmp/datasets/derived/construction_ppe3_canonical_v1_20260804_172437/labels/all/train__image368.txt,7,3,4,32738c3db01a2d105a848af695e77065f78f1c46e0f2533acc0137838c2a8525,hardlink
train,/root/autodl-tmp/datasets/sources/construction-ppe_ultralytics_2025_v1/images/train/image369.jpg,/root/autodl-tmp/datasets/sources/construction-ppe_ultralytics_2025_v1/labels/train/image369.txt,/root/autodl-tmp/datasets/derived/construction_ppe3_canonical_v1_20260804_172437/images/all/train__image369.jpg,/root/autodl-tmp/datasets/derived/construction_ppe3_canonical_v1_20260804_172437/labels/all/train__image369.txt,8,3,5,e4baaf83acea01e6e57956baea124a66feaefeb0cafb1d7752c041f1fd9bcbc6,hardlink
train,/root/autodl-tmp/datasets/sources/construction-ppe_ultralytics_2025_v1/images/train/image37.jpeg,/root/autodl-tmp/datasets/sources/construction-ppe_ultralytics_2025_v1/labels/train/image37.txt,/root/autodl-tmp/datasets/derived/construction_ppe3_canonical_v1_20260804_172437/images/all/train__image37.jpeg,/root/autodl-tmp/datasets/derived/construction_ppe3_canonical_v1_20260804_172437/labels/all/train__image37.txt,8,4,4,a3fe6ea30d5a588a195b51e02efcb885989dcda0b56abbaa0894c9ae30a2baa0,hardlink
train,/root/autodl-tmp/datasets/sources/construction-ppe_ultralytics_2025_v1/images/train/image370.jpg,/root/autodl-tmp/datasets/sources/construction-ppe_ultralytics_2025_v1/labels/train/image370.txt,/root/autodl-tmp/datasets/derived/construction_ppe3_canonical_v1_20260804_172437/images/all/train__image370.jpg,/root/autodl-tmp/datasets/derived/construction_ppe3_canonical_v1_20260804_172437/labels/all/train__image370.txt,8,3,5,6fb31426d12f3227dbc23687b4e1760b9bf1c46e94d8720cd178a69c1e23ffc7,hardlink
train,/root/autodl-tmp/datasets/sources/construction-ppe_ultralytics_2025_v1/images/train/image371.jpg,/root/autodl-tmp/datasets/sources/construction-ppe_ultralytics_2025_v1/labels/train/image371.txt,/root/autodl-tmp/datasets/derived/construction_ppe3_canonical_v1_20260804_172437/images/all/train__image371.jpg,/root/autodl-tmp/datasets/derived/construction_ppe3_canonical_v1_20260804_172437/labels/all/train__image371.txt,8,3,5,117d5f9e69d92964e51f89590737e3017e91a34385a5b5faafdad9becfea7a15,hardlink
train,/root/autodl-tmp/datasets/sources/construction-ppe_ultralytics_2025_v1/images/train/image372.jpg,/root/autodl-tmp/datasets/sources/construction-ppe_ultralytics_2025_v1/labels/train/image372.txt,/root/autodl-tmp/datasets/derived/construction_ppe3_canonical_v1_20260804_172437/images/all/train__image372.jpg,/root/autodl-tmp/datasets/derived/construction_ppe3_canonical_v1_20260804_172437/labels/all/train__image372.txt,8,3,5,c4900593a8d3fd24d902c555676624747122f0fe1aea87f6438cf168424182d9,hardlink
train,/root/autodl-tmp/datasets/sources/construction-ppe_ultralytics_2025_v1/images/train/image373.jpg,/root/autodl-tmp/datasets/sources/construction-ppe_ultralytics_2025_v1/labels/train/image373.txt,/root/autodl-tmp/datasets/derived/construction_ppe3_canonical_v1_20260804_172437/images/all/train__image373.jpg,/root/autodl-tmp/datasets/derived/construction_ppe3_canonical_v1_20260804_172437/labels/all/train__image373.txt,8,3,5,d713c756f0b28ea50706af662bc96d29343892cb339c0368c7df61fa44afc679,hardlink
train,/root/autodl-tmp/datasets/sources/construction-ppe_ultralytics_2025_v1/images/train/image374.jpg,/root/autodl-tmp/datasets/sources/construction-ppe_ultralytics_2025_v1/labels/train/image374.txt,/root/autodl-tmp/datasets/derived/construction_ppe3_canonical_v1_20260804_172437/images/all/train__image374.jpg,/root/autodl-tmp/datasets/derived/construction_ppe3_canonical_v1_20260804_172437/labels/all/train__image374.txt,8,3,5,630019dbc01deb74156ea63b67ccf13934da9e92c701df30dd47ed42c2ac2a64,hardlink
train,/root/autodl-tmp/datasets/sources/construction-ppe_ultralytics_2025_v1/images/train/image375.jpg,/root/autodl-tmp/datasets/sources/construction-ppe_ultralytics_2025_v1/labels/train/image375.txt,/root/autodl-tmp/datasets/derived/construction_ppe3_canonical_v1_20260804_172437/images/all/train__image375.jpg,/root/autodl-tmp/datasets/derived/construction_ppe3_canonical_v1_20260804_172437/labels/all/train__image375.txt,7,3,4,795f40c5f279ef0faf6111f22cacbaa01d019a6413300fbdea83bef2ca5a347c,hardlink
train,/root/autodl-tmp/datasets/sources/construction-ppe_ultralytics_2025_v1/images/train/image376.jpg,/root/autodl-tmp/datasets/sources/construction-ppe_ultralytics_2025_v1/labels/train/image376.txt,/root/autodl-tmp/datasets/derived/construction_ppe3_canonical_v1_20260804_172437/images/all/train__image376.jpg,/root/autodl-tmp/datasets/derived/construction_ppe3_canonical_v1_20260804_172437/labels/all/train__image376.txt,5,3,2,24551a5f78337a68f1a5df04628e0acb4ea8456bccafecbb077c8d80cb2e96dd,hardlink
train,/root/autodl-tmp/datasets/sources/construction-ppe_ultralytics_2025_v1/images/train/image377.jpg,/root/autodl-tmp/datasets/sources/construction-ppe_ultralytics_2025_v1/labels/train/image377.txt,/root/autodl-tmp/datasets/derived/construction_ppe3_canonical_v1_20260804_172437/images/all/train__image377.jpg,/root/autodl-tmp/datasets/derived/construction_ppe3_canonical_v1_20260804_172437/labels/all/train__image377.txt,8,3,5,fde31c8ed24fdef3993d2f85ba284837dd5e8f82aa29d82b97afb5d6ee6b2d58,hardlink
train,/root/autodl-tmp/datasets/sources/construction-ppe_ultralytics_2025_v1/images/train/image378.jpg,/root/autodl-tmp/datasets/sources/construction-ppe_ultralytics_2025_v1/labels/train/image378.txt,/root/autodl-tmp/datasets/derived/construction_ppe3_canonical_v1_20260804_172437/images/all/train__image378.jpg,/root/autodl-tmp/datasets/derived/construction_ppe3_canonical_v1_20260804_172437/labels/all/train__image378.txt,8,3,5,abfbcf68420409a89320579048cc00c5a83995f4fe6b67f8b31c2da5b2320a68,hardlink
train,/root/autodl-tmp/datasets/sources/construction-ppe_ultralytics_2025_v1/images/train/image379.jpg,/root/autodl-tmp/datasets/sources/construction-ppe_ultralytics_2025_v1/labels/train/image379.txt,/root/autodl-tmp/datasets/derived/construction_ppe3_canonical_v1_20260804_172437/images/all/train__image379.jpg,/root/autodl-tmp/datasets/derived/construction_ppe3_canonical_v1_20260804_172437/labels/all/train__image379.txt,8,3,5,3c891bd3739627eda4bb62277c40a75d9ab7bd3b41c1a7d8bb9313050cec9e7f,hardlink
train,/root/autodl-tmp/datasets/sources/construction-ppe_ultralytics_2025_v1/images/train/image38.jpg,/root/autodl-tmp/datasets/sources/construction-ppe_ultralytics_2025_v1/labels/train/image38.txt,/root/autodl-tmp/datasets/derived/construction_ppe3_canonical_v1_20260804_172437/images/all/train__image38.jpg,/root/autodl-tmp/datasets/derived/construction_ppe3_canonical_v1_20260804_172437/labels/all/train__image38.txt,5,3,2,3c6853995df2eb3d13f658793ced154c1dbc130be77c1a83ed81169d671aae40,hardlink
train,/root/autodl-tmp/datasets/sources/construction-ppe_ultralytics_2025_v1/images/train/image380.jpg,/root/autodl-tmp/datasets/sources/construction-ppe_ultralytics_2025_v1/labels/train/image380.txt,/root/autodl-tmp/datasets/derived/construction_ppe3_canonical_v1_20260804_172437/images/all/train__image380.jpg,/root/autodl-tmp/datasets/derived/construction_ppe3_canonical_v1_20260804_172437/labels/all/train__image380.txt,8,3,5,b6a03d45b969f69a021ab79e00ba9f9dce9c0296581986121db224e063fdb2d0,hardlink
train,/root/autodl-tmp/datasets/sources/construction-ppe_ultralytics_2025_v1/images/train/image382.jpg,/root/autodl-tmp/datasets/sources/construction-ppe_ultralytics_2025_v1/labels/train/image382.txt,/root/autodl-tmp/datasets/derived/construction_ppe3_canonical_v1_20260804_172437/images/all/train__image382.jpg,/root/autodl-tmp/datasets/derived/construction_ppe3_canonical_v1_20260804_172437/labels/all/train__image382.txt,8,3,5,c047321f6bbbb526333b17e684efd57158f65508b93aab61f51f47d02543edfd,hardlink
train,/root/autodl-tmp/datasets/sources/construction-ppe_ultralytics_2025_v1/images/train/image383.jpg,/root/autodl-tmp/datasets/sources/construction-ppe_ultralytics_2025_v1/labels/train/image383.txt,/root/autodl-tmp/datasets/derived/construction_ppe3_canonical_v1_20260804_172437/images/all/train__image383.jpg,/root/autodl-tmp/datasets/derived/construction_ppe3_canonical_v1_20260804_172437/labels/all/train__image383.txt,8,3,5,f2d96d596b175cece97bed88b7327182c2545baa5ec2dd9b07e2c61cc918b047,hardlink
train,/root/autodl-tmp/datasets/sources/construction-ppe_ultralytics_2025_v1/images/train/image384.jpg,/root/autodl-tmp/datasets/sources/construction-ppe_ultralytics_2025_v1/labels/train/image384.txt,/root/autodl-tmp/datasets/derived/construction_ppe3_canonical_v1_20260804_172437/images/all/train__image384.jpg,/root/autodl-tmp/datasets/derived/construction_ppe3_canonical_v1_20260804_172437/labels/all/train__image384.txt,8,3,5,44578df0a0ae2ec6b5de1858555df27f342cf28bc9eca11016cfc05c3884f1f0,hardlink
train,/root/autodl-tmp/datasets/sources/construction-ppe_ultralytics_2025_v1/images/train/image385.jpg,/root/autodl-tmp/datasets/sources/construction-ppe_ultralytics_2025_v1/labels/train/image385.txt,/root/autodl-tmp/datasets/derived/construction_ppe3_canonical_v1_20260804_172437/images/all/train__image385.jpg,/root/autodl-tmp/datasets/derived/construction_ppe3_canonical_v1_20260804_172437/labels/all/train__image385.txt,8,3,5,8cb8157894093c55279f37a088dbff370b310f8881a81540dbac26cac1a4b632,hardlink
train,/root/autodl-tmp/datasets/sources/construction-ppe_ultralytics_2025_v1/images/train/image386.jpg,/root/autodl-tmp/datasets/sources/construction-ppe_ultralytics_2025_v1/labels/train/image386.txt,/root/autodl-tmp/datasets/derived/construction_ppe3_canonical_v1_20260804_172437/images/all/train__image386.jpg,/root/autodl-tmp/datasets/derived/construction_ppe3_canonical_v1_20260804_172437/labels/all/train__image386.txt,8,3,5,01f8e6630a210fee6e90ad1f71cf54d4c563553c6f07c7fbd83c65b18ec367ca,hardlink
train,/root/autodl-tmp/datasets/sources/construction-ppe_ultralytics_2025_v1/images/train/image387.jpg,/root/autodl-tmp/datasets/sources/construction-ppe_ultralytics_2025_v1/labels/train/image387.txt,/root/autodl-tmp/datasets/derived/construction_ppe3_canonical_v1_20260804_172437/images/all/train__image387.jpg,/root/autodl-tmp/datasets/derived/construction_ppe3_canonical_v1_20260804_172437/labels/all/train__image387.txt,8,3,5,4407026f29c9654df5346d74bcb0040f38e3456e6bce54c5f95f855790e43d0d,hardlink
train,/root/autodl-tmp/datasets/sources/construction-ppe_ultralytics_2025_v1/images/train/image388.jpg,/root/autodl-tmp/datasets/sources/construction-ppe_ultralytics_2025_v1/labels/train/image388.txt,/root/autodl-tmp/datasets/derived/construction_ppe3_canonical_v1_20260804_172437/images/all/train__image388.jpg,/root/autodl-tmp/datasets/derived/construction_ppe3_canonical_v1_20260804_172437/labels/all/train__image388.txt,8,3,5,a262397b2b3c916da21d902d857058bd124eca8335ff3a4ca59b4ffbc3f94224,hardlink
train,/root/autodl-tmp/datasets/sources/construction-ppe_ultralytics_2025_v1/images/train/image39.jpeg,/root/autodl-tmp/datasets/sources/construction-ppe_ultralytics_2025_v1/labels/train/image39.txt,/root/autodl-tmp/datasets/derived/construction_ppe3_canonical_v1_20260804_172437/images/all/train__image39.jpeg,/root/autodl-tmp/datasets/derived/construction_ppe3_canonical_v1_20260804_172437/labels/all/train__image39.txt,2,2,0,3d52a186b282f8ec83ada73553e6285e9ada0c37f885d7b4124e94c3572e6b2f,hardlink
train,/root/autodl-tmp/datasets/sources/construction-ppe_ultralytics_2025_v1/images/train/image390.jpg,/root/autodl-tmp/datasets/sources/construction-ppe_ultralytics_2025_v1/labels/train/image390.txt,/root/autodl-tmp/datasets/derived/construction_ppe3_canonical_v1_20260804_172437/images/all/train__image390.jpg,/root/autodl-tmp/datasets/derived/construction_ppe3_canonical_v1_20260804_172437/labels/all/train__image390.txt,8,3,5,2687290bc51fe213fe2ff1f7e3761ffbe404c58e179a82b963cc38542e4a8be1,hardlink
train,/root/autodl-tmp/datasets/sources/construction-ppe_ultralytics_2025_v1/images/train/image394.jpg,/root/autodl-tmp/datasets/sources/construction-ppe_ultralytics_2025_v1/labels/train/image394.txt,/root/autodl-tmp/datasets/derived/construction_ppe3_canonical_v1_20260804_172437/images/all/train__image394.jpg,/root/autodl-tmp/datasets/derived/construction_ppe3_canonical_v1_20260804_172437/labels/all/train__image394.txt,8,3,5,81504a4bd97ad4716210364ac383b27dc8b872bc245a815d4e43352a06077c8d,hardlink
train,/root/autodl-tmp/datasets/sources/construction-ppe_ultralytics_2025_v1/images/train/image397.jpg,/root/autodl-tmp/datasets/sources/construction-ppe_ultralytics_2025_v1/labels/train/image397.txt,/root/autodl-tmp/datasets/derived/construction_ppe3_canonical_v1_20260804_172437/images/all/train__image397.jpg,/root/autodl-tmp/datasets/derived/construction_ppe3_canonical_v1_20260804_172437/labels/all/train__image397.txt,4,3,1,62ece786fd556ead37d0e8bcd5ad6cbdd1c9395730d2c0a249b085490086ef47,hardlink
train,/root/autodl-tmp/datasets/sources/construction-ppe_ultralytics_2025_v1/images/train/image398.jpg,/root/autodl-tmp/datasets/sources/construction-ppe_ultralytics_2025_v1/labels/train/image398.txt,/root/autodl-tmp/datasets/derived/construction_ppe3_canonical_v1_20260804_172437/images/all/train__image398.jpg,/root/autodl-tmp/datasets/derived/construction_ppe3_canonical_v1_20260804_172437/labels/all/train__image398.txt,7,3,4,de5eb47e1ca41d259f9999b1fe7012f34408ae90a84db370e0e4203938cea169,hardlink
train,/root/autodl-tmp/datasets/sources/construction-ppe_ultralytics_2025_v1/images/train/image399.jpg,/root/autodl-tmp/datasets/sources/construction-ppe_ultralytics_2025_v1/labels/train/image399.txt,/root/autodl-tmp/datasets/derived/construction_ppe3_canonical_v1_20260804_172437/images/all/train__image399.jpg,/root/autodl-tmp/datasets/derived/construction_ppe3_canonical_v1_20260804_172437/labels/all/train__image399.txt,8,3,5,363a10b54d9dbd130f862f2f76ed963876149f47da8f3ff9731429891cb17bed,hardlink
train,/root/autodl-tmp/datasets/sources/construction-ppe_ultralytics_2025_v1/images/train/image4.jpg,/root/autodl-tmp/datasets/sources/construction-ppe_ultralytics_2025_v1/labels/train/image4.txt,/root/autodl-tmp/datasets/derived/construction_ppe3_canonical_v1_20260804_172437/images/all/train__image4.jpg,/root/autodl-tmp/datasets/derived/construction_ppe3_canonical_v1_20260804_172437/labels/all/train__image4.txt,7,3,4,1a9c7c8484602e63aaca92aeae34349fe454fd32cbe2619c7923b7e64708dab0,hardlink
train,/root/autodl-tmp/datasets/sources/construction-ppe_ultralytics_2025_v1/images/train/image400.jpg,/root/autodl-tmp/datasets/sources/construction-ppe_ultralytics_2025_v1/labels/train/image400.txt,/root/autodl-tmp/datasets/derived/construction_ppe3_canonical_v1_20260804_172437/images/all/train__image400.jpg,/root/autodl-tmp/datasets/derived/construction_ppe3_canonical_v1_20260804_172437/labels/all/train__image400.txt,8,3,5,77bc3f334f46fd292d18b5a802055ab412380fa76e26c27a55fbdd6812bb6a66,hardlink
train,/root/autodl-tmp/datasets/sources/construction-ppe_ultralytics_2025_v1/images/train/image402.jpg,/root/autodl-tmp/datasets/sources/construction-ppe_ultralytics_2025_v1/labels/train/image402.txt,/root/autodl-tmp/datasets/derived/construction_ppe3_canonical_v1_20260804_172437/images/all/train__image402.jpg,/root/autodl-tmp/datasets/derived/construction_ppe3_canonical_v1_20260804_172437/labels/all/train__image402.txt,8,3,5,6831b8098d94d3e3d32ee6acc7470fab78ab5d47cd7cdbd245db54c88d401ac0,hardlink
train,/root/autodl-tmp/datasets/sources/construction-ppe_ultralytics_2025_v1/images/train/image403.jpg,/root/autodl-tmp/datasets/sources/construction-ppe_ultralytics_2025_v1/labels/train/image403.txt,/root/autodl-tmp/datasets/derived/construction_ppe3_canonical_v1_20260804_172437/images/all/train__image403.jpg,/root/autodl-tmp/datasets/derived/construction_ppe3_canonical_v1_20260804_172437/labels/all/train__image403.txt,8,3,5,ec2139add760f555e0f1fb910c753df994237d457924279897895f858b9f12d7,hardlink
train,/root/autodl-tmp/datasets/sources/construction-ppe_ultralytics_2025_v1/images/train/image404.jpg,/root/autodl-tmp/datasets/sources/construction-ppe_ultralytics_2025_v1/labels/train/image404.txt,/root/autodl-tmp/datasets/derived/construction_ppe3_canonical_v1_20260804_172437/images/all/train__image404.jpg,/root/autodl-tmp/datasets/derived/construction_ppe3_canonical_v1_20260804_172437/labels/all/train__image404.txt,8,3,5,7066a36010f7e03ad523b970e62664a44ec572527c9b77ec9509279727784955,hardlink
train,/root/autodl-tmp/datasets/sources/construction-ppe_ultralytics_2025_v1/images/train/image405.jpg,/root/autodl-tmp/datasets/sources/construction-ppe_ultralytics_2025_v1/labels/train/image405.txt,/root/autodl-tmp/datasets/derived/construction_ppe3_canonical_v1_20260804_172437/images/all/train__image405.jpg,/root/autodl-tmp/datasets/derived/construction_ppe3_canonical_v1_20260804_172437/labels/all/train__image405.txt,8,3,5,2b71e8246098c7145bead4544e60b8ca63766890a0eb38c9e52353bab819860a,hardlink
train,/root/autodl-tmp/datasets/sources/construction-ppe_ultralytics_2025_v1/images/train/image406.jpg,/root/autodl-tmp/datasets/sources/construction-ppe_ultralytics_2025_v1/labels/train/image406.txt,/root/autodl-tmp/datasets/derived/construction_ppe3_canonical_v1_20260804_172437/images/all/train__image406.jpg,/root/autodl-tmp/datasets/derived/construction_ppe3_canonical_v1_20260804_172437/labels/all/train__image406.txt,8,3,5,38f1950a6bf786f911e0165d9f3f4cbd70ccce755cec4f135eb6781490bb5cc7,hardlink
train,/root/autodl-tmp/datasets/sources/construction-ppe_ultralytics_2025_v1/images/train/image408.jpg,/root/autodl-tmp/datasets/sources/construction-ppe_ultralytics_2025_v1/labels/train/image408.txt,/root/autodl-tmp/datasets/derived/construction_ppe3_canonical_v1_20260804_172437/images/all/train__image408.jpg,/root/autodl-tmp/datasets/derived/construction_ppe3_canonical_v1_20260804_172437/labels/all/train__image408.txt,6,3,3,a2b20a3cb7885251cd8f7b44c677748982b2a16561e97e9d37686de56feda47c,hardlink
train,/root/autodl-tmp/datasets/sources/construction-ppe_ultralytics_2025_v1/images/train/image409.jpg,/root/autodl-tmp/datasets/sources/construction-ppe_ultralytics_2025_v1/labels/train/image409.txt,/root/autodl-tmp/datasets/derived/construction_ppe3_canonical_v1_20260804_172437/images/all/train__image409.jpg,/root/autodl-tmp/datasets/derived/construction_ppe3_canonical_v1_20260804_172437/labels/all/train__image409.txt,8,3,5,219cf37bcc5ee179ae70db9499adf51506de8398b3c4996f707f187c676e8608,hardlink
train,/root/autodl-tmp/datasets/sources/construction-ppe_ultralytics_2025_v1/images/train/image41.jpeg,/root/autodl-tmp/datasets/sources/construction-ppe_ultralytics_2025_v1/labels/train/image41.txt,/root/autodl-tmp/datasets/derived/construction_ppe3_canonical_v1_20260804_172437/images/all/train__image41.jpeg,/root/autodl-tmp/datasets/derived/construction_ppe3_canonical_v1_20260804_172437/labels/all/train__image41.txt,5,2,3,65ea0d048ee4321029d101bb7fb32bed06d385bbcea8b572fa83a0d4afae47c1,hardlink
train,/root/autodl-tmp/datasets/sources/construction-ppe_ultralytics_2025_v1/images/train/image410.jpg,/root/autodl-tmp/datasets/sources/construction-ppe_ultralytics_2025_v1/labels/train/image410.txt,/root/autodl-tmp/datasets/derived/construction_ppe3_canonical_v1_20260804_172437/images/all/train__image410.jpg,/root/autodl-tmp/datasets/derived/construction_ppe3_canonical_v1_20260804_172437/labels/all/train__image410.txt,7,2,5,2ed68056d433aaf7ec53eb42b4e3d1fa31b4394d7e34a08edaccb63211785c12,hardlink
train,/root/autodl-tmp/datasets/sources/construction-ppe_ultralytics_2025_v1/images/train/image412.jpg,/root/autodl-tmp/datasets/sources/construction-ppe_ultralytics_2025_v1/labels/train/image412.txt,/root/autodl-tmp/datasets/derived/construction_ppe3_canonical_v1_20260804_172437/images/all/train__image412.jpg,/root/autodl-tmp/datasets/derived/construction_ppe3_canonical_v1_20260804_172437/labels/all/train__image412.txt,8,3,5,be6ee84995ac5a4286e5a20f7ba789c9f636f88b40c3982b67adff67bb07de2d,hardlink
train,/root/autodl-tmp/datasets/sources/construction-ppe_ultralytics_2025_v1/images/train/image413.jpg,/root/autodl-tmp/datasets/sources/construction-ppe_ultralytics_2025_v1/labels/train/image413.txt,/root/autodl-tmp/datasets/derived/construction_ppe3_canonical_v1_20260804_172437/images/all/train__image413.jpg,/root/autodl-tmp/datasets/derived/construction_ppe3_canonical_v1_20260804_172437/labels/all/train__image413.txt,8,3,5,e389df68e977bcf676436b723672c05d11459dc8ca407cfe5f407d3e94982d39,hardlink
train,/root/autodl-tmp/datasets/sources/construction-ppe_ultralytics_2025_v1/images/train/image414.jpg,/root/autodl-tmp/datasets/sources/construction-ppe_ultralytics_2025_v1/labels/train/image414.txt,/root/autodl-tmp/datasets/derived/construction_ppe3_canonical_v1_20260804_172437/images/all/train__image414.jpg,/root/autodl-tmp/datasets/derived/construction_ppe3_canonical_v1_20260804_172437/labels/all/train__image414.txt,8,3,5,c0d8fc49736d19fc4eb4d8849e7efa49f29dd0018c62ef19d1a7b0ce1d8dca1a,hardlink
train,/root/autodl-tmp/datasets/sources/construction-ppe_ultralytics_2025_v1/images/train/image415.jpg,/root/autodl-tmp/datasets/sources/construction-ppe_ultralytics_2025_v1/labels/train/image415.txt,/root/autodl-tmp/datasets/derived/construction_ppe3_canonical_v1_20260804_172437/images/all/train__image415.jpg,/root/autodl-tmp/datasets/derived/construction_ppe3_canonical_v1_20260804_172437/labels/all/train__image415.txt,8,3,5,3ab36963587bfed011b84ee16993476544c03db3f6d49dc78800893f345c179b,hardlink
train,/root/autodl-tmp/datasets/sources/construction-ppe_ultralytics_2025_v1/images/train/image416.jpg,/root/autodl-tmp/datasets/sources/construction-ppe_ultralytics_2025_v1/labels/train/image416.txt,/root/autodl-tmp/datasets/derived/construction_ppe3_canonical_v1_20260804_172437/images/all/train__image416.jpg,/root/autodl-tmp/datasets/derived/construction_ppe3_canonical_v1_20260804_172437/labels/all/train__image416.txt,8,3,5,8c625c47abf56a2bbe8a1a50dd45c12285c9906c0408de39eed6d765574e1e7d,hardlink
train,/root/autodl-tmp/datasets/sources/construction-ppe_ultralytics_2025_v1/images/train/image417.jpg,/root/autodl-tmp/datasets/sources/construction-ppe_ultralytics_2025_v1/labels/train/image417.txt,/root/autodl-tmp/datasets/derived/construction_ppe3_canonical_v1_20260804_172437/images/all/train__image417.jpg,/root/autodl-tmp/datasets/derived/construction_ppe3_canonical_v1_20260804_172437/labels/all/train__image417.txt,8,3,5,729c805f4271b58d51a72a5529146b55e0c3b732316b84770c69e7bbae5f3518,hardlink
train,/root/autodl-tmp/datasets/sources/construction-ppe_ultralytics_2025_v1/images/train/image418.jpg,/root/autodl-tmp/datasets/sources/construction-ppe_ultralytics_2025_v1/labels/train/image418.txt,/root/autodl-tmp/datasets/derived/construction_ppe3_canonical_v1_20260804_172437/images/all/train__image418.jpg,/root/autodl-tmp/datasets/derived/construction_ppe3_canonical_v1_20260804_172437/labels/all/train__image418.txt,8,3,5,2ec689031423094f051a0b35c18f0f29749e0fc4ee631000a7ab70a01076b1e2,hardlink
train,/root/autodl-tmp/datasets/sources/construction-ppe_ultralytics_2025_v1/images/train/image42.jpg,/root/autodl-tmp/datasets/sources/construction-ppe_ultralytics_2025_v1/labels/train/image42.txt,/root/autodl-tmp/datasets/derived/construction_ppe3_canonical_v1_20260804_172437/images/all/train__image42.jpg,/root/autodl-tmp/datasets/derived/construction_ppe3_canonical_v1_20260804_172437/labels/all/train__image42.txt,7,3,4,0ecc2e1d63914baaa9e97d5b96afa625ea907220b3e9161acb3c21b92d05a501,hardlink
train,/root/autodl-tmp/datasets/sources/construction-ppe_ultralytics_2025_v1/images/train/image420.jpg,/root/autodl-tmp/datasets/sources/construction-ppe_ultralytics_2025_v1/labels/train/image420.txt,/root/autodl-tmp/datasets/derived/construction_ppe3_canonical_v1_20260804_172437/images/all/train__image420.jpg,/root/autodl-tmp/datasets/derived/construction_ppe3_canonical_v1_20260804_172437/labels/all/train__image420.txt,8,3,5,8332e17c713eb0f10cbdbf8d04388a401ec807924732f91a47925d49307d82b3,hardlink
train,/root/autodl-tmp/datasets/sources/construction-ppe_ultralytics_2025_v1/images/train/image421.jpg,/root/autodl-tmp/datasets/sources/construction-ppe_ultralytics_2025_v1/labels/train/image421.txt,/root/autodl-tmp/datasets/derived/construction_ppe3_canonical_v1_20260804_172437/images/all/train__image421.jpg,/root/autodl-tmp/datasets/derived/construction_ppe3_canonical_v1_20260804_172437/labels/all/train__image421.txt,8,3,5,afb1e061879b04001f7e41290827131c3ea9b934247834d04b21fa6e2a9af592,hardlink
train,/root/autodl-tmp/datasets/sources/construction-ppe_ultralytics_2025_v1/images/train/image422.jpg,/root/autodl-tmp/datasets/sources/construction-ppe_ultralytics_2025_v1/labels/train/image422.txt,/root/autodl-tmp/datasets/derived/construction_ppe3_canonical_v1_20260804_172437/images/all/train__image422.jpg,/root/autodl-tmp/datasets/derived/construction_ppe3_canonical_v1_20260804_172437/labels/all/train__image422.txt,8,3,5,f645f5cc817d0fd32c1a88dac0d7bdb12edc9e5541318df149c05f8644f2941b,hardlink
train,/root/autodl-tmp/datasets/sources/construction-ppe_ultralytics_2025_v1/images/train/image424.jpg,/root/autodl-tmp/datasets/sources/construction-ppe_ultralytics_2025_v1/labels/train/image424.txt,/root/autodl-tmp/datasets/derived/construction_ppe3_canonical_v1_20260804_172437/images/all/train__image424.jpg,/root/autodl-tmp/datasets/derived/construction_ppe3_canonical_v1_20260804_172437/labels/all/train__image424.txt,8,3,5,0ee8f9edf3ce31b57b683a83caf68ac0ebd4e25919bccd64154931045d31fb27,hardlink
train,/root/autodl-tmp/datasets/sources/construction-ppe_ultralytics_2025_v1/images/train/image425.jpg,/root/autodl-tmp/datasets/sources/construction-ppe_ultralytics_2025_v1/labels/train/image425.txt,/root/autodl-tmp/datasets/derived/construction_ppe3_canonical_v1_20260804_172437/images/all/train__image425.jpg,/root/autodl-tmp/datasets/derived/construction_ppe3_canonical_v1_20260804_172437/labels/all/train__image425.txt,8,3,5,5e26ed29d1c17380fea75274b921e36996925ed6f0df3b2661e71f2c90d9551f,hardlink
train,/root/autodl-tmp/datasets/sources/construction-ppe_ultralytics_2025_v1/images/train/image426.jpg,/root/autodl-tmp/datasets/sources/construction-ppe_ultralytics_2025_v1/labels/train/image426.txt,/root/autodl-tmp/datasets/derived/construction_ppe3_canonical_v1_20260804_172437/images/all/train__image426.jpg,/root/autodl-tmp/datasets/derived/construction_ppe3_canonical_v1_20260804_172437/labels/all/train__image426.txt,8,3,5,e6f31246c4492626436509951e448b84043eff820965f6abed66c8d5a9d44fd8,hardlink
train,/root/autodl-tmp/datasets/sources/construction-ppe_ultralytics_2025_v1/images/train/image427.jpg,/root/autodl-tmp/datasets/sources/construction-ppe_ultralytics_2025_v1/labels/train/image427.txt,/root/autodl-tmp/datasets/derived/construction_ppe3_canonical_v1_20260804_172437/images/all/train__image427.jpg,/root/autodl-tmp/datasets/derived/construction_ppe3_canonical_v1_20260804_172437/labels/all/train__image427.txt,8,3,5,398d640765fc24bfdcc29656c65a7a50ebb680a2ceca9a32dde2bb0e823b817c,hardlink
train,/root/autodl-tmp/datasets/sources/construction-ppe_ultralytics_2025_v1/images/train/image428.jpg,/root/autodl-tmp/datasets/sources/construction-ppe_ultralytics_2025_v1/labels/train/image428.txt,/root/autodl-tmp/datasets/derived/construction_ppe3_canonical_v1_20260804_172437/images/all/train__image428.jpg,/root/autodl-tmp/datasets/derived/construction_ppe3_canonical_v1_20260804_172437/labels/all/train__image428.txt,8,3,5,8b2e16bb3f0a7496693969ebc384561591497d72ffe979aa73766b66c01942f4,hardlink
train,/root/autodl-tmp/datasets/sources/construction-ppe_ultralytics_2025_v1/images/train/image429.jpg,/root/autodl-tmp/datasets/sources/construction-ppe_ultralytics_2025_v1/labels/train/image429.txt,/root/autodl-tmp/datasets/derived/construction_ppe3_canonical_v1_20260804_172437/images/all/train__image429.jpg,/root/autodl-tmp/datasets/derived/construction_ppe3_canonical_v1_20260804_172437/labels/all/train__image429.txt,7,3,4,84236947d3d0c89abee767aab45258d2daafbe37506385201e2422c13638c8ad,hardlink
train,/root/autodl-tmp/datasets/sources/construction-ppe_ultralytics_2025_v1/images/train/image43.jpeg,/root/autodl-tmp/datasets/sources/construction-ppe_ultralytics_2025_v1/labels/train/image43.txt,/root/autodl-tmp/datasets/derived/construction_ppe3_canonical_v1_20260804_172437/images/all/train__image43.jpeg,/root/autodl-tmp/datasets/derived/construction_ppe3_canonical_v1_20260804_172437/labels/all/train__image43.txt,7,4,3,897718c6ebfac3f44939082f2779a4e4599482275423c6d3741786bfaa4401f1,hardlink
train,/root/autodl-tmp/datasets/sources/construction-ppe_ultralytics_2025_v1/images/train/image432.jpg,/root/autodl-tmp/datasets/sources/construction-ppe_ultralytics_2025_v1/labels/train/image432.txt,/root/autodl-tmp/datasets/derived/construction_ppe3_canonical_v1_20260804_172437/images/all/train__image432.jpg,/root/autodl-tmp/datasets/derived/construction_ppe3_canonical_v1_20260804_172437/labels/all/train__image432.txt,8,3,5,3253ffd422e2cb47b948a77ae402078beb898a77d668400ea491ba52bcafa042,hardlink
train,/root/autodl-tmp/datasets/sources/construction-ppe_ultralytics_2025_v1/images/train/image433.jpg,/root/autodl-tmp/datasets/sources/construction-ppe_ultralytics_2025_v1/labels/train/image433.txt,/root/autodl-tmp/datasets/derived/construction_ppe3_canonical_v1_20260804_172437/images/all/train__image433.jpg,/root/autodl-tmp/datasets/derived/construction_ppe3_canonical_v1_20260804_172437/labels/all/train__image433.txt,8,3,5,a33787ff144dd264251a99b5616591232ab3cc499e52b7da0fd27f7979f3997c,hardlink
train,/root/autodl-tmp/datasets/sources/construction-ppe_ultralytics_2025_v1/images/train/image434.jpg,/root/autodl-tmp/datasets/sources/construction-ppe_ultralytics_2025_v1/labels/train/image434.txt,/root/autodl-tmp/datasets/derived/construction_ppe3_canonical_v1_20260804_172437/images/all/train__image434.jpg,/root/autodl-tmp/datasets/derived/construction_ppe3_canonical_v1_20260804_172437/labels/all/train__image434.txt,8,3,5,776e3ec91cf118928341098cbb386ae47fc233e55590ba81f9d94bd3dba79d2d,hardlink
train,/root/autodl-tmp/datasets/sources/construction-ppe_ultralytics_2025_v1/images/train/image435.jpg,/root/autodl-tmp/datasets/sources/construction-ppe_ultralytics_2025_v1/labels/train/image435.txt,/root/autodl-tmp/datasets/derived/construction_ppe3_canonical_v1_20260804_172437/images/all/train__image435.jpg,/root/autodl-tmp/datasets/derived/construction_ppe3_canonical_v1_20260804_172437/labels/all/train__image435.txt,8,3,5,565da504c7fdf7e9bd07a8b92559aea165ce77a6c198c4b94e3234f12454d080,hardlink
train,/root/autodl-tmp/datasets/sources/construction-ppe_ultralytics_2025_v1/images/train/image436.jpg,/root/autodl-tmp/datasets/sources/construction-ppe_ultralytics_2025_v1/labels/train/image436.txt,/root/autodl-tmp/datasets/derived/construction_ppe3_canonical_v1_20260804_172437/images/all/train__image436.jpg,/root/autodl-tmp/datasets/derived/construction_ppe3_canonical_v1_20260804_172437/labels/all/train__image436.txt,7,3,4,76effb4b55d91be4f6275bd61e2e4793616a624bca49f2c5556e5d3eb9561de5,hardlink
train,/root/autodl-tmp/datasets/sources/construction-ppe_ultralytics_2025_v1/images/train/image437.jpg,/root/autodl-tmp/datasets/sources/construction-ppe_ultralytics_2025_v1/labels/train/image437.txt,/root/autodl-tmp/datasets/derived/construction_ppe3_canonical_v1_20260804_172437/images/all/train__image437.jpg,/root/autodl-tmp/datasets/derived/construction_ppe3_canonical_v1_20260804_172437/labels/all/train__image437.txt,7,3,4,5fe7cb834672aa0722c8a6ca9789a84d78de46f1afc4f304bc42e3c6f8c9e3ce,hardlink
train,/root/autodl-tmp/datasets/sources/construction-ppe_ultralytics_2025_v1/images/train/image438.jpg,/root/autodl-tmp/datasets/sources/construction-ppe_ultralytics_2025_v1/labels/train/image438.txt,/root/autodl-tmp/datasets/derived/construction_ppe3_canonical_v1_20260804_172437/images/all/train__image438.jpg,/root/autodl-tmp/datasets/derived/construction_ppe3_canonical_v1_20260804_172437/labels/all/train__image438.txt,7,3,4,a2b5827dfb77679dd191a59a88590af90fd280c38625dfe17193f8de6ffc3163,hardlink
train,/root/autodl-tmp/datasets/sources/construction-ppe_ultralytics_2025_v1/images/train/image44.jpeg,/root/autodl-tmp/datasets/sources/construction-ppe_ultralytics_2025_v1/labels/train/image44.txt,/root/autodl-tmp/datasets/derived/construction_ppe3_canonical_v1_20260804_172437/images/all/train__image44.jpeg,/root/autodl-tmp/datasets/derived/construction_ppe3_canonical_v1_20260804_172437/labels/all/train__image44.txt,15,9,6,8cb3724335d65b8d3593ab728ff6da8be5fe9e47f37a080a919f10724070aa2b,hardlink
train,/root/autodl-tmp/datasets/sources/construction-ppe_ultralytics_2025_v1/images/train/image440.jpg,/root/autodl-tmp/datasets/sources/construction-ppe_ultralytics_2025_v1/labels/train/image440.txt,/root/autodl-tmp/datasets/derived/construction_ppe3_canonical_v1_20260804_172437/images/all/train__image440.jpg,/root/autodl-tmp/datasets/derived/construction_ppe3_canonical_v1_20260804_172437/labels/all/train__image440.txt,6,2,4,8c1e3a8bcf9b830553bc867980436e6e18dab28dba539e2391748b129fa409ff,hardlink
train,/root/autodl-tmp/datasets/sources/construction-ppe_ultralytics_2025_v1/images/train/image442.jpg,/root/autodl-tmp/datasets/sources/construction-ppe_ultralytics_2025_v1/labels/train/image442.txt,/root/autodl-tmp/datasets/derived/construction_ppe3_canonical_v1_20260804_172437/images/all/train__image442.jpg,/root/autodl-tmp/datasets/derived/construction_ppe3_canonical_v1_20260804_172437/labels/all/train__image442.txt,8,3,5,5328bba4cee58cc2e40c9abbd7e32c189007b34b12ff61db9a134175c383d0cd,hardlink
train,/root/autodl-tmp/datasets/sources/construction-ppe_ultralytics_2025_v1/images/train/image443.jpg,/root/autodl-tmp/datasets/sources/construction-ppe_ultralytics_2025_v1/labels/train/image443.txt,/root/autodl-tmp/datasets/derived/construction_ppe3_canonical_v1_20260804_172437/images/all/train__image443.jpg,/root/autodl-tmp/datasets/derived/construction_ppe3_canonical_v1_20260804_172437/labels/all/train__image443.txt,6,3,3,51ea99ca3481ba34bd733c068bc80e37ce8cf9fab6b7345063b6cc3527240851,hardlink
train,/root/autodl-tmp/datasets/sources/construction-ppe_ultralytics_2025_v1/images/train/image445.jpg,/root/autodl-tmp/datasets/sources/construction-ppe_ultralytics_2025_v1/labels/train/image445.txt,/root/autodl-tmp/datasets/derived/construction_ppe3_canonical_v1_20260804_172437/images/all/train__image445.jpg,/root/autodl-tmp/datasets/derived/construction_ppe3_canonical_v1_20260804_172437/labels/all/train__image445.txt,8,3,5,c914e693f22b803da8b4018cfb330a542cf84e9db841db2536018d16f7f10b5d,hardlink
train,/root/autodl-tmp/datasets/sources/construction-ppe_ultralytics_2025_v1/images/train/image447.jpg,/root/autodl-tmp/datasets/sources/construction-ppe_ultralytics_2025_v1/labels/train/image447.txt,/root/autodl-tmp/datasets/derived/construction_ppe3_canonical_v1_20260804_172437/images/all/train__image447.jpg,/root/autodl-tmp/datasets/derived/construction_ppe3_canonical_v1_20260804_172437/labels/all/train__image447.txt,4,2,2,0f407772b39f84feed99bc6c58f5abf217fdcb89d93d9e1630e7f51e7cbc450c,hardlink
train,/root/autodl-tmp/datasets/sources/construction-ppe_ultralytics_2025_v1/images/train/image448.jpg,/root/autodl-tmp/datasets/sources/construction-ppe_ultralytics_2025_v1/labels/train/image448.txt,/root/autodl-tmp/datasets/derived/construction_ppe3_canonical_v1_20260804_172437/images/all/train__image448.jpg,/root/autodl-tmp/datasets/derived/construction_ppe3_canonical_v1_20260804_172437/labels/all/train__image448.txt,7,5,2,27262be5cfdaa7cac69f13c647ceb340a106543b7720a7cec30ac7941a88e2ea,hardlink
train,/root/autodl-tmp/datasets/sources/construction-ppe_ultralytics_2025_v1/images/train/image449.jpg,/root/autodl-tmp/datasets/sources/construction-ppe_ultralytics_2025_v1/labels/train/image449.txt,/root/autodl-tmp/datasets/derived/construction_ppe3_canonical_v1_20260804_172437/images/all/train__image449.jpg,/root/autodl-tmp/datasets/derived/construction_ppe3_canonical_v1_20260804_172437/labels/all/train__image449.txt,6,3,3,63d3434a8e759c1029d94ea8cebc7dae52ff3f42535af9261b39aa8375003a2f,hardlink
train,/root/autodl-tmp/datasets/sources/construction-ppe_ultralytics_2025_v1/images/train/image45.jpg,/root/autodl-tmp/datasets/sources/construction-ppe_ultralytics_2025_v1/labels/train/image45.txt,/root/autodl-tmp/datasets/derived/construction_ppe3_canonical_v1_20260804_172437/images/all/train__image45.jpg,/root/autodl-tmp/datasets/derived/construction_ppe3_canonical_v1_20260804_172437/labels/all/train__image45.txt,6,3,3,6e28d7d855eb4b677ca50cf8af2aadfb15c4ef3600b59494ef10cf01159931e2,hardlink
train,/root/autodl-tmp/datasets/sources/construction-ppe_ultralytics_2025_v1/images/train/image451.jpg,/root/autodl-tmp/datasets/sources/construction-ppe_ultralytics_2025_v1/labels/train/image451.txt,/root/autodl-tmp/datasets/derived/construction_ppe3_canonical_v1_20260804_172437/images/all/train__image451.jpg,/root/autodl-tmp/datasets/derived/construction_ppe3_canonical_v1_20260804_172437/labels/all/train__image451.txt,6,3,3,bc63d8f21c2a19178e4009f5c2307a46f844a76bea668937616032849985c099,hardlink
train,/root/autodl-tmp/datasets/sources/construction-ppe_ultralytics_2025_v1/images/train/image452.jpg,/root/autodl-tmp/datasets/sources/construction-ppe_ultralytics_2025_v1/labels/train/image452.txt,/root/autodl-tmp/datasets/derived/construction_ppe3_canonical_v1_20260804_172437/images/all/train__image452.jpg,/root/autodl-tmp/datasets/derived/construction_ppe3_canonical_v1_20260804_172437/labels/all/train__image452.txt,8,3,5,d4ec1054dc5a58ed42e97ea5a8232bd2d564340cc38ae09d051e98f84e18ffa7,hardlink
train,/root/autodl-tmp/datasets/sources/construction-ppe_ultralytics_2025_v1/images/train/image453.jpg,/root/autodl-tmp/datasets/sources/construction-ppe_ultralytics_2025_v1/labels/train/image453.txt,/root/autodl-tmp/datasets/derived/construction_ppe3_canonical_v1_20260804_172437/images/all/train__image453.jpg,/root/autodl-tmp/datasets/derived/construction_ppe3_canonical_v1_20260804_172437/labels/all/train__image453.txt,5,3,2,e9ba9cc163447654c30dbead7b4712dbb6420e8a213d24c237a8a9538d8a752e,hardlink
train,/root/autodl-tmp/datasets/sources/construction-ppe_ultralytics_2025_v1/images/train/image454.jpg,/root/autodl-tmp/datasets/sources/construction-ppe_ultralytics_2025_v1/labels/train/image454.txt,/root/autodl-tmp/datasets/derived/construction_ppe3_canonical_v1_20260804_172437/images/all/train__image454.jpg,/root/autodl-tmp/datasets/derived/construction_ppe3_canonical_v1_20260804_172437/labels/all/train__image454.txt,4,2,2,76105b62536052cbe6c2666b9b1030f7fb5c98d64c85c66ca211e985ac719c53,hardlink
train,/root/autodl-tmp/datasets/sources/construction-ppe_ultralytics_2025_v1/images/train/image455.jpg,/root/autodl-tmp/datasets/sources/construction-ppe_ultralytics_2025_v1/labels/train/image455.txt,/root/autodl-tmp/datasets/derived/construction_ppe3_canonical_v1_20260804_172437/images/all/train__image455.jpg,/root/autodl-tmp/datasets/derived/construction_ppe3_canonical_v1_20260804_172437/labels/all/train__image455.txt,3,2,1,9c3adbd78077d7ecd141993222969796f7fe8af8970e7ea0b22735b49d89e14f,hardlink
train,/root/autodl-tmp/datasets/sources/construction-ppe_ultralytics_2025_v1/images/train/image456.jpg,/root/autodl-tmp/datasets/sources/construction-ppe_ultralytics_2025_v1/labels/train/image456.txt,/root/autodl-tmp/datasets/derived/construction_ppe3_canonical_v1_20260804_172437/images/all/train__image456.jpg,/root/autodl-tmp/datasets/derived/construction_ppe3_canonical_v1_20260804_172437/labels/all/train__image456.txt,5,3,2,a60de3e1f2d649bc4fe390791091d45dda5459573051bcc46bc1f73c982698b8,hardlink
train,/root/autodl-tmp/datasets/sources/construction-ppe_ultralytics_2025_v1/images/train/image457.jpg,/root/autodl-tmp/datasets/sources/construction-ppe_ultralytics_2025_v1/labels/train/image457.txt,/root/autodl-tmp/datasets/derived/construction_ppe3_canonical_v1_20260804_172437/images/all/train__image457.jpg,/root/autodl-tmp/datasets/derived/construction_ppe3_canonical_v1_20260804_172437/labels/all/train__image457.txt,7,3,4,b3a0c9b02d684659d4c787f6b39a919e35900931a97e746b2e3c9d1765132bdb,hardlink
train,/root/autodl-tmp/datasets/sources/construction-ppe_ultralytics_2025_v1/images/train/image458.jpg,/root/autodl-tmp/datasets/sources/construction-ppe_ultralytics_2025_v1/labels/train/image458.txt,/root/autodl-tmp/datasets/derived/construction_ppe3_canonical_v1_20260804_172437/images/all/train__image458.jpg,/root/autodl-tmp/datasets/derived/construction_ppe3_canonical_v1_20260804_172437/labels/all/train__image458.txt,6,3,3,bf6212790449237a4512400dc2917cfd5052534657f01329f5380e638de12050,hardlink
train,/root/autodl-tmp/datasets/sources/construction-ppe_ultralytics_2025_v1/images/train/image461.jpg,/root/autodl-tmp/datasets/sources/construction-ppe_ultralytics_2025_v1/labels/train/image461.txt,/root/autodl-tmp/datasets/derived/construction_ppe3_canonical_v1_20260804_172437/images/all/train__image461.jpg,/root/autodl-tmp/datasets/derived/construction_ppe3_canonical_v1_20260804_172437/labels/all/train__image461.txt,5,3,2,f81c808a3042d5f5c08f13b8bc2f27f63d604d1e7d3cae2fc318938ca152bdbd,hardlink
train,/root/autodl-tmp/datasets/sources/construction-ppe_ultralytics_2025_v1/images/train/image463.jpg,/root/autodl-tmp/datasets/sources/construction-ppe_ultralytics_2025_v1/labels/train/image463.txt,/root/autodl-tmp/datasets/derived/construction_ppe3_canonical_v1_20260804_172437/images/all/train__image463.jpg,/root/autodl-tmp/datasets/derived/construction_ppe3_canonical_v1_20260804_172437/labels/all/train__image463.txt,29,18,11,8439ea0189a08aa8dd406bdd58f6ba6c24f58d3686f4bfb54d09f3a95654b834,hardlink
train,/root/autodl-tmp/datasets/sources/construction-ppe_ultralytics_2025_v1/images/train/image465.jpg,/root/autodl-tmp/datasets/sources/construction-ppe_ultralytics_2025_v1/labels/train/image465.txt,/root/autodl-tmp/datasets/derived/construction_ppe3_canonical_v1_20260804_172437/images/all/train__image465.jpg,/root/autodl-tmp/datasets/derived/construction_ppe3_canonical_v1_20260804_172437/labels/all/train__image465.txt,29,17,12,3d8a3801fc35a758bf2065792ff2266120c818a84eabacb55198a2565ffd6712,hardlink
train,/root/autodl-tmp/datasets/sources/construction-ppe_ultralytics_2025_v1/images/train/image466.jpg,/root/autodl-tmp/datasets/sources/construction-ppe_ultralytics_2025_v1/labels/train/image466.txt,/root/autodl-tmp/datasets/derived/construction_ppe3_canonical_v1_20260804_172437/images/all/train__image466.jpg,/root/autodl-tmp/datasets/derived/construction_ppe3_canonical_v1_20260804_172437/labels/all/train__image466.txt,24,13,11,9e5b6a073647ee3b3c2602fe3db2bf707d4333ae46442aaae05071dd51e6d8ba,hardlink
train,/root/autodl-tmp/datasets/sources/construction-ppe_ultralytics_2025_v1/images/train/image467.jpg,/root/autodl-tmp/datasets/sources/construction-ppe_ultralytics_2025_v1/labels/train/image467.txt,/root/autodl-tmp/datasets/derived/construction_ppe3_canonical_v1_20260804_172437/images/all/train__image467.jpg,/root/autodl-tmp/datasets/derived/construction_ppe3_canonical_v1_20260804_172437/labels/all/train__image467.txt,8,6,2,6b3e1857fcbb22cde38b55ed27510b4fb6fc40b25565df09cb40bf2af2b25e95,hardlink
train,/root/autodl-tmp/datasets/sources/construction-ppe_ultralytics_2025_v1/images/train/image468.jpg,/root/autodl-tmp/datasets/sources/construction-ppe_ultralytics_2025_v1/labels/train/image468.txt,/root/autodl-tmp/datasets/derived/construction_ppe3_canonical_v1_20260804_172437/images/all/train__image468.jpg,/root/autodl-tmp/datasets/derived/construction_ppe3_canonical_v1_20260804_172437/labels/all/train__image468.txt,16,10,6,ff82f3dd5a964d7e663a37b68ca0eace83f0bd38039e95ce039c788d5f5f928b,hardlink
train,/root/autodl-tmp/datasets/sources/construction-ppe_ultralytics_2025_v1/images/train/image469.jpg,/root/autodl-tmp/datasets/sources/construction-ppe_ultralytics_2025_v1/labels/train/image469.txt,/root/autodl-tmp/datasets/derived/construction_ppe3_canonical_v1_20260804_172437/images/all/train__image469.jpg,/root/autodl-tmp/datasets/derived/construction_ppe3_canonical_v1_20260804_172437/labels/all/train__image469.txt,19,11,8,89c5c5e9936e80fe03d143905c72d193f9b88d5ec133c9f2b397fc69c71e003e,hardlink
train,/root/autodl-tmp/datasets/sources/construction-ppe_ultralytics_2025_v1/images/train/image47.jpg,/root/autodl-tmp/datasets/sources/construction-ppe_ultralytics_2025_v1/labels/train/image47.txt,/root/autodl-tmp/datasets/derived/construction_ppe3_canonical_v1_20260804_172437/images/all/train__image47.jpg,/root/autodl-tmp/datasets/derived/construction_ppe3_canonical_v1_20260804_172437/labels/all/train__image47.txt,7,3,4,5f766eaf0a4ef45ff28dae18c4d230afc6c579318ea521322b341aa83f30b3da,hardlink
train,/root/autodl-tmp/datasets/sources/construction-ppe_ultralytics_2025_v1/images/train/image471.jpg,/root/autodl-tmp/datasets/sources/construction-ppe_ultralytics_2025_v1/labels/train/image471.txt,/root/autodl-tmp/datasets/derived/construction_ppe3_canonical_v1_20260804_172437/images/all/train__image471.jpg,/root/autodl-tmp/datasets/derived/construction_ppe3_canonical_v1_20260804_172437/labels/all/train__image471.txt,7,3,4,a3c3af0ed17a866e81b9af38b11d99cc7b57158dec4abe45ac072c7242a899fd,hardlink
train,/root/autodl-tmp/datasets/sources/construction-ppe_ultralytics_2025_v1/images/train/image472.jpg,/root/autodl-tmp/datasets/sources/construction-ppe_ultralytics_2025_v1/labels/train/image472.txt,/root/autodl-tmp/datasets/derived/construction_ppe3_canonical_v1_20260804_172437/images/all/train__image472.jpg,/root/autodl-tmp/datasets/derived/construction_ppe3_canonical_v1_20260804_172437/labels/all/train__image472.txt,6,2,4,153bf5ed9b00a730b2edbc0e1ba7d00913301ef3148d5e4c7ba1074b144e768b,hardlink
train,/root/autodl-tmp/datasets/sources/construction-ppe_ultralytics_2025_v1/images/train/image473.jpg,/root/autodl-tmp/datasets/sources/construction-ppe_ultralytics_2025_v1/labels/train/image473.txt,/root/autodl-tmp/datasets/derived/construction_ppe3_canonical_v1_20260804_172437/images/all/train__image473.jpg,/root/autodl-tmp/datasets/derived/construction_ppe3_canonical_v1_20260804_172437/labels/all/train__image473.txt,7,3,4,2d6aa1dd1fe8dcc125d890cf1b291d05be4ae90186ab1c474ef809414026a90a,hardlink
train,/root/autodl-tmp/datasets/sources/construction-ppe_ultralytics_2025_v1/images/train/image474.jpeg,/root/autodl-tmp/datasets/sources/construction-ppe_ultralytics_2025_v1/labels/train/image474.txt,/root/autodl-tmp/datasets/derived/construction_ppe3_canonical_v1_20260804_172437/images/all/train__image474.jpeg,/root/autodl-tmp/datasets/derived/construction_ppe3_canonical_v1_20260804_172437/labels/all/train__image474.txt,5,3,2,e6590711c7a64cd991c7327dfdaa616016db1c7bd6f420ceb4df6e3fff7aeaaf,hardlink
train,/root/autodl-tmp/datasets/sources/construction-ppe_ultralytics_2025_v1/images/train/image475.jpg,/root/autodl-tmp/datasets/sources/construction-ppe_ultralytics_2025_v1/labels/train/image475.txt,/root/autodl-tmp/datasets/derived/construction_ppe3_canonical_v1_20260804_172437/images/all/train__image475.jpg,/root/autodl-tmp/datasets/derived/construction_ppe3_canonical_v1_20260804_172437/labels/all/train__image475.txt,6,1,5,c463c3df24270989e7e48fa083d42726865eb558b049952520e1e4a8569cd564,hardlink
train,/root/autodl-tmp/datasets/sources/construction-ppe_ultralytics_2025_v1/images/train/image476.jpg,/root/autodl-tmp/datasets/sources/construction-ppe_ultralytics_2025_v1/labels/train/image476.txt,/root/autodl-tmp/datasets/derived/construction_ppe3_canonical_v1_20260804_172437/images/all/train__image476.jpg,/root/autodl-tmp/datasets/derived/construction_ppe3_canonical_v1_20260804_172437/labels/all/train__image476.txt,9,5,4,b8f9f5b09327d21ca4c4f7b861b84917f89cfdc6e57c5a16b1590ae88b09b3ac,hardlink
train,/root/autodl-tmp/datasets/sources/construction-ppe_ultralytics_2025_v1/images/train/image477.jpg,/root/autodl-tmp/datasets/sources/construction-ppe_ultralytics_2025_v1/labels/train/image477.txt,/root/autodl-tmp/datasets/derived/construction_ppe3_canonical_v1_20260804_172437/images/all/train__image477.jpg,/root/autodl-tmp/datasets/derived/construction_ppe3_canonical_v1_20260804_172437/labels/all/train__image477.txt,4,3,1,683599a591bc6405eb3769a632a2818d792b3fd9ce262d6e5a84ffc4d25e794f,hardlink
train,/root/autodl-tmp/datasets/sources/construction-ppe_ultralytics_2025_v1/images/train/image478.jpg,/root/autodl-tmp/datasets/sources/construction-ppe_ultralytics_2025_v1/labels/train/image478.txt,/root/autodl-tmp/datasets/derived/construction_ppe3_canonical_v1_20260804_172437/images/all/train__image478.jpg,/root/autodl-tmp/datasets/derived/construction_ppe3_canonical_v1_20260804_172437/labels/all/train__image478.txt,7,3,4,a1a0a33e23e9432d54fbba5569dacbb6a28c13ea2799921fefc9c6b997e43350,hardlink
train,/root/autodl-tmp/datasets/sources/construction-ppe_ultralytics_2025_v1/images/train/image479.jpg,/root/autodl-tmp/datasets/sources/construction-ppe_ultralytics_2025_v1/labels/train/image479.txt,/root/autodl-tmp/datasets/derived/construction_ppe3_canonical_v1_20260804_172437/images/all/train__image479.jpg,/root/autodl-tmp/datasets/derived/construction_ppe3_canonical_v1_20260804_172437/labels/all/train__image479.txt,2,1,1,5a0965675d7934a0face2596d665dc040d9fb70c8803d97296c7bb61f2626101,hardlink
train,/root/autodl-tmp/datasets/sources/construction-ppe_ultralytics_2025_v1/images/train/image48.jpeg,/root/autodl-tmp/datasets/sources/construction-ppe_ultralytics_2025_v1/labels/train/image48.txt,/root/autodl-tmp/datasets/derived/construction_ppe3_canonical_v1_20260804_172437/images/all/train__image48.jpeg,/root/autodl-tmp/datasets/derived/construction_ppe3_canonical_v1_20260804_172437/labels/all/train__image48.txt,5,3,2,c7fd84c36207bb74def620088547ff98d7c6a37de55bfd474fe98070ffc5f94b,hardlink
train,/root/autodl-tmp/datasets/sources/construction-ppe_ultralytics_2025_v1/images/train/image480.jpg,/root/autodl-tmp/datasets/sources/construction-ppe_ultralytics_2025_v1/labels/train/image480.txt,/root/autodl-tmp/datasets/derived/construction_ppe3_canonical_v1_20260804_172437/images/all/train__image480.jpg,/root/autodl-tmp/datasets/derived/construction_ppe3_canonical_v1_20260804_172437/labels/all/train__image480.txt,1,1,0,4bca4bf7f46fdac19fc48f8f7b3660433e0c7ae8bce0502ac6f9ae962801e78e,hardlink
train,/root/autodl-tmp/datasets/sources/construction-ppe_ultralytics_2025_v1/images/train/image482.jpg,/root/autodl-tmp/datasets/sources/construction-ppe_ultralytics_2025_v1/labels/train/image482.txt,/root/autodl-tmp/datasets/derived/construction_ppe3_canonical_v1_20260804_172437/images/all/train__image482.jpg,/root/autodl-tmp/datasets/derived/construction_ppe3_canonical_v1_20260804_172437/labels/all/train__image482.txt,1,0,1,1f07a30b10a7d983f97fa5fd3bbfeaa5d3fbd07279c39c8df713f7c9ffd97dc5,hardlink
train,/root/autodl-tmp/datasets/sources/construction-ppe_ultralytics_2025_v1/images/train/image483.jpg,/root/autodl-tmp/datasets/sources/construction-ppe_ultralytics_2025_v1/labels/train/image483.txt,/root/autodl-tmp/datasets/derived/construction_ppe3_canonical_v1_20260804_172437/images/all/train__image483.jpg,/root/autodl-tmp/datasets/derived/construction_ppe3_canonical_v1_20260804_172437/labels/all/train__image483.txt,5,3,2,fe31226af260fe64552a97a261f151528ea0fcb681b12058e413916416be33ea,hardlink
train,/root/autodl-tmp/datasets/sources/construction-ppe_ultralytics_2025_v1/images/train/image485.jpg,/root/autodl-tmp/datasets/sources/construction-ppe_ultralytics_2025_v1/labels/train/image485.txt,/root/autodl-tmp/datasets/derived/construction_ppe3_canonical_v1_20260804_172437/images/all/train__image485.jpg,/root/autodl-tmp/datasets/derived/construction_ppe3_canonical_v1_20260804_172437/labels/all/train__image485.txt,5,3,2,5d0640243cdf56fc5d15eff5b288e41cb72f8bb55a8f2d56ba3d4b8df88eb591,hardlink
train,/root/autodl-tmp/datasets/sources/construction-ppe_ultralytics_2025_v1/images/train/image486.jpg,/root/autodl-tmp/datasets/sources/construction-ppe_ultralytics_2025_v1/labels/train/image486.txt,/root/autodl-tmp/datasets/derived/construction_ppe3_canonical_v1_20260804_172437/images/all/train__image486.jpg,/root/autodl-tmp/datasets/derived/construction_ppe3_canonical_v1_20260804_172437/labels/all/train__image486.txt,5,3,2,0f2b5c4eeac1b48dab63136dc44d9bbf91b4f8d643aa462fa2fb8e5c24db55ad,hardlink
train,/root/autodl-tmp/datasets/sources/construction-ppe_ultralytics_2025_v1/images/train/image488.jpg,/root/autodl-tmp/datasets/sources/construction-ppe_ultralytics_2025_v1/labels/train/image488.txt,/root/autodl-tmp/datasets/derived/construction_ppe3_canonical_v1_20260804_172437/images/all/train__image488.jpg,/root/autodl-tmp/datasets/derived/construction_ppe3_canonical_v1_20260804_172437/labels/all/train__image488.txt,3,3,0,df10a6fed17d69f8ab88c83c50946514ff5a7c7333449d4b5c8398497023b165,hardlink
train,/root/autodl-tmp/datasets/sources/construction-ppe_ultralytics_2025_v1/images/train/image489.jpg,/root/autodl-tmp/datasets/sources/construction-ppe_ultralytics_2025_v1/labels/train/image489.txt,/root/autodl-tmp/datasets/derived/construction_ppe3_canonical_v1_20260804_172437/images/all/train__image489.jpg,/root/autodl-tmp/datasets/derived/construction_ppe3_canonical_v1_20260804_172437/labels/all/train__image489.txt,3,3,0,42dcb7f33eabf5bec12e44657853fa21468c089fb912f3356c0c80dda0697175,hardlink
train,/root/autodl-tmp/datasets/sources/construction-ppe_ultralytics_2025_v1/images/train/image49.jpg,/root/autodl-tmp/datasets/sources/construction-ppe_ultralytics_2025_v1/labels/train/image49.txt,/root/autodl-tmp/datasets/derived/construction_ppe3_canonical_v1_20260804_172437/images/all/train__image49.jpg,/root/autodl-tmp/datasets/derived/construction_ppe3_canonical_v1_20260804_172437/labels/all/train__image49.txt,7,3,4,17d99c985d321074b742602d18c471d08e22b98e39e2fe9a13bc00897f30ab43,hardlink
train,/root/autodl-tmp/datasets/sources/construction-ppe_ultralytics_2025_v1/images/train/image490.jpg,/root/autodl-tmp/datasets/sources/construction-ppe_ultralytics_2025_v1/labels/train/image490.txt,/root/autodl-tmp/datasets/derived/construction_ppe3_canonical_v1_20260804_172437/images/all/train__image490.jpg,/root/autodl-tmp/datasets/derived/construction_ppe3_canonical_v1_20260804_172437/labels/all/train__image490.txt,3,3,0,14a97057a9e0f2a404121467aaeb3bd63926f6c8d2afc9c783a727036aac9199,hardlink
train,/root/autodl-tmp/datasets/sources/construction-ppe_ultralytics_2025_v1/images/train/image491.jpg,/root/autodl-tmp/datasets/sources/construction-ppe_ultralytics_2025_v1/labels/train/image491.txt,/root/autodl-tmp/datasets/derived/construction_ppe3_canonical_v1_20260804_172437/images/all/train__image491.jpg,/root/autodl-tmp/datasets/derived/construction_ppe3_canonical_v1_20260804_172437/labels/all/train__image491.txt,8,3,5,ce4e2a2d24419569d98e7deedd12f035709a261850a1e63412fb51502fc208bf,hardlink
train,/root/autodl-tmp/datasets/sources/construction-ppe_ultralytics_2025_v1/images/train/image492.jpg,/root/autodl-tmp/datasets/sources/construction-ppe_ultralytics_2025_v1/labels/train/image492.txt,/root/autodl-tmp/datasets/derived/construction_ppe3_canonical_v1_20260804_172437/images/all/train__image492.jpg,/root/autodl-tmp/datasets/derived/construction_ppe3_canonical_v1_20260804_172437/labels/all/train__image492.txt,3,3,0,dfe2988c160f918b65ff1f0ddd9e0de6e53063b013aa238d940d0d878c2a3f96,hardlink
train,/root/autodl-tmp/datasets/sources/construction-ppe_ultralytics_2025_v1/images/train/image493.jpg,/root/autodl-tmp/datasets/sources/construction-ppe_ultralytics_2025_v1/labels/train/image493.txt,/root/autodl-tmp/datasets/derived/construction_ppe3_canonical_v1_20260804_172437/images/all/train__image493.jpg,/root/autodl-tmp/datasets/derived/construction_ppe3_canonical_v1_20260804_172437/labels/all/train__image493.txt,8,3,5,f9bf89c667373df10bdffa0b9b3f13f380ab7c5e50bda959c1cdf759f87c3001,hardlink
train,/root/autodl-tmp/datasets/sources/construction-ppe_ultralytics_2025_v1/images/train/image494.jpg,/root/autodl-tmp/datasets/sources/construction-ppe_ultralytics_2025_v1/labels/train/image494.txt,/root/autodl-tmp/datasets/derived/construction_ppe3_canonical_v1_20260804_172437/images/all/train__image494.jpg,/root/autodl-tmp/datasets/derived/construction_ppe3_canonical_v1_20260804_172437/labels/all/train__image494.txt,8,3,5,6c084fe994e35bd831365bc712643b86573970321bd10195a6d9b80b3b4f9fdf,hardlink
train,/root/autodl-tmp/datasets/sources/construction-ppe_ultralytics_2025_v1/images/train/image495.jpg,/root/autodl-tmp/datasets/sources/construction-ppe_ultralytics_2025_v1/labels/train/image495.txt,/root/autodl-tmp/datasets/derived/construction_ppe3_canonical_v1_20260804_172437/images/all/train__image495.jpg,/root/autodl-tmp/datasets/derived/construction_ppe3_canonical_v1_20260804_172437/labels/all/train__image495.txt,7,3,4,702b8fa6bbb32ff11d5f31a72197dc6e1f20e5d53b2089415f1e696ccad31dcb,hardlink
train,/root/autodl-tmp/datasets/sources/construction-ppe_ultralytics_2025_v1/images/train/image496.jpg,/root/autodl-tmp/datasets/sources/construction-ppe_ultralytics_2025_v1/labels/train/image496.txt,/root/autodl-tmp/datasets/derived/construction_ppe3_canonical_v1_20260804_172437/images/all/train__image496.jpg,/root/autodl-tmp/datasets/derived/construction_ppe3_canonical_v1_20260804_172437/labels/all/train__image496.txt,5,1,4,74327a54fda9cc3f3051d15f6abb587c958de92a316ee5bea28fca3312c05989,hardlink
train,/root/autodl-tmp/datasets/sources/construction-ppe_ultralytics_2025_v1/images/train/image497.jpg,/root/autodl-tmp/datasets/sources/construction-ppe_ultralytics_2025_v1/labels/train/image497.txt,/root/autodl-tmp/datasets/derived/construction_ppe3_canonical_v1_20260804_172437/images/all/train__image497.jpg,/root/autodl-tmp/datasets/derived/construction_ppe3_canonical_v1_20260804_172437/labels/all/train__image497.txt,8,3,5,43157b28050b932619600461faa6d8e5d5cd0334b74489c9d3ef00585f78cd69,hardlink
train,/root/autodl-tmp/datasets/sources/construction-ppe_ultralytics_2025_v1/images/train/image498.jpg,/root/autodl-tmp/datasets/sources/construction-ppe_ultralytics_2025_v1/labels/train/image498.txt,/root/autodl-tmp/datasets/derived/construction_ppe3_canonical_v1_20260804_172437/images/all/train__image498.jpg,/root/autodl-tmp/datasets/derived/construction_ppe3_canonical_v1_20260804_172437/labels/all/train__image498.txt,16,12,4,21d2111a35cd5049883049123f8468a5a5cdee90f23fb8380a7c7fe5829c5ac1,hardlink
train,/root/autodl-tmp/datasets/sources/construction-ppe_ultralytics_2025_v1/images/train/image499.jpg,/root/autodl-tmp/datasets/sources/construction-ppe_ultralytics_2025_v1/labels/train/image499.txt,/root/autodl-tmp/datasets/derived/construction_ppe3_canonical_v1_20260804_172437/images/all/train__image499.jpg,/root/autodl-tmp/datasets/derived/construction_ppe3_canonical_v1_20260804_172437/labels/all/train__image499.txt,7,3,4,bad1fb64d977857b2f80b5f0bbe4cdc598c536ae0efac93f3420b1c1c68a25c7,hardlink
train,/root/autodl-tmp/datasets/sources/construction-ppe_ultralytics_2025_v1/images/train/image5.jpeg,/root/autodl-tmp/datasets/sources/construction-ppe_ultralytics_2025_v1/labels/train/image5.txt,/root/autodl-tmp/datasets/derived/construction_ppe3_canonical_v1_20260804_172437/images/all/train__image5.jpeg,/root/autodl-tmp/datasets/derived/construction_ppe3_canonical_v1_20260804_172437/labels/all/train__image5.txt,11,9,2,874da94f8c57b4d86acc8863a191836d0c2cb45bf819b0de4aefd1f3d6a710b4,hardlink
train,/root/autodl-tmp/datasets/sources/construction-ppe_ultralytics_2025_v1/images/train/image50.jpeg,/root/autodl-tmp/datasets/sources/construction-ppe_ultralytics_2025_v1/labels/train/image50.txt,/root/autodl-tmp/datasets/derived/construction_ppe3_canonical_v1_20260804_172437/images/all/train__image50.jpeg,/root/autodl-tmp/datasets/derived/construction_ppe3_canonical_v1_20260804_172437/labels/all/train__image50.txt,9,6,3,ea45842d9dc7e846010b77875ad800ac5c9901bea8cd87d348cafbfffb277ee6,hardlink
train,/root/autodl-tmp/datasets/sources/construction-ppe_ultralytics_2025_v1/images/train/image500.jpg,/root/autodl-tmp/datasets/sources/construction-ppe_ultralytics_2025_v1/labels/train/image500.txt,/root/autodl-tmp/datasets/derived/construction_ppe3_canonical_v1_20260804_172437/images/all/train__image500.jpg,/root/autodl-tmp/datasets/derived/construction_ppe3_canonical_v1_20260804_172437/labels/all/train__image500.txt,8,3,5,537e9e29631d0d1e1a16b5fa82870334d7981355eff545ff12bb0fd6b177283b,hardlink
train,/root/autodl-tmp/datasets/sources/construction-ppe_ultralytics_2025_v1/images/train/image501.jpg,/root/autodl-tmp/datasets/sources/construction-ppe_ultralytics_2025_v1/labels/train/image501.txt,/root/autodl-tmp/datasets/derived/construction_ppe3_canonical_v1_20260804_172437/images/all/train__image501.jpg,/root/autodl-tmp/datasets/derived/construction_ppe3_canonical_v1_20260804_172437/labels/all/train__image501.txt,7,2,5,550e4f6bb28fe2087e0cf273eb8f2431c12e48ac200b29c008a78c8477b3a60e,hardlink
train,/root/autodl-tmp/datasets/sources/construction-ppe_ultralytics_2025_v1/images/train/image503.jpg,/root/autodl-tmp/datasets/sources/construction-ppe_ultralytics_2025_v1/labels/train/image503.txt,/root/autodl-tmp/datasets/derived/construction_ppe3_canonical_v1_20260804_172437/images/all/train__image503.jpg,/root/autodl-tmp/datasets/derived/construction_ppe3_canonical_v1_20260804_172437/labels/all/train__image503.txt,6,3,3,2f00e33f0b3a23f7b83405ab3f59102550e5da67f39be009ff10947767c395e8,hardlink
train,/root/autodl-tmp/datasets/sources/construction-ppe_ultralytics_2025_v1/images/train/image504.jpg,/root/autodl-tmp/datasets/sources/construction-ppe_ultralytics_2025_v1/labels/train/image504.txt,/root/autodl-tmp/datasets/derived/construction_ppe3_canonical_v1_20260804_172437/images/all/train__image504.jpg,/root/autodl-tmp/datasets/derived/construction_ppe3_canonical_v1_20260804_172437/labels/all/train__image504.txt,8,3,5,711f010c8130cfdc42993316f1a0ef1012a313f68212606e2b519db694a86cb9,hardlink
train,/root/autodl-tmp/datasets/sources/construction-ppe_ultralytics_2025_v1/images/train/image506.jpg,/root/autodl-tmp/datasets/sources/construction-ppe_ultralytics_2025_v1/labels/train/image506.txt,/root/autodl-tmp/datasets/derived/construction_ppe3_canonical_v1_20260804_172437/images/all/train__image506.jpg,/root/autodl-tmp/datasets/derived/construction_ppe3_canonical_v1_20260804_172437/labels/all/train__image506.txt,8,3,5,4628d04f7573d55e6bc1285defb5bf92283caa60e2e3c56e66e9543b4979697d,hardlink
train,/root/autodl-tmp/datasets/sources/construction-ppe_ultralytics_2025_v1/images/train/image507.jpg,/root/autodl-tmp/datasets/sources/construction-ppe_ultralytics_2025_v1/labels/train/image507.txt,/root/autodl-tmp/datasets/derived/construction_ppe3_canonical_v1_20260804_172437/images/all/train__image507.jpg,/root/autodl-tmp/datasets/derived/construction_ppe3_canonical_v1_20260804_172437/labels/all/train__image507.txt,8,3,5,eb815bdbcfbbfd49e4126b34afea077a29cd6d0a44510b3b9b6a5003f5ecae10,hardlink
train,/root/autodl-tmp/datasets/sources/construction-ppe_ultralytics_2025_v1/images/train/image509.jpg,/root/autodl-tmp/datasets/sources/construction-ppe_ultralytics_2025_v1/labels/train/image509.txt,/root/autodl-tmp/datasets/derived/construction_ppe3_canonical_v1_20260804_172437/images/all/train__image509.jpg,/root/autodl-tmp/datasets/derived/construction_ppe3_canonical_v1_20260804_172437/labels/all/train__image509.txt,8,3,5,9d844079fb1569d9aa39059fe5e021710b71a8854e01fbd506262242da466b64,hardlink
train,/root/autodl-tmp/datasets/sources/construction-ppe_ultralytics_2025_v1/images/train/image51.jpeg,/root/autodl-tmp/datasets/sources/construction-ppe_ultralytics_2025_v1/labels/train/image51.txt,/root/autodl-tmp/datasets/derived/construction_ppe3_canonical_v1_20260804_172437/images/all/train__image51.jpeg,/root/autodl-tmp/datasets/derived/construction_ppe3_canonical_v1_20260804_172437/labels/all/train__image51.txt,4,3,1,58885fcad76056e9e6012de0c9a99e47c084e5497fe1d35a2a7d2de8992ea679,hardlink
train,/root/autodl-tmp/datasets/sources/construction-ppe_ultralytics_2025_v1/images/train/image510.jpg,/root/autodl-tmp/datasets/sources/construction-ppe_ultralytics_2025_v1/labels/train/image510.txt,/root/autodl-tmp/datasets/derived/construction_ppe3_canonical_v1_20260804_172437/images/all/train__image510.jpg,/root/autodl-tmp/datasets/derived/construction_ppe3_canonical_v1_20260804_172437/labels/all/train__image510.txt,8,3,5,348c849b865501b7a67d73b8680036c19c26e44e8795d628401fc867e0c57640,hardlink
train,/root/autodl-tmp/datasets/sources/construction-ppe_ultralytics_2025_v1/images/train/image511.jpg,/root/autodl-tmp/datasets/sources/construction-ppe_ultralytics_2025_v1/labels/train/image511.txt,/root/autodl-tmp/datasets/derived/construction_ppe3_canonical_v1_20260804_172437/images/all/train__image511.jpg,/root/autodl-tmp/datasets/derived/construction_ppe3_canonical_v1_20260804_172437/labels/all/train__image511.txt,8,3,5,d61a0c134e0d394b1de662bfd74a4f9f2781cc1893b34e958c0759fcbc066f09,hardlink
train,/root/autodl-tmp/datasets/sources/construction-ppe_ultralytics_2025_v1/images/train/image512.jpg,/root/autodl-tmp/datasets/sources/construction-ppe_ultralytics_2025_v1/labels/train/image512.txt,/root/autodl-tmp/datasets/derived/construction_ppe3_canonical_v1_20260804_172437/images/all/train__image512.jpg,/root/autodl-tmp/datasets/derived/construction_ppe3_canonical_v1_20260804_172437/labels/all/train__image512.txt,8,3,5,38965dfbffc572b3100ed1fe0804d3b47849f152d089bb66d9fa6fce8fd76850,hardlink
train,/root/autodl-tmp/datasets/sources/construction-ppe_ultralytics_2025_v1/images/train/image513.jpg,/root/autodl-tmp/datasets/sources/construction-ppe_ultralytics_2025_v1/labels/train/image513.txt,/root/autodl-tmp/datasets/derived/construction_ppe3_canonical_v1_20260804_172437/images/all/train__image513.jpg,/root/autodl-tmp/datasets/derived/construction_ppe3_canonical_v1_20260804_172437/labels/all/train__image513.txt,8,3,5,0486d2c5c5457851f023c84dfd0b566f30490056ce9a05b03d475298ccbff033,hardlink
train,/root/autodl-tmp/datasets/sources/construction-ppe_ultralytics_2025_v1/images/train/image514.jpg,/root/autodl-tmp/datasets/sources/construction-ppe_ultralytics_2025_v1/labels/train/image514.txt,/root/autodl-tmp/datasets/derived/construction_ppe3_canonical_v1_20260804_172437/images/all/train__image514.jpg,/root/autodl-tmp/datasets/derived/construction_ppe3_canonical_v1_20260804_172437/labels/all/train__image514.txt,8,3,5,d07edb1e6e5f80c811217e3a4641e89d26ea88d8cae92c942130e66113417ce4,hardlink
train,/root/autodl-tmp/datasets/sources/construction-ppe_ultralytics_2025_v1/images/train/image515.jpg,/root/autodl-tmp/datasets/sources/construction-ppe_ultralytics_2025_v1/labels/train/image515.txt,/root/autodl-tmp/datasets/derived/construction_ppe3_canonical_v1_20260804_172437/images/all/train__image515.jpg,/root/autodl-tmp/datasets/derived/construction_ppe3_canonical_v1_20260804_172437/labels/all/train__image515.txt,8,3,5,839be9daf4868295a8da2d187eccee444e74361e74244e9438a9d6975076e7d8,hardlink
train,/root/autodl-tmp/datasets/sources/construction-ppe_ultralytics_2025_v1/images/train/image516.jpg,/root/autodl-tmp/datasets/sources/construction-ppe_ultralytics_2025_v1/labels/train/image516.txt,/root/autodl-tmp/datasets/derived/construction_ppe3_canonical_v1_20260804_172437/images/all/train__image516.jpg,/root/autodl-tmp/datasets/derived/construction_ppe3_canonical_v1_20260804_172437/labels/all/train__image516.txt,8,3,5,53bb3aaaee4c10a206a60938de43c80f88d97a5912e87fdfdac09f1bebc26717,hardlink
train,/root/autodl-tmp/datasets/sources/construction-ppe_ultralytics_2025_v1/images/train/image518.jpg,/root/autodl-tmp/datasets/sources/construction-ppe_ultralytics_2025_v1/labels/train/image518.txt,/root/autodl-tmp/datasets/derived/construction_ppe3_canonical_v1_20260804_172437/images/all/train__image518.jpg,/root/autodl-tmp/datasets/derived/construction_ppe3_canonical_v1_20260804_172437/labels/all/train__image518.txt,8,3,5,8bafe54fb58582edd4ae53d1b1bfb74d9b088ea2ca1c0346764294788a735419,hardlink
train,/root/autodl-tmp/datasets/sources/construction-ppe_ultralytics_2025_v1/images/train/image519.jpg,/root/autodl-tmp/datasets/sources/construction-ppe_ultralytics_2025_v1/labels/train/image519.txt,/root/autodl-tmp/datasets/derived/construction_ppe3_canonical_v1_20260804_172437/images/all/train__image519.jpg,/root/autodl-tmp/datasets/derived/construction_ppe3_canonical_v1_20260804_172437/labels/all/train__image519.txt,8,3,5,f2275761047ec3c811de9d014227d0b9daf34cf9b45ae6126c2e42683bb75321,hardlink
train,/root/autodl-tmp/datasets/sources/construction-ppe_ultralytics_2025_v1/images/train/image52.jpg,/root/autodl-tmp/datasets/sources/construction-ppe_ultralytics_2025_v1/labels/train/image52.txt,/root/autodl-tmp/datasets/derived/construction_ppe3_canonical_v1_20260804_172437/images/all/train__image52.jpg,/root/autodl-tmp/datasets/derived/construction_ppe3_canonical_v1_20260804_172437/labels/all/train__image52.txt,7,3,4,67fc44bbf9327331548378456e7280772933bd492d889ce9e21c65ee4f9ba9ba,hardlink
train,/root/autodl-tmp/datasets/sources/construction-ppe_ultralytics_2025_v1/images/train/image520.jpg,/root/autodl-tmp/datasets/sources/construction-ppe_ultralytics_2025_v1/labels/train/image520.txt,/root/autodl-tmp/datasets/derived/construction_ppe3_canonical_v1_20260804_172437/images/all/train__image520.jpg,/root/autodl-tmp/datasets/derived/construction_ppe3_canonical_v1_20260804_172437/labels/all/train__image520.txt,8,3,5,6bcca737e84fddc108c1d406d3f8fb9c0be738d66580db32cdfeffa5819add87,hardlink
train,/root/autodl-tmp/datasets/sources/construction-ppe_ultralytics_2025_v1/images/train/image521.jpeg,/root/autodl-tmp/datasets/sources/construction-ppe_ultralytics_2025_v1/labels/train/image521.txt,/root/autodl-tmp/datasets/derived/construction_ppe3_canonical_v1_20260804_172437/images/all/train__image521.jpeg,/root/autodl-tmp/datasets/derived/construction_ppe3_canonical_v1_20260804_172437/labels/all/train__image521.txt,11,9,2,8e48b2cfa98aa260d38c0d94cafaa1ff9474be58e04daafd06fa45e8853b8bd8,hardlink
train,/root/autodl-tmp/datasets/sources/construction-ppe_ultralytics_2025_v1/images/train/image522.jpeg,/root/autodl-tmp/datasets/sources/construction-ppe_ultralytics_2025_v1/labels/train/image522.txt,/root/autodl-tmp/datasets/derived/construction_ppe3_canonical_v1_20260804_172437/images/all/train__image522.jpeg,/root/autodl-tmp/datasets/derived/construction_ppe3_canonical_v1_20260804_172437/labels/all/train__image522.txt,7,3,4,7f09a9315d1ac73a4a7b7189696d46d838a52dcefc3c724afd8a3a3e603498cf,hardlink
train,/root/autodl-tmp/datasets/sources/construction-ppe_ultralytics_2025_v1/images/train/image523.jpg,/root/autodl-tmp/datasets/sources/construction-ppe_ultralytics_2025_v1/labels/train/image523.txt,/root/autodl-tmp/datasets/derived/construction_ppe3_canonical_v1_20260804_172437/images/all/train__image523.jpg,/root/autodl-tmp/datasets/derived/construction_ppe3_canonical_v1_20260804_172437/labels/all/train__image523.txt,5,3,2,2bde43f0fba9aac5da860f9cb3f0e1aca21fe2d3e5b935a9ca29818bd5e9be4d,hardlink
train,/root/autodl-tmp/datasets/sources/construction-ppe_ultralytics_2025_v1/images/train/image525.jpeg,/root/autodl-tmp/datasets/sources/construction-ppe_ultralytics_2025_v1/labels/train/image525.txt,/root/autodl-tmp/datasets/derived/construction_ppe3_canonical_v1_20260804_172437/images/all/train__image525.jpeg,/root/autodl-tmp/datasets/derived/construction_ppe3_canonical_v1_20260804_172437/labels/all/train__image525.txt,7,3,4,ba81e5849b2ee6639796ae2de08d30cb2107fadcbff6f3cfe5408ef8a7358acd,hardlink
train,/root/autodl-tmp/datasets/sources/construction-ppe_ultralytics_2025_v1/images/train/image526.jpg,/root/autodl-tmp/datasets/sources/construction-ppe_ultralytics_2025_v1/labels/train/image526.txt,/root/autodl-tmp/datasets/derived/construction_ppe3_canonical_v1_20260804_172437/images/all/train__image526.jpg,/root/autodl-tmp/datasets/derived/construction_ppe3_canonical_v1_20260804_172437/labels/all/train__image526.txt,2,0,2,d39ef8e12351692c9d61fb25ed8edd7df4d659185595787abd6a8f87d1914bff,hardlink
train,/root/autodl-tmp/datasets/sources/construction-ppe_ultralytics_2025_v1/images/train/image527.jpg,/root/autodl-tmp/datasets/sources/construction-ppe_ultralytics_2025_v1/labels/train/image527.txt,/root/autodl-tmp/datasets/derived/construction_ppe3_canonical_v1_20260804_172437/images/all/train__image527.jpg,/root/autodl-tmp/datasets/derived/construction_ppe3_canonical_v1_20260804_172437/labels/all/train__image527.txt,7,3,4,1707c19d365af9ad4f2ab74439dbede428665aa9f3151ee46a9ceee172d17853,hardlink
train,/root/autodl-tmp/datasets/sources/construction-ppe_ultralytics_2025_v1/images/train/image528.jpg,/root/autodl-tmp/datasets/sources/construction-ppe_ultralytics_2025_v1/labels/train/image528.txt,/root/autodl-tmp/datasets/derived/construction_ppe3_canonical_v1_20260804_172437/images/all/train__image528.jpg,/root/autodl-tmp/datasets/derived/construction_ppe3_canonical_v1_20260804_172437/labels/all/train__image528.txt,5,3,2,3dc7dd9950c69780bab96b2098861cd461324b60ecba75671610ab101fbfe081,hardlink
train,/root/autodl-tmp/datasets/sources/construction-ppe_ultralytics_2025_v1/images/train/image529.jpg,/root/autodl-tmp/datasets/sources/construction-ppe_ultralytics_2025_v1/labels/train/image529.txt,/root/autodl-tmp/datasets/derived/construction_ppe3_canonical_v1_20260804_172437/images/all/train__image529.jpg,/root/autodl-tmp/datasets/derived/construction_ppe3_canonical_v1_20260804_172437/labels/all/train__image529.txt,5,3,2,22ef360922c2f18d712a2bcbda77088ace94e3f0e52a51a9cd9097bc3ac47f38,hardlink
train,/root/autodl-tmp/datasets/sources/construction-ppe_ultralytics_2025_v1/images/train/image53.jpeg,/root/autodl-tmp/datasets/sources/construction-ppe_ultralytics_2025_v1/labels/train/image53.txt,/root/autodl-tmp/datasets/derived/construction_ppe3_canonical_v1_20260804_172437/images/all/train__image53.jpeg,/root/autodl-tmp/datasets/derived/construction_ppe3_canonical_v1_20260804_172437/labels/all/train__image53.txt,6,3,3,9d0e9fb40ed833e5ac7a341a156ce7c33da2aecfda5352d3ede3897811734c78,hardlink
train,/root/autodl-tmp/datasets/sources/construction-ppe_ultralytics_2025_v1/images/train/image530.jpg,/root/autodl-tmp/datasets/sources/construction-ppe_ultralytics_2025_v1/labels/train/image530.txt,/root/autodl-tmp/datasets/derived/construction_ppe3_canonical_v1_20260804_172437/images/all/train__image530.jpg,/root/autodl-tmp/datasets/derived/construction_ppe3_canonical_v1_20260804_172437/labels/all/train__image530.txt,7,3,4,6fcd969fbdbd26eea708beae62feeb4ccf438c7aee3e395f8d84dadae74b84f4,hardlink
train,/root/autodl-tmp/datasets/sources/construction-ppe_ultralytics_2025_v1/images/train/image531.jpg,/root/autodl-tmp/datasets/sources/construction-ppe_ultralytics_2025_v1/labels/train/image531.txt,/root/autodl-tmp/datasets/derived/construction_ppe3_canonical_v1_20260804_172437/images/all/train__image531.jpg,/root/autodl-tmp/datasets/derived/construction_ppe3_canonical_v1_20260804_172437/labels/all/train__image531.txt,6,3,3,7d92ca4884d7aa8f1d3ae336b9b2eea5c2784dee4acbe830bda0a97d4ecacb29,hardlink
train,/root/autodl-tmp/datasets/sources/construction-ppe_ultralytics_2025_v1/images/train/image534.jpg,/root/autodl-tmp/datasets/sources/construction-ppe_ultralytics_2025_v1/labels/train/image534.txt,/root/autodl-tmp/datasets/derived/construction_ppe3_canonical_v1_20260804_172437/images/all/train__image534.jpg,/root/autodl-tmp/datasets/derived/construction_ppe3_canonical_v1_20260804_172437/labels/all/train__image534.txt,5,3,2,7f850453a72087a4deaf6211a03037a58a1a15d111834ffd931374e4a369865b,hardlink
train,/root/autodl-tmp/datasets/sources/construction-ppe_ultralytics_2025_v1/images/train/image539.jpg,/root/autodl-tmp/datasets/sources/construction-ppe_ultralytics_2025_v1/labels/train/image539.txt,/root/autodl-tmp/datasets/derived/construction_ppe3_canonical_v1_20260804_172437/images/all/train__image539.jpg,/root/autodl-tmp/datasets/derived/construction_ppe3_canonical_v1_20260804_172437/labels/all/train__image539.txt,20,12,8,e23b94b9b2d98c5c9b6c5b2d7e58e3ab911eb8ef8847b9f444a20076b01a4bc8,hardlink
train,/root/autodl-tmp/datasets/sources/construction-ppe_ultralytics_2025_v1/images/train/image54.jpg,/root/autodl-tmp/datasets/sources/construction-ppe_ultralytics_2025_v1/labels/train/image54.txt,/root/autodl-tmp/datasets/derived/construction_ppe3_canonical_v1_20260804_172437/images/all/train__image54.jpg,/root/autodl-tmp/datasets/derived/construction_ppe3_canonical_v1_20260804_172437/labels/all/train__image54.txt,5,3,2,0c88bd96c0a224a8c3798ec9c0fb862ecebedb54ee4e94f2e03bd9d154fcf82f,hardlink
train,/root/autodl-tmp/datasets/sources/construction-ppe_ultralytics_2025_v1/images/train/image540.jpg,/root/autodl-tmp/datasets/sources/construction-ppe_ultralytics_2025_v1/labels/train/image540.txt,/root/autodl-tmp/datasets/derived/construction_ppe3_canonical_v1_20260804_172437/images/all/train__image540.jpg,/root/autodl-tmp/datasets/derived/construction_ppe3_canonical_v1_20260804_172437/labels/all/train__image540.txt,2,2,0,ea76de8ae13a0a3952ec0262ba7ec934dd356c6f24a826f1c9ca7e61fd49b7c8,hardlink
train,/root/autodl-tmp/datasets/sources/construction-ppe_ultralytics_2025_v1/images/train/image542.jpg,/root/autodl-tmp/datasets/sources/construction-ppe_ultralytics_2025_v1/labels/train/image542.txt,/root/autodl-tmp/datasets/derived/construction_ppe3_canonical_v1_20260804_172437/images/all/train__image542.jpg,/root/autodl-tmp/datasets/derived/construction_ppe3_canonical_v1_20260804_172437/labels/all/train__image542.txt,10,9,1,fbf371bf94061a95065acd8e57775b7077cc33ddb088afdfc27407c576c45b7a,hardlink
train,/root/autodl-tmp/datasets/sources/construction-ppe_ultralytics_2025_v1/images/train/image543.jpg,/root/autodl-tmp/datasets/sources/construction-ppe_ultralytics_2025_v1/labels/train/image543.txt,/root/autodl-tmp/datasets/derived/construction_ppe3_canonical_v1_20260804_172437/images/all/train__image543.jpg,/root/autodl-tmp/datasets/derived/construction_ppe3_canonical_v1_20260804_172437/labels/all/train__image543.txt,3,3,0,dfa163e205aa61aee4b982a37b28a3f97aaeccff87341178bd0774c2051036ae,hardlink
train,/root/autodl-tmp/datasets/sources/construction-ppe_ultralytics_2025_v1/images/train/image544.jpg,/root/autodl-tmp/datasets/sources/construction-ppe_ultralytics_2025_v1/labels/train/image544.txt,/root/autodl-tmp/datasets/derived/construction_ppe3_canonical_v1_20260804_172437/images/all/train__image544.jpg,/root/autodl-tmp/datasets/derived/construction_ppe3_canonical_v1_20260804_172437/labels/all/train__image544.txt,3,3,0,d74abeeacd10770afad5c68e9ccbf292566d1d49c286f7460bd0c6c96535128f,hardlink
train,/root/autodl-tmp/datasets/sources/construction-ppe_ultralytics_2025_v1/images/train/image545.jpg,/root/autodl-tmp/datasets/sources/construction-ppe_ultralytics_2025_v1/labels/train/image545.txt,/root/autodl-tmp/datasets/derived/construction_ppe3_canonical_v1_20260804_172437/images/all/train__image545.jpg,/root/autodl-tmp/datasets/derived/construction_ppe3_canonical_v1_20260804_172437/labels/all/train__image545.txt,3,3,0,50a17c1e20bad34e1e0092d49c8ddf6b97ac755ffa7578de6e5e29fdb1a44c4e,hardlink
train,/root/autodl-tmp/datasets/sources/construction-ppe_ultralytics_2025_v1/images/train/image546.jpg,/root/autodl-tmp/datasets/sources/construction-ppe_ultralytics_2025_v1/labels/train/image546.txt,/root/autodl-tmp/datasets/derived/construction_ppe3_canonical_v1_20260804_172437/images/all/train__image546.jpg,/root/autodl-tmp/datasets/derived/construction_ppe3_canonical_v1_20260804_172437/labels/all/train__image546.txt,3,3,0,dc4cf9bab52bcc49cc2d6adf4c0a65dec7558b6f2f68011bb0845bfb990205e9,hardlink
train,/root/autodl-tmp/datasets/sources/construction-ppe_ultralytics_2025_v1/images/train/image549.jpg,/root/autodl-tmp/datasets/sources/construction-ppe_ultralytics_2025_v1/labels/train/image549.txt,/root/autodl-tmp/datasets/derived/construction_ppe3_canonical_v1_20260804_172437/images/all/train__image549.jpg,/root/autodl-tmp/datasets/derived/construction_ppe3_canonical_v1_20260804_172437/labels/all/train__image549.txt,14,9,5,ba33f3e754ddd6315db849730e74391b93e486fd85a19ad638a54141a752d187,hardlink
train,/root/autodl-tmp/datasets/sources/construction-ppe_ultralytics_2025_v1/images/train/image55.jpeg,/root/autodl-tmp/datasets/sources/construction-ppe_ultralytics_2025_v1/labels/train/image55.txt,/root/autodl-tmp/datasets/derived/construction_ppe3_canonical_v1_20260804_172437/images/all/train__image55.jpeg,/root/autodl-tmp/datasets/derived/construction_ppe3_canonical_v1_20260804_172437/labels/all/train__image55.txt,7,7,0,d24e2163c2e1cbadb968dd10ce5eae275db3c7d145cd0a141e9927bfc80daa5a,hardlink
train,/root/autodl-tmp/datasets/sources/construction-ppe_ultralytics_2025_v1/images/train/image551.jpg,/root/autodl-tmp/datasets/sources/construction-ppe_ultralytics_2025_v1/labels/train/image551.txt,/root/autodl-tmp/datasets/derived/construction_ppe3_canonical_v1_20260804_172437/images/all/train__image551.jpg,/root/autodl-tmp/datasets/derived/construction_ppe3_canonical_v1_20260804_172437/labels/all/train__image551.txt,3,3,0,00db4cc0281479e4dca492a684aaa8b3418718f00c1a4b59f0f618ebebc5a6f7,hardlink
train,/root/autodl-tmp/datasets/sources/construction-ppe_ultralytics_2025_v1/images/train/image552.jpg,/root/autodl-tmp/datasets/sources/construction-ppe_ultralytics_2025_v1/labels/train/image552.txt,/root/autodl-tmp/datasets/derived/construction_ppe3_canonical_v1_20260804_172437/images/all/train__image552.jpg,/root/autodl-tmp/datasets/derived/construction_ppe3_canonical_v1_20260804_172437/labels/all/train__image552.txt,3,3,0,37d7626d70090449890066a686ea71f27aece41f92fc5c6d1a47bb83facd76d0,hardlink
train,/root/autodl-tmp/datasets/sources/construction-ppe_ultralytics_2025_v1/images/train/image553.jpg,/root/autodl-tmp/datasets/sources/construction-ppe_ultralytics_2025_v1/labels/train/image553.txt,/root/autodl-tmp/datasets/derived/construction_ppe3_canonical_v1_20260804_172437/images/all/train__image553.jpg,/root/autodl-tmp/datasets/derived/construction_ppe3_canonical_v1_20260804_172437/labels/all/train__image553.txt,7,3,4,c022a275c7061385f53991a027d61c1bfea1abca0b2fb14ffb064a5728bdb4cf,hardlink
train,/root/autodl-tmp/datasets/sources/construction-ppe_ultralytics_2025_v1/images/train/image554.jpg,/root/autodl-tmp/datasets/sources/construction-ppe_ultralytics_2025_v1/labels/train/image554.txt,/root/autodl-tmp/datasets/derived/construction_ppe3_canonical_v1_20260804_172437/images/all/train__image554.jpg,/root/autodl-tmp/datasets/derived/construction_ppe3_canonical_v1_20260804_172437/labels/all/train__image554.txt,4,4,0,af339ae56da49dee2886fd67e1f021f9e03f1963ef7f1a4be64caf79bdcd8148,hardlink
train,/root/autodl-tmp/datasets/sources/construction-ppe_ultralytics_2025_v1/images/train/image555.jpg,/root/autodl-tmp/datasets/sources/construction-ppe_ultralytics_2025_v1/labels/train/image555.txt,/root/autodl-tmp/datasets/derived/construction_ppe3_canonical_v1_20260804_172437/images/all/train__image555.jpg,/root/autodl-tmp/datasets/derived/construction_ppe3_canonical_v1_20260804_172437/labels/all/train__image555.txt,3,3,0,9541a4e674fbc1a8298900a50f0a224ec1c58922b7d2c50264875e3d299deb79,hardlink
train,/root/autodl-tmp/datasets/sources/construction-ppe_ultralytics_2025_v1/images/train/image556.jpg,/root/autodl-tmp/datasets/sources/construction-ppe_ultralytics_2025_v1/labels/train/image556.txt,/root/autodl-tmp/datasets/derived/construction_ppe3_canonical_v1_20260804_172437/images/all/train__image556.jpg,/root/autodl-tmp/datasets/derived/construction_ppe3_canonical_v1_20260804_172437/labels/all/train__image556.txt,10,10,0,c8637f9ec2a8242197d3b180a3556c73afb205958e751385af525402406dd752,hardlink
train,/root/autodl-tmp/datasets/sources/construction-ppe_ultralytics_2025_v1/images/train/image557.jpg,/root/autodl-tmp/datasets/sources/construction-ppe_ultralytics_2025_v1/labels/train/image557.txt,/root/autodl-tmp/datasets/derived/construction_ppe3_canonical_v1_20260804_172437/images/all/train__image557.jpg,/root/autodl-tmp/datasets/derived/construction_ppe3_canonical_v1_20260804_172437/labels/all/train__image557.txt,3,3,0,73d020e8894833e7c035b7abd103990dbd745faf1d7bc85fed0eb0fba9431cad,hardlink
train,/root/autodl-tmp/datasets/sources/construction-ppe_ultralytics_2025_v1/images/train/image558.jpg,/root/autodl-tmp/datasets/sources/construction-ppe_ultralytics_2025_v1/labels/train/image558.txt,/root/autodl-tmp/datasets/derived/construction_ppe3_canonical_v1_20260804_172437/images/all/train__image558.jpg,/root/autodl-tmp/datasets/derived/construction_ppe3_canonical_v1_20260804_172437/labels/all/train__image558.txt,5,3,2,e77210cdea02a64aebe2df8ab7c9f7d32bb3c48aa51218bf35c3065a51632b7b,hardlink
train,/root/autodl-tmp/datasets/sources/construction-ppe_ultralytics_2025_v1/images/train/image559.jpg,/root/autodl-tmp/datasets/sources/construction-ppe_ultralytics_2025_v1/labels/train/image559.txt,/root/autodl-tmp/datasets/derived/construction_ppe3_canonical_v1_20260804_172437/images/all/train__image559.jpg,/root/autodl-tmp/datasets/derived/construction_ppe3_canonical_v1_20260804_172437/labels/all/train__image559.txt,4,2,2,1f6b70a375a3707e209fba0cb0ab18074f27ecc83ecf0a0c65bf0d7a474313ad,hardlink
train,/root/autodl-tmp/datasets/sources/construction-ppe_ultralytics_2025_v1/images/train/image56.jpg,/root/autodl-tmp/datasets/sources/construction-ppe_ultralytics_2025_v1/labels/train/image56.txt,/root/autodl-tmp/datasets/derived/construction_ppe3_canonical_v1_20260804_172437/images/all/train__image56.jpg,/root/autodl-tmp/datasets/derived/construction_ppe3_canonical_v1_20260804_172437/labels/all/train__image56.txt,7,3,4,5417b63f112dbc951d1ee4cb4ecd88a45cb96d7788fbd58c1c78ce2cf2f593c2,hardlink
train,/root/autodl-tmp/datasets/sources/construction-ppe_ultralytics_2025_v1/images/train/image560.jpg,/root/autodl-tmp/datasets/sources/construction-ppe_ultralytics_2025_v1/labels/train/image560.txt,/root/autodl-tmp/datasets/derived/construction_ppe3_canonical_v1_20260804_172437/images/all/train__image560.jpg,/root/autodl-tmp/datasets/derived/construction_ppe3_canonical_v1_20260804_172437/labels/all/train__image560.txt,5,3,2,577464236eb5ae93c9d9d9fdfc90adb1f2c8ca6ea069f186f856626ec2bf5dae,hardlink
train,/root/autodl-tmp/datasets/sources/construction-ppe_ultralytics_2025_v1/images/train/image561.jpg,/root/autodl-tmp/datasets/sources/construction-ppe_ultralytics_2025_v1/labels/train/image561.txt,/root/autodl-tmp/datasets/derived/construction_ppe3_canonical_v1_20260804_172437/images/all/train__image561.jpg,/root/autodl-tmp/datasets/derived/construction_ppe3_canonical_v1_20260804_172437/labels/all/train__image561.txt,4,3,1,0c602661ce7dc83a2a49328964de113297d65085c3de396281a129138781776d,hardlink
train,/root/autodl-tmp/datasets/sources/construction-ppe_ultralytics_2025_v1/images/train/image562.jpg,/root/autodl-tmp/datasets/sources/construction-ppe_ultralytics_2025_v1/labels/train/image562.txt,/root/autodl-tmp/datasets/derived/construction_ppe3_canonical_v1_20260804_172437/images/all/train__image562.jpg,/root/autodl-tmp/datasets/derived/construction_ppe3_canonical_v1_20260804_172437/labels/all/train__image562.txt,12,12,0,b417d3a8646660c18d3576273127d3962666c727024077d9c7d406ad2bd8e98f,hardlink
train,/root/autodl-tmp/datasets/sources/construction-ppe_ultralytics_2025_v1/images/train/image563.jpg,/root/autodl-tmp/datasets/sources/construction-ppe_ultralytics_2025_v1/labels/train/image563.txt,/root/autodl-tmp/datasets/derived/construction_ppe3_canonical_v1_20260804_172437/images/all/train__image563.jpg,/root/autodl-tmp/datasets/derived/construction_ppe3_canonical_v1_20260804_172437/labels/all/train__image563.txt,6,2,4,1037fb3d5e62d036ecb90adc139f1f59786cb7c08cc747e3eeafa15df220f59a,hardlink
train,/root/autodl-tmp/datasets/sources/construction-ppe_ultralytics_2025_v1/images/train/image564.jpg,/root/autodl-tmp/datasets/sources/construction-ppe_ultralytics_2025_v1/labels/train/image564.txt,/root/autodl-tmp/datasets/derived/construction_ppe3_canonical_v1_20260804_172437/images/all/train__image564.jpg,/root/autodl-tmp/datasets/derived/construction_ppe3_canonical_v1_20260804_172437/labels/all/train__image564.txt,3,3,0,e28f3acbcaf5301b8e0138b4cf92997246fc04097ba32c324ec9607f9f5ef0b4,hardlink
train,/root/autodl-tmp/datasets/sources/construction-ppe_ultralytics_2025_v1/images/train/image565.jpg,/root/autodl-tmp/datasets/sources/construction-ppe_ultralytics_2025_v1/labels/train/image565.txt,/root/autodl-tmp/datasets/derived/construction_ppe3_canonical_v1_20260804_172437/images/all/train__image565.jpg,/root/autodl-tmp/datasets/derived/construction_ppe3_canonical_v1_20260804_172437/labels/all/train__image565.txt,6,3,3,05e1c4a2f611bbcc4af57993e304b799bc912fef5a3b5ab6ce3eeab3971d8fc7,hardlink
train,/root/autodl-tmp/datasets/sources/construction-ppe_ultralytics_2025_v1/images/train/image566.jpg,/root/autodl-tmp/datasets/sources/construction-ppe_ultralytics_2025_v1/labels/train/image566.txt,/root/autodl-tmp/datasets/derived/construction_ppe3_canonical_v1_20260804_172437/images/all/train__image566.jpg,/root/autodl-tmp/datasets/derived/construction_ppe3_canonical_v1_20260804_172437/labels/all/train__image566.txt,5,1,4,e5d726c85f2021ec5a3a34fbb2d1baba171eb82f393a0cbb3110ce0cf3e7d7ef,hardlink
train,/root/autodl-tmp/datasets/sources/construction-ppe_ultralytics_2025_v1/images/train/image567.jpg,/root/autodl-tmp/datasets/sources/construction-ppe_ultralytics_2025_v1/labels/train/image567.txt,/root/autodl-tmp/datasets/derived/construction_ppe3_canonical_v1_20260804_172437/images/all/train__image567.jpg,/root/autodl-tmp/datasets/derived/construction_ppe3_canonical_v1_20260804_172437/labels/all/train__image567.txt,7,3,4,4e0ffa3f21650c8c251e17fa0a7730b9a52fe1a0d9708d3e2199f22f0b2d7235,hardlink
train,/root/autodl-tmp/datasets/sources/construction-ppe_ultralytics_2025_v1/images/train/image568.jpg,/root/autodl-tmp/datasets/sources/construction-ppe_ultralytics_2025_v1/labels/train/image568.txt,/root/autodl-tmp/datasets/derived/construction_ppe3_canonical_v1_20260804_172437/images/all/train__image568.jpg,/root/autodl-tmp/datasets/derived/construction_ppe3_canonical_v1_20260804_172437/labels/all/train__image568.txt,3,3,0,6639d8bd0a80bda0767822a7cb13c1ff7378eff83caa212fa466c570003b8f27,hardlink
train,/root/autodl-tmp/datasets/sources/construction-ppe_ultralytics_2025_v1/images/train/image569.jpg,/root/autodl-tmp/datasets/sources/construction-ppe_ultralytics_2025_v1/labels/train/image569.txt,/root/autodl-tmp/datasets/derived/construction_ppe3_canonical_v1_20260804_172437/images/all/train__image569.jpg,/root/autodl-tmp/datasets/derived/construction_ppe3_canonical_v1_20260804_172437/labels/all/train__image569.txt,3,3,0,f99f7f0ac6fb20900b585dae28705a2153b943888e46e829a59bac53a65b01f8,hardlink
train,/root/autodl-tmp/datasets/sources/construction-ppe_ultralytics_2025_v1/images/train/image57.jpeg,/root/autodl-tmp/datasets/sources/construction-ppe_ultralytics_2025_v1/labels/train/image57.txt,/root/autodl-tmp/datasets/derived/construction_ppe3_canonical_v1_20260804_172437/images/all/train__image57.jpeg,/root/autodl-tmp/datasets/derived/construction_ppe3_canonical_v1_20260804_172437/labels/all/train__image57.txt,2,0,2,c48689ea05a43347a3c8f620424f24a4a32d2ba3f4dca85cdf0f03fbc50a813a,hardlink
train,/root/autodl-tmp/datasets/sources/construction-ppe_ultralytics_2025_v1/images/train/image570.jpg,/root/autodl-tmp/datasets/sources/construction-ppe_ultralytics_2025_v1/labels/train/image570.txt,/root/autodl-tmp/datasets/derived/construction_ppe3_canonical_v1_20260804_172437/images/all/train__image570.jpg,/root/autodl-tmp/datasets/derived/construction_ppe3_canonical_v1_20260804_172437/labels/all/train__image570.txt,3,3,0,aab445d369e8c8bff58ca54876240b7b1255a224bb733550e73049be30a96777,hardlink
train,/root/autodl-tmp/datasets/sources/construction-ppe_ultralytics_2025_v1/images/train/image571.jpg,/root/autodl-tmp/datasets/sources/construction-ppe_ultralytics_2025_v1/labels/train/image571.txt,/root/autodl-tmp/datasets/derived/construction_ppe3_canonical_v1_20260804_172437/images/all/train__image571.jpg,/root/autodl-tmp/datasets/derived/construction_ppe3_canonical_v1_20260804_172437/labels/all/train__image571.txt,3,3,0,d5babd20d8137aa69d97e9ad0d5ef14aac92ce9937e51b92de448cd94c7419c1,hardlink
train,/root/autodl-tmp/datasets/sources/construction-ppe_ultralytics_2025_v1/images/train/image572.jpg,/root/autodl-tmp/datasets/sources/construction-ppe_ultralytics_2025_v1/labels/train/image572.txt,/root/autodl-tmp/datasets/derived/construction_ppe3_canonical_v1_20260804_172437/images/all/train__image572.jpg,/root/autodl-tmp/datasets/derived/construction_ppe3_canonical_v1_20260804_172437/labels/all/train__image572.txt,3,3,0,c5e67102b81b3ed237cb348681efd6dae5354cc9afded68af93f9a87d5a577ce,hardlink
train,/root/autodl-tmp/datasets/sources/construction-ppe_ultralytics_2025_v1/images/train/image574.jpg,/root/autodl-tmp/datasets/sources/construction-ppe_ultralytics_2025_v1/labels/train/image574.txt,/root/autodl-tmp/datasets/derived/construction_ppe3_canonical_v1_20260804_172437/images/all/train__image574.jpg,/root/autodl-tmp/datasets/derived/construction_ppe3_canonical_v1_20260804_172437/labels/all/train__image574.txt,8,3,5,cdd998822c9658e9ab993b409f10264aa3b40607580051a37607dcc8c845f56a,hardlink
train,/root/autodl-tmp/datasets/sources/construction-ppe_ultralytics_2025_v1/images/train/image575.jpg,/root/autodl-tmp/datasets/sources/construction-ppe_ultralytics_2025_v1/labels/train/image575.txt,/root/autodl-tmp/datasets/derived/construction_ppe3_canonical_v1_20260804_172437/images/all/train__image575.jpg,/root/autodl-tmp/datasets/derived/construction_ppe3_canonical_v1_20260804_172437/labels/all/train__image575.txt,5,3,2,3d20bef69b159b28baf9b8ccc5b829835c5ec2745b9faabb45d3fef87b375ee7,hardlink
train,/root/autodl-tmp/datasets/sources/construction-ppe_ultralytics_2025_v1/images/train/image577.jpg,/root/autodl-tmp/datasets/sources/construction-ppe_ultralytics_2025_v1/labels/train/image577.txt,/root/autodl-tmp/datasets/derived/construction_ppe3_canonical_v1_20260804_172437/images/all/train__image577.jpg,/root/autodl-tmp/datasets/derived/construction_ppe3_canonical_v1_20260804_172437/labels/all/train__image577.txt,5,3,2,9aee764ae901c2c526d8601c80e578b4259b3240e0a7824747d8c6e4a0e01601,hardlink
train,/root/autodl-tmp/datasets/sources/construction-ppe_ultralytics_2025_v1/images/train/image578.jpg,/root/autodl-tmp/datasets/sources/construction-ppe_ultralytics_2025_v1/labels/train/image578.txt,/root/autodl-tmp/datasets/derived/construction_ppe3_canonical_v1_20260804_172437/images/all/train__image578.jpg,/root/autodl-tmp/datasets/derived/construction_ppe3_canonical_v1_20260804_172437/labels/all/train__image578.txt,5,3,2,db7082956dcd078a6d150fb2e325535f08bd323b34876ed34c2f699a1dbcd6d9,hardlink
train,/root/autodl-tmp/datasets/sources/construction-ppe_ultralytics_2025_v1/images/train/image579.jpg,/root/autodl-tmp/datasets/sources/construction-ppe_ultralytics_2025_v1/labels/train/image579.txt,/root/autodl-tmp/datasets/derived/construction_ppe3_canonical_v1_20260804_172437/images/all/train__image579.jpg,/root/autodl-tmp/datasets/derived/construction_ppe3_canonical_v1_20260804_172437/labels/all/train__image579.txt,4,2,2,582d710ca9f52b379dca8b78bf68e0347005eb301e784c54a299479c24906ecc,hardlink
train,/root/autodl-tmp/datasets/sources/construction-ppe_ultralytics_2025_v1/images/train/image580.jpg,/root/autodl-tmp/datasets/sources/construction-ppe_ultralytics_2025_v1/labels/train/image580.txt,/root/autodl-tmp/datasets/derived/construction_ppe3_canonical_v1_20260804_172437/images/all/train__image580.jpg,/root/autodl-tmp/datasets/derived/construction_ppe3_canonical_v1_20260804_172437/labels/all/train__image580.txt,6,3,3,9e8065ccd96e7a8a43724be8809f044268f4d97522d341f9b62b954c1ca1ee61,hardlink
train,/root/autodl-tmp/datasets/sources/construction-ppe_ultralytics_2025_v1/images/train/image581.jpg,/root/autodl-tmp/datasets/sources/construction-ppe_ultralytics_2025_v1/labels/train/image581.txt,/root/autodl-tmp/datasets/derived/construction_ppe3_canonical_v1_20260804_172437/images/all/train__image581.jpg,/root/autodl-tmp/datasets/derived/construction_ppe3_canonical_v1_20260804_172437/labels/all/train__image581.txt,8,3,5,e951a3da3fc0dab8cf143c54ea993eb5c4d1f2bebbfb1f4ce5cd78051e24e9c4,hardlink
train,/root/autodl-tmp/datasets/sources/construction-ppe_ultralytics_2025_v1/images/train/image582.jpg,/root/autodl-tmp/datasets/sources/construction-ppe_ultralytics_2025_v1/labels/train/image582.txt,/root/autodl-tmp/datasets/derived/construction_ppe3_canonical_v1_20260804_172437/images/all/train__image582.jpg,/root/autodl-tmp/datasets/derived/construction_ppe3_canonical_v1_20260804_172437/labels/all/train__image582.txt,7,2,5,c4b9851bb5f8393e4932186e693b84328f89408ae6b904510a90c59207faafc6,hardlink
train,/root/autodl-tmp/datasets/sources/construction-ppe_ultralytics_2025_v1/images/train/image583.jpg,/root/autodl-tmp/datasets/sources/construction-ppe_ultralytics_2025_v1/labels/train/image583.txt,/root/autodl-tmp/datasets/derived/construction_ppe3_canonical_v1_20260804_172437/images/all/train__image583.jpg,/root/autodl-tmp/datasets/derived/construction_ppe3_canonical_v1_20260804_172437/labels/all/train__image583.txt,7,3,4,10fc426e423a39204fad6392b16be4ea859bcf122da7337bdebe81f34032a444,hardlink
train,/root/autodl-tmp/datasets/sources/construction-ppe_ultralytics_2025_v1/images/train/image584.jpg,/root/autodl-tmp/datasets/sources/construction-ppe_ultralytics_2025_v1/labels/train/image584.txt,/root/autodl-tmp/datasets/derived/construction_ppe3_canonical_v1_20260804_172437/images/all/train__image584.jpg,/root/autodl-tmp/datasets/derived/construction_ppe3_canonical_v1_20260804_172437/labels/all/train__image584.txt,8,3,5,ad27dbae4ab8e8b215a7cc62f5aafd9c7674604b45ab6e857de76484842855b3,hardlink
train,/root/autodl-tmp/datasets/sources/construction-ppe_ultralytics_2025_v1/images/train/image586.jpg,/root/autodl-tmp/datasets/sources/construction-ppe_ultralytics_2025_v1/labels/train/image586.txt,/root/autodl-tmp/datasets/derived/construction_ppe3_canonical_v1_20260804_172437/images/all/train__image586.jpg,/root/autodl-tmp/datasets/derived/construction_ppe3_canonical_v1_20260804_172437/labels/all/train__image586.txt,5,3,2,4eaac3999434ec3f2bec327ff29aca5f8e50f7ed3c6c319f83cea0bcc3643f4f,hardlink
train,/root/autodl-tmp/datasets/sources/construction-ppe_ultralytics_2025_v1/images/train/image587.jpg,/root/autodl-tmp/datasets/sources/construction-ppe_ultralytics_2025_v1/labels/train/image587.txt,/root/autodl-tmp/datasets/derived/construction_ppe3_canonical_v1_20260804_172437/images/all/train__image587.jpg,/root/autodl-tmp/datasets/derived/construction_ppe3_canonical_v1_20260804_172437/labels/all/train__image587.txt,8,3,5,7c91923cd7276e3705fbf2c85158eb886bb01f20baf498ab536882430335854b,hardlink
train,/root/autodl-tmp/datasets/sources/construction-ppe_ultralytics_2025_v1/images/train/image588.jpg,/root/autodl-tmp/datasets/sources/construction-ppe_ultralytics_2025_v1/labels/train/image588.txt,/root/autodl-tmp/datasets/derived/construction_ppe3_canonical_v1_20260804_172437/images/all/train__image588.jpg,/root/autodl-tmp/datasets/derived/construction_ppe3_canonical_v1_20260804_172437/labels/all/train__image588.txt,7,3,4,56718a97fdc654bda7ef3c03e8dcdbbd37539966b996b62f364049da29762b25,hardlink
train,/root/autodl-tmp/datasets/sources/construction-ppe_ultralytics_2025_v1/images/train/image589.jpg,/root/autodl-tmp/datasets/sources/construction-ppe_ultralytics_2025_v1/labels/train/image589.txt,/root/autodl-tmp/datasets/derived/construction_ppe3_canonical_v1_20260804_172437/images/all/train__image589.jpg,/root/autodl-tmp/datasets/derived/construction_ppe3_canonical_v1_20260804_172437/labels/all/train__image589.txt,7,3,4,c13ec440c3627a708c3fbf1e000be220c96800e535290c0f9bc622dbc4e72e77,hardlink
train,/root/autodl-tmp/datasets/sources/construction-ppe_ultralytics_2025_v1/images/train/image59.jpg,/root/autodl-tmp/datasets/sources/construction-ppe_ultralytics_2025_v1/labels/train/image59.txt,/root/autodl-tmp/datasets/derived/construction_ppe3_canonical_v1_20260804_172437/images/all/train__image59.jpg,/root/autodl-tmp/datasets/derived/construction_ppe3_canonical_v1_20260804_172437/labels/all/train__image59.txt,5,3,2,4f2a444bb8cb0e16cd9695cb58a54ae40da4612c463a5ad49201ee83b2b8d574,hardlink
train,/root/autodl-tmp/datasets/sources/construction-ppe_ultralytics_2025_v1/images/train/image590.jpg,/root/autodl-tmp/datasets/sources/construction-ppe_ultralytics_2025_v1/labels/train/image590.txt,/root/autodl-tmp/datasets/derived/construction_ppe3_canonical_v1_20260804_172437/images/all/train__image590.jpg,/root/autodl-tmp/datasets/derived/construction_ppe3_canonical_v1_20260804_172437/labels/all/train__image590.txt,5,3,2,5175f25a8233a675c34f3a34a8ad01cde568763354862cac7f8288c372d6a3e7,hardlink
train,/root/autodl-tmp/datasets/sources/construction-ppe_ultralytics_2025_v1/images/train/image591.jpg,/root/autodl-tmp/datasets/sources/construction-ppe_ultralytics_2025_v1/labels/train/image591.txt,/root/autodl-tmp/datasets/derived/construction_ppe3_canonical_v1_20260804_172437/images/all/train__image591.jpg,/root/autodl-tmp/datasets/derived/construction_ppe3_canonical_v1_20260804_172437/labels/all/train__image591.txt,7,3,4,8952d7dfe19d2069b2261d4463bf24498481a99a64da73d95abe56e825751665,hardlink
train,/root/autodl-tmp/datasets/sources/construction-ppe_ultralytics_2025_v1/images/train/image592.jpg,/root/autodl-tmp/datasets/sources/construction-ppe_ultralytics_2025_v1/labels/train/image592.txt,/root/autodl-tmp/datasets/derived/construction_ppe3_canonical_v1_20260804_172437/images/all/train__image592.jpg,/root/autodl-tmp/datasets/derived/construction_ppe3_canonical_v1_20260804_172437/labels/all/train__image592.txt,7,3,4,ba66846570545712beea2778a9d03869f970c197d903e44dd4f3a4f584f1fca9,hardlink
train,/root/autodl-tmp/datasets/sources/construction-ppe_ultralytics_2025_v1/images/train/image593.jpg,/root/autodl-tmp/datasets/sources/construction-ppe_ultralytics_2025_v1/labels/train/image593.txt,/root/autodl-tmp/datasets/derived/construction_ppe3_canonical_v1_20260804_172437/images/all/train__image593.jpg,/root/autodl-tmp/datasets/derived/construction_ppe3_canonical_v1_20260804_172437/labels/all/train__image593.txt,7,3,4,0ae0025b4c2b3788f8dd645fd05e5bfb44f9dea2d92edef2e6020b8a2a3e8fdc,hardlink
train,/root/autodl-tmp/datasets/sources/construction-ppe_ultralytics_2025_v1/images/train/image594.jpg,/root/autodl-tmp/datasets/sources/construction-ppe_ultralytics_2025_v1/labels/train/image594.txt,/root/autodl-tmp/datasets/derived/construction_ppe3_canonical_v1_20260804_172437/images/all/train__image594.jpg,/root/autodl-tmp/datasets/derived/construction_ppe3_canonical_v1_20260804_172437/labels/all/train__image594.txt,7,3,4,b4e4d99017fe51b4f8ca82d30b3afd5321874467c4c515f68244e752f79acc6e,hardlink
train,/root/autodl-tmp/datasets/sources/construction-ppe_ultralytics_2025_v1/images/train/image595.jpg,/root/autodl-tmp/datasets/sources/construction-ppe_ultralytics_2025_v1/labels/train/image595.txt,/root/autodl-tmp/datasets/derived/construction_ppe3_canonical_v1_20260804_172437/images/all/train__image595.jpg,/root/autodl-tmp/datasets/derived/construction_ppe3_canonical_v1_20260804_172437/labels/all/train__image595.txt,5,3,2,40b8a0ddb664ab28e6313730c4a1e87d233eeb95262d24fab4d33417d96b7b01,hardlink
train,/root/autodl-tmp/datasets/sources/construction-ppe_ultralytics_2025_v1/images/train/image596.jpg,/root/autodl-tmp/datasets/sources/construction-ppe_ultralytics_2025_v1/labels/train/image596.txt,/root/autodl-tmp/datasets/derived/construction_ppe3_canonical_v1_20260804_172437/images/all/train__image596.jpg,/root/autodl-tmp/datasets/derived/construction_ppe3_canonical_v1_20260804_172437/labels/all/train__image596.txt,5,3,2,d3d0e3098f29b5896f426c3a4737ca0d32de1c1004cdd610dda9c0eb0e4c37a3,hardlink
train,/root/autodl-tmp/datasets/sources/construction-ppe_ultralytics_2025_v1/images/train/image597.jpeg,/root/autodl-tmp/datasets/sources/construction-ppe_ultralytics_2025_v1/labels/train/image597.txt,/root/autodl-tmp/datasets/derived/construction_ppe3_canonical_v1_20260804_172437/images/all/train__image597.jpeg,/root/autodl-tmp/datasets/derived/construction_ppe3_canonical_v1_20260804_172437/labels/all/train__image597.txt,7,3,4,545cbe66a3616d05f4c26508fcab6aafe3512aaad57548532c6e2cdd405979b7,hardlink
train,/root/autodl-tmp/datasets/sources/construction-ppe_ultralytics_2025_v1/images/train/image598.jpg,/root/autodl-tmp/datasets/sources/construction-ppe_ultralytics_2025_v1/labels/train/image598.txt,/root/autodl-tmp/datasets/derived/construction_ppe3_canonical_v1_20260804_172437/images/all/train__image598.jpg,/root/autodl-tmp/datasets/derived/construction_ppe3_canonical_v1_20260804_172437/labels/all/train__image598.txt,5,3,2,490799aa85b84c0d92023281a8581b21223873da4df92c96b9896aa210db3515,hardlink
train,/root/autodl-tmp/datasets/sources/construction-ppe_ultralytics_2025_v1/images/train/image599.jpg,/root/autodl-tmp/datasets/sources/construction-ppe_ultralytics_2025_v1/labels/train/image599.txt,/root/autodl-tmp/datasets/derived/construction_ppe3_canonical_v1_20260804_172437/images/all/train__image599.jpg,/root/autodl-tmp/datasets/derived/construction_ppe3_canonical_v1_20260804_172437/labels/all/train__image599.txt,5,3,2,bf01246ee96a0f6f354ae267977aaa9efc04e36c9571218d26787cf18d05b7c5,hardlink
train,/root/autodl-tmp/datasets/sources/construction-ppe_ultralytics_2025_v1/images/train/image60.jpeg,/root/autodl-tmp/datasets/sources/construction-ppe_ultralytics_2025_v1/labels/train/image60.txt,/root/autodl-tmp/datasets/derived/construction_ppe3_canonical_v1_20260804_172437/images/all/train__image60.jpeg,/root/autodl-tmp/datasets/derived/construction_ppe3_canonical_v1_20260804_172437/labels/all/train__image60.txt,2,2,0,8e0fecd3e5fca7a72c6a8f66e5daab03565d73e5e79822bfff91c814d6b7089e,hardlink
train,/root/autodl-tmp/datasets/sources/construction-ppe_ultralytics_2025_v1/images/train/image600.jpg,/root/autodl-tmp/datasets/sources/construction-ppe_ultralytics_2025_v1/labels/train/image600.txt,/root/autodl-tmp/datasets/derived/construction_ppe3_canonical_v1_20260804_172437/images/all/train__image600.jpg,/root/autodl-tmp/datasets/derived/construction_ppe3_canonical_v1_20260804_172437/labels/all/train__image600.txt,19,15,4,d53a8e923101d5cbf8740f0d9b147fa4e792194b566fa496ecc9b0bd26578422,hardlink
train,/root/autodl-tmp/datasets/sources/construction-ppe_ultralytics_2025_v1/images/train/image601.jpg,/root/autodl-tmp/datasets/sources/construction-ppe_ultralytics_2025_v1/labels/train/image601.txt,/root/autodl-tmp/datasets/derived/construction_ppe3_canonical_v1_20260804_172437/images/all/train__image601.jpg,/root/autodl-tmp/datasets/derived/construction_ppe3_canonical_v1_20260804_172437/labels/all/train__image601.txt,25,17,8,f765bb7b49449b0cff4eee9626543746877a9f259a45cb3303953ddd16fe2b23,hardlink
train,/root/autodl-tmp/datasets/sources/construction-ppe_ultralytics_2025_v1/images/train/image602.jpg,/root/autodl-tmp/datasets/sources/construction-ppe_ultralytics_2025_v1/labels/train/image602.txt,/root/autodl-tmp/datasets/derived/construction_ppe3_canonical_v1_20260804_172437/images/all/train__image602.jpg,/root/autodl-tmp/datasets/derived/construction_ppe3_canonical_v1_20260804_172437/labels/all/train__image602.txt,31,18,13,7353c1ba9edf054d860b3008024f6fa2c5430aef7dd6f49a8008eca4f0054e84,hardlink
train,/root/autodl-tmp/datasets/sources/construction-ppe_ultralytics_2025_v1/images/train/image603.jpg,/root/autodl-tmp/datasets/sources/construction-ppe_ultralytics_2025_v1/labels/train/image603.txt,/root/autodl-tmp/datasets/derived/construction_ppe3_canonical_v1_20260804_172437/images/all/train__image603.jpg,/root/autodl-tmp/datasets/derived/construction_ppe3_canonical_v1_20260804_172437/labels/all/train__image603.txt,31,18,13,bf71007b0109295cb92c412cd8427f3b96a1c80ec53b71a09c0840424cf78326,hardlink
train,/root/autodl-tmp/datasets/sources/construction-ppe_ultralytics_2025_v1/images/train/image604.jpg,/root/autodl-tmp/datasets/sources/construction-ppe_ultralytics_2025_v1/labels/train/image604.txt,/root/autodl-tmp/datasets/derived/construction_ppe3_canonical_v1_20260804_172437/images/all/train__image604.jpg,/root/autodl-tmp/datasets/derived/construction_ppe3_canonical_v1_20260804_172437/labels/all/train__image604.txt,5,3,2,2cd8afe3f090a6e58fcdda4216abc4507c4764c24da9c65bfd65956eea2feb99,hardlink
train,/root/autodl-tmp/datasets/sources/construction-ppe_ultralytics_2025_v1/images/train/image605.jpg,/root/autodl-tmp/datasets/sources/construction-ppe_ultralytics_2025_v1/labels/train/image605.txt,/root/autodl-tmp/datasets/derived/construction_ppe3_canonical_v1_20260804_172437/images/all/train__image605.jpg,/root/autodl-tmp/datasets/derived/construction_ppe3_canonical_v1_20260804_172437/labels/all/train__image605.txt,5,3,2,5fed1a07a79c80d7c666309dadf287335ecb7f18d32a22920c0f9ac3688ce968,hardlink
train,/root/autodl-tmp/datasets/sources/construction-ppe_ultralytics_2025_v1/images/train/image606.jpg,/root/autodl-tmp/datasets/sources/construction-ppe_ultralytics_2025_v1/labels/train/image606.txt,/root/autodl-tmp/datasets/derived/construction_ppe3_canonical_v1_20260804_172437/images/all/train__image606.jpg,/root/autodl-tmp/datasets/derived/construction_ppe3_canonical_v1_20260804_172437/labels/all/train__image606.txt,5,3,2,cd1431cf7bffa0b3e4da56301e0529d576a4151568ed2c9b21c5e1e4dfe87ee8,hardlink
train,/root/autodl-tmp/datasets/sources/construction-ppe_ultralytics_2025_v1/images/train/image609.jpeg,/root/autodl-tmp/datasets/sources/construction-ppe_ultralytics_2025_v1/labels/train/image609.txt,/root/autodl-tmp/datasets/derived/construction_ppe3_canonical_v1_20260804_172437/images/all/train__image609.jpeg,/root/autodl-tmp/datasets/derived/construction_ppe3_canonical_v1_20260804_172437/labels/all/train__image609.txt,3,3,0,cdd99cebbc425cdececa6318463ea00b1ba47de1ef22f88c159d9f3d82977a45,hardlink
train,/root/autodl-tmp/datasets/sources/construction-ppe_ultralytics_2025_v1/images/train/image61.jpg,/root/autodl-tmp/datasets/sources/construction-ppe_ultralytics_2025_v1/labels/train/image61.txt,/root/autodl-tmp/datasets/derived/construction_ppe3_canonical_v1_20260804_172437/images/all/train__image61.jpg,/root/autodl-tmp/datasets/derived/construction_ppe3_canonical_v1_20260804_172437/labels/all/train__image61.txt,5,3,2,2db6d632609218d71a0dfdfde43ea03f028989efea2c1b2083129f078e1ecb2a,hardlink
train,/root/autodl-tmp/datasets/sources/construction-ppe_ultralytics_2025_v1/images/train/image610.jpg,/root/autodl-tmp/datasets/sources/construction-ppe_ultralytics_2025_v1/labels/train/image610.txt,/root/autodl-tmp/datasets/derived/construction_ppe3_canonical_v1_20260804_172437/images/all/train__image610.jpg,/root/autodl-tmp/datasets/derived/construction_ppe3_canonical_v1_20260804_172437/labels/all/train__image610.txt,18,11,7,2b6b474c8b2b296ce66cee8a8dd2209b465dec99395e86a5389be0bb66dcca24,hardlink
train,/root/autodl-tmp/datasets/sources/construction-ppe_ultralytics_2025_v1/images/train/image613.jpg,/root/autodl-tmp/datasets/sources/construction-ppe_ultralytics_2025_v1/labels/train/image613.txt,/root/autodl-tmp/datasets/derived/construction_ppe3_canonical_v1_20260804_172437/images/all/train__image613.jpg,/root/autodl-tmp/datasets/derived/construction_ppe3_canonical_v1_20260804_172437/labels/all/train__image613.txt,17,15,2,e6afd2c229540ea7bd645194180cf97edfc568bfacc345d66fef73a24f3f5416,hardlink
train,/root/autodl-tmp/datasets/sources/construction-ppe_ultralytics_2025_v1/images/train/image614.jpg,/root/autodl-tmp/datasets/sources/construction-ppe_ultralytics_2025_v1/labels/train/image614.txt,/root/autodl-tmp/datasets/derived/construction_ppe3_canonical_v1_20260804_172437/images/all/train__image614.jpg,/root/autodl-tmp/datasets/derived/construction_ppe3_canonical_v1_20260804_172437/labels/all/train__image614.txt,26,18,8,96dae674aa2d12883f0892e7a2c898100f20b5323b72d3bc2408fde4af53fdb2,hardlink
train,/root/autodl-tmp/datasets/sources/construction-ppe_ultralytics_2025_v1/images/train/image617.jpg,/root/autodl-tmp/datasets/sources/construction-ppe_ultralytics_2025_v1/labels/train/image617.txt,/root/autodl-tmp/datasets/derived/construction_ppe3_canonical_v1_20260804_172437/images/all/train__image617.jpg,/root/autodl-tmp/datasets/derived/construction_ppe3_canonical_v1_20260804_172437/labels/all/train__image617.txt,4,3,1,dfed36fe6b13269233ff5d86827aea6adfc1c7c35e25a4ac3731aa3e0bcebd40,hardlink
train,/root/autodl-tmp/datasets/sources/construction-ppe_ultralytics_2025_v1/images/train/image618.jpg,/root/autodl-tmp/datasets/sources/construction-ppe_ultralytics_2025_v1/labels/train/image618.txt,/root/autodl-tmp/datasets/derived/construction_ppe3_canonical_v1_20260804_172437/images/all/train__image618.jpg,/root/autodl-tmp/datasets/derived/construction_ppe3_canonical_v1_20260804_172437/labels/all/train__image618.txt,4,3,1,7aae3ff0301bcc4c0d45213b6b4a92164290679cb3d395691e2862250ad15b35,hardlink
train,/root/autodl-tmp/datasets/sources/construction-ppe_ultralytics_2025_v1/images/train/image62.jpeg,/root/autodl-tmp/datasets/sources/construction-ppe_ultralytics_2025_v1/labels/train/image62.txt,/root/autodl-tmp/datasets/derived/construction_ppe3_canonical_v1_20260804_172437/images/all/train__image62.jpeg,/root/autodl-tmp/datasets/derived/construction_ppe3_canonical_v1_20260804_172437/labels/all/train__image62.txt,6,5,1,7c42a63b6d9453327272cce115a85268caf62bee951637711b1d40fbfdb48523,hardlink
train,/root/autodl-tmp/datasets/sources/construction-ppe_ultralytics_2025_v1/images/train/image620.jpg,/root/autodl-tmp/datasets/sources/construction-ppe_ultralytics_2025_v1/labels/train/image620.txt,/root/autodl-tmp/datasets/derived/construction_ppe3_canonical_v1_20260804_172437/images/all/train__image620.jpg,/root/autodl-tmp/datasets/derived/construction_ppe3_canonical_v1_20260804_172437/labels/all/train__image620.txt,11,11,0,306c5db753fe3777f12816b0611a5bf2477cef908bdc6d5e0dd76a7f26440ec5,hardlink
train,/root/autodl-tmp/datasets/sources/construction-ppe_ultralytics_2025_v1/images/train/image621.jpg,/root/autodl-tmp/datasets/sources/construction-ppe_ultralytics_2025_v1/labels/train/image621.txt,/root/autodl-tmp/datasets/derived/construction_ppe3_canonical_v1_20260804_172437/images/all/train__image621.jpg,/root/autodl-tmp/datasets/derived/construction_ppe3_canonical_v1_20260804_172437/labels/all/train__image621.txt,14,5,9,59cd8e1df014990a269fd65b58b58bed0e0e050d7c6f25f0fa0016880d0988fc,hardlink
train,/root/autodl-tmp/datasets/sources/construction-ppe_ultralytics_2025_v1/images/train/image622.jpg,/root/autodl-tmp/datasets/sources/construction-ppe_ultralytics_2025_v1/labels/train/image622.txt,/root/autodl-tmp/datasets/derived/construction_ppe3_canonical_v1_20260804_172437/images/all/train__image622.jpg,/root/autodl-tmp/datasets/derived/construction_ppe3_canonical_v1_20260804_172437/labels/all/train__image622.txt,2,2,0,c70f02ba694cb3bd43ace2b7b6e127f86c5738de4caf2923def612529a83d064,hardlink
train,/root/autodl-tmp/datasets/sources/construction-ppe_ultralytics_2025_v1/images/train/image623.jpg,/root/autodl-tmp/datasets/sources/construction-ppe_ultralytics_2025_v1/labels/train/image623.txt,/root/autodl-tmp/datasets/derived/construction_ppe3_canonical_v1_20260804_172437/images/all/train__image623.jpg,/root/autodl-tmp/datasets/derived/construction_ppe3_canonical_v1_20260804_172437/labels/all/train__image623.txt,2,2,0,90986d1fc6613406734330640e3be0569343b3136022ea3c29168611528431de,hardlink
train,/root/autodl-tmp/datasets/sources/construction-ppe_ultralytics_2025_v1/images/train/image624.jpg,/root/autodl-tmp/datasets/sources/construction-ppe_ultralytics_2025_v1/labels/train/image624.txt,/root/autodl-tmp/datasets/derived/construction_ppe3_canonical_v1_20260804_172437/images/all/train__image624.jpg,/root/autodl-tmp/datasets/derived/construction_ppe3_canonical_v1_20260804_172437/labels/all/train__image624.txt,2,2,0,88aa2b2dc1b60c82dc9538dc2d3c0746149d58dbdddd05ed2ba48a0307ad1e8e,hardlink
train,/root/autodl-tmp/datasets/sources/construction-ppe_ultralytics_2025_v1/images/train/image625.jpg,/root/autodl-tmp/datasets/sources/construction-ppe_ultralytics_2025_v1/labels/train/image625.txt,/root/autodl-tmp/datasets/derived/construction_ppe3_canonical_v1_20260804_172437/images/all/train__image625.jpg,/root/autodl-tmp/datasets/derived/construction_ppe3_canonical_v1_20260804_172437/labels/all/train__image625.txt,6,2,4,56053eecbb890aa1aba6d14206c11837e97f4e876f54f34affb1a44e447da6cd,hardlink
train,/root/autodl-tmp/datasets/sources/construction-ppe_ultralytics_2025_v1/images/train/image626.jpg,/root/autodl-tmp/datasets/sources/construction-ppe_ultralytics_2025_v1/labels/train/image626.txt,/root/autodl-tmp/datasets/derived/construction_ppe3_canonical_v1_20260804_172437/images/all/train__image626.jpg,/root/autodl-tmp/datasets/derived/construction_ppe3_canonical_v1_20260804_172437/labels/all/train__image626.txt,5,2,3,dc71bbcd1bd5e1eae3cad26e11a46ecf52c91864aeca17e33a15078ebf656ead,hardlink
train,/root/autodl-tmp/datasets/sources/construction-ppe_ultralytics_2025_v1/images/train/image629.jpg,/root/autodl-tmp/datasets/sources/construction-ppe_ultralytics_2025_v1/labels/train/image629.txt,/root/autodl-tmp/datasets/derived/construction_ppe3_canonical_v1_20260804_172437/images/all/train__image629.jpg,/root/autodl-tmp/datasets/derived/construction_ppe3_canonical_v1_20260804_172437/labels/all/train__image629.txt,4,4,0,4315e66f14f520ebb7a0027fa0cda522bc841bc71df7ba0082a59b07b9f6487d,hardlink
train,/root/autodl-tmp/datasets/sources/construction-ppe_ultralytics_2025_v1/images/train/image630.jpg,/root/autodl-tmp/datasets/sources/construction-ppe_ultralytics_2025_v1/labels/train/image630.txt,/root/autodl-tmp/datasets/derived/construction_ppe3_canonical_v1_20260804_172437/images/all/train__image630.jpg,/root/autodl-tmp/datasets/derived/construction_ppe3_canonical_v1_20260804_172437/labels/all/train__image630.txt,9,9,0,7c6e37f0b47dbb3966a91af48640ab33fc6ea894e78da118bd2a7d1899437b52,hardlink
train,/root/autodl-tmp/datasets/sources/construction-ppe_ultralytics_2025_v1/images/train/image631.jpeg,/root/autodl-tmp/datasets/sources/construction-ppe_ultralytics_2025_v1/labels/train/image631.txt,/root/autodl-tmp/datasets/derived/construction_ppe3_canonical_v1_20260804_172437/images/all/train__image631.jpeg,/root/autodl-tmp/datasets/derived/construction_ppe3_canonical_v1_20260804_172437/labels/all/train__image631.txt,5,5,0,c6877c407bd692755191d343684fcb50b9f5596b74a013b73248e4a17b5f1ddd,hardlink
train,/root/autodl-tmp/datasets/sources/construction-ppe_ultralytics_2025_v1/images/train/image632.jpg,/root/autodl-tmp/datasets/sources/construction-ppe_ultralytics_2025_v1/labels/train/image632.txt,/root/autodl-tmp/datasets/derived/construction_ppe3_canonical_v1_20260804_172437/images/all/train__image632.jpg,/root/autodl-tmp/datasets/derived/construction_ppe3_canonical_v1_20260804_172437/labels/all/train__image632.txt,7,6,1,67d625a30a2b4de0a774e30d9bd307f6d4c1932ce5d6539b4efd9e66bdf188dd,hardlink
train,/root/autodl-tmp/datasets/sources/construction-ppe_ultralytics_2025_v1/images/train/image634.jpg,/root/autodl-tmp/datasets/sources/construction-ppe_ultralytics_2025_v1/labels/train/image634.txt,/root/autodl-tmp/datasets/derived/construction_ppe3_canonical_v1_20260804_172437/images/all/train__image634.jpg,/root/autodl-tmp/datasets/derived/construction_ppe3_canonical_v1_20260804_172437/labels/all/train__image634.txt,13,9,4,c767e81d2a914629544c2ba3d3b07f53cfb69e42c05e058c08efe2f14c00d407,hardlink
train,/root/autodl-tmp/datasets/sources/construction-ppe_ultralytics_2025_v1/images/train/image635.jpg,/root/autodl-tmp/datasets/sources/construction-ppe_ultralytics_2025_v1/labels/train/image635.txt,/root/autodl-tmp/datasets/derived/construction_ppe3_canonical_v1_20260804_172437/images/all/train__image635.jpg,/root/autodl-tmp/datasets/derived/construction_ppe3_canonical_v1_20260804_172437/labels/all/train__image635.txt,3,3,0,e07acc401880158196dcbab4f673738b9098d8b400cb142bd02cb8bd65bf8b2c,hardlink
train,/root/autodl-tmp/datasets/sources/construction-ppe_ultralytics_2025_v1/images/train/image636.jpg,/root/autodl-tmp/datasets/sources/construction-ppe_ultralytics_2025_v1/labels/train/image636.txt,/root/autodl-tmp/datasets/derived/construction_ppe3_canonical_v1_20260804_172437/images/all/train__image636.jpg,/root/autodl-tmp/datasets/derived/construction_ppe3_canonical_v1_20260804_172437/labels/all/train__image636.txt,3,2,1,80afa715cb08a73e5a244fbfe1c4874fa5362068e18269307c3b9ceee70f9bce,hardlink
train,/root/autodl-tmp/datasets/sources/construction-ppe_ultralytics_2025_v1/images/train/image637.jpg,/root/autodl-tmp/datasets/sources/construction-ppe_ultralytics_2025_v1/labels/train/image637.txt,/root/autodl-tmp/datasets/derived/construction_ppe3_canonical_v1_20260804_172437/images/all/train__image637.jpg,/root/autodl-tmp/datasets/derived/construction_ppe3_canonical_v1_20260804_172437/labels/all/train__image637.txt,28,16,12,197bd9c187690a3dbb0ccf3c2637934bbe373ea5561414fd76ec795e101261cb,hardlink
train,/root/autodl-tmp/datasets/sources/construction-ppe_ultralytics_2025_v1/images/train/image638.jpg,/root/autodl-tmp/datasets/sources/construction-ppe_ultralytics_2025_v1/labels/train/image638.txt,/root/autodl-tmp/datasets/derived/construction_ppe3_canonical_v1_20260804_172437/images/all/train__image638.jpg,/root/autodl-tmp/datasets/derived/construction_ppe3_canonical_v1_20260804_172437/labels/all/train__image638.txt,12,12,0,d58f9d206bb438388afba28c649f5f563b567f1b091429f402416fb9b3b45ab3,hardlink
train,/root/autodl-tmp/datasets/sources/construction-ppe_ultralytics_2025_v1/images/train/image639.jpg,/root/autodl-tmp/datasets/sources/construction-ppe_ultralytics_2025_v1/labels/train/image639.txt,/root/autodl-tmp/datasets/derived/construction_ppe3_canonical_v1_20260804_172437/images/all/train__image639.jpg,/root/autodl-tmp/datasets/derived/construction_ppe3_canonical_v1_20260804_172437/labels/all/train__image639.txt,24,18,6,cb535b5eee4d27eb73b3ba2eb715c6cfb37e190ecfd9b012ef37f08b9726ec07,hardlink
train,/root/autodl-tmp/datasets/sources/construction-ppe_ultralytics_2025_v1/images/train/image64.jpeg,/root/autodl-tmp/datasets/sources/construction-ppe_ultralytics_2025_v1/labels/train/image64.txt,/root/autodl-tmp/datasets/derived/construction_ppe3_canonical_v1_20260804_172437/images/all/train__image64.jpeg,/root/autodl-tmp/datasets/derived/construction_ppe3_canonical_v1_20260804_172437/labels/all/train__image64.txt,8,5,3,7b149123ee50633ec790daafbc51842c398b96f7fe59d120e80509fda2dca2cc,hardlink
train,/root/autodl-tmp/datasets/sources/construction-ppe_ultralytics_2025_v1/images/train/image641.jpg,/root/autodl-tmp/datasets/sources/construction-ppe_ultralytics_2025_v1/labels/train/image641.txt,/root/autodl-tmp/datasets/derived/construction_ppe3_canonical_v1_20260804_172437/images/all/train__image641.jpg,/root/autodl-tmp/datasets/derived/construction_ppe3_canonical_v1_20260804_172437/labels/all/train__image641.txt,5,5,0,db3250b6b2385cddb50cbbbfa99b96bbd8164a59542c0920028a6e895064355a,hardlink
train,/root/autodl-tmp/datasets/sources/construction-ppe_ultralytics_2025_v1/images/train/image642.jpeg,/root/autodl-tmp/datasets/sources/construction-ppe_ultralytics_2025_v1/labels/train/image642.txt,/root/autodl-tmp/datasets/derived/construction_ppe3_canonical_v1_20260804_172437/images/all/train__image642.jpeg,/root/autodl-tmp/datasets/derived/construction_ppe3_canonical_v1_20260804_172437/labels/all/train__image642.txt,5,5,0,0cf4ebebd52843a60423933946dc572bff1cfc8a8634ac48cbdd2d73b918f0b2,hardlink
train,/root/autodl-tmp/datasets/sources/construction-ppe_ultralytics_2025_v1/images/train/image643.jpg,/root/autodl-tmp/datasets/sources/construction-ppe_ultralytics_2025_v1/labels/train/image643.txt,/root/autodl-tmp/datasets/derived/construction_ppe3_canonical_v1_20260804_172437/images/all/train__image643.jpg,/root/autodl-tmp/datasets/derived/construction_ppe3_canonical_v1_20260804_172437/labels/all/train__image643.txt,8,7,1,daeac3929ccae17b52748538dc2244f828977c926c184541206636123421d553,hardlink
train,/root/autodl-tmp/datasets/sources/construction-ppe_ultralytics_2025_v1/images/train/image645.jpg,/root/autodl-tmp/datasets/sources/construction-ppe_ultralytics_2025_v1/labels/train/image645.txt,/root/autodl-tmp/datasets/derived/construction_ppe3_canonical_v1_20260804_172437/images/all/train__image645.jpg,/root/autodl-tmp/datasets/derived/construction_ppe3_canonical_v1_20260804_172437/labels/all/train__image645.txt,21,21,0,c9568e7829d53abd2b910bc2d813cce58a5a9284acca545295460f7eb07b1e33,hardlink
train,/root/autodl-tmp/datasets/sources/construction-ppe_ultralytics_2025_v1/images/train/image646.jpg,/root/autodl-tmp/datasets/sources/construction-ppe_ultralytics_2025_v1/labels/train/image646.txt,/root/autodl-tmp/datasets/derived/construction_ppe3_canonical_v1_20260804_172437/images/all/train__image646.jpg,/root/autodl-tmp/datasets/derived/construction_ppe3_canonical_v1_20260804_172437/labels/all/train__image646.txt,23,23,0,73fce1589ea6e2c8c76c29130f468c947454f40a7b7976b9a004f1d9186f59be,hardlink
train,/root/autodl-tmp/datasets/sources/construction-ppe_ultralytics_2025_v1/images/train/image647.jpg,/root/autodl-tmp/datasets/sources/construction-ppe_ultralytics_2025_v1/labels/train/image647.txt,/root/autodl-tmp/datasets/derived/construction_ppe3_canonical_v1_20260804_172437/images/all/train__image647.jpg,/root/autodl-tmp/datasets/derived/construction_ppe3_canonical_v1_20260804_172437/labels/all/train__image647.txt,6,6,0,f4a1ffdd6b4c62ffd642e21b5d2fc93dcc760db74a8d85f3a22933eaeeb15bd3,hardlink
train,/root/autodl-tmp/datasets/sources/construction-ppe_ultralytics_2025_v1/images/train/image648.jpg,/root/autodl-tmp/datasets/sources/construction-ppe_ultralytics_2025_v1/labels/train/image648.txt,/root/autodl-tmp/datasets/derived/construction_ppe3_canonical_v1_20260804_172437/images/all/train__image648.jpg,/root/autodl-tmp/datasets/derived/construction_ppe3_canonical_v1_20260804_172437/labels/all/train__image648.txt,6,2,4,013fdcecdc23b7efa891483a8c4509663cb88c1809ce475b1c571c7d7b2f5d90,hardlink
train,/root/autodl-tmp/datasets/sources/construction-ppe_ultralytics_2025_v1/images/train/image649.jpg,/root/autodl-tmp/datasets/sources/construction-ppe_ultralytics_2025_v1/labels/train/image649.txt,/root/autodl-tmp/datasets/derived/construction_ppe3_canonical_v1_20260804_172437/images/all/train__image649.jpg,/root/autodl-tmp/datasets/derived/construction_ppe3_canonical_v1_20260804_172437/labels/all/train__image649.txt,3,3,0,74266ffdae78a0bbe322f8d8236739b8a7b06a0515231a2260047429c2ab70f2,hardlink
train,/root/autodl-tmp/datasets/sources/construction-ppe_ultralytics_2025_v1/images/train/image650.jpg,/root/autodl-tmp/datasets/sources/construction-ppe_ultralytics_2025_v1/labels/train/image650.txt,/root/autodl-tmp/datasets/derived/construction_ppe3_canonical_v1_20260804_172437/images/all/train__image650.jpg,/root/autodl-tmp/datasets/derived/construction_ppe3_canonical_v1_20260804_172437/labels/all/train__image650.txt,12,6,6,3533517a099a802c014b8163f4a60f79092760e137e57b0979869e81a90ba715,hardlink
train,/root/autodl-tmp/datasets/sources/construction-ppe_ultralytics_2025_v1/images/train/image651.jpg,/root/autodl-tmp/datasets/sources/construction-ppe_ultralytics_2025_v1/labels/train/image651.txt,/root/autodl-tmp/datasets/derived/construction_ppe3_canonical_v1_20260804_172437/images/all/train__image651.jpg,/root/autodl-tmp/datasets/derived/construction_ppe3_canonical_v1_20260804_172437/labels/all/train__image651.txt,5,3,2,d18b6bc531b7003d715d88d797a8624da320c19217f4963b5a0fa7235f6d58de,hardlink
train,/root/autodl-tmp/datasets/sources/construction-ppe_ultralytics_2025_v1/images/train/image652.jpg,/root/autodl-tmp/datasets/sources/construction-ppe_ultralytics_2025_v1/labels/train/image652.txt,/root/autodl-tmp/datasets/derived/construction_ppe3_canonical_v1_20260804_172437/images/all/train__image652.jpg,/root/autodl-tmp/datasets/derived/construction_ppe3_canonical_v1_20260804_172437/labels/all/train__image652.txt,9,9,0,89ec5bbe7f9ac4c40986d04ad64191020a2444bef8b963778ce074eb70528ca6,hardlink
train,/root/autodl-tmp/datasets/sources/construction-ppe_ultralytics_2025_v1/images/train/image653.jpeg,/root/autodl-tmp/datasets/sources/construction-ppe_ultralytics_2025_v1/labels/train/image653.txt,/root/autodl-tmp/datasets/derived/construction_ppe3_canonical_v1_20260804_172437/images/all/train__image653.jpeg,/root/autodl-tmp/datasets/derived/construction_ppe3_canonical_v1_20260804_172437/labels/all/train__image653.txt,4,4,0,932b254d2c54da1eda6e6827807c42eff8f9bd3c06104445a27921827dbfdb51,hardlink
train,/root/autodl-tmp/datasets/sources/construction-ppe_ultralytics_2025_v1/images/train/image655.jpg,/root/autodl-tmp/datasets/sources/construction-ppe_ultralytics_2025_v1/labels/train/image655.txt,/root/autodl-tmp/datasets/derived/construction_ppe3_canonical_v1_20260804_172437/images/all/train__image655.jpg,/root/autodl-tmp/datasets/derived/construction_ppe3_canonical_v1_20260804_172437/labels/all/train__image655.txt,11,9,2,19ba9c72148003f5b852823457173e244afeac3f87d7bf8339939e1154afa6a8,hardlink
train,/root/autodl-tmp/datasets/sources/construction-ppe_ultralytics_2025_v1/images/train/image657.jpg,/root/autodl-tmp/datasets/sources/construction-ppe_ultralytics_2025_v1/labels/train/image657.txt,/root/autodl-tmp/datasets/derived/construction_ppe3_canonical_v1_20260804_172437/images/all/train__image657.jpg,/root/autodl-tmp/datasets/derived/construction_ppe3_canonical_v1_20260804_172437/labels/all/train__image657.txt,6,6,0,807e615f752b6132015ea61f497b8f8de6e576c91feb18b723184cc3a5f1134f,hardlink
train,/root/autodl-tmp/datasets/sources/construction-ppe_ultralytics_2025_v1/images/train/image658.jpg,/root/autodl-tmp/datasets/sources/construction-ppe_ultralytics_2025_v1/labels/train/image658.txt,/root/autodl-tmp/datasets/derived/construction_ppe3_canonical_v1_20260804_172437/images/all/train__image658.jpg,/root/autodl-tmp/datasets/derived/construction_ppe3_canonical_v1_20260804_172437/labels/all/train__image658.txt,3,3,0,0af9da3dc6773178f7790dd1cb5f23a9dfe9a2a40579fd552a794e1272ce91bc,hardlink
train,/root/autodl-tmp/datasets/sources/construction-ppe_ultralytics_2025_v1/images/train/image659.jpg,/root/autodl-tmp/datasets/sources/construction-ppe_ultralytics_2025_v1/labels/train/image659.txt,/root/autodl-tmp/datasets/derived/construction_ppe3_canonical_v1_20260804_172437/images/all/train__image659.jpg,/root/autodl-tmp/datasets/derived/construction_ppe3_canonical_v1_20260804_172437/labels/all/train__image659.txt,19,19,0,83460fb7cd4fa7de6350563c20a01ba39b0033485d08b3943e98d9125c0f78af,hardlink
train,/root/autodl-tmp/datasets/sources/construction-ppe_ultralytics_2025_v1/images/train/image66.jpg,/root/autodl-tmp/datasets/sources/construction-ppe_ultralytics_2025_v1/labels/train/image66.txt,/root/autodl-tmp/datasets/derived/construction_ppe3_canonical_v1_20260804_172437/images/all/train__image66.jpg,/root/autodl-tmp/datasets/derived/construction_ppe3_canonical_v1_20260804_172437/labels/all/train__image66.txt,3,3,0,c4b1338747ad2eb4f44052bcb3b1a1e328821deb7441f44ae7f4b725d7c64dcb,hardlink
train,/root/autodl-tmp/datasets/sources/construction-ppe_ultralytics_2025_v1/images/train/image661.jpg,/root/autodl-tmp/datasets/sources/construction-ppe_ultralytics_2025_v1/labels/train/image661.txt,/root/autodl-tmp/datasets/derived/construction_ppe3_canonical_v1_20260804_172437/images/all/train__image661.jpg,/root/autodl-tmp/datasets/derived/construction_ppe3_canonical_v1_20260804_172437/labels/all/train__image661.txt,16,12,4,53deec82149d126b468bae90494eeaa106a41adc3edfa327309eb7f9182c115c,hardlink
train,/root/autodl-tmp/datasets/sources/construction-ppe_ultralytics_2025_v1/images/train/image662.jpg,/root/autodl-tmp/datasets/sources/construction-ppe_ultralytics_2025_v1/labels/train/image662.txt,/root/autodl-tmp/datasets/derived/construction_ppe3_canonical_v1_20260804_172437/images/all/train__image662.jpg,/root/autodl-tmp/datasets/derived/construction_ppe3_canonical_v1_20260804_172437/labels/all/train__image662.txt,3,3,0,9b91abca7f44f5d768f7cf2abc72e4947eb4a0a600359e3fd80157f69735da19,hardlink
train,/root/autodl-tmp/datasets/sources/construction-ppe_ultralytics_2025_v1/images/train/image663.jpg,/root/autodl-tmp/datasets/sources/construction-ppe_ultralytics_2025_v1/labels/train/image663.txt,/root/autodl-tmp/datasets/derived/construction_ppe3_canonical_v1_20260804_172437/images/all/train__image663.jpg,/root/autodl-tmp/datasets/derived/construction_ppe3_canonical_v1_20260804_172437/labels/all/train__image663.txt,6,6,0,7d0b69c7030dd9d7fc9d57d42f5297655b0532c862db99fcd85146ecd8f33cb8,hardlink
train,/root/autodl-tmp/datasets/sources/construction-ppe_ultralytics_2025_v1/images/train/image664.jpeg,/root/autodl-tmp/datasets/sources/construction-ppe_ultralytics_2025_v1/labels/train/image664.txt,/root/autodl-tmp/datasets/derived/construction_ppe3_canonical_v1_20260804_172437/images/all/train__image664.jpeg,/root/autodl-tmp/datasets/derived/construction_ppe3_canonical_v1_20260804_172437/labels/all/train__image664.txt,2,2,0,1f439a3bf60d0ef1100bca6ad6aa23dbe73f4aa7f31ef70e9c20713c941ddada,hardlink
train,/root/autodl-tmp/datasets/sources/construction-ppe_ultralytics_2025_v1/images/train/image665.jpg,/root/autodl-tmp/datasets/sources/construction-ppe_ultralytics_2025_v1/labels/train/image665.txt,/root/autodl-tmp/datasets/derived/construction_ppe3_canonical_v1_20260804_172437/images/all/train__image665.jpg,/root/autodl-tmp/datasets/derived/construction_ppe3_canonical_v1_20260804_172437/labels/all/train__image665.txt,6,6,0,bb3db2b7afde7c08afcdd055a99d8e853721ebdc12a3b9dfbfa32a4ed3af4344,hardlink
train,/root/autodl-tmp/datasets/sources/construction-ppe_ultralytics_2025_v1/images/train/image667.jpg,/root/autodl-tmp/datasets/sources/construction-ppe_ultralytics_2025_v1/labels/train/image667.txt,/root/autodl-tmp/datasets/derived/construction_ppe3_canonical_v1_20260804_172437/images/all/train__image667.jpg,/root/autodl-tmp/datasets/derived/construction_ppe3_canonical_v1_20260804_172437/labels/all/train__image667.txt,5,3,2,a6256430bab9c62bb51ccc98f9a76dccc7976af6819d4b5032966e5fe9890e6f,hardlink
train,/root/autodl-tmp/datasets/sources/construction-ppe_ultralytics_2025_v1/images/train/image668.jpg,/root/autodl-tmp/datasets/sources/construction-ppe_ultralytics_2025_v1/labels/train/image668.txt,/root/autodl-tmp/datasets/derived/construction_ppe3_canonical_v1_20260804_172437/images/all/train__image668.jpg,/root/autodl-tmp/datasets/derived/construction_ppe3_canonical_v1_20260804_172437/labels/all/train__image668.txt,4,3,1,954d9735c9838e3ab0b0761b82dda50a8324096231c248120ce37619a8dcea3e,hardlink
train,/root/autodl-tmp/datasets/sources/construction-ppe_ultralytics_2025_v1/images/train/image67.jpeg,/root/autodl-tmp/datasets/sources/construction-ppe_ultralytics_2025_v1/labels/train/image67.txt,/root/autodl-tmp/datasets/derived/construction_ppe3_canonical_v1_20260804_172437/images/all/train__image67.jpeg,/root/autodl-tmp/datasets/derived/construction_ppe3_canonical_v1_20260804_172437/labels/all/train__image67.txt,3,2,1,32d3c1915ff921d7ee666bc5776f3237672217266e8604d0766b9b15b986e3de,hardlink
train,/root/autodl-tmp/datasets/sources/construction-ppe_ultralytics_2025_v1/images/train/image671.jpeg,/root/autodl-tmp/datasets/sources/construction-ppe_ultralytics_2025_v1/labels/train/image671.txt,/root/autodl-tmp/datasets/derived/construction_ppe3_canonical_v1_20260804_172437/images/all/train__image671.jpeg,/root/autodl-tmp/datasets/derived/construction_ppe3_canonical_v1_20260804_172437/labels/all/train__image671.txt,3,2,1,a3eead4ade9d6ae85234164302eb3ca3898eb0b6ca7f948dcc7cf1476657e3ee,hardlink
train,/root/autodl-tmp/datasets/sources/construction-ppe_ultralytics_2025_v1/images/train/image672.jpg,/root/autodl-tmp/datasets/sources/construction-ppe_ultralytics_2025_v1/labels/train/image672.txt,/root/autodl-tmp/datasets/derived/construction_ppe3_canonical_v1_20260804_172437/images/all/train__image672.jpg,/root/autodl-tmp/datasets/derived/construction_ppe3_canonical_v1_20260804_172437/labels/all/train__image672.txt,19,19,0,86411ff0197912896f3a60600efe60a95b585ffbcb20fcab3385760239b5397c,hardlink
train,/root/autodl-tmp/datasets/sources/construction-ppe_ultralytics_2025_v1/images/train/image673.jpg,/root/autodl-tmp/datasets/sources/construction-ppe_ultralytics_2025_v1/labels/train/image673.txt,/root/autodl-tmp/datasets/derived/construction_ppe3_canonical_v1_20260804_172437/images/all/train__image673.jpg,/root/autodl-tmp/datasets/derived/construction_ppe3_canonical_v1_20260804_172437/labels/all/train__image673.txt,6,3,3,6c21b127265efe386aa83afb71e84e65f7af7d9a1ac932597bafdb9d38b75d75,hardlink
train,/root/autodl-tmp/datasets/sources/construction-ppe_ultralytics_2025_v1/images/train/image675.jpg,/root/autodl-tmp/datasets/sources/construction-ppe_ultralytics_2025_v1/labels/train/image675.txt,/root/autodl-tmp/datasets/derived/construction_ppe3_canonical_v1_20260804_172437/images/all/train__image675.jpg,/root/autodl-tmp/datasets/derived/construction_ppe3_canonical_v1_20260804_172437/labels/all/train__image675.txt,2,2,0,cf4b5493bcec1b0738912ebc5c9dc5afe05d8fd6063de9d7a20fe10679b1f8bd,hardlink
train,/root/autodl-tmp/datasets/sources/construction-ppe_ultralytics_2025_v1/images/train/image676.jpg,/root/autodl-tmp/datasets/sources/construction-ppe_ultralytics_2025_v1/labels/train/image676.txt,/root/autodl-tmp/datasets/derived/construction_ppe3_canonical_v1_20260804_172437/images/all/train__image676.jpg,/root/autodl-tmp/datasets/derived/construction_ppe3_canonical_v1_20260804_172437/labels/all/train__image676.txt,4,2,2,32a85d38d3d53066aa37d4c7880b5990a243eb7de0f03349e114fb4e9fc4a4bc,hardlink
train,/root/autodl-tmp/datasets/sources/construction-ppe_ultralytics_2025_v1/images/train/image677.jpeg,/root/autodl-tmp/datasets/sources/construction-ppe_ultralytics_2025_v1/labels/train/image677.txt,/root/autodl-tmp/datasets/derived/construction_ppe3_canonical_v1_20260804_172437/images/all/train__image677.jpeg,/root/autodl-tmp/datasets/derived/construction_ppe3_canonical_v1_20260804_172437/labels/all/train__image677.txt,4,2,2,ca8281a77641f981cf98585c7aefa51d1708f6636f3bb6aa93367e5e2ffbb0f6,hardlink
train,/root/autodl-tmp/datasets/sources/construction-ppe_ultralytics_2025_v1/images/train/image678.jpg,/root/autodl-tmp/datasets/sources/construction-ppe_ultralytics_2025_v1/labels/train/image678.txt,/root/autodl-tmp/datasets/derived/construction_ppe3_canonical_v1_20260804_172437/images/all/train__image678.jpg,/root/autodl-tmp/datasets/derived/construction_ppe3_canonical_v1_20260804_172437/labels/all/train__image678.txt,10,8,2,8eef8d7b576e3b477874ced04546ca58b0e1a637b0db64791e429f83b3636254,hardlink
train,/root/autodl-tmp/datasets/sources/construction-ppe_ultralytics_2025_v1/images/train/image679.jpeg,/root/autodl-tmp/datasets/sources/construction-ppe_ultralytics_2025_v1/labels/train/image679.txt,/root/autodl-tmp/datasets/derived/construction_ppe3_canonical_v1_20260804_172437/images/all/train__image679.jpeg,/root/autodl-tmp/datasets/derived/construction_ppe3_canonical_v1_20260804_172437/labels/all/train__image679.txt,5,2,3,752a0ed84ac23f49af21f5233a636d357e45cf9588694b0d5a6552361cab066d,hardlink
train,/root/autodl-tmp/datasets/sources/construction-ppe_ultralytics_2025_v1/images/train/image68.jpg,/root/autodl-tmp/datasets/sources/construction-ppe_ultralytics_2025_v1/labels/train/image68.txt,/root/autodl-tmp/datasets/derived/construction_ppe3_canonical_v1_20260804_172437/images/all/train__image68.jpg,/root/autodl-tmp/datasets/derived/construction_ppe3_canonical_v1_20260804_172437/labels/all/train__image68.txt,4,3,1,92f02597c6ae43a7356cd2e7fe9e40c6542f4fe57fab2dfd233e10a1d2a71608,hardlink
train,/root/autodl-tmp/datasets/sources/construction-ppe_ultralytics_2025_v1/images/train/image681.jpg,/root/autodl-tmp/datasets/sources/construction-ppe_ultralytics_2025_v1/labels/train/image681.txt,/root/autodl-tmp/datasets/derived/construction_ppe3_canonical_v1_20260804_172437/images/all/train__image681.jpg,/root/autodl-tmp/datasets/derived/construction_ppe3_canonical_v1_20260804_172437/labels/all/train__image681.txt,7,3,4,71e1fefc767bf9a1b2dbd7868ab31de3fe4332a88f9e3cebaaa4107fc6664a6b,hardlink
train,/root/autodl-tmp/datasets/sources/construction-ppe_ultralytics_2025_v1/images/train/image682.jpeg,/root/autodl-tmp/datasets/sources/construction-ppe_ultralytics_2025_v1/labels/train/image682.txt,/root/autodl-tmp/datasets/derived/construction_ppe3_canonical_v1_20260804_172437/images/all/train__image682.jpeg,/root/autodl-tmp/datasets/derived/construction_ppe3_canonical_v1_20260804_172437/labels/all/train__image682.txt,3,3,0,9dbc03749db15de51a2d893375966eec4523639246427e3eb9205317068faa65,hardlink
train,/root/autodl-tmp/datasets/sources/construction-ppe_ultralytics_2025_v1/images/train/image683.jpg,/root/autodl-tmp/datasets/sources/construction-ppe_ultralytics_2025_v1/labels/train/image683.txt,/root/autodl-tmp/datasets/derived/construction_ppe3_canonical_v1_20260804_172437/images/all/train__image683.jpg,/root/autodl-tmp/datasets/derived/construction_ppe3_canonical_v1_20260804_172437/labels/all/train__image683.txt,3,3,0,821b96ea21263be5f3b983f44ec489e0e59f747b93c62d7102e53d58456cd7c6,hardlink
train,/root/autodl-tmp/datasets/sources/construction-ppe_ultralytics_2025_v1/images/train/image684.jpg,/root/autodl-tmp/datasets/sources/construction-ppe_ultralytics_2025_v1/labels/train/image684.txt,/root/autodl-tmp/datasets/derived/construction_ppe3_canonical_v1_20260804_172437/images/all/train__image684.jpg,/root/autodl-tmp/datasets/derived/construction_ppe3_canonical_v1_20260804_172437/labels/all/train__image684.txt,7,3,4,1442645ace262074e87f17ed1b3c12f8672c2800170e048c74cc01051f541ebc,hardlink
train,/root/autodl-tmp/datasets/sources/construction-ppe_ultralytics_2025_v1/images/train/image685.jpg,/root/autodl-tmp/datasets/sources/construction-ppe_ultralytics_2025_v1/labels/train/image685.txt,/root/autodl-tmp/datasets/derived/construction_ppe3_canonical_v1_20260804_172437/images/all/train__image685.jpg,/root/autodl-tmp/datasets/derived/construction_ppe3_canonical_v1_20260804_172437/labels/all/train__image685.txt,7,3,4,0ff4968ad5b9c9dddeb61ad392ce7b55281ff09ac6bcfdf07e6611115d77a813,hardlink
train,/root/autodl-tmp/datasets/sources/construction-ppe_ultralytics_2025_v1/images/train/image687.jpg,/root/autodl-tmp/datasets/sources/construction-ppe_ultralytics_2025_v1/labels/train/image687.txt,/root/autodl-tmp/datasets/derived/construction_ppe3_canonical_v1_20260804_172437/images/all/train__image687.jpg,/root/autodl-tmp/datasets/derived/construction_ppe3_canonical_v1_20260804_172437/labels/all/train__image687.txt,3,3,0,a2c3e9c017b9786faf1676148cde251b329b2baaed5aa83c1085ce8b5e50b5f8,hardlink
train,/root/autodl-tmp/datasets/sources/construction-ppe_ultralytics_2025_v1/images/train/image688.jpeg,/root/autodl-tmp/datasets/sources/construction-ppe_ultralytics_2025_v1/labels/train/image688.txt,/root/autodl-tmp/datasets/derived/construction_ppe3_canonical_v1_20260804_172437/images/all/train__image688.jpeg,/root/autodl-tmp/datasets/derived/construction_ppe3_canonical_v1_20260804_172437/labels/all/train__image688.txt,3,3,0,6bfc54a054bdedc188d7e07e5a95d2ec6636ae6ede9e7261b5224a06758fae28,hardlink
train,/root/autodl-tmp/datasets/sources/construction-ppe_ultralytics_2025_v1/images/train/image689.jpg,/root/autodl-tmp/datasets/sources/construction-ppe_ultralytics_2025_v1/labels/train/image689.txt,/root/autodl-tmp/datasets/derived/construction_ppe3_canonical_v1_20260804_172437/images/all/train__image689.jpg,/root/autodl-tmp/datasets/derived/construction_ppe3_canonical_v1_20260804_172437/labels/all/train__image689.txt,3,3,0,30febf2373263289996291fd51ce1ae0d5bf22117ef0d06c3aa45c2ccb87726e,hardlink
train,/root/autodl-tmp/datasets/sources/construction-ppe_ultralytics_2025_v1/images/train/image69.jpeg,/root/autodl-tmp/datasets/sources/construction-ppe_ultralytics_2025_v1/labels/train/image69.txt,/root/autodl-tmp/datasets/derived/construction_ppe3_canonical_v1_20260804_172437/images/all/train__image69.jpeg,/root/autodl-tmp/datasets/derived/construction_ppe3_canonical_v1_20260804_172437/labels/all/train__image69.txt,5,3,2,65bea229d90dbfe058606174b484c63899c77e76fe46716c2b287e7e8906b52f,hardlink
train,/root/autodl-tmp/datasets/sources/construction-ppe_ultralytics_2025_v1/images/train/image690.jpg,/root/autodl-tmp/datasets/sources/construction-ppe_ultralytics_2025_v1/labels/train/image690.txt,/root/autodl-tmp/datasets/derived/construction_ppe3_canonical_v1_20260804_172437/images/all/train__image690.jpg,/root/autodl-tmp/datasets/derived/construction_ppe3_canonical_v1_20260804_172437/labels/all/train__image690.txt,7,3,4,aa9226d8351bf475c4a972c98f84b87317963a8e3385a3c4cdf68b0e8752e7aa,hardlink
train,/root/autodl-tmp/datasets/sources/construction-ppe_ultralytics_2025_v1/images/train/image691.jpeg,/root/autodl-tmp/datasets/sources/construction-ppe_ultralytics_2025_v1/labels/train/image691.txt,/root/autodl-tmp/datasets/derived/construction_ppe3_canonical_v1_20260804_172437/images/all/train__image691.jpeg,/root/autodl-tmp/datasets/derived/construction_ppe3_canonical_v1_20260804_172437/labels/all/train__image691.txt,3,3,0,b03018839a4be0ac8351edd437f90b7442025210b0efabed2f5f63fa7f16aeeb,hardlink
train,/root/autodl-tmp/datasets/sources/construction-ppe_ultralytics_2025_v1/images/train/image692.jpg,/root/autodl-tmp/datasets/sources/construction-ppe_ultralytics_2025_v1/labels/train/image692.txt,/root/autodl-tmp/datasets/derived/construction_ppe3_canonical_v1_20260804_172437/images/all/train__image692.jpg,/root/autodl-tmp/datasets/derived/construction_ppe3_canonical_v1_20260804_172437/labels/all/train__image692.txt,4,2,2,ef3a35e96e76850ab755b2b7fac1ccd2430cafd4dae5bae96202db85c2b8fb19,hardlink
train,/root/autodl-tmp/datasets/sources/construction-ppe_ultralytics_2025_v1/images/train/image693.jpg,/root/autodl-tmp/datasets/sources/construction-ppe_ultralytics_2025_v1/labels/train/image693.txt,/root/autodl-tmp/datasets/derived/construction_ppe3_canonical_v1_20260804_172437/images/all/train__image693.jpg,/root/autodl-tmp/datasets/derived/construction_ppe3_canonical_v1_20260804_172437/labels/all/train__image693.txt,7,3,4,a8d1d60792ae85d13d54494abf8bf41325068b9ef9783271863d80d63aedb928,hardlink
train,/root/autodl-tmp/datasets/sources/construction-ppe_ultralytics_2025_v1/images/train/image695.jpg,/root/autodl-tmp/datasets/sources/construction-ppe_ultralytics_2025_v1/labels/train/image695.txt,/root/autodl-tmp/datasets/derived/construction_ppe3_canonical_v1_20260804_172437/images/all/train__image695.jpg,/root/autodl-tmp/datasets/derived/construction_ppe3_canonical_v1_20260804_172437/labels/all/train__image695.txt,7,2,5,faf178a01fe5e03d330662ca0afb355e1951801cfba4657460393af8490816d1,hardlink
train,/root/autodl-tmp/datasets/sources/construction-ppe_ultralytics_2025_v1/images/train/image697.jpeg,/root/autodl-tmp/datasets/sources/construction-ppe_ultralytics_2025_v1/labels/train/image697.txt,/root/autodl-tmp/datasets/derived/construction_ppe3_canonical_v1_20260804_172437/images/all/train__image697.jpeg,/root/autodl-tmp/datasets/derived/construction_ppe3_canonical_v1_20260804_172437/labels/all/train__image697.txt,3,3,0,ca8429910d3bff311d1e86a16516a4d53550e3e890c8c2f64e99cde1729cb6fe,hardlink
train,/root/autodl-tmp/datasets/sources/construction-ppe_ultralytics_2025_v1/images/train/image699.jpg,/root/autodl-tmp/datasets/sources/construction-ppe_ultralytics_2025_v1/labels/train/image699.txt,/root/autodl-tmp/datasets/derived/construction_ppe3_canonical_v1_20260804_172437/images/all/train__image699.jpg,/root/autodl-tmp/datasets/derived/construction_ppe3_canonical_v1_20260804_172437/labels/all/train__image699.txt,7,3,4,a1b69b6c906c76c0f3ef6f1436cbc0c4eb72c8709493965a2585920d4af7083d,hardlink
train,/root/autodl-tmp/datasets/sources/construction-ppe_ultralytics_2025_v1/images/train/image7.jpg,/root/autodl-tmp/datasets/sources/construction-ppe_ultralytics_2025_v1/labels/train/image7.txt,/root/autodl-tmp/datasets/derived/construction_ppe3_canonical_v1_20260804_172437/images/all/train__image7.jpg,/root/autodl-tmp/datasets/derived/construction_ppe3_canonical_v1_20260804_172437/labels/all/train__image7.txt,5,3,2,1525085a807ce18f44408afab88681eead6c2ad535f795826e000c4f0a29717d,hardlink
train,/root/autodl-tmp/datasets/sources/construction-ppe_ultralytics_2025_v1/images/train/image701.jpg,/root/autodl-tmp/datasets/sources/construction-ppe_ultralytics_2025_v1/labels/train/image701.txt,/root/autodl-tmp/datasets/derived/construction_ppe3_canonical_v1_20260804_172437/images/all/train__image701.jpg,/root/autodl-tmp/datasets/derived/construction_ppe3_canonical_v1_20260804_172437/labels/all/train__image701.txt,9,9,0,0d9574a857804c4eeef6451159b452d9466f3f2ac4572458f8c47ef3a9b30858,hardlink
train,/root/autodl-tmp/datasets/sources/construction-ppe_ultralytics_2025_v1/images/train/image702.jpg,/root/autodl-tmp/datasets/sources/construction-ppe_ultralytics_2025_v1/labels/train/image702.txt,/root/autodl-tmp/datasets/derived/construction_ppe3_canonical_v1_20260804_172437/images/all/train__image702.jpg,/root/autodl-tmp/datasets/derived/construction_ppe3_canonical_v1_20260804_172437/labels/all/train__image702.txt,7,3,4,7b37296212f3a148ba924aa3678de02872f264375b249284d352d8969a605af1,hardlink
train,/root/autodl-tmp/datasets/sources/construction-ppe_ultralytics_2025_v1/images/train/image703.jpeg,/root/autodl-tmp/datasets/sources/construction-ppe_ultralytics_2025_v1/labels/train/image703.txt,/root/autodl-tmp/datasets/derived/construction_ppe3_canonical_v1_20260804_172437/images/all/train__image703.jpeg,/root/autodl-tmp/datasets/derived/construction_ppe3_canonical_v1_20260804_172437/labels/all/train__image703.txt,3,2,1,90a6d18d0f0feb84e693d834d42c3ed6e4d3fa11a84928d0d7e956328eff95fb,hardlink
train,/root/autodl-tmp/datasets/sources/construction-ppe_ultralytics_2025_v1/images/train/image704.jpg,/root/autodl-tmp/datasets/sources/construction-ppe_ultralytics_2025_v1/labels/train/image704.txt,/root/autodl-tmp/datasets/derived/construction_ppe3_canonical_v1_20260804_172437/images/all/train__image704.jpg,/root/autodl-tmp/datasets/derived/construction_ppe3_canonical_v1_20260804_172437/labels/all/train__image704.txt,8,8,0,829e01e72991e3d36e0f6ccfb416808c1e5dc849fd4aa71f539f62f965e00a30,hardlink
train,/root/autodl-tmp/datasets/sources/construction-ppe_ultralytics_2025_v1/images/train/image706.jpeg,/root/autodl-tmp/datasets/sources/construction-ppe_ultralytics_2025_v1/labels/train/image706.txt,/root/autodl-tmp/datasets/derived/construction_ppe3_canonical_v1_20260804_172437/images/all/train__image706.jpeg,/root/autodl-tmp/datasets/derived/construction_ppe3_canonical_v1_20260804_172437/labels/all/train__image706.txt,4,2,2,d34b7d47c53f131fb46225e94f4b8359139996a32892d5aeafb1ef5ffa540c53,hardlink
train,/root/autodl-tmp/datasets/sources/construction-ppe_ultralytics_2025_v1/images/train/image707.jpg,/root/autodl-tmp/datasets/sources/construction-ppe_ultralytics_2025_v1/labels/train/image707.txt,/root/autodl-tmp/datasets/derived/construction_ppe3_canonical_v1_20260804_172437/images/all/train__image707.jpg,/root/autodl-tmp/datasets/derived/construction_ppe3_canonical_v1_20260804_172437/labels/all/train__image707.txt,9,9,0,7819190ea773e267887a4f2a0737573aa9ad12795e62570c7859acf6471370c0,hardlink
train,/root/autodl-tmp/datasets/sources/construction-ppe_ultralytics_2025_v1/images/train/image71.jpg,/root/autodl-tmp/datasets/sources/construction-ppe_ultralytics_2025_v1/labels/train/image71.txt,/root/autodl-tmp/datasets/derived/construction_ppe3_canonical_v1_20260804_172437/images/all/train__image71.jpg,/root/autodl-tmp/datasets/derived/construction_ppe3_canonical_v1_20260804_172437/labels/all/train__image71.txt,3,3,0,4a05c3561c4de1d9ed3d15dd137bf6f63e1164c169cc61abfe65c710167fe082,hardlink
train,/root/autodl-tmp/datasets/sources/construction-ppe_ultralytics_2025_v1/images/train/image710.jpeg,/root/autodl-tmp/datasets/sources/construction-ppe_ultralytics_2025_v1/labels/train/image710.txt,/root/autodl-tmp/datasets/derived/construction_ppe3_canonical_v1_20260804_172437/images/all/train__image710.jpeg,/root/autodl-tmp/datasets/derived/construction_ppe3_canonical_v1_20260804_172437/labels/all/train__image710.txt,6,2,4,3aa4642a967aadf93f62e3490f7cb931cb8244a7dd732f246ea1bf62200de735,hardlink
train,/root/autodl-tmp/datasets/sources/construction-ppe_ultralytics_2025_v1/images/train/image711.jpg,/root/autodl-tmp/datasets/sources/construction-ppe_ultralytics_2025_v1/labels/train/image711.txt,/root/autodl-tmp/datasets/derived/construction_ppe3_canonical_v1_20260804_172437/images/all/train__image711.jpg,/root/autodl-tmp/datasets/derived/construction_ppe3_canonical_v1_20260804_172437/labels/all/train__image711.txt,5,5,0,328d3176c8cb9f86590843a5c7f8552dacbc06ba084e31decad44fa430c5de97,hardlink
train,/root/autodl-tmp/datasets/sources/construction-ppe_ultralytics_2025_v1/images/train/image712.jpg,/root/autodl-tmp/datasets/sources/construction-ppe_ultralytics_2025_v1/labels/train/image712.txt,/root/autodl-tmp/datasets/derived/construction_ppe3_canonical_v1_20260804_172437/images/all/train__image712.jpg,/root/autodl-tmp/datasets/derived/construction_ppe3_canonical_v1_20260804_172437/labels/all/train__image712.txt,7,3,4,d77dc2195a33bee5e7c87492df113b8cc3017425804208f4162ea453de50d4b6,hardlink
train,/root/autodl-tmp/datasets/sources/construction-ppe_ultralytics_2025_v1/images/train/image713.jpg,/root/autodl-tmp/datasets/sources/construction-ppe_ultralytics_2025_v1/labels/train/image713.txt,/root/autodl-tmp/datasets/derived/construction_ppe3_canonical_v1_20260804_172437/images/all/train__image713.jpg,/root/autodl-tmp/datasets/derived/construction_ppe3_canonical_v1_20260804_172437/labels/all/train__image713.txt,6,2,4,9e81a656e760613bc06c82d5ed0ab37da4405a5174503cb4549f31f5848d27ba,hardlink
train,/root/autodl-tmp/datasets/sources/construction-ppe_ultralytics_2025_v1/images/train/image715.jpg,/root/autodl-tmp/datasets/sources/construction-ppe_ultralytics_2025_v1/labels/train/image715.txt,/root/autodl-tmp/datasets/derived/construction_ppe3_canonical_v1_20260804_172437/images/all/train__image715.jpg,/root/autodl-tmp/datasets/derived/construction_ppe3_canonical_v1_20260804_172437/labels/all/train__image715.txt,6,5,1,cbf6f3d1ef6898e89ed5d86e67254e8b5f91af9299c0dd545097cd26e1936cf6,hardlink
train,/root/autodl-tmp/datasets/sources/construction-ppe_ultralytics_2025_v1/images/train/image716.jpg,/root/autodl-tmp/datasets/sources/construction-ppe_ultralytics_2025_v1/labels/train/image716.txt,/root/autodl-tmp/datasets/derived/construction_ppe3_canonical_v1_20260804_172437/images/all/train__image716.jpg,/root/autodl-tmp/datasets/derived/construction_ppe3_canonical_v1_20260804_172437/labels/all/train__image716.txt,5,4,1,2c90f9782fff5f25d17a37c60cb05e7973bf8ad129aab5dc269e5b7243be21b8,hardlink
train,/root/autodl-tmp/datasets/sources/construction-ppe_ultralytics_2025_v1/images/train/image717.jpeg,/root/autodl-tmp/datasets/sources/construction-ppe_ultralytics_2025_v1/labels/train/image717.txt,/root/autodl-tmp/datasets/derived/construction_ppe3_canonical_v1_20260804_172437/images/all/train__image717.jpeg,/root/autodl-tmp/datasets/derived/construction_ppe3_canonical_v1_20260804_172437/labels/all/train__image717.txt,3,3,0,b0cd24412962be9e77a26379b3c3608fad1665b51c5d7f50c5fd09a2c2f57a33,hardlink
train,/root/autodl-tmp/datasets/sources/construction-ppe_ultralytics_2025_v1/images/train/image72.jpeg,/root/autodl-tmp/datasets/sources/construction-ppe_ultralytics_2025_v1/labels/train/image72.txt,/root/autodl-tmp/datasets/derived/construction_ppe3_canonical_v1_20260804_172437/images/all/train__image72.jpeg,/root/autodl-tmp/datasets/derived/construction_ppe3_canonical_v1_20260804_172437/labels/all/train__image72.txt,5,4,1,6b21974ba886f365e66cc7d79712e9df0724936a484a907e7ee22bab16abab58,hardlink
train,/root/autodl-tmp/datasets/sources/construction-ppe_ultralytics_2025_v1/images/train/image720.jpeg,/root/autodl-tmp/datasets/sources/construction-ppe_ultralytics_2025_v1/labels/train/image720.txt,/root/autodl-tmp/datasets/derived/construction_ppe3_canonical_v1_20260804_172437/images/all/train__image720.jpeg,/root/autodl-tmp/datasets/derived/construction_ppe3_canonical_v1_20260804_172437/labels/all/train__image720.txt,1,0,1,918334ff19781af586dcd3906f3a0bb3ff4fe3b623e4f26a7fb4c8587f841bf1,hardlink
train,/root/autodl-tmp/datasets/sources/construction-ppe_ultralytics_2025_v1/images/train/image721.jpg,/root/autodl-tmp/datasets/sources/construction-ppe_ultralytics_2025_v1/labels/train/image721.txt,/root/autodl-tmp/datasets/derived/construction_ppe3_canonical_v1_20260804_172437/images/all/train__image721.jpg,/root/autodl-tmp/datasets/derived/construction_ppe3_canonical_v1_20260804_172437/labels/all/train__image721.txt,12,12,0,93a340ae7075fc746a98298496b8567982b2435aa96eb2f3d6afe081d92abf84,hardlink
train,/root/autodl-tmp/datasets/sources/construction-ppe_ultralytics_2025_v1/images/train/image723.jpg,/root/autodl-tmp/datasets/sources/construction-ppe_ultralytics_2025_v1/labels/train/image723.txt,/root/autodl-tmp/datasets/derived/construction_ppe3_canonical_v1_20260804_172437/images/all/train__image723.jpg,/root/autodl-tmp/datasets/derived/construction_ppe3_canonical_v1_20260804_172437/labels/all/train__image723.txt,2,2,0,b3115b57f14d973066e6cde1db581c2b0a7daf7a6e0ab7e469e12fdae6ead4b7,hardlink
train,/root/autodl-tmp/datasets/sources/construction-ppe_ultralytics_2025_v1/images/train/image724.jpg,/root/autodl-tmp/datasets/sources/construction-ppe_ultralytics_2025_v1/labels/train/image724.txt,/root/autodl-tmp/datasets/derived/construction_ppe3_canonical_v1_20260804_172437/images/all/train__image724.jpg,/root/autodl-tmp/datasets/derived/construction_ppe3_canonical_v1_20260804_172437/labels/all/train__image724.txt,7,3,4,a59cbd856c0ece585d06865286d4cf625e9b596101c02d0f595904d525303968,hardlink
train,/root/autodl-tmp/datasets/sources/construction-ppe_ultralytics_2025_v1/images/train/image725.jpg,/root/autodl-tmp/datasets/sources/construction-ppe_ultralytics_2025_v1/labels/train/image725.txt,/root/autodl-tmp/datasets/derived/construction_ppe3_canonical_v1_20260804_172437/images/all/train__image725.jpg,/root/autodl-tmp/datasets/derived/construction_ppe3_canonical_v1_20260804_172437/labels/all/train__image725.txt,7,3,4,7ca7445d6fb3f21e8f8834686c54244d07eaa25e8beb90549da8d26a5ef0c17e,hardlink
train,/root/autodl-tmp/datasets/sources/construction-ppe_ultralytics_2025_v1/images/train/image726.jpeg,/root/autodl-tmp/datasets/sources/construction-ppe_ultralytics_2025_v1/labels/train/image726.txt,/root/autodl-tmp/datasets/derived/construction_ppe3_canonical_v1_20260804_172437/images/all/train__image726.jpeg,/root/autodl-tmp/datasets/derived/construction_ppe3_canonical_v1_20260804_172437/labels/all/train__image726.txt,9,9,0,708cf9fc1c07b5d9e0e2cdfaaa3cc2df113476e508de67e5b78dfa56cb1f58c3,hardlink
train,/root/autodl-tmp/datasets/sources/construction-ppe_ultralytics_2025_v1/images/train/image727.jpg,/root/autodl-tmp/datasets/sources/construction-ppe_ultralytics_2025_v1/labels/train/image727.txt,/root/autodl-tmp/datasets/derived/construction_ppe3_canonical_v1_20260804_172437/images/all/train__image727.jpg,/root/autodl-tmp/datasets/derived/construction_ppe3_canonical_v1_20260804_172437/labels/all/train__image727.txt,6,5,1,d827ea7b091ec4d06e54c99a8e4d6825a66a1030dd9fa6c7df9d38d42b3b00f6,hardlink
train,/root/autodl-tmp/datasets/sources/construction-ppe_ultralytics_2025_v1/images/train/image728.jpeg,/root/autodl-tmp/datasets/sources/construction-ppe_ultralytics_2025_v1/labels/train/image728.txt,/root/autodl-tmp/datasets/derived/construction_ppe3_canonical_v1_20260804_172437/images/all/train__image728.jpeg,/root/autodl-tmp/datasets/derived/construction_ppe3_canonical_v1_20260804_172437/labels/all/train__image728.txt,4,2,2,26ce7373707681b16d494c9bffd7c798b12d98718e530308628eb4111370dd41,hardlink
train,/root/autodl-tmp/datasets/sources/construction-ppe_ultralytics_2025_v1/images/train/image729.jpg,/root/autodl-tmp/datasets/sources/construction-ppe_ultralytics_2025_v1/labels/train/image729.txt,/root/autodl-tmp/datasets/derived/construction_ppe3_canonical_v1_20260804_172437/images/all/train__image729.jpg,/root/autodl-tmp/datasets/derived/construction_ppe3_canonical_v1_20260804_172437/labels/all/train__image729.txt,11,8,3,b8f40fa38c247b413993a54fb799e410c294fdfddc202368b3526f78a76a7cd6,hardlink
train,/root/autodl-tmp/datasets/sources/construction-ppe_ultralytics_2025_v1/images/train/image73.jpg,/root/autodl-tmp/datasets/sources/construction-ppe_ultralytics_2025_v1/labels/train/image73.txt,/root/autodl-tmp/datasets/derived/construction_ppe3_canonical_v1_20260804_172437/images/all/train__image73.jpg,/root/autodl-tmp/datasets/derived/construction_ppe3_canonical_v1_20260804_172437/labels/all/train__image73.txt,3,3,0,131ffd5bcaa2ceffb543b827fc67c53092df83288cd800fbecd37b9c346e430f,hardlink
train,/root/autodl-tmp/datasets/sources/construction-ppe_ultralytics_2025_v1/images/train/image730.jpg,/root/autodl-tmp/datasets/sources/construction-ppe_ultralytics_2025_v1/labels/train/image730.txt,/root/autodl-tmp/datasets/derived/construction_ppe3_canonical_v1_20260804_172437/images/all/train__image730.jpg,/root/autodl-tmp/datasets/derived/construction_ppe3_canonical_v1_20260804_172437/labels/all/train__image730.txt,6,3,3,90efb030aecdd7e0b8a0b142deb54dd98f8831da09c2d5d4150ce81d471e3d94,hardlink
train,/root/autodl-tmp/datasets/sources/construction-ppe_ultralytics_2025_v1/images/train/image731.jpg,/root/autodl-tmp/datasets/sources/construction-ppe_ultralytics_2025_v1/labels/train/image731.txt,/root/autodl-tmp/datasets/derived/construction_ppe3_canonical_v1_20260804_172437/images/all/train__image731.jpg,/root/autodl-tmp/datasets/derived/construction_ppe3_canonical_v1_20260804_172437/labels/all/train__image731.txt,6,2,4,c6222c26b5f0640526d47812e5765715b4b7dabc1babf7f63c1a9bced4347263,hardlink
train,/root/autodl-tmp/datasets/sources/construction-ppe_ultralytics_2025_v1/images/train/image732.jpg,/root/autodl-tmp/datasets/sources/construction-ppe_ultralytics_2025_v1/labels/train/image732.txt,/root/autodl-tmp/datasets/derived/construction_ppe3_canonical_v1_20260804_172437/images/all/train__image732.jpg,/root/autodl-tmp/datasets/derived/construction_ppe3_canonical_v1_20260804_172437/labels/all/train__image732.txt,4,2,2,19327e3a32a2d2f2ca6ce14989b00b4f682e7c369ba8f4f6ca2ec62894f2cbd0,hardlink
train,/root/autodl-tmp/datasets/sources/construction-ppe_ultralytics_2025_v1/images/train/image733.jpg,/root/autodl-tmp/datasets/sources/construction-ppe_ultralytics_2025_v1/labels/train/image733.txt,/root/autodl-tmp/datasets/derived/construction_ppe3_canonical_v1_20260804_172437/images/all/train__image733.jpg,/root/autodl-tmp/datasets/derived/construction_ppe3_canonical_v1_20260804_172437/labels/all/train__image733.txt,7,3,4,bfc90defee68750835fd32efb59ef867b9f15f3714addf73e25218b50809c21d,hardlink
train,/root/autodl-tmp/datasets/sources/construction-ppe_ultralytics_2025_v1/images/train/image734.jpeg,/root/autodl-tmp/datasets/sources/construction-ppe_ultralytics_2025_v1/labels/train/image734.txt,/root/autodl-tmp/datasets/derived/construction_ppe3_canonical_v1_20260804_172437/images/all/train__image734.jpeg,/root/autodl-tmp/datasets/derived/construction_ppe3_canonical_v1_20260804_172437/labels/all/train__image734.txt,3,1,2,9442ac07ed150f050aa0f23608ac6587a060b7ffbedadfdca15807fdd5e8f8cf,hardlink
train,/root/autodl-tmp/datasets/sources/construction-ppe_ultralytics_2025_v1/images/train/image735.jpg,/root/autodl-tmp/datasets/sources/construction-ppe_ultralytics_2025_v1/labels/train/image735.txt,/root/autodl-tmp/datasets/derived/construction_ppe3_canonical_v1_20260804_172437/images/all/train__image735.jpg,/root/autodl-tmp/datasets/derived/construction_ppe3_canonical_v1_20260804_172437/labels/all/train__image735.txt,3,3,0,7337d4ddcb34e726224f650791f2131d7e4dfcb2196cd51127bed7e6db0aa543,hardlink
train,/root/autodl-tmp/datasets/sources/construction-ppe_ultralytics_2025_v1/images/train/image736.jpg,/root/autodl-tmp/datasets/sources/construction-ppe_ultralytics_2025_v1/labels/train/image736.txt,/root/autodl-tmp/datasets/derived/construction_ppe3_canonical_v1_20260804_172437/images/all/train__image736.jpg,/root/autodl-tmp/datasets/derived/construction_ppe3_canonical_v1_20260804_172437/labels/all/train__image736.txt,6,3,3,c66ca23a2f59ba6fb71a1368c9e463db23ed44f908ab00ed85133d708d4e6ea4,hardlink
train,/root/autodl-tmp/datasets/sources/construction-ppe_ultralytics_2025_v1/images/train/image737.jpg,/root/autodl-tmp/datasets/sources/construction-ppe_ultralytics_2025_v1/labels/train/image737.txt,/root/autodl-tmp/datasets/derived/construction_ppe3_canonical_v1_20260804_172437/images/all/train__image737.jpg,/root/autodl-tmp/datasets/derived/construction_ppe3_canonical_v1_20260804_172437/labels/all/train__image737.txt,4,2,2,b860738bd29ae0ab76b424545b68f0973dad4c774aff708c0f188682ae2f85ac,hardlink
train,/root/autodl-tmp/datasets/sources/construction-ppe_ultralytics_2025_v1/images/train/image738.jpg,/root/autodl-tmp/datasets/sources/construction-ppe_ultralytics_2025_v1/labels/train/image738.txt,/root/autodl-tmp/datasets/derived/construction_ppe3_canonical_v1_20260804_172437/images/all/train__image738.jpg,/root/autodl-tmp/datasets/derived/construction_ppe3_canonical_v1_20260804_172437/labels/all/train__image738.txt,3,2,1,81429a165c98452892860858c9a0b1a004fdbd1351540791ccd2900ebf3d3244,hardlink
train,/root/autodl-tmp/datasets/sources/construction-ppe_ultralytics_2025_v1/images/train/image740.jpg,/root/autodl-tmp/datasets/sources/construction-ppe_ultralytics_2025_v1/labels/train/image740.txt,/root/autodl-tmp/datasets/derived/construction_ppe3_canonical_v1_20260804_172437/images/all/train__image740.jpg,/root/autodl-tmp/datasets/derived/construction_ppe3_canonical_v1_20260804_172437/labels/all/train__image740.txt,3,3,0,b18d3ef6bbeba9c6b724f0d1cb4341c7e82e06cd9d4f3efa270d1f35b4332c24,hardlink
train,/root/autodl-tmp/datasets/sources/construction-ppe_ultralytics_2025_v1/images/train/image741.jpg,/root/autodl-tmp/datasets/sources/construction-ppe_ultralytics_2025_v1/labels/train/image741.txt,/root/autodl-tmp/datasets/derived/construction_ppe3_canonical_v1_20260804_172437/images/all/train__image741.jpg,/root/autodl-tmp/datasets/derived/construction_ppe3_canonical_v1_20260804_172437/labels/all/train__image741.txt,5,2,3,14a99fe5f517264dd3adcd1061811b9a5fe6735bc99adc992231194aeeebe769,hardlink
train,/root/autodl-tmp/datasets/sources/construction-ppe_ultralytics_2025_v1/images/train/image743.jpg,/root/autodl-tmp/datasets/sources/construction-ppe_ultralytics_2025_v1/labels/train/image743.txt,/root/autodl-tmp/datasets/derived/construction_ppe3_canonical_v1_20260804_172437/images/all/train__image743.jpg,/root/autodl-tmp/datasets/derived/construction_ppe3_canonical_v1_20260804_172437/labels/all/train__image743.txt,3,3,0,40361c95d964bec4ba4389c930d3d7c54197a373b9506b386c9ef1fa226aba06,hardlink
train,/root/autodl-tmp/datasets/sources/construction-ppe_ultralytics_2025_v1/images/train/image744.jpg,/root/autodl-tmp/datasets/sources/construction-ppe_ultralytics_2025_v1/labels/train/image744.txt,/root/autodl-tmp/datasets/derived/construction_ppe3_canonical_v1_20260804_172437/images/all/train__image744.jpg,/root/autodl-tmp/datasets/derived/construction_ppe3_canonical_v1_20260804_172437/labels/all/train__image744.txt,3,2,1,5fc7fe9ef111225e98c38f6897bc52af48396204bb7994ef8e286dd7e56a1fb8,hardlink
train,/root/autodl-tmp/datasets/sources/construction-ppe_ultralytics_2025_v1/images/train/image745.jpg,/root/autodl-tmp/datasets/sources/construction-ppe_ultralytics_2025_v1/labels/train/image745.txt,/root/autodl-tmp/datasets/derived/construction_ppe3_canonical_v1_20260804_172437/images/all/train__image745.jpg,/root/autodl-tmp/datasets/derived/construction_ppe3_canonical_v1_20260804_172437/labels/all/train__image745.txt,4,1,3,2ab4973c78b301cde0ea2bff2c08b8f52e36e21d292cb072a0c00384f17f70d8,hardlink
train,/root/autodl-tmp/datasets/sources/construction-ppe_ultralytics_2025_v1/images/train/image746.jpg,/root/autodl-tmp/datasets/sources/construction-ppe_ultralytics_2025_v1/labels/train/image746.txt,/root/autodl-tmp/datasets/derived/construction_ppe3_canonical_v1_20260804_172437/images/all/train__image746.jpg,/root/autodl-tmp/datasets/derived/construction_ppe3_canonical_v1_20260804_172437/labels/all/train__image746.txt,3,3,0,ad4c2ce3d9aea91bfda67927f33ae6f7e0343e3da154bccc44b3163ed66da65e,hardlink
train,/root/autodl-tmp/datasets/sources/construction-ppe_ultralytics_2025_v1/images/train/image747.jpg,/root/autodl-tmp/datasets/sources/construction-ppe_ultralytics_2025_v1/labels/train/image747.txt,/root/autodl-tmp/datasets/derived/construction_ppe3_canonical_v1_20260804_172437/images/all/train__image747.jpg,/root/autodl-tmp/datasets/derived/construction_ppe3_canonical_v1_20260804_172437/labels/all/train__image747.txt,5,3,2,e483426845d9b39dd3d7d00092cddf088506547e9210ac560845cccf7f470800,hardlink
train,/root/autodl-tmp/datasets/sources/construction-ppe_ultralytics_2025_v1/images/train/image748.jpeg,/root/autodl-tmp/datasets/sources/construction-ppe_ultralytics_2025_v1/labels/train/image748.txt,/root/autodl-tmp/datasets/derived/construction_ppe3_canonical_v1_20260804_172437/images/all/train__image748.jpeg,/root/autodl-tmp/datasets/derived/construction_ppe3_canonical_v1_20260804_172437/labels/all/train__image748.txt,4,2,2,3dd4ea2fcc83a182cfabcfa381cfd6191fb5b8ca30b577a1fddcb07964aab2f7,hardlink
train,/root/autodl-tmp/datasets/sources/construction-ppe_ultralytics_2025_v1/images/train/image75.jpg,/root/autodl-tmp/datasets/sources/construction-ppe_ultralytics_2025_v1/labels/train/image75.txt,/root/autodl-tmp/datasets/derived/construction_ppe3_canonical_v1_20260804_172437/images/all/train__image75.jpg,/root/autodl-tmp/datasets/derived/construction_ppe3_canonical_v1_20260804_172437/labels/all/train__image75.txt,10,6,4,8de936d4a22d47bc71a6cb7e2cb98022e6ffd787ae6ee75f51c0c126e75e732a,hardlink
train,/root/autodl-tmp/datasets/sources/construction-ppe_ultralytics_2025_v1/images/train/image750.jpg,/root/autodl-tmp/datasets/sources/construction-ppe_ultralytics_2025_v1/labels/train/image750.txt,/root/autodl-tmp/datasets/derived/construction_ppe3_canonical_v1_20260804_172437/images/all/train__image750.jpg,/root/autodl-tmp/datasets/derived/construction_ppe3_canonical_v1_20260804_172437/labels/all/train__image750.txt,4,3,1,4d8a177b5c8b718a3b946919a684264699c75db425731341fc7a82dbfd128ecb,hardlink
train,/root/autodl-tmp/datasets/sources/construction-ppe_ultralytics_2025_v1/images/train/image751.jpg,/root/autodl-tmp/datasets/sources/construction-ppe_ultralytics_2025_v1/labels/train/image751.txt,/root/autodl-tmp/datasets/derived/construction_ppe3_canonical_v1_20260804_172437/images/all/train__image751.jpg,/root/autodl-tmp/datasets/derived/construction_ppe3_canonical_v1_20260804_172437/labels/all/train__image751.txt,4,2,2,da195c795425a9993c53b7597fc14429169e71d442a7411e3172ed9f7d4995da,hardlink
train,/root/autodl-tmp/datasets/sources/construction-ppe_ultralytics_2025_v1/images/train/image752.jpg,/root/autodl-tmp/datasets/sources/construction-ppe_ultralytics_2025_v1/labels/train/image752.txt,/root/autodl-tmp/datasets/derived/construction_ppe3_canonical_v1_20260804_172437/images/all/train__image752.jpg,/root/autodl-tmp/datasets/derived/construction_ppe3_canonical_v1_20260804_172437/labels/all/train__image752.txt,6,4,2,db885fc767098cf9566304e7c5730ca1e49062b7ba96a8a7a67a0a511aea3332,hardlink
train,/root/autodl-tmp/datasets/sources/construction-ppe_ultralytics_2025_v1/images/train/image753.jpg,/root/autodl-tmp/datasets/sources/construction-ppe_ultralytics_2025_v1/labels/train/image753.txt,/root/autodl-tmp/datasets/derived/construction_ppe3_canonical_v1_20260804_172437/images/all/train__image753.jpg,/root/autodl-tmp/datasets/derived/construction_ppe3_canonical_v1_20260804_172437/labels/all/train__image753.txt,5,2,3,32302ca7761f8c04e48b67a448d833330fccf0b2355366c6c6dd3a69c3da740c,hardlink
train,/root/autodl-tmp/datasets/sources/construction-ppe_ultralytics_2025_v1/images/train/image754.jpg,/root/autodl-tmp/datasets/sources/construction-ppe_ultralytics_2025_v1/labels/train/image754.txt,/root/autodl-tmp/datasets/derived/construction_ppe3_canonical_v1_20260804_172437/images/all/train__image754.jpg,/root/autodl-tmp/datasets/derived/construction_ppe3_canonical_v1_20260804_172437/labels/all/train__image754.txt,5,3,2,00fb5d176d7ce4fb39172315b1ee82dbd94e09198700bd6cf2aa8b253bf33be2,hardlink
train,/root/autodl-tmp/datasets/sources/construction-ppe_ultralytics_2025_v1/images/train/image755.jpg,/root/autodl-tmp/datasets/sources/construction-ppe_ultralytics_2025_v1/labels/train/image755.txt,/root/autodl-tmp/datasets/derived/construction_ppe3_canonical_v1_20260804_172437/images/all/train__image755.jpg,/root/autodl-tmp/datasets/derived/construction_ppe3_canonical_v1_20260804_172437/labels/all/train__image755.txt,3,3,0,e3999ae92cf0760ce83602e9bf55487a1b72a7164e7738dcbbbc4759ec7c1152,hardlink
train,/root/autodl-tmp/datasets/sources/construction-ppe_ultralytics_2025_v1/images/train/image756.jpeg,/root/autodl-tmp/datasets/sources/construction-ppe_ultralytics_2025_v1/labels/train/image756.txt,/root/autodl-tmp/datasets/derived/construction_ppe3_canonical_v1_20260804_172437/images/all/train__image756.jpeg,/root/autodl-tmp/datasets/derived/construction_ppe3_canonical_v1_20260804_172437/labels/all/train__image756.txt,5,3,2,879592c99fd06d3e5e78fc1de7782ba79c9ba87ca342d07098374fd3e614a983,hardlink
train,/root/autodl-tmp/datasets/sources/construction-ppe_ultralytics_2025_v1/images/train/image757.jpg,/root/autodl-tmp/datasets/sources/construction-ppe_ultralytics_2025_v1/labels/train/image757.txt,/root/autodl-tmp/datasets/derived/construction_ppe3_canonical_v1_20260804_172437/images/all/train__image757.jpg,/root/autodl-tmp/datasets/derived/construction_ppe3_canonical_v1_20260804_172437/labels/all/train__image757.txt,4,4,0,00af9a1a7fa45675cbb602835f0e75ebb179dfbaca1c159af8d4a4171ff53596,hardlink
train,/root/autodl-tmp/datasets/sources/construction-ppe_ultralytics_2025_v1/images/train/image76.jpg,/root/autodl-tmp/datasets/sources/construction-ppe_ultralytics_2025_v1/labels/train/image76.txt,/root/autodl-tmp/datasets/derived/construction_ppe3_canonical_v1_20260804_172437/images/all/train__image76.jpg,/root/autodl-tmp/datasets/derived/construction_ppe3_canonical_v1_20260804_172437/labels/all/train__image76.txt,3,3,0,744a02aa0a3114cfd3dc544862ccb107b3166a2719e4ea20855f579580826759,hardlink
train,/root/autodl-tmp/datasets/sources/construction-ppe_ultralytics_2025_v1/images/train/image760.jpg,/root/autodl-tmp/datasets/sources/construction-ppe_ultralytics_2025_v1/labels/train/image760.txt,/root/autodl-tmp/datasets/derived/construction_ppe3_canonical_v1_20260804_172437/images/all/train__image760.jpg,/root/autodl-tmp/datasets/derived/construction_ppe3_canonical_v1_20260804_172437/labels/all/train__image760.txt,4,3,1,53d382edfaed04d0702fbf84421fbf2eea02ce7f19497b66142b8ee6a03286b7,hardlink
train,/root/autodl-tmp/datasets/sources/construction-ppe_ultralytics_2025_v1/images/train/image761.jpg,/root/autodl-tmp/datasets/sources/construction-ppe_ultralytics_2025_v1/labels/train/image761.txt,/root/autodl-tmp/datasets/derived/construction_ppe3_canonical_v1_20260804_172437/images/all/train__image761.jpg,/root/autodl-tmp/datasets/derived/construction_ppe3_canonical_v1_20260804_172437/labels/all/train__image761.txt,5,3,2,91d15b0ac63acc0335b3e123b282fe4852765b8f02b471289a2a5a77d6905d2d,hardlink
train,/root/autodl-tmp/datasets/sources/construction-ppe_ultralytics_2025_v1/images/train/image764.jpg,/root/autodl-tmp/datasets/sources/construction-ppe_ultralytics_2025_v1/labels/train/image764.txt,/root/autodl-tmp/datasets/derived/construction_ppe3_canonical_v1_20260804_172437/images/all/train__image764.jpg,/root/autodl-tmp/datasets/derived/construction_ppe3_canonical_v1_20260804_172437/labels/all/train__image764.txt,7,3,4,1bcd5b778906861ce659598348ac035d767aa04610bac1fb8e4ec0090f945a02,hardlink
train,/root/autodl-tmp/datasets/sources/construction-ppe_ultralytics_2025_v1/images/train/image765.jpg,/root/autodl-tmp/datasets/sources/construction-ppe_ultralytics_2025_v1/labels/train/image765.txt,/root/autodl-tmp/datasets/derived/construction_ppe3_canonical_v1_20260804_172437/images/all/train__image765.jpg,/root/autodl-tmp/datasets/derived/construction_ppe3_canonical_v1_20260804_172437/labels/all/train__image765.txt,7,3,4,45d1f0f1783ec491710c170ce93e2c6c7c1af21a980395e6dc1b958da491a383,hardlink
train,/root/autodl-tmp/datasets/sources/construction-ppe_ultralytics_2025_v1/images/train/image766.jpeg,/root/autodl-tmp/datasets/sources/construction-ppe_ultralytics_2025_v1/labels/train/image766.txt,/root/autodl-tmp/datasets/derived/construction_ppe3_canonical_v1_20260804_172437/images/all/train__image766.jpeg,/root/autodl-tmp/datasets/derived/construction_ppe3_canonical_v1_20260804_172437/labels/all/train__image766.txt,6,2,4,0f0bac3baa093b261158980bdf5e09819f6a0a04c461ed3639e41f1c826422cb,hardlink
train,/root/autodl-tmp/datasets/sources/construction-ppe_ultralytics_2025_v1/images/train/image768.jpg,/root/autodl-tmp/datasets/sources/construction-ppe_ultralytics_2025_v1/labels/train/image768.txt,/root/autodl-tmp/datasets/derived/construction_ppe3_canonical_v1_20260804_172437/images/all/train__image768.jpg,/root/autodl-tmp/datasets/derived/construction_ppe3_canonical_v1_20260804_172437/labels/all/train__image768.txt,7,3,4,2257ae1b085ac2d6c7706c5bc86afe07190598ac3b8ed32d27d72d5d5bcc6d62,hardlink
train,/root/autodl-tmp/datasets/sources/construction-ppe_ultralytics_2025_v1/images/train/image769.jpg,/root/autodl-tmp/datasets/sources/construction-ppe_ultralytics_2025_v1/labels/train/image769.txt,/root/autodl-tmp/datasets/derived/construction_ppe3_canonical_v1_20260804_172437/images/all/train__image769.jpg,/root/autodl-tmp/datasets/derived/construction_ppe3_canonical_v1_20260804_172437/labels/all/train__image769.txt,7,3,4,5f528ff756952ce0e2b59e61ac08e3b9bf8ae9bcf455c28a796cc07a1b0daea6,hardlink
train,/root/autodl-tmp/datasets/sources/construction-ppe_ultralytics_2025_v1/images/train/image77.jpg,/root/autodl-tmp/datasets/sources/construction-ppe_ultralytics_2025_v1/labels/train/image77.txt,/root/autodl-tmp/datasets/derived/construction_ppe3_canonical_v1_20260804_172437/images/all/train__image77.jpg,/root/autodl-tmp/datasets/derived/construction_ppe3_canonical_v1_20260804_172437/labels/all/train__image77.txt,3,3,0,61d750407cc055db69bd480b4db1176a9286b77de15efb96d8a2b41f2500838a,hardlink
train,/root/autodl-tmp/datasets/sources/construction-ppe_ultralytics_2025_v1/images/train/image770.jpg,/root/autodl-tmp/datasets/sources/construction-ppe_ultralytics_2025_v1/labels/train/image770.txt,/root/autodl-tmp/datasets/derived/construction_ppe3_canonical_v1_20260804_172437/images/all/train__image770.jpg,/root/autodl-tmp/datasets/derived/construction_ppe3_canonical_v1_20260804_172437/labels/all/train__image770.txt,7,3,4,7bb459c15eb79a0fffff5d8f78b2da801c857aad6b07de1a983bc7f628ddd190,hardlink
train,/root/autodl-tmp/datasets/sources/construction-ppe_ultralytics_2025_v1/images/train/image773.jpg,/root/autodl-tmp/datasets/sources/construction-ppe_ultralytics_2025_v1/labels/train/image773.txt,/root/autodl-tmp/datasets/derived/construction_ppe3_canonical_v1_20260804_172437/images/all/train__image773.jpg,/root/autodl-tmp/datasets/derived/construction_ppe3_canonical_v1_20260804_172437/labels/all/train__image773.txt,13,5,8,2b898c8c978f023c27d2a62b5fe1223c846d37e8e8c39a590c348786eda21a43,hardlink
train,/root/autodl-tmp/datasets/sources/construction-ppe_ultralytics_2025_v1/images/train/image774.jpeg,/root/autodl-tmp/datasets/sources/construction-ppe_ultralytics_2025_v1/labels/train/image774.txt,/root/autodl-tmp/datasets/derived/construction_ppe3_canonical_v1_20260804_172437/images/all/train__image774.jpeg,/root/autodl-tmp/datasets/derived/construction_ppe3_canonical_v1_20260804_172437/labels/all/train__image774.txt,25,15,10,9d4e10c58c364ec683e091fe6db005780c075f73b26e2fdd4313d700f3f4574c,hardlink
train,/root/autodl-tmp/datasets/sources/construction-ppe_ultralytics_2025_v1/images/train/image775.jpg,/root/autodl-tmp/datasets/sources/construction-ppe_ultralytics_2025_v1/labels/train/image775.txt,/root/autodl-tmp/datasets/derived/construction_ppe3_canonical_v1_20260804_172437/images/all/train__image775.jpg,/root/autodl-tmp/datasets/derived/construction_ppe3_canonical_v1_20260804_172437/labels/all/train__image775.txt,5,5,0,cf39dfa4afc05fd1c49d2ae6448a2891349aeb3042be240613e2957171aa1905,hardlink
train,/root/autodl-tmp/datasets/sources/construction-ppe_ultralytics_2025_v1/images/train/image776.jpg,/root/autodl-tmp/datasets/sources/construction-ppe_ultralytics_2025_v1/labels/train/image776.txt,/root/autodl-tmp/datasets/derived/construction_ppe3_canonical_v1_20260804_172437/images/all/train__image776.jpg,/root/autodl-tmp/datasets/derived/construction_ppe3_canonical_v1_20260804_172437/labels/all/train__image776.txt,13,5,8,6004d000af584c791bf74770143249a28bbeaccd5ed62dd37f6e4e59c01e34d5,hardlink
train,/root/autodl-tmp/datasets/sources/construction-ppe_ultralytics_2025_v1/images/train/image777.jpg,/root/autodl-tmp/datasets/sources/construction-ppe_ultralytics_2025_v1/labels/train/image777.txt,/root/autodl-tmp/datasets/derived/construction_ppe3_canonical_v1_20260804_172437/images/all/train__image777.jpg,/root/autodl-tmp/datasets/derived/construction_ppe3_canonical_v1_20260804_172437/labels/all/train__image777.txt,13,5,8,ab7195932fedaa4d06e3d7216184cc67f41025c411787d9b52d21009b789265f,hardlink
train,/root/autodl-tmp/datasets/sources/construction-ppe_ultralytics_2025_v1/images/train/image778.jpg,/root/autodl-tmp/datasets/sources/construction-ppe_ultralytics_2025_v1/labels/train/image778.txt,/root/autodl-tmp/datasets/derived/construction_ppe3_canonical_v1_20260804_172437/images/all/train__image778.jpg,/root/autodl-tmp/datasets/derived/construction_ppe3_canonical_v1_20260804_172437/labels/all/train__image778.txt,13,5,8,75dae7c7605035210118c2b1ad9a59fef9a8cafb3d6b0f50890bc2a6493d7c8e,hardlink
train,/root/autodl-tmp/datasets/sources/construction-ppe_ultralytics_2025_v1/images/train/image78.jpg,/root/autodl-tmp/datasets/sources/construction-ppe_ultralytics_2025_v1/labels/train/image78.txt,/root/autodl-tmp/datasets/derived/construction_ppe3_canonical_v1_20260804_172437/images/all/train__image78.jpg,/root/autodl-tmp/datasets/derived/construction_ppe3_canonical_v1_20260804_172437/labels/all/train__image78.txt,11,5,6,79a038b4595bcdfcdd70281595154c2a15d9c9dcf3ec28d722cb22cfcb8563f5,hardlink
train,/root/autodl-tmp/datasets/sources/construction-ppe_ultralytics_2025_v1/images/train/image780.jpg,/root/autodl-tmp/datasets/sources/construction-ppe_ultralytics_2025_v1/labels/train/image780.txt,/root/autodl-tmp/datasets/derived/construction_ppe3_canonical_v1_20260804_172437/images/all/train__image780.jpg,/root/autodl-tmp/datasets/derived/construction_ppe3_canonical_v1_20260804_172437/labels/all/train__image780.txt,6,3,3,8b75b42e03e20ab699b97541a0e88578140579ea13d8adf1d400d89ba66717a4,hardlink
train,/root/autodl-tmp/datasets/sources/construction-ppe_ultralytics_2025_v1/images/train/image781.jpg,/root/autodl-tmp/datasets/sources/construction-ppe_ultralytics_2025_v1/labels/train/image781.txt,/root/autodl-tmp/datasets/derived/construction_ppe3_canonical_v1_20260804_172437/images/all/train__image781.jpg,/root/autodl-tmp/datasets/derived/construction_ppe3_canonical_v1_20260804_172437/labels/all/train__image781.txt,6,3,3,33b66441f1b30b7ce2ffaf27d1cd94e5f352f91dc15502f93e288e6f9ecd1522,hardlink
train,/root/autodl-tmp/datasets/sources/construction-ppe_ultralytics_2025_v1/images/train/image782.jpg,/root/autodl-tmp/datasets/sources/construction-ppe_ultralytics_2025_v1/labels/train/image782.txt,/root/autodl-tmp/datasets/derived/construction_ppe3_canonical_v1_20260804_172437/images/all/train__image782.jpg,/root/autodl-tmp/datasets/derived/construction_ppe3_canonical_v1_20260804_172437/labels/all/train__image782.txt,5,3,2,28941894f74e9c2ec6de78364ca4cf0d62c8bea6b9a902b2b4bcc9e8f5812786,hardlink
train,/root/autodl-tmp/datasets/sources/construction-ppe_ultralytics_2025_v1/images/train/image783.jpeg,/root/autodl-tmp/datasets/sources/construction-ppe_ultralytics_2025_v1/labels/train/image783.txt,/root/autodl-tmp/datasets/derived/construction_ppe3_canonical_v1_20260804_172437/images/all/train__image783.jpeg,/root/autodl-tmp/datasets/derived/construction_ppe3_canonical_v1_20260804_172437/labels/all/train__image783.txt,14,5,9,386fe0f6eb66b05e564741ce2ebf78374539804161f2a09e92b181c75fcb39c6,hardlink
train,/root/autodl-tmp/datasets/sources/construction-ppe_ultralytics_2025_v1/images/train/image784.jpg,/root/autodl-tmp/datasets/sources/construction-ppe_ultralytics_2025_v1/labels/train/image784.txt,/root/autodl-tmp/datasets/derived/construction_ppe3_canonical_v1_20260804_172437/images/all/train__image784.jpg,/root/autodl-tmp/datasets/derived/construction_ppe3_canonical_v1_20260804_172437/labels/all/train__image784.txt,30,23,7,39a263dd6931e7ca70b85348cdd35c3fed9ca5c938c391023d438b24fbe8910e,hardlink
train,/root/autodl-tmp/datasets/sources/construction-ppe_ultralytics_2025_v1/images/train/image785.jpeg,/root/autodl-tmp/datasets/sources/construction-ppe_ultralytics_2025_v1/labels/train/image785.txt,/root/autodl-tmp/datasets/derived/construction_ppe3_canonical_v1_20260804_172437/images/all/train__image785.jpeg,/root/autodl-tmp/datasets/derived/construction_ppe3_canonical_v1_20260804_172437/labels/all/train__image785.txt,5,2,3,3fef31c769cdaa0041f5d01a94f91cc8b36818c9881b1c39edf60f802597e482,hardlink
train,/root/autodl-tmp/datasets/sources/construction-ppe_ultralytics_2025_v1/images/train/image786.jpg,/root/autodl-tmp/datasets/sources/construction-ppe_ultralytics_2025_v1/labels/train/image786.txt,/root/autodl-tmp/datasets/derived/construction_ppe3_canonical_v1_20260804_172437/images/all/train__image786.jpg,/root/autodl-tmp/datasets/derived/construction_ppe3_canonical_v1_20260804_172437/labels/all/train__image786.txt,3,3,0,7ed30eedc4ee399e5a81d166b7f2324684b66cf4aa5e41efe25d9be3131f8d9a,hardlink
train,/root/autodl-tmp/datasets/sources/construction-ppe_ultralytics_2025_v1/images/train/image788.jpg,/root/autodl-tmp/datasets/sources/construction-ppe_ultralytics_2025_v1/labels/train/image788.txt,/root/autodl-tmp/datasets/derived/construction_ppe3_canonical_v1_20260804_172437/images/all/train__image788.jpg,/root/autodl-tmp/datasets/derived/construction_ppe3_canonical_v1_20260804_172437/labels/all/train__image788.txt,5,3,2,e65976a8f16240e082055419a3b0a5ed839319a490432b0faea86de20d18c2f9,hardlink
train,/root/autodl-tmp/datasets/sources/construction-ppe_ultralytics_2025_v1/images/train/image789.jpg,/root/autodl-tmp/datasets/sources/construction-ppe_ultralytics_2025_v1/labels/train/image789.txt,/root/autodl-tmp/datasets/derived/construction_ppe3_canonical_v1_20260804_172437/images/all/train__image789.jpg,/root/autodl-tmp/datasets/derived/construction_ppe3_canonical_v1_20260804_172437/labels/all/train__image789.txt,18,12,6,aedd1c55cd476b60fc6b9c252d04c81b60338bbc5d80bbf361560c7e4edbc4b3,hardlink
train,/root/autodl-tmp/datasets/sources/construction-ppe_ultralytics_2025_v1/images/train/image79.jpg,/root/autodl-tmp/datasets/sources/construction-ppe_ultralytics_2025_v1/labels/train/image79.txt,/root/autodl-tmp/datasets/derived/construction_ppe3_canonical_v1_20260804_172437/images/all/train__image79.jpg,/root/autodl-tmp/datasets/derived/construction_ppe3_canonical_v1_20260804_172437/labels/all/train__image79.txt,5,3,2,96e3b7befe19aab580afeea3c780d4626264e5db361d0ce145cead95968c585e,hardlink
train,/root/autodl-tmp/datasets/sources/construction-ppe_ultralytics_2025_v1/images/train/image790.jpg,/root/autodl-tmp/datasets/sources/construction-ppe_ultralytics_2025_v1/labels/train/image790.txt,/root/autodl-tmp/datasets/derived/construction_ppe3_canonical_v1_20260804_172437/images/all/train__image790.jpg,/root/autodl-tmp/datasets/derived/construction_ppe3_canonical_v1_20260804_172437/labels/all/train__image790.txt,2,2,0,94088f946bdf1c5ebde2b4aafc04ae511c3f4e75b6b5c5f513650d840bf49eae,hardlink
train,/root/autodl-tmp/datasets/sources/construction-ppe_ultralytics_2025_v1/images/train/image791.jpg,/root/autodl-tmp/datasets/sources/construction-ppe_ultralytics_2025_v1/labels/train/image791.txt,/root/autodl-tmp/datasets/derived/construction_ppe3_canonical_v1_20260804_172437/images/all/train__image791.jpg,/root/autodl-tmp/datasets/derived/construction_ppe3_canonical_v1_20260804_172437/labels/all/train__image791.txt,2,2,0,0cfe1c8dc836851d02f7acd1c0e03b70a54dcccdaa5b9f086dcbadfe0178e01e,hardlink
train,/root/autodl-tmp/datasets/sources/construction-ppe_ultralytics_2025_v1/images/train/image792.jpg,/root/autodl-tmp/datasets/sources/construction-ppe_ultralytics_2025_v1/labels/train/image792.txt,/root/autodl-tmp/datasets/derived/construction_ppe3_canonical_v1_20260804_172437/images/all/train__image792.jpg,/root/autodl-tmp/datasets/derived/construction_ppe3_canonical_v1_20260804_172437/labels/all/train__image792.txt,2,2,0,6e0a1a12a55417ec669186e661b34613fe752248c37299819eb217784a1b3e20,hardlink
train,/root/autodl-tmp/datasets/sources/construction-ppe_ultralytics_2025_v1/images/train/image793.jpg,/root/autodl-tmp/datasets/sources/construction-ppe_ultralytics_2025_v1/labels/train/image793.txt,/root/autodl-tmp/datasets/derived/construction_ppe3_canonical_v1_20260804_172437/images/all/train__image793.jpg,/root/autodl-tmp/datasets/derived/construction_ppe3_canonical_v1_20260804_172437/labels/all/train__image793.txt,2,2,0,df440f737d739a7ebb537b70fa3f352f2202f55aa8af99f9402b028a2ffeb2c5,hardlink
train,/root/autodl-tmp/datasets/sources/construction-ppe_ultralytics_2025_v1/images/train/image794.jpg,/root/autodl-tmp/datasets/sources/construction-ppe_ultralytics_2025_v1/labels/train/image794.txt,/root/autodl-tmp/datasets/derived/construction_ppe3_canonical_v1_20260804_172437/images/all/train__image794.jpg,/root/autodl-tmp/datasets/derived/construction_ppe3_canonical_v1_20260804_172437/labels/all/train__image794.txt,3,3,0,500c47100231ce489b143df7f5542297c49a70da57b19f474c503a53b28f1457,hardlink
train,/root/autodl-tmp/datasets/sources/construction-ppe_ultralytics_2025_v1/images/train/image795.jpeg,/root/autodl-tmp/datasets/sources/construction-ppe_ultralytics_2025_v1/labels/train/image795.txt,/root/autodl-tmp/datasets/derived/construction_ppe3_canonical_v1_20260804_172437/images/all/train__image795.jpeg,/root/autodl-tmp/datasets/derived/construction_ppe3_canonical_v1_20260804_172437/labels/all/train__image795.txt,8,6,2,ab61106c4a09483b4bec8c970757186d1bfd26c6df721cbab7474765deb74cd2,hardlink
train,/root/autodl-tmp/datasets/sources/construction-ppe_ultralytics_2025_v1/images/train/image797.jpg,/root/autodl-tmp/datasets/sources/construction-ppe_ultralytics_2025_v1/labels/train/image797.txt,/root/autodl-tmp/datasets/derived/construction_ppe3_canonical_v1_20260804_172437/images/all/train__image797.jpg,/root/autodl-tmp/datasets/derived/construction_ppe3_canonical_v1_20260804_172437/labels/all/train__image797.txt,8,6,2,10ec9d6411a7503b03fc0b36ace3b018a04476dfc488c74a192accfcdcf20fd6,hardlink
train,/root/autodl-tmp/datasets/sources/construction-ppe_ultralytics_2025_v1/images/train/image799.jpg,/root/autodl-tmp/datasets/sources/construction-ppe_ultralytics_2025_v1/labels/train/image799.txt,/root/autodl-tmp/datasets/derived/construction_ppe3_canonical_v1_20260804_172437/images/all/train__image799.jpg,/root/autodl-tmp/datasets/derived/construction_ppe3_canonical_v1_20260804_172437/labels/all/train__image799.txt,17,9,8,500c683c1b4f5bc0f373ac125c481436b68edda4341dfb45c272b6671a062ec8,hardlink
train,/root/autodl-tmp/datasets/sources/construction-ppe_ultralytics_2025_v1/images/train/image8.jpeg,/root/autodl-tmp/datasets/sources/construction-ppe_ultralytics_2025_v1/labels/train/image8.txt,/root/autodl-tmp/datasets/derived/construction_ppe3_canonical_v1_20260804_172437/images/all/train__image8.jpeg,/root/autodl-tmp/datasets/derived/construction_ppe3_canonical_v1_20260804_172437/labels/all/train__image8.txt,6,3,3,1f197788647224c9cdb0385bc43e83233c2ba54a88fd125bb8f1510f09df2e2a,hardlink
train,/root/autodl-tmp/datasets/sources/construction-ppe_ultralytics_2025_v1/images/train/image80.jpg,/root/autodl-tmp/datasets/sources/construction-ppe_ultralytics_2025_v1/labels/train/image80.txt,/root/autodl-tmp/datasets/derived/construction_ppe3_canonical_v1_20260804_172437/images/all/train__image80.jpg,/root/autodl-tmp/datasets/derived/construction_ppe3_canonical_v1_20260804_172437/labels/all/train__image80.txt,5,3,2,96a5228fcb3531de2d442ccac7d1a9f7bb55642efe3a9ef57e778dba8677d03c,hardlink
train,/root/autodl-tmp/datasets/sources/construction-ppe_ultralytics_2025_v1/images/train/image800.jpg,/root/autodl-tmp/datasets/sources/construction-ppe_ultralytics_2025_v1/labels/train/image800.txt,/root/autodl-tmp/datasets/derived/construction_ppe3_canonical_v1_20260804_172437/images/all/train__image800.jpg,/root/autodl-tmp/datasets/derived/construction_ppe3_canonical_v1_20260804_172437/labels/all/train__image800.txt,6,3,3,4a662cdbd41ef1c38954069c3fc2c2d9f62aad9347b001494aac4745bd995cc1,hardlink
train,/root/autodl-tmp/datasets/sources/construction-ppe_ultralytics_2025_v1/images/train/image801.jpg,/root/autodl-tmp/datasets/sources/construction-ppe_ultralytics_2025_v1/labels/train/image801.txt,/root/autodl-tmp/datasets/derived/construction_ppe3_canonical_v1_20260804_172437/images/all/train__image801.jpg,/root/autodl-tmp/datasets/derived/construction_ppe3_canonical_v1_20260804_172437/labels/all/train__image801.txt,35,20,15,7414a9fb626195da5a4837e5293b94c34bc9e94d3bd8e716dffe4e756ab51058,hardlink
train,/root/autodl-tmp/datasets/sources/construction-ppe_ultralytics_2025_v1/images/train/image802.jpg,/root/autodl-tmp/datasets/sources/construction-ppe_ultralytics_2025_v1/labels/train/image802.txt,/root/autodl-tmp/datasets/derived/construction_ppe3_canonical_v1_20260804_172437/images/all/train__image802.jpg,/root/autodl-tmp/datasets/derived/construction_ppe3_canonical_v1_20260804_172437/labels/all/train__image802.txt,8,3,5,b3e22aebf87990b7be3ae4ecb07aaccbdf05b76ae7432dec5c57984fdce61d87,hardlink
train,/root/autodl-tmp/datasets/sources/construction-ppe_ultralytics_2025_v1/images/train/image803.jpg,/root/autodl-tmp/datasets/sources/construction-ppe_ultralytics_2025_v1/labels/train/image803.txt,/root/autodl-tmp/datasets/derived/construction_ppe3_canonical_v1_20260804_172437/images/all/train__image803.jpg,/root/autodl-tmp/datasets/derived/construction_ppe3_canonical_v1_20260804_172437/labels/all/train__image803.txt,14,6,8,8bb7391fcb6e315f47be020eb6a3f15e24db0744e21547ac4d5ac3efe1211e05,hardlink
train,/root/autodl-tmp/datasets/sources/construction-ppe_ultralytics_2025_v1/images/train/image806.jpg,/root/autodl-tmp/datasets/sources/construction-ppe_ultralytics_2025_v1/labels/train/image806.txt,/root/autodl-tmp/datasets/derived/construction_ppe3_canonical_v1_20260804_172437/images/all/train__image806.jpg,/root/autodl-tmp/datasets/derived/construction_ppe3_canonical_v1_20260804_172437/labels/all/train__image806.txt,5,3,2,750a27d55229df5df338a1567321d86a90cb6d863daf3c1df7388c79510ecc0e,hardlink
train,/root/autodl-tmp/datasets/sources/construction-ppe_ultralytics_2025_v1/images/train/image807.jpeg,/root/autodl-tmp/datasets/sources/construction-ppe_ultralytics_2025_v1/labels/train/image807.txt,/root/autodl-tmp/datasets/derived/construction_ppe3_canonical_v1_20260804_172437/images/all/train__image807.jpeg,/root/autodl-tmp/datasets/derived/construction_ppe3_canonical_v1_20260804_172437/labels/all/train__image807.txt,2,2,0,09fce1e85606fea117c44e522e44f8a67122319d05f9d012867b8e74bfca530a,hardlink
train,/root/autodl-tmp/datasets/sources/construction-ppe_ultralytics_2025_v1/images/train/image809.jpg,/root/autodl-tmp/datasets/sources/construction-ppe_ultralytics_2025_v1/labels/train/image809.txt,/root/autodl-tmp/datasets/derived/construction_ppe3_canonical_v1_20260804_172437/images/all/train__image809.jpg,/root/autodl-tmp/datasets/derived/construction_ppe3_canonical_v1_20260804_172437/labels/all/train__image809.txt,10,4,6,748f6f52667f6cb9201960419c584c99ceefb1f8b1052c75de03df8efb67183a,hardlink
train,/root/autodl-tmp/datasets/sources/construction-ppe_ultralytics_2025_v1/images/train/image81.jpg,/root/autodl-tmp/datasets/sources/construction-ppe_ultralytics_2025_v1/labels/train/image81.txt,/root/autodl-tmp/datasets/derived/construction_ppe3_canonical_v1_20260804_172437/images/all/train__image81.jpg,/root/autodl-tmp/datasets/derived/construction_ppe3_canonical_v1_20260804_172437/labels/all/train__image81.txt,3,2,1,254df9eb995f8c69983657be3188983d6986779ae73be5cfad922422cbfc3102,hardlink
train,/root/autodl-tmp/datasets/sources/construction-ppe_ultralytics_2025_v1/images/train/image811.jpg,/root/autodl-tmp/datasets/sources/construction-ppe_ultralytics_2025_v1/labels/train/image811.txt,/root/autodl-tmp/datasets/derived/construction_ppe3_canonical_v1_20260804_172437/images/all/train__image811.jpg,/root/autodl-tmp/datasets/derived/construction_ppe3_canonical_v1_20260804_172437/labels/all/train__image811.txt,8,6,2,4eca3b49e8b513129c874de2da279c245957db05db34f1d139ab9d8fcaee2253,hardlink
train,/root/autodl-tmp/datasets/sources/construction-ppe_ultralytics_2025_v1/images/train/image812.jpg,/root/autodl-tmp/datasets/sources/construction-ppe_ultralytics_2025_v1/labels/train/image812.txt,/root/autodl-tmp/datasets/derived/construction_ppe3_canonical_v1_20260804_172437/images/all/train__image812.jpg,/root/autodl-tmp/datasets/derived/construction_ppe3_canonical_v1_20260804_172437/labels/all/train__image812.txt,8,6,2,5f45651e9daa325adb39ff81a7957a1b509d660ec7c69a27356a48c00b7a7aa0,hardlink
train,/root/autodl-tmp/datasets/sources/construction-ppe_ultralytics_2025_v1/images/train/image813.jpg,/root/autodl-tmp/datasets/sources/construction-ppe_ultralytics_2025_v1/labels/train/image813.txt,/root/autodl-tmp/datasets/derived/construction_ppe3_canonical_v1_20260804_172437/images/all/train__image813.jpg,/root/autodl-tmp/datasets/derived/construction_ppe3_canonical_v1_20260804_172437/labels/all/train__image813.txt,4,2,2,45fe88b557c7c6f38f77eded84185b0c9ae188affe35ea330b48cc0856c617e0,hardlink
train,/root/autodl-tmp/datasets/sources/construction-ppe_ultralytics_2025_v1/images/train/image814.jpg,/root/autodl-tmp/datasets/sources/construction-ppe_ultralytics_2025_v1/labels/train/image814.txt,/root/autodl-tmp/datasets/derived/construction_ppe3_canonical_v1_20260804_172437/images/all/train__image814.jpg,/root/autodl-tmp/datasets/derived/construction_ppe3_canonical_v1_20260804_172437/labels/all/train__image814.txt,2,2,0,4a664c6237311e3952e494ea813c6336f1d2e3910506984010e298cf68e68677,hardlink
train,/root/autodl-tmp/datasets/sources/construction-ppe_ultralytics_2025_v1/images/train/image815.jpg,/root/autodl-tmp/datasets/sources/construction-ppe_ultralytics_2025_v1/labels/train/image815.txt,/root/autodl-tmp/datasets/derived/construction_ppe3_canonical_v1_20260804_172437/images/all/train__image815.jpg,/root/autodl-tmp/datasets/derived/construction_ppe3_canonical_v1_20260804_172437/labels/all/train__image815.txt,2,2,0,654f1512c805fea8ac18b7ba7ddabab22f13f45de62f48673531c7ed6519b474,hardlink
train,/root/autodl-tmp/datasets/sources/construction-ppe_ultralytics_2025_v1/images/train/image816.jpg,/root/autodl-tmp/datasets/sources/construction-ppe_ultralytics_2025_v1/labels/train/image816.txt,/root/autodl-tmp/datasets/derived/construction_ppe3_canonical_v1_20260804_172437/images/all/train__image816.jpg,/root/autodl-tmp/datasets/derived/construction_ppe3_canonical_v1_20260804_172437/labels/all/train__image816.txt,2,2,0,129cd35635199930372cbfc4ed75d1a7ca930d1a37e330692b2936270a457e07,hardlink
train,/root/autodl-tmp/datasets/sources/construction-ppe_ultralytics_2025_v1/images/train/image817.jpg,/root/autodl-tmp/datasets/sources/construction-ppe_ultralytics_2025_v1/labels/train/image817.txt,/root/autodl-tmp/datasets/derived/construction_ppe3_canonical_v1_20260804_172437/images/all/train__image817.jpg,/root/autodl-tmp/datasets/derived/construction_ppe3_canonical_v1_20260804_172437/labels/all/train__image817.txt,2,2,0,e60e12d6faa0c75504b81625569c7e2a7d0a0040fcce01a642c550a1e17bf68c,hardlink
train,/root/autodl-tmp/datasets/sources/construction-ppe_ultralytics_2025_v1/images/train/image818.jpeg,/root/autodl-tmp/datasets/sources/construction-ppe_ultralytics_2025_v1/labels/train/image818.txt,/root/autodl-tmp/datasets/derived/construction_ppe3_canonical_v1_20260804_172437/images/all/train__image818.jpeg,/root/autodl-tmp/datasets/derived/construction_ppe3_canonical_v1_20260804_172437/labels/all/train__image818.txt,2,0,2,634cb0f4c13ae601d39fddbc3c440894a118283d69e7d05fac845e37c8466a47,hardlink
train,/root/autodl-tmp/datasets/sources/construction-ppe_ultralytics_2025_v1/images/train/image819.jpg,/root/autodl-tmp/datasets/sources/construction-ppe_ultralytics_2025_v1/labels/train/image819.txt,/root/autodl-tmp/datasets/derived/construction_ppe3_canonical_v1_20260804_172437/images/all/train__image819.jpg,/root/autodl-tmp/datasets/derived/construction_ppe3_canonical_v1_20260804_172437/labels/all/train__image819.txt,3,2,1,19d5db2a73a4c62715393d21080d04ff651478e3a54917176c9eeb2070ea8959,hardlink
train,/root/autodl-tmp/datasets/sources/construction-ppe_ultralytics_2025_v1/images/train/image82.jpg,/root/autodl-tmp/datasets/sources/construction-ppe_ultralytics_2025_v1/labels/train/image82.txt,/root/autodl-tmp/datasets/derived/construction_ppe3_canonical_v1_20260804_172437/images/all/train__image82.jpg,/root/autodl-tmp/datasets/derived/construction_ppe3_canonical_v1_20260804_172437/labels/all/train__image82.txt,5,2,3,48f7856d22e47caf36cd367f07a2ef533b85e7804c8352ae4230795c975b7baa,hardlink
train,/root/autodl-tmp/datasets/sources/construction-ppe_ultralytics_2025_v1/images/train/image820.jpg,/root/autodl-tmp/datasets/sources/construction-ppe_ultralytics_2025_v1/labels/train/image820.txt,/root/autodl-tmp/datasets/derived/construction_ppe3_canonical_v1_20260804_172437/images/all/train__image820.jpg,/root/autodl-tmp/datasets/derived/construction_ppe3_canonical_v1_20260804_172437/labels/all/train__image820.txt,2,2,0,ce2ed3cb56e73327f4b894264be4742c07920ba13383c38214d587f15d9aa59e,hardlink
train,/root/autodl-tmp/datasets/sources/construction-ppe_ultralytics_2025_v1/images/train/image821.jpg,/root/autodl-tmp/datasets/sources/construction-ppe_ultralytics_2025_v1/labels/train/image821.txt,/root/autodl-tmp/datasets/derived/construction_ppe3_canonical_v1_20260804_172437/images/all/train__image821.jpg,/root/autodl-tmp/datasets/derived/construction_ppe3_canonical_v1_20260804_172437/labels/all/train__image821.txt,2,2,0,6a43ee723546c98974770bff899b6bd3fd5a0473225c778f1c44ccd48b349332,hardlink
train,/root/autodl-tmp/datasets/sources/construction-ppe_ultralytics_2025_v1/images/train/image822.jpg,/root/autodl-tmp/datasets/sources/construction-ppe_ultralytics_2025_v1/labels/train/image822.txt,/root/autodl-tmp/datasets/derived/construction_ppe3_canonical_v1_20260804_172437/images/all/train__image822.jpg,/root/autodl-tmp/datasets/derived/construction_ppe3_canonical_v1_20260804_172437/labels/all/train__image822.txt,2,2,0,59926417f40d471b791810242a0347186838345f1333b78ed38feb0fa876a655,hardlink
train,/root/autodl-tmp/datasets/sources/construction-ppe_ultralytics_2025_v1/images/train/image823.jpg,/root/autodl-tmp/datasets/sources/construction-ppe_ultralytics_2025_v1/labels/train/image823.txt,/root/autodl-tmp/datasets/derived/construction_ppe3_canonical_v1_20260804_172437/images/all/train__image823.jpg,/root/autodl-tmp/datasets/derived/construction_ppe3_canonical_v1_20260804_172437/labels/all/train__image823.txt,2,2,0,638c0e58b6670e88558f7d0b8769e43687d851b63a0ea603c622f9d323e38771,hardlink
train,/root/autodl-tmp/datasets/sources/construction-ppe_ultralytics_2025_v1/images/train/image827.jpg,/root/autodl-tmp/datasets/sources/construction-ppe_ultralytics_2025_v1/labels/train/image827.txt,/root/autodl-tmp/datasets/derived/construction_ppe3_canonical_v1_20260804_172437/images/all/train__image827.jpg,/root/autodl-tmp/datasets/derived/construction_ppe3_canonical_v1_20260804_172437/labels/all/train__image827.txt,2,2,0,c0319abf324767765c0504432e352c4d1c4addb221bf54200372b18ed41599b1,hardlink
train,/root/autodl-tmp/datasets/sources/construction-ppe_ultralytics_2025_v1/images/train/image828.jpg,/root/autodl-tmp/datasets/sources/construction-ppe_ultralytics_2025_v1/labels/train/image828.txt,/root/autodl-tmp/datasets/derived/construction_ppe3_canonical_v1_20260804_172437/images/all/train__image828.jpg,/root/autodl-tmp/datasets/derived/construction_ppe3_canonical_v1_20260804_172437/labels/all/train__image828.txt,2,2,0,8e6b834e7eae9f3440c6aade2c3c20efef7490b2deea6f27b2338c86380268ac,hardlink
train,/root/autodl-tmp/datasets/sources/construction-ppe_ultralytics_2025_v1/images/train/image829.jpg,/root/autodl-tmp/datasets/sources/construction-ppe_ultralytics_2025_v1/labels/train/image829.txt,/root/autodl-tmp/datasets/derived/construction_ppe3_canonical_v1_20260804_172437/images/all/train__image829.jpg,/root/autodl-tmp/datasets/derived/construction_ppe3_canonical_v1_20260804_172437/labels/all/train__image829.txt,2,2,0,8c5d8e56d8cab2d68288c17e6164cdcf664418301c39f2e789a362f512c3e374,hardlink
train,/root/autodl-tmp/datasets/sources/construction-ppe_ultralytics_2025_v1/images/train/image83.jpg,/root/autodl-tmp/datasets/sources/construction-ppe_ultralytics_2025_v1/labels/train/image83.txt,/root/autodl-tmp/datasets/derived/construction_ppe3_canonical_v1_20260804_172437/images/all/train__image83.jpg,/root/autodl-tmp/datasets/derived/construction_ppe3_canonical_v1_20260804_172437/labels/all/train__image83.txt,3,2,1,7b84a013c515e5f01cc44c4903f0b6090390fd79b0a05b6d9673e0c20eaf0ea6,hardlink
train,/root/autodl-tmp/datasets/sources/construction-ppe_ultralytics_2025_v1/images/train/image830.jpeg,/root/autodl-tmp/datasets/sources/construction-ppe_ultralytics_2025_v1/labels/train/image830.txt,/root/autodl-tmp/datasets/derived/construction_ppe3_canonical_v1_20260804_172437/images/all/train__image830.jpeg,/root/autodl-tmp/datasets/derived/construction_ppe3_canonical_v1_20260804_172437/labels/all/train__image830.txt,2,2,0,04b4c1c0a78aab7125df87622c99bc9de40567b26109ba39a8c33a71ea4bf1d4,hardlink
train,/root/autodl-tmp/datasets/sources/construction-ppe_ultralytics_2025_v1/images/train/image831.jpg,/root/autodl-tmp/datasets/sources/construction-ppe_ultralytics_2025_v1/labels/train/image831.txt,/root/autodl-tmp/datasets/derived/construction_ppe3_canonical_v1_20260804_172437/images/all/train__image831.jpg,/root/autodl-tmp/datasets/derived/construction_ppe3_canonical_v1_20260804_172437/labels/all/train__image831.txt,7,7,0,7f1d1ca349f33d640289ab3c03ba508fd00f3b5459002c622746db3c4d30b828,hardlink
train,/root/autodl-tmp/datasets/sources/construction-ppe_ultralytics_2025_v1/images/train/image832.jpg,/root/autodl-tmp/datasets/sources/construction-ppe_ultralytics_2025_v1/labels/train/image832.txt,/root/autodl-tmp/datasets/derived/construction_ppe3_canonical_v1_20260804_172437/images/all/train__image832.jpg,/root/autodl-tmp/datasets/derived/construction_ppe3_canonical_v1_20260804_172437/labels/all/train__image832.txt,2,2,0,e8c77c10b5d65742cc45341d751cedf30f85ac24b7e14789414fda6f3ada4d2b,hardlink
train,/root/autodl-tmp/datasets/sources/construction-ppe_ultralytics_2025_v1/images/train/image833.jpg,/root/autodl-tmp/datasets/sources/construction-ppe_ultralytics_2025_v1/labels/train/image833.txt,/root/autodl-tmp/datasets/derived/construction_ppe3_canonical_v1_20260804_172437/images/all/train__image833.jpg,/root/autodl-tmp/datasets/derived/construction_ppe3_canonical_v1_20260804_172437/labels/all/train__image833.txt,2,2,0,dfa64f021748205611756f5c9f1ffeb905096919c2031d400182c619d0cfbba8,hardlink
train,/root/autodl-tmp/datasets/sources/construction-ppe_ultralytics_2025_v1/images/train/image835.jpg,/root/autodl-tmp/datasets/sources/construction-ppe_ultralytics_2025_v1/labels/train/image835.txt,/root/autodl-tmp/datasets/derived/construction_ppe3_canonical_v1_20260804_172437/images/all/train__image835.jpg,/root/autodl-tmp/datasets/derived/construction_ppe3_canonical_v1_20260804_172437/labels/all/train__image835.txt,2,2,0,9c2783ac791a09a705eab923e1bdb167308fe89ca0f5df90a327ddfba8027167,hardlink
train,/root/autodl-tmp/datasets/sources/construction-ppe_ultralytics_2025_v1/images/train/image836.jpg,/root/autodl-tmp/datasets/sources/construction-ppe_ultralytics_2025_v1/labels/train/image836.txt,/root/autodl-tmp/datasets/derived/construction_ppe3_canonical_v1_20260804_172437/images/all/train__image836.jpg,/root/autodl-tmp/datasets/derived/construction_ppe3_canonical_v1_20260804_172437/labels/all/train__image836.txt,2,2,0,443e4956e7577461dfbe4cf127748b4b97af1caef0c3d38f3b0a58888fb6e3ae,hardlink
train,/root/autodl-tmp/datasets/sources/construction-ppe_ultralytics_2025_v1/images/train/image837.jpg,/root/autodl-tmp/datasets/sources/construction-ppe_ultralytics_2025_v1/labels/train/image837.txt,/root/autodl-tmp/datasets/derived/construction_ppe3_canonical_v1_20260804_172437/images/all/train__image837.jpg,/root/autodl-tmp/datasets/derived/construction_ppe3_canonical_v1_20260804_172437/labels/all/train__image837.txt,2,2,0,23f070b39af0933b61a74fee7429d2c9c39accdb13fd2053a1399b2dc46c3f84,hardlink
train,/root/autodl-tmp/datasets/sources/construction-ppe_ultralytics_2025_v1/images/train/image838.jpg,/root/autodl-tmp/datasets/sources/construction-ppe_ultralytics_2025_v1/labels/train/image838.txt,/root/autodl-tmp/datasets/derived/construction_ppe3_canonical_v1_20260804_172437/images/all/train__image838.jpg,/root/autodl-tmp/datasets/derived/construction_ppe3_canonical_v1_20260804_172437/labels/all/train__image838.txt,2,2,0,3f5b72f74bb5a406b164bb354da1c31714980cb66715fcf642dd0e37603c8f11,hardlink
train,/root/autodl-tmp/datasets/sources/construction-ppe_ultralytics_2025_v1/images/train/image839.jpg,/root/autodl-tmp/datasets/sources/construction-ppe_ultralytics_2025_v1/labels/train/image839.txt,/root/autodl-tmp/datasets/derived/construction_ppe3_canonical_v1_20260804_172437/images/all/train__image839.jpg,/root/autodl-tmp/datasets/derived/construction_ppe3_canonical_v1_20260804_172437/labels/all/train__image839.txt,2,2,0,f0307ef8d9658435ad762f5171b1d690f02c0f7f8469eaba4e342dc014f3d208,hardlink
train,/root/autodl-tmp/datasets/sources/construction-ppe_ultralytics_2025_v1/images/train/image84.jpg,/root/autodl-tmp/datasets/sources/construction-ppe_ultralytics_2025_v1/labels/train/image84.txt,/root/autodl-tmp/datasets/derived/construction_ppe3_canonical_v1_20260804_172437/images/all/train__image84.jpg,/root/autodl-tmp/datasets/derived/construction_ppe3_canonical_v1_20260804_172437/labels/all/train__image84.txt,3,2,1,d7681a71b64a633e0f48a2f05f9fcc0eed5681f0360b247dd065790cf8d5302d,hardlink
train,/root/autodl-tmp/datasets/sources/construction-ppe_ultralytics_2025_v1/images/train/image840.jpeg,/root/autodl-tmp/datasets/sources/construction-ppe_ultralytics_2025_v1/labels/train/image840.txt,/root/autodl-tmp/datasets/derived/construction_ppe3_canonical_v1_20260804_172437/images/all/train__image840.jpeg,/root/autodl-tmp/datasets/derived/construction_ppe3_canonical_v1_20260804_172437/labels/all/train__image840.txt,6,2,4,0ad235e72149877fd77109a2274fdf21a918daadd7f0a9b3e3398c6d9e9ed608,hardlink
train,/root/autodl-tmp/datasets/sources/construction-ppe_ultralytics_2025_v1/images/train/image841.jpg,/root/autodl-tmp/datasets/sources/construction-ppe_ultralytics_2025_v1/labels/train/image841.txt,/root/autodl-tmp/datasets/derived/construction_ppe3_canonical_v1_20260804_172437/images/all/train__image841.jpg,/root/autodl-tmp/datasets/derived/construction_ppe3_canonical_v1_20260804_172437/labels/all/train__image841.txt,2,2,0,786a4988bb1a4cde0fb5545c068361faadb38a8bf19fef6362269873d9270892,hardlink
train,/root/autodl-tmp/datasets/sources/construction-ppe_ultralytics_2025_v1/images/train/image842.jpg,/root/autodl-tmp/datasets/sources/construction-ppe_ultralytics_2025_v1/labels/train/image842.txt,/root/autodl-tmp/datasets/derived/construction_ppe3_canonical_v1_20260804_172437/images/all/train__image842.jpg,/root/autodl-tmp/datasets/derived/construction_ppe3_canonical_v1_20260804_172437/labels/all/train__image842.txt,2,2,0,ab8b1e45873d3468c282bc8c4e89eeb22c2e86a71e5d28cbc8581111f5ba2720,hardlink
train,/root/autodl-tmp/datasets/sources/construction-ppe_ultralytics_2025_v1/images/train/image843.jpg,/root/autodl-tmp/datasets/sources/construction-ppe_ultralytics_2025_v1/labels/train/image843.txt,/root/autodl-tmp/datasets/derived/construction_ppe3_canonical_v1_20260804_172437/images/all/train__image843.jpg,/root/autodl-tmp/datasets/derived/construction_ppe3_canonical_v1_20260804_172437/labels/all/train__image843.txt,2,2,0,b9829bf826b9696b28e08f17c9247c3a485b239aa66607379760bd47f29d7b6b,hardlink
train,/root/autodl-tmp/datasets/sources/construction-ppe_ultralytics_2025_v1/images/train/image844.jpg,/root/autodl-tmp/datasets/sources/construction-ppe_ultralytics_2025_v1/labels/train/image844.txt,/root/autodl-tmp/datasets/derived/construction_ppe3_canonical_v1_20260804_172437/images/all/train__image844.jpg,/root/autodl-tmp/datasets/derived/construction_ppe3_canonical_v1_20260804_172437/labels/all/train__image844.txt,2,2,0,8631bd31aa838a7665b0bb1c413457aa289a76ad6236c258a010b1247c2908cc,hardlink
train,/root/autodl-tmp/datasets/sources/construction-ppe_ultralytics_2025_v1/images/train/image845.jpg,/root/autodl-tmp/datasets/sources/construction-ppe_ultralytics_2025_v1/labels/train/image845.txt,/root/autodl-tmp/datasets/derived/construction_ppe3_canonical_v1_20260804_172437/images/all/train__image845.jpg,/root/autodl-tmp/datasets/derived/construction_ppe3_canonical_v1_20260804_172437/labels/all/train__image845.txt,2,2,0,13aa8c3aebc1471fc2677b02292bedd1a1a49be439bf7a2189e9a7c5b4e641b5,hardlink
train,/root/autodl-tmp/datasets/sources/construction-ppe_ultralytics_2025_v1/images/train/image847.jpeg,/root/autodl-tmp/datasets/sources/construction-ppe_ultralytics_2025_v1/labels/train/image847.txt,/root/autodl-tmp/datasets/derived/construction_ppe3_canonical_v1_20260804_172437/images/all/train__image847.jpeg,/root/autodl-tmp/datasets/derived/construction_ppe3_canonical_v1_20260804_172437/labels/all/train__image847.txt,6,4,2,cd12bc23c27b08fc2ea81d74d353deb4bffe611f7b3dfbe741a51a496231fd1a,hardlink
train,/root/autodl-tmp/datasets/sources/construction-ppe_ultralytics_2025_v1/images/train/image848.jpg,/root/autodl-tmp/datasets/sources/construction-ppe_ultralytics_2025_v1/labels/train/image848.txt,/root/autodl-tmp/datasets/derived/construction_ppe3_canonical_v1_20260804_172437/images/all/train__image848.jpg,/root/autodl-tmp/datasets/derived/construction_ppe3_canonical_v1_20260804_172437/labels/all/train__image848.txt,4,4,0,0bccd21195c71a87d1531188f7d0b150265ddffcd7805104263f05bb3f0ce380,hardlink
train,/root/autodl-tmp/datasets/sources/construction-ppe_ultralytics_2025_v1/images/train/image849.jpg,/root/autodl-tmp/datasets/sources/construction-ppe_ultralytics_2025_v1/labels/train/image849.txt,/root/autodl-tmp/datasets/derived/construction_ppe3_canonical_v1_20260804_172437/images/all/train__image849.jpg,/root/autodl-tmp/datasets/derived/construction_ppe3_canonical_v1_20260804_172437/labels/all/train__image849.txt,5,5,0,93df5742c070da6edd068338e8efbdf5009c030ef86739b9fe20a29ebc550e54,hardlink
train,/root/autodl-tmp/datasets/sources/construction-ppe_ultralytics_2025_v1/images/train/image85.jpg,/root/autodl-tmp/datasets/sources/construction-ppe_ultralytics_2025_v1/labels/train/image85.txt,/root/autodl-tmp/datasets/derived/construction_ppe3_canonical_v1_20260804_172437/images/all/train__image85.jpg,/root/autodl-tmp/datasets/derived/construction_ppe3_canonical_v1_20260804_172437/labels/all/train__image85.txt,7,2,5,9e507d79479994827f72b1b2caa15ef1fac09dc19a6a5fea8905598226c40a37,hardlink
train,/root/autodl-tmp/datasets/sources/construction-ppe_ultralytics_2025_v1/images/train/image850.jpg,/root/autodl-tmp/datasets/sources/construction-ppe_ultralytics_2025_v1/labels/train/image850.txt,/root/autodl-tmp/datasets/derived/construction_ppe3_canonical_v1_20260804_172437/images/all/train__image850.jpg,/root/autodl-tmp/datasets/derived/construction_ppe3_canonical_v1_20260804_172437/labels/all/train__image850.txt,8,3,5,846ffc71131c623d411997a82750ef84b5c2b091395333da1e764e912871f741,hardlink
train,/root/autodl-tmp/datasets/sources/construction-ppe_ultralytics_2025_v1/images/train/image851.jpg,/root/autodl-tmp/datasets/sources/construction-ppe_ultralytics_2025_v1/labels/train/image851.txt,/root/autodl-tmp/datasets/derived/construction_ppe3_canonical_v1_20260804_172437/images/all/train__image851.jpg,/root/autodl-tmp/datasets/derived/construction_ppe3_canonical_v1_20260804_172437/labels/all/train__image851.txt,8,3,5,5be550531bb5bb894df339e39b105eb858c4efb4fae27d340dfe38feaeac9884,hardlink
train,/root/autodl-tmp/datasets/sources/construction-ppe_ultralytics_2025_v1/images/train/image853.jpg,/root/autodl-tmp/datasets/sources/construction-ppe_ultralytics_2025_v1/labels/train/image853.txt,/root/autodl-tmp/datasets/derived/construction_ppe3_canonical_v1_20260804_172437/images/all/train__image853.jpg,/root/autodl-tmp/datasets/derived/construction_ppe3_canonical_v1_20260804_172437/labels/all/train__image853.txt,8,6,2,3e67c50919e601cc1365b93c9e35cff35a6ba52c559819d012815b5aeb6b6ded,hardlink
train,/root/autodl-tmp/datasets/sources/construction-ppe_ultralytics_2025_v1/images/train/image854.jpg,/root/autodl-tmp/datasets/sources/construction-ppe_ultralytics_2025_v1/labels/train/image854.txt,/root/autodl-tmp/datasets/derived/construction_ppe3_canonical_v1_20260804_172437/images/all/train__image854.jpg,/root/autodl-tmp/datasets/derived/construction_ppe3_canonical_v1_20260804_172437/labels/all/train__image854.txt,8,3,5,c1d72fe3d896a3e983833adca731c6142f1a7561adca2407df39fdeeae84b21e,hardlink
train,/root/autodl-tmp/datasets/sources/construction-ppe_ultralytics_2025_v1/images/train/image855.jpg,/root/autodl-tmp/datasets/sources/construction-ppe_ultralytics_2025_v1/labels/train/image855.txt,/root/autodl-tmp/datasets/derived/construction_ppe3_canonical_v1_20260804_172437/images/all/train__image855.jpg,/root/autodl-tmp/datasets/derived/construction_ppe3_canonical_v1_20260804_172437/labels/all/train__image855.txt,8,3,5,37b6e2532d97ed9f0de1d5338c2aa948c7b79fd2858dee04bfb8bed55619d41b,hardlink
train,/root/autodl-tmp/datasets/sources/construction-ppe_ultralytics_2025_v1/images/train/image856.jpg,/root/autodl-tmp/datasets/sources/construction-ppe_ultralytics_2025_v1/labels/train/image856.txt,/root/autodl-tmp/datasets/derived/construction_ppe3_canonical_v1_20260804_172437/images/all/train__image856.jpg,/root/autodl-tmp/datasets/derived/construction_ppe3_canonical_v1_20260804_172437/labels/all/train__image856.txt,8,3,5,b0ba8bf1f3e2522f617ee0c7a6bc2056a4f988e4a4c61093bcc49d12d9850d3f,hardlink
train,/root/autodl-tmp/datasets/sources/construction-ppe_ultralytics_2025_v1/images/train/image857.jpg,/root/autodl-tmp/datasets/sources/construction-ppe_ultralytics_2025_v1/labels/train/image857.txt,/root/autodl-tmp/datasets/derived/construction_ppe3_canonical_v1_20260804_172437/images/all/train__image857.jpg,/root/autodl-tmp/datasets/derived/construction_ppe3_canonical_v1_20260804_172437/labels/all/train__image857.txt,8,3,5,dae26b36061fc4567f6d7409460b5f4ddb4e9d1daddadc51464093fd51033b62,hardlink
train,/root/autodl-tmp/datasets/sources/construction-ppe_ultralytics_2025_v1/images/train/image858.jpeg,/root/autodl-tmp/datasets/sources/construction-ppe_ultralytics_2025_v1/labels/train/image858.txt,/root/autodl-tmp/datasets/derived/construction_ppe3_canonical_v1_20260804_172437/images/all/train__image858.jpeg,/root/autodl-tmp/datasets/derived/construction_ppe3_canonical_v1_20260804_172437/labels/all/train__image858.txt,11,6,5,1b5891b7814843faec89adae1d8d3611b57732e18db3d794fd5446783aae9350,hardlink
train,/root/autodl-tmp/datasets/sources/construction-ppe_ultralytics_2025_v1/images/train/image859.jpg,/root/autodl-tmp/datasets/sources/construction-ppe_ultralytics_2025_v1/labels/train/image859.txt,/root/autodl-tmp/datasets/derived/construction_ppe3_canonical_v1_20260804_172437/images/all/train__image859.jpg,/root/autodl-tmp/datasets/derived/construction_ppe3_canonical_v1_20260804_172437/labels/all/train__image859.txt,12,12,0,aacd7682cd8040a7c8734342307f9c066a99fd28118d9cb57d000dcc57340841,hardlink
train,/root/autodl-tmp/datasets/sources/construction-ppe_ultralytics_2025_v1/images/train/image86.jpg,/root/autodl-tmp/datasets/sources/construction-ppe_ultralytics_2025_v1/labels/train/image86.txt,/root/autodl-tmp/datasets/derived/construction_ppe3_canonical_v1_20260804_172437/images/all/train__image86.jpg,/root/autodl-tmp/datasets/derived/construction_ppe3_canonical_v1_20260804_172437/labels/all/train__image86.txt,8,3,5,d4a243a61969a70694098a5b80af318a64c79fb267d2c48cf5a19b3f13f00a2b,hardlink
train,/root/autodl-tmp/datasets/sources/construction-ppe_ultralytics_2025_v1/images/train/image861.jpg,/root/autodl-tmp/datasets/sources/construction-ppe_ultralytics_2025_v1/labels/train/image861.txt,/root/autodl-tmp/datasets/derived/construction_ppe3_canonical_v1_20260804_172437/images/all/train__image861.jpg,/root/autodl-tmp/datasets/derived/construction_ppe3_canonical_v1_20260804_172437/labels/all/train__image861.txt,8,3,5,6f3b975ba7c0455f20fdb8883c080c3abcc30531b021cfda761f30b068421cb3,hardlink
train,/root/autodl-tmp/datasets/sources/construction-ppe_ultralytics_2025_v1/images/train/image862.jpg,/root/autodl-tmp/datasets/sources/construction-ppe_ultralytics_2025_v1/labels/train/image862.txt,/root/autodl-tmp/datasets/derived/construction_ppe3_canonical_v1_20260804_172437/images/all/train__image862.jpg,/root/autodl-tmp/datasets/derived/construction_ppe3_canonical_v1_20260804_172437/labels/all/train__image862.txt,8,3,5,d48a87cc5325e7a6e06745997b1cd4594d5cada557631a69f574b34eea78b4dc,hardlink
train,/root/autodl-tmp/datasets/sources/construction-ppe_ultralytics_2025_v1/images/train/image863.jpg,/root/autodl-tmp/datasets/sources/construction-ppe_ultralytics_2025_v1/labels/train/image863.txt,/root/autodl-tmp/datasets/derived/construction_ppe3_canonical_v1_20260804_172437/images/all/train__image863.jpg,/root/autodl-tmp/datasets/derived/construction_ppe3_canonical_v1_20260804_172437/labels/all/train__image863.txt,8,3,5,ab381b82ca79c3eba82aa9abc95dc61789282193e210a736dbf8441b637da24a,hardlink
train,/root/autodl-tmp/datasets/sources/construction-ppe_ultralytics_2025_v1/images/train/image864.jpg,/root/autodl-tmp/datasets/sources/construction-ppe_ultralytics_2025_v1/labels/train/image864.txt,/root/autodl-tmp/datasets/derived/construction_ppe3_canonical_v1_20260804_172437/images/all/train__image864.jpg,/root/autodl-tmp/datasets/derived/construction_ppe3_canonical_v1_20260804_172437/labels/all/train__image864.txt,8,3,5,00aa43208ca73c5fe7d827d0f68a228dd703f7786d295426f1a7e7595a9eddde,hardlink
train,/root/autodl-tmp/datasets/sources/construction-ppe_ultralytics_2025_v1/images/train/image865.jpeg,/root/autodl-tmp/datasets/sources/construction-ppe_ultralytics_2025_v1/labels/train/image865.txt,/root/autodl-tmp/datasets/derived/construction_ppe3_canonical_v1_20260804_172437/images/all/train__image865.jpeg,/root/autodl-tmp/datasets/derived/construction_ppe3_canonical_v1_20260804_172437/labels/all/train__image865.txt,5,3,2,8635c8875af67932911b375e51508c43dd485589b75c9e250ca863c103f96c3b,hardlink
train,/root/autodl-tmp/datasets/sources/construction-ppe_ultralytics_2025_v1/images/train/image866.jpg,/root/autodl-tmp/datasets/sources/construction-ppe_ultralytics_2025_v1/labels/train/image866.txt,/root/autodl-tmp/datasets/derived/construction_ppe3_canonical_v1_20260804_172437/images/all/train__image866.jpg,/root/autodl-tmp/datasets/derived/construction_ppe3_canonical_v1_20260804_172437/labels/all/train__image866.txt,25,17,8,8ed8125d68de3d164f05a3fc585c0e0c66889f6434e4e7e3bda0d2a5b4a82b9d,hardlink
train,/root/autodl-tmp/datasets/sources/construction-ppe_ultralytics_2025_v1/images/train/image869.jpg,/root/autodl-tmp/datasets/sources/construction-ppe_ultralytics_2025_v1/labels/train/image869.txt,/root/autodl-tmp/datasets/derived/construction_ppe3_canonical_v1_20260804_172437/images/all/train__image869.jpg,/root/autodl-tmp/datasets/derived/construction_ppe3_canonical_v1_20260804_172437/labels/all/train__image869.txt,8,3,5,2026f042f7117b37454e1f658a6008c2be2e0a3c5ee578aed7e669ef8bb99121,hardlink
train,/root/autodl-tmp/datasets/sources/construction-ppe_ultralytics_2025_v1/images/train/image87.jpg,/root/autodl-tmp/datasets/sources/construction-ppe_ultralytics_2025_v1/labels/train/image87.txt,/root/autodl-tmp/datasets/derived/construction_ppe3_canonical_v1_20260804_172437/images/all/train__image87.jpg,/root/autodl-tmp/datasets/derived/construction_ppe3_canonical_v1_20260804_172437/labels/all/train__image87.txt,8,3,5,e9c26488d83fd7fbd48a3f9a47c9d448352c55c07ac83d7940afacb7f4770717,hardlink
train,/root/autodl-tmp/datasets/sources/construction-ppe_ultralytics_2025_v1/images/train/image870.jpg,/root/autodl-tmp/datasets/sources/construction-ppe_ultralytics_2025_v1/labels/train/image870.txt,/root/autodl-tmp/datasets/derived/construction_ppe3_canonical_v1_20260804_172437/images/all/train__image870.jpg,/root/autodl-tmp/datasets/derived/construction_ppe3_canonical_v1_20260804_172437/labels/all/train__image870.txt,8,3,5,fd776830705400170c9bf5645ce7cdde652b0d4826a26841140ac33eb3b1e4f3,hardlink
train,/root/autodl-tmp/datasets/sources/construction-ppe_ultralytics_2025_v1/images/train/image871.jpg,/root/autodl-tmp/datasets/sources/construction-ppe_ultralytics_2025_v1/labels/train/image871.txt,/root/autodl-tmp/datasets/derived/construction_ppe3_canonical_v1_20260804_172437/images/all/train__image871.jpg,/root/autodl-tmp/datasets/derived/construction_ppe3_canonical_v1_20260804_172437/labels/all/train__image871.txt,8,3,5,c68c4493bd3fc9fae8968fdc118991ec3fff0e24ca978321160d2f375244b8bb,hardlink
train,/root/autodl-tmp/datasets/sources/construction-ppe_ultralytics_2025_v1/images/train/image872.jpg,/root/autodl-tmp/datasets/sources/construction-ppe_ultralytics_2025_v1/labels/train/image872.txt,/root/autodl-tmp/datasets/derived/construction_ppe3_canonical_v1_20260804_172437/images/all/train__image872.jpg,/root/autodl-tmp/datasets/derived/construction_ppe3_canonical_v1_20260804_172437/labels/all/train__image872.txt,8,3,5,b8bf00d1d1e3e05cf8eb0e2dd752105bbb7141e3474fec369bab57d80c8800ab,hardlink
train,/root/autodl-tmp/datasets/sources/construction-ppe_ultralytics_2025_v1/images/train/image873.jpeg,/root/autodl-tmp/datasets/sources/construction-ppe_ultralytics_2025_v1/labels/train/image873.txt,/root/autodl-tmp/datasets/derived/construction_ppe3_canonical_v1_20260804_172437/images/all/train__image873.jpeg,/root/autodl-tmp/datasets/derived/construction_ppe3_canonical_v1_20260804_172437/labels/all/train__image873.txt,3,3,0,d22380fa8adf2d20ae88a81ab89b50d057bcedd3031b2316412de6e6b4783ee6,hardlink
train,/root/autodl-tmp/datasets/sources/construction-ppe_ultralytics_2025_v1/images/train/image874.jpeg,/root/autodl-tmp/datasets/sources/construction-ppe_ultralytics_2025_v1/labels/train/image874.txt,/root/autodl-tmp/datasets/derived/construction_ppe3_canonical_v1_20260804_172437/images/all/train__image874.jpeg,/root/autodl-tmp/datasets/derived/construction_ppe3_canonical_v1_20260804_172437/labels/all/train__image874.txt,8,6,2,ef469027413b976a8154b3bbb26ff1930f55d2ec942c183482e2cea16809ea12,hardlink
train,/root/autodl-tmp/datasets/sources/construction-ppe_ultralytics_2025_v1/images/train/image875.jpg,/root/autodl-tmp/datasets/sources/construction-ppe_ultralytics_2025_v1/labels/train/image875.txt,/root/autodl-tmp/datasets/derived/construction_ppe3_canonical_v1_20260804_172437/images/all/train__image875.jpg,/root/autodl-tmp/datasets/derived/construction_ppe3_canonical_v1_20260804_172437/labels/all/train__image875.txt,18,18,0,8abf9cc8251951705d021ce8c16de78dfc6ebee94e5722c992e05342541d7d53,hardlink
train,/root/autodl-tmp/datasets/sources/construction-ppe_ultralytics_2025_v1/images/train/image877.jpg,/root/autodl-tmp/datasets/sources/construction-ppe_ultralytics_2025_v1/labels/train/image877.txt,/root/autodl-tmp/datasets/derived/construction_ppe3_canonical_v1_20260804_172437/images/all/train__image877.jpg,/root/autodl-tmp/datasets/derived/construction_ppe3_canonical_v1_20260804_172437/labels/all/train__image877.txt,8,3,5,83f599489a479967e27a6ac02b7309774eacac965ccb0f0136ea6425dfae12e4,hardlink
train,/root/autodl-tmp/datasets/sources/construction-ppe_ultralytics_2025_v1/images/train/image878.jpg,/root/autodl-tmp/datasets/sources/construction-ppe_ultralytics_2025_v1/labels/train/image878.txt,/root/autodl-tmp/datasets/derived/construction_ppe3_canonical_v1_20260804_172437/images/all/train__image878.jpg,/root/autodl-tmp/datasets/derived/construction_ppe3_canonical_v1_20260804_172437/labels/all/train__image878.txt,8,3,5,625442c9720658b36b4e76ee93ec060a6b6be118276f7fa23f538ed0212da62a,hardlink
train,/root/autodl-tmp/datasets/sources/construction-ppe_ultralytics_2025_v1/images/train/image879.jpg,/root/autodl-tmp/datasets/sources/construction-ppe_ultralytics_2025_v1/labels/train/image879.txt,/root/autodl-tmp/datasets/derived/construction_ppe3_canonical_v1_20260804_172437/images/all/train__image879.jpg,/root/autodl-tmp/datasets/derived/construction_ppe3_canonical_v1_20260804_172437/labels/all/train__image879.txt,8,3,5,c513cceba5586e4ba9ca62ca87c43c03da3c97889d27473fd5cfbc171e8105b1,hardlink
train,/root/autodl-tmp/datasets/sources/construction-ppe_ultralytics_2025_v1/images/train/image88.jpg,/root/autodl-tmp/datasets/sources/construction-ppe_ultralytics_2025_v1/labels/train/image88.txt,/root/autodl-tmp/datasets/derived/construction_ppe3_canonical_v1_20260804_172437/images/all/train__image88.jpg,/root/autodl-tmp/datasets/derived/construction_ppe3_canonical_v1_20260804_172437/labels/all/train__image88.txt,8,3,5,e5175366f52ba7ee1f6ce276c5155f5b61f3d1028d2a011995b7c94742f5a9a3,hardlink
train,/root/autodl-tmp/datasets/sources/construction-ppe_ultralytics_2025_v1/images/train/image880.jpg,/root/autodl-tmp/datasets/sources/construction-ppe_ultralytics_2025_v1/labels/train/image880.txt,/root/autodl-tmp/datasets/derived/construction_ppe3_canonical_v1_20260804_172437/images/all/train__image880.jpg,/root/autodl-tmp/datasets/derived/construction_ppe3_canonical_v1_20260804_172437/labels/all/train__image880.txt,8,3,5,06f7d03c6d883b247ce182133ff54e6332848860c8de9d1d84f0c0359596eca0,hardlink
train,/root/autodl-tmp/datasets/sources/construction-ppe_ultralytics_2025_v1/images/train/image881.jpg,/root/autodl-tmp/datasets/sources/construction-ppe_ultralytics_2025_v1/labels/train/image881.txt,/root/autodl-tmp/datasets/derived/construction_ppe3_canonical_v1_20260804_172437/images/all/train__image881.jpg,/root/autodl-tmp/datasets/derived/construction_ppe3_canonical_v1_20260804_172437/labels/all/train__image881.txt,8,3,5,109dfcc0e5ab3fc151eb9f9669e2e0232ee083309fc01cab2582ea61011e7941,hardlink
train,/root/autodl-tmp/datasets/sources/construction-ppe_ultralytics_2025_v1/images/train/image882.jpg,/root/autodl-tmp/datasets/sources/construction-ppe_ultralytics_2025_v1/labels/train/image882.txt,/root/autodl-tmp/datasets/derived/construction_ppe3_canonical_v1_20260804_172437/images/all/train__image882.jpg,/root/autodl-tmp/datasets/derived/construction_ppe3_canonical_v1_20260804_172437/labels/all/train__image882.txt,8,3,5,b1d1d7b03f9dc4b4e4cdb5211d60706bf86e8b48d8c09cff388d1d1ad655a7d0,hardlink
train,/root/autodl-tmp/datasets/sources/construction-ppe_ultralytics_2025_v1/images/train/image883.jpg,/root/autodl-tmp/datasets/sources/construction-ppe_ultralytics_2025_v1/labels/train/image883.txt,/root/autodl-tmp/datasets/derived/construction_ppe3_canonical_v1_20260804_172437/images/all/train__image883.jpg,/root/autodl-tmp/datasets/derived/construction_ppe3_canonical_v1_20260804_172437/labels/all/train__image883.txt,8,3,5,c2d5c603657e6342d06b6cd2133ec451c13f03b351691ed96687f17f73895c36,hardlink
train,/root/autodl-tmp/datasets/sources/construction-ppe_ultralytics_2025_v1/images/train/image886.jpeg,/root/autodl-tmp/datasets/sources/construction-ppe_ultralytics_2025_v1/labels/train/image886.txt,/root/autodl-tmp/datasets/derived/construction_ppe3_canonical_v1_20260804_172437/images/all/train__image886.jpeg,/root/autodl-tmp/datasets/derived/construction_ppe3_canonical_v1_20260804_172437/labels/all/train__image886.txt,7,6,1,2a34dc95abf186b79b15e31d4c02123a12f3da6021fd6425df1028b02145f0fb,hardlink
train,/root/autodl-tmp/datasets/sources/construction-ppe_ultralytics_2025_v1/images/train/image887.jpg,/root/autodl-tmp/datasets/sources/construction-ppe_ultralytics_2025_v1/labels/train/image887.txt,/root/autodl-tmp/datasets/derived/construction_ppe3_canonical_v1_20260804_172437/images/all/train__image887.jpg,/root/autodl-tmp/datasets/derived/construction_ppe3_canonical_v1_20260804_172437/labels/all/train__image887.txt,6,6,0,88bc5a2e7a066ab7bec5d5634681b992c42d12667165b15b5941a2a577751fdf,hardlink
train,/root/autodl-tmp/datasets/sources/construction-ppe_ultralytics_2025_v1/images/train/image888.jpg,/root/autodl-tmp/datasets/sources/construction-ppe_ultralytics_2025_v1/labels/train/image888.txt,/root/autodl-tmp/datasets/derived/construction_ppe3_canonical_v1_20260804_172437/images/all/train__image888.jpg,/root/autodl-tmp/datasets/derived/construction_ppe3_canonical_v1_20260804_172437/labels/all/train__image888.txt,8,3,5,cf9be88579cdf0d1ff922cdd328ee731be155eecc89261c5fa6fe987cf2e3703,hardlink
train,/root/autodl-tmp/datasets/sources/construction-ppe_ultralytics_2025_v1/images/train/image889.jpg,/root/autodl-tmp/datasets/sources/construction-ppe_ultralytics_2025_v1/labels/train/image889.txt,/root/autodl-tmp/datasets/derived/construction_ppe3_canonical_v1_20260804_172437/images/all/train__image889.jpg,/root/autodl-tmp/datasets/derived/construction_ppe3_canonical_v1_20260804_172437/labels/all/train__image889.txt,8,3,5,3ea4b838e56836bbaaf8c4b45557b626993450731bd57627cdead7bd424349e7,hardlink
train,/root/autodl-tmp/datasets/sources/construction-ppe_ultralytics_2025_v1/images/train/image89.jpeg,/root/autodl-tmp/datasets/sources/construction-ppe_ultralytics_2025_v1/labels/train/image89.txt,/root/autodl-tmp/datasets/derived/construction_ppe3_canonical_v1_20260804_172437/images/all/train__image89.jpeg,/root/autodl-tmp/datasets/derived/construction_ppe3_canonical_v1_20260804_172437/labels/all/train__image89.txt,4,2,2,5a0a67dd0d0f568202fdb08be92cc4913dfb1a8c1e8afe7dc9a405c8fe22c97d,hardlink
train,/root/autodl-tmp/datasets/sources/construction-ppe_ultralytics_2025_v1/images/train/image890.jpg,/root/autodl-tmp/datasets/sources/construction-ppe_ultralytics_2025_v1/labels/train/image890.txt,/root/autodl-tmp/datasets/derived/construction_ppe3_canonical_v1_20260804_172437/images/all/train__image890.jpg,/root/autodl-tmp/datasets/derived/construction_ppe3_canonical_v1_20260804_172437/labels/all/train__image890.txt,8,3,5,b5c29407bb373b3593c019d358018b8315eb96c547f3a444cb1175df631339ca,hardlink
train,/root/autodl-tmp/datasets/sources/construction-ppe_ultralytics_2025_v1/images/train/image891.jpg,/root/autodl-tmp/datasets/sources/construction-ppe_ultralytics_2025_v1/labels/train/image891.txt,/root/autodl-tmp/datasets/derived/construction_ppe3_canonical_v1_20260804_172437/images/all/train__image891.jpg,/root/autodl-tmp/datasets/derived/construction_ppe3_canonical_v1_20260804_172437/labels/all/train__image891.txt,8,3,5,2f4e32768cf90017a46ab76b970033f5b766c4b3cce855fe7f5f6eb858ccfdda,hardlink
train,/root/autodl-tmp/datasets/sources/construction-ppe_ultralytics_2025_v1/images/train/image892.jpg,/root/autodl-tmp/datasets/sources/construction-ppe_ultralytics_2025_v1/labels/train/image892.txt,/root/autodl-tmp/datasets/derived/construction_ppe3_canonical_v1_20260804_172437/images/all/train__image892.jpg,/root/autodl-tmp/datasets/derived/construction_ppe3_canonical_v1_20260804_172437/labels/all/train__image892.txt,8,3,5,392756db47a18eead96c758c4da540b4ac5749f960cf9bd363b9a7baab9428e3,hardlink
train,/root/autodl-tmp/datasets/sources/construction-ppe_ultralytics_2025_v1/images/train/image893.jpg,/root/autodl-tmp/datasets/sources/construction-ppe_ultralytics_2025_v1/labels/train/image893.txt,/root/autodl-tmp/datasets/derived/construction_ppe3_canonical_v1_20260804_172437/images/all/train__image893.jpg,/root/autodl-tmp/datasets/derived/construction_ppe3_canonical_v1_20260804_172437/labels/all/train__image893.txt,8,3,5,5f716a582049290c06f109cc9add9bdcc0a3da6d0f3d74b30b4355f3636500f9,hardlink
train,/root/autodl-tmp/datasets/sources/construction-ppe_ultralytics_2025_v1/images/train/image894.jpg,/root/autodl-tmp/datasets/sources/construction-ppe_ultralytics_2025_v1/labels/train/image894.txt,/root/autodl-tmp/datasets/derived/construction_ppe3_canonical_v1_20260804_172437/images/all/train__image894.jpg,/root/autodl-tmp/datasets/derived/construction_ppe3_canonical_v1_20260804_172437/labels/all/train__image894.txt,8,3,5,518a1250da047a8e4ca7e7817f48de6791591bebfff4b02a0250786d9e2b4e92,hardlink
train,/root/autodl-tmp/datasets/sources/construction-ppe_ultralytics_2025_v1/images/train/image895.jpg,/root/autodl-tmp/datasets/sources/construction-ppe_ultralytics_2025_v1/labels/train/image895.txt,/root/autodl-tmp/datasets/derived/construction_ppe3_canonical_v1_20260804_172437/images/all/train__image895.jpg,/root/autodl-tmp/datasets/derived/construction_ppe3_canonical_v1_20260804_172437/labels/all/train__image895.txt,8,3,5,c835864d2ad9c9dd05398d956e647c68822bcddeadff7da3997bca4128089a19,hardlink
train,/root/autodl-tmp/datasets/sources/construction-ppe_ultralytics_2025_v1/images/train/image898.jpg,/root/autodl-tmp/datasets/sources/construction-ppe_ultralytics_2025_v1/labels/train/image898.txt,/root/autodl-tmp/datasets/derived/construction_ppe3_canonical_v1_20260804_172437/images/all/train__image898.jpg,/root/autodl-tmp/datasets/derived/construction_ppe3_canonical_v1_20260804_172437/labels/all/train__image898.txt,7,3,4,7b516828360042eea9a872ef80e867309992862fcf931fc9dba97ace068ed47a,hardlink
train,/root/autodl-tmp/datasets/sources/construction-ppe_ultralytics_2025_v1/images/train/image899.jpg,/root/autodl-tmp/datasets/sources/construction-ppe_ultralytics_2025_v1/labels/train/image899.txt,/root/autodl-tmp/datasets/derived/construction_ppe3_canonical_v1_20260804_172437/images/all/train__image899.jpg,/root/autodl-tmp/datasets/derived/construction_ppe3_canonical_v1_20260804_172437/labels/all/train__image899.txt,8,3,5,51b8573b53d0d3c45b5eadcecd168f3860d0e142ed8904710008bfe2c41dbfc8,hardlink
train,/root/autodl-tmp/datasets/sources/construction-ppe_ultralytics_2025_v1/images/train/image90.jpg,/root/autodl-tmp/datasets/sources/construction-ppe_ultralytics_2025_v1/labels/train/image90.txt,/root/autodl-tmp/datasets/derived/construction_ppe3_canonical_v1_20260804_172437/images/all/train__image90.jpg,/root/autodl-tmp/datasets/derived/construction_ppe3_canonical_v1_20260804_172437/labels/all/train__image90.txt,7,3,4,aef90e0ca313288a0ab542f7347547f288a335a73348367ed4add6ef7381a2dc,hardlink
train,/root/autodl-tmp/datasets/sources/construction-ppe_ultralytics_2025_v1/images/train/image900.jpg,/root/autodl-tmp/datasets/sources/construction-ppe_ultralytics_2025_v1/labels/train/image900.txt,/root/autodl-tmp/datasets/derived/construction_ppe3_canonical_v1_20260804_172437/images/all/train__image900.jpg,/root/autodl-tmp/datasets/derived/construction_ppe3_canonical_v1_20260804_172437/labels/all/train__image900.txt,8,3,5,57b17a7f1f65675dc79914242fc732dbd8b86b9ec60dd6b5cb28017b30452899,hardlink
train,/root/autodl-tmp/datasets/sources/construction-ppe_ultralytics_2025_v1/images/train/image901.jpg,/root/autodl-tmp/datasets/sources/construction-ppe_ultralytics_2025_v1/labels/train/image901.txt,/root/autodl-tmp/datasets/derived/construction_ppe3_canonical_v1_20260804_172437/images/all/train__image901.jpg,/root/autodl-tmp/datasets/derived/construction_ppe3_canonical_v1_20260804_172437/labels/all/train__image901.txt,8,3,5,003796a3accd298a1cdfe887bfaaee2301c07fcfdf78475f10301ed2e7fb17c1,hardlink
train,/root/autodl-tmp/datasets/sources/construction-ppe_ultralytics_2025_v1/images/train/image902.jpg,/root/autodl-tmp/datasets/sources/construction-ppe_ultralytics_2025_v1/labels/train/image902.txt,/root/autodl-tmp/datasets/derived/construction_ppe3_canonical_v1_20260804_172437/images/all/train__image902.jpg,/root/autodl-tmp/datasets/derived/construction_ppe3_canonical_v1_20260804_172437/labels/all/train__image902.txt,8,3,5,d5cfcfc840f62c19f7215b9830d3e9c1dc48a2976399ce401a8f0fafde916d90,hardlink
train,/root/autodl-tmp/datasets/sources/construction-ppe_ultralytics_2025_v1/images/train/image903.jpg,/root/autodl-tmp/datasets/sources/construction-ppe_ultralytics_2025_v1/labels/train/image903.txt,/root/autodl-tmp/datasets/derived/construction_ppe3_canonical_v1_20260804_172437/images/all/train__image903.jpg,/root/autodl-tmp/datasets/derived/construction_ppe3_canonical_v1_20260804_172437/labels/all/train__image903.txt,8,3,5,5b403299944fed96f38520498c7c8408c4bad6eefddd6cebbab5490d827fe2c0,hardlink
train,/root/autodl-tmp/datasets/sources/construction-ppe_ultralytics_2025_v1/images/train/image904.jpg,/root/autodl-tmp/datasets/sources/construction-ppe_ultralytics_2025_v1/labels/train/image904.txt,/root/autodl-tmp/datasets/derived/construction_ppe3_canonical_v1_20260804_172437/images/all/train__image904.jpg,/root/autodl-tmp/datasets/derived/construction_ppe3_canonical_v1_20260804_172437/labels/all/train__image904.txt,8,3,5,055ee52c99ea9008e95fb1ba0a3f88d9a6404721c341a8c808a81c8f85d9ef6c,hardlink
train,/root/autodl-tmp/datasets/sources/construction-ppe_ultralytics_2025_v1/images/train/image906.jpg,/root/autodl-tmp/datasets/sources/construction-ppe_ultralytics_2025_v1/labels/train/image906.txt,/root/autodl-tmp/datasets/derived/construction_ppe3_canonical_v1_20260804_172437/images/all/train__image906.jpg,/root/autodl-tmp/datasets/derived/construction_ppe3_canonical_v1_20260804_172437/labels/all/train__image906.txt,8,3,5,1bc3aefc5a15dae2e2f4e1b9eaddf6eb35d1ad3ea002c203f07e3ee9c548ce7c,hardlink
train,/root/autodl-tmp/datasets/sources/construction-ppe_ultralytics_2025_v1/images/train/image907.jpeg,/root/autodl-tmp/datasets/sources/construction-ppe_ultralytics_2025_v1/labels/train/image907.txt,/root/autodl-tmp/datasets/derived/construction_ppe3_canonical_v1_20260804_172437/images/all/train__image907.jpeg,/root/autodl-tmp/datasets/derived/construction_ppe3_canonical_v1_20260804_172437/labels/all/train__image907.txt,11,6,5,e75e0605cdaf125ba16fb475fa56ff50e7ddf409d6e3125137b6051bdd97fcab,hardlink
train,/root/autodl-tmp/datasets/sources/construction-ppe_ultralytics_2025_v1/images/train/image908.jpg,/root/autodl-tmp/datasets/sources/construction-ppe_ultralytics_2025_v1/labels/train/image908.txt,/root/autodl-tmp/datasets/derived/construction_ppe3_canonical_v1_20260804_172437/images/all/train__image908.jpg,/root/autodl-tmp/datasets/derived/construction_ppe3_canonical_v1_20260804_172437/labels/all/train__image908.txt,21,9,12,85fc9fc6dd20b17ba6e11f0fd3750b555b7af6edd9d07dcab36fc6f3960d0390,hardlink
train,/root/autodl-tmp/datasets/sources/construction-ppe_ultralytics_2025_v1/images/train/image909.jpg,/root/autodl-tmp/datasets/sources/construction-ppe_ultralytics_2025_v1/labels/train/image909.txt,/root/autodl-tmp/datasets/derived/construction_ppe3_canonical_v1_20260804_172437/images/all/train__image909.jpg,/root/autodl-tmp/datasets/derived/construction_ppe3_canonical_v1_20260804_172437/labels/all/train__image909.txt,8,3,5,8d99abaf8d67b806e52fdc6dbe4ce9244a44661250a08e72c88c53ccbb60c75c,hardlink
train,/root/autodl-tmp/datasets/sources/construction-ppe_ultralytics_2025_v1/images/train/image91.jpg,/root/autodl-tmp/datasets/sources/construction-ppe_ultralytics_2025_v1/labels/train/image91.txt,/root/autodl-tmp/datasets/derived/construction_ppe3_canonical_v1_20260804_172437/images/all/train__image91.jpg,/root/autodl-tmp/datasets/derived/construction_ppe3_canonical_v1_20260804_172437/labels/all/train__image91.txt,8,3,5,b1f58f75a4b220b12355af56c50ba36125e1c0305bda2001f3656cb047110a8f,hardlink
train,/root/autodl-tmp/datasets/sources/construction-ppe_ultralytics_2025_v1/images/train/image911.jpg,/root/autodl-tmp/datasets/sources/construction-ppe_ultralytics_2025_v1/labels/train/image911.txt,/root/autodl-tmp/datasets/derived/construction_ppe3_canonical_v1_20260804_172437/images/all/train__image911.jpg,/root/autodl-tmp/datasets/derived/construction_ppe3_canonical_v1_20260804_172437/labels/all/train__image911.txt,8,3,5,e0c85b8aedaf67f6056b07f8fd81d27f058182e5952db280c13cab3616bba1e6,hardlink
train,/root/autodl-tmp/datasets/sources/construction-ppe_ultralytics_2025_v1/images/train/image912.jpg,/root/autodl-tmp/datasets/sources/construction-ppe_ultralytics_2025_v1/labels/train/image912.txt,/root/autodl-tmp/datasets/derived/construction_ppe3_canonical_v1_20260804_172437/images/all/train__image912.jpg,/root/autodl-tmp/datasets/derived/construction_ppe3_canonical_v1_20260804_172437/labels/all/train__image912.txt,8,3,5,1082de576e95509dbfd6ce053bc8401c5dbd822d907adde7643df9784d9d4069,hardlink
train,/root/autodl-tmp/datasets/sources/construction-ppe_ultralytics_2025_v1/images/train/image914.jpeg,/root/autodl-tmp/datasets/sources/construction-ppe_ultralytics_2025_v1/labels/train/image914.txt,/root/autodl-tmp/datasets/derived/construction_ppe3_canonical_v1_20260804_172437/images/all/train__image914.jpeg,/root/autodl-tmp/datasets/derived/construction_ppe3_canonical_v1_20260804_172437/labels/all/train__image914.txt,10,6,4,c9bdd40763d6aa476c7da1b299d7b2a51633693de2f1c0cbfee0a2c78831d41c,hardlink
train,/root/autodl-tmp/datasets/sources/construction-ppe_ultralytics_2025_v1/images/train/image915.jpg,/root/autodl-tmp/datasets/sources/construction-ppe_ultralytics_2025_v1/labels/train/image915.txt,/root/autodl-tmp/datasets/derived/construction_ppe3_canonical_v1_20260804_172437/images/all/train__image915.jpg,/root/autodl-tmp/datasets/derived/construction_ppe3_canonical_v1_20260804_172437/labels/all/train__image915.txt,4,3,1,86ff2ad032df84de6eb40465af262abfd7378b909d272db7bc16979097542ef2,hardlink
train,/root/autodl-tmp/datasets/sources/construction-ppe_ultralytics_2025_v1/images/train/image916.jpg,/root/autodl-tmp/datasets/sources/construction-ppe_ultralytics_2025_v1/labels/train/image916.txt,/root/autodl-tmp/datasets/derived/construction_ppe3_canonical_v1_20260804_172437/images/all/train__image916.jpg,/root/autodl-tmp/datasets/derived/construction_ppe3_canonical_v1_20260804_172437/labels/all/train__image916.txt,8,3,5,7dca87ec1f92323fceb8bc8e59b4137a9b59e9a36e18467ff0012560caf6abc4,hardlink
train,/root/autodl-tmp/datasets/sources/construction-ppe_ultralytics_2025_v1/images/train/image917.jpg,/root/autodl-tmp/datasets/sources/construction-ppe_ultralytics_2025_v1/labels/train/image917.txt,/root/autodl-tmp/datasets/derived/construction_ppe3_canonical_v1_20260804_172437/images/all/train__image917.jpg,/root/autodl-tmp/datasets/derived/construction_ppe3_canonical_v1_20260804_172437/labels/all/train__image917.txt,8,3,5,7302b6569f8ccda0fa613cbe2ca1b83972315de48ceb41c190fae625dc13a4bd,hardlink
train,/root/autodl-tmp/datasets/sources/construction-ppe_ultralytics_2025_v1/images/train/image918.jpg,/root/autodl-tmp/datasets/sources/construction-ppe_ultralytics_2025_v1/labels/train/image918.txt,/root/autodl-tmp/datasets/derived/construction_ppe3_canonical_v1_20260804_172437/images/all/train__image918.jpg,/root/autodl-tmp/datasets/derived/construction_ppe3_canonical_v1_20260804_172437/labels/all/train__image918.txt,8,3,5,64c3896e800eacd04743d089fb5d98df79458329c14ca78e21fb6f5e11c05ed0,hardlink
train,/root/autodl-tmp/datasets/sources/construction-ppe_ultralytics_2025_v1/images/train/image919.jpeg,/root/autodl-tmp/datasets/sources/construction-ppe_ultralytics_2025_v1/labels/train/image919.txt,/root/autodl-tmp/datasets/derived/construction_ppe3_canonical_v1_20260804_172437/images/all/train__image919.jpeg,/root/autodl-tmp/datasets/derived/construction_ppe3_canonical_v1_20260804_172437/labels/all/train__image919.txt,8,6,2,46421cd9aad18395041cd92bbe6a8a72d3816f20b6eb64b2bd878fdc428ca480,hardlink
train,/root/autodl-tmp/datasets/sources/construction-ppe_ultralytics_2025_v1/images/train/image92.jpg,/root/autodl-tmp/datasets/sources/construction-ppe_ultralytics_2025_v1/labels/train/image92.txt,/root/autodl-tmp/datasets/derived/construction_ppe3_canonical_v1_20260804_172437/images/all/train__image92.jpg,/root/autodl-tmp/datasets/derived/construction_ppe3_canonical_v1_20260804_172437/labels/all/train__image92.txt,8,3,5,39c693ca1d068328bbf0dbea879f99a9b558ca5fc91420a1abc8f01fbdfade4d,hardlink
train,/root/autodl-tmp/datasets/sources/construction-ppe_ultralytics_2025_v1/images/train/image920.jpg,/root/autodl-tmp/datasets/sources/construction-ppe_ultralytics_2025_v1/labels/train/image920.txt,/root/autodl-tmp/datasets/derived/construction_ppe3_canonical_v1_20260804_172437/images/all/train__image920.jpg,/root/autodl-tmp/datasets/derived/construction_ppe3_canonical_v1_20260804_172437/labels/all/train__image920.txt,18,12,6,32b131a740021f7f286370547524ad52447a94820097ab27ec905119fd334d25,hardlink
train,/root/autodl-tmp/datasets/sources/construction-ppe_ultralytics_2025_v1/images/train/image924.jpeg,/root/autodl-tmp/datasets/sources/construction-ppe_ultralytics_2025_v1/labels/train/image924.txt,/root/autodl-tmp/datasets/derived/construction_ppe3_canonical_v1_20260804_172437/images/all/train__image924.jpeg,/root/autodl-tmp/datasets/derived/construction_ppe3_canonical_v1_20260804_172437/labels/all/train__image924.txt,13,4,9,d7bfb370acdb317de606a2451e64504def3f22038cedeb080f475152aa313c75,hardlink
train,/root/autodl-tmp/datasets/sources/construction-ppe_ultralytics_2025_v1/images/train/image925.jpg,/root/autodl-tmp/datasets/sources/construction-ppe_ultralytics_2025_v1/labels/train/image925.txt,/root/autodl-tmp/datasets/derived/construction_ppe3_canonical_v1_20260804_172437/images/all/train__image925.jpg,/root/autodl-tmp/datasets/derived/construction_ppe3_canonical_v1_20260804_172437/labels/all/train__image925.txt,7,3,4,5b4a89c8788fc3056b588b38dc48ca481f6c1638ae7cb80619589960f7ed65ac,hardlink
train,/root/autodl-tmp/datasets/sources/construction-ppe_ultralytics_2025_v1/images/train/image926.jpg,/root/autodl-tmp/datasets/sources/construction-ppe_ultralytics_2025_v1/labels/train/image926.txt,/root/autodl-tmp/datasets/derived/construction_ppe3_canonical_v1_20260804_172437/images/all/train__image926.jpg,/root/autodl-tmp/datasets/derived/construction_ppe3_canonical_v1_20260804_172437/labels/all/train__image926.txt,7,3,4,ba5a7d2ee3d6680204f1c5e3c188ff02fa72de5005e7c318858b5f424cdbde17,hardlink
train,/root/autodl-tmp/datasets/sources/construction-ppe_ultralytics_2025_v1/images/train/image928.jpg,/root/autodl-tmp/datasets/sources/construction-ppe_ultralytics_2025_v1/labels/train/image928.txt,/root/autodl-tmp/datasets/derived/construction_ppe3_canonical_v1_20260804_172437/images/all/train__image928.jpg,/root/autodl-tmp/datasets/derived/construction_ppe3_canonical_v1_20260804_172437/labels/all/train__image928.txt,7,3,4,877d6ed7c39697ad7dd4ade2acc7ae32bb22b0c588348ccd1c923b7512b99d14,hardlink
train,/root/autodl-tmp/datasets/sources/construction-ppe_ultralytics_2025_v1/images/train/image929.jpg,/root/autodl-tmp/datasets/sources/construction-ppe_ultralytics_2025_v1/labels/train/image929.txt,/root/autodl-tmp/datasets/derived/construction_ppe3_canonical_v1_20260804_172437/images/all/train__image929.jpg,/root/autodl-tmp/datasets/derived/construction_ppe3_canonical_v1_20260804_172437/labels/all/train__image929.txt,7,3,4,071b2ecebf54a3a2a5eb8e1e5b6945d22b6d79e4b75bbcdf901d8651f6dbea70,hardlink
train,/root/autodl-tmp/datasets/sources/construction-ppe_ultralytics_2025_v1/images/train/image93.jpg,/root/autodl-tmp/datasets/sources/construction-ppe_ultralytics_2025_v1/labels/train/image93.txt,/root/autodl-tmp/datasets/derived/construction_ppe3_canonical_v1_20260804_172437/images/all/train__image93.jpg,/root/autodl-tmp/datasets/derived/construction_ppe3_canonical_v1_20260804_172437/labels/all/train__image93.txt,8,3,5,35ee36e89229a18ee504211060cd419eb8eafb6b0aa1ba7855ff8d54edcfce96,hardlink
train,/root/autodl-tmp/datasets/sources/construction-ppe_ultralytics_2025_v1/images/train/image930.jpeg,/root/autodl-tmp/datasets/sources/construction-ppe_ultralytics_2025_v1/labels/train/image930.txt,/root/autodl-tmp/datasets/derived/construction_ppe3_canonical_v1_20260804_172437/images/all/train__image930.jpeg,/root/autodl-tmp/datasets/derived/construction_ppe3_canonical_v1_20260804_172437/labels/all/train__image930.txt,12,4,8,7bd6606c277bbde80870dda1b085ad1439d8f7e704a5f96ff66f036ddd9fa930,hardlink
train,/root/autodl-tmp/datasets/sources/construction-ppe_ultralytics_2025_v1/images/train/image931.jpg,/root/autodl-tmp/datasets/sources/construction-ppe_ultralytics_2025_v1/labels/train/image931.txt,/root/autodl-tmp/datasets/derived/construction_ppe3_canonical_v1_20260804_172437/images/all/train__image931.jpg,/root/autodl-tmp/datasets/derived/construction_ppe3_canonical_v1_20260804_172437/labels/all/train__image931.txt,6,3,3,350de93c04d61710fecf6ccf1710887d1d97d1fd9d75fb84931f5d9dc8e79187,hardlink
train,/root/autodl-tmp/datasets/sources/construction-ppe_ultralytics_2025_v1/images/train/image932.jpg,/root/autodl-tmp/datasets/sources/construction-ppe_ultralytics_2025_v1/labels/train/image932.txt,/root/autodl-tmp/datasets/derived/construction_ppe3_canonical_v1_20260804_172437/images/all/train__image932.jpg,/root/autodl-tmp/datasets/derived/construction_ppe3_canonical_v1_20260804_172437/labels/all/train__image932.txt,8,3,5,7ad275bc7635ec9b5b3fc6348b6ef2c577671eeb53c10a31c48de868e2d88540,hardlink
train,/root/autodl-tmp/datasets/sources/construction-ppe_ultralytics_2025_v1/images/train/image936.jpg,/root/autodl-tmp/datasets/sources/construction-ppe_ultralytics_2025_v1/labels/train/image936.txt,/root/autodl-tmp/datasets/derived/construction_ppe3_canonical_v1_20260804_172437/images/all/train__image936.jpg,/root/autodl-tmp/datasets/derived/construction_ppe3_canonical_v1_20260804_172437/labels/all/train__image936.txt,8,3,5,4454e679a3b7b2b1f2c32dd95e8e5f7a7ca0060562783a74956493758f6c904e,hardlink
train,/root/autodl-tmp/datasets/sources/construction-ppe_ultralytics_2025_v1/images/train/image937.jpg,/root/autodl-tmp/datasets/sources/construction-ppe_ultralytics_2025_v1/labels/train/image937.txt,/root/autodl-tmp/datasets/derived/construction_ppe3_canonical_v1_20260804_172437/images/all/train__image937.jpg,/root/autodl-tmp/datasets/derived/construction_ppe3_canonical_v1_20260804_172437/labels/all/train__image937.txt,8,3,5,b4de11b1620e70ab27228648e2d93834ba006a08dbbf3cb5776e2a73928141a4,hardlink
train,/root/autodl-tmp/datasets/sources/construction-ppe_ultralytics_2025_v1/images/train/image938.jpg,/root/autodl-tmp/datasets/sources/construction-ppe_ultralytics_2025_v1/labels/train/image938.txt,/root/autodl-tmp/datasets/derived/construction_ppe3_canonical_v1_20260804_172437/images/all/train__image938.jpg,/root/autodl-tmp/datasets/derived/construction_ppe3_canonical_v1_20260804_172437/labels/all/train__image938.txt,8,3,5,a27da03c94af0585eceb3c4377a09c7420301fb557c3da5b52ad122983f3ec38,hardlink
train,/root/autodl-tmp/datasets/sources/construction-ppe_ultralytics_2025_v1/images/train/image939.jpeg,/root/autodl-tmp/datasets/sources/construction-ppe_ultralytics_2025_v1/labels/train/image939.txt,/root/autodl-tmp/datasets/derived/construction_ppe3_canonical_v1_20260804_172437/images/all/train__image939.jpeg,/root/autodl-tmp/datasets/derived/construction_ppe3_canonical_v1_20260804_172437/labels/all/train__image939.txt,11,4,7,51d5b13eada2daf588506ed46f15eb94befcb5c4d40cf89800f18984c0a89820,hardlink
train,/root/autodl-tmp/datasets/sources/construction-ppe_ultralytics_2025_v1/images/train/image94.jpg,/root/autodl-tmp/datasets/sources/construction-ppe_ultralytics_2025_v1/labels/train/image94.txt,/root/autodl-tmp/datasets/derived/construction_ppe3_canonical_v1_20260804_172437/images/all/train__image94.jpg,/root/autodl-tmp/datasets/derived/construction_ppe3_canonical_v1_20260804_172437/labels/all/train__image94.txt,8,3,5,970fb3f3923db4b0b7393d9adfb68e73b22208c0dc57eaa6df3fb4c5f9c6fb91,hardlink
train,/root/autodl-tmp/datasets/sources/construction-ppe_ultralytics_2025_v1/images/train/image940.jpg,/root/autodl-tmp/datasets/sources/construction-ppe_ultralytics_2025_v1/labels/train/image940.txt,/root/autodl-tmp/datasets/derived/construction_ppe3_canonical_v1_20260804_172437/images/all/train__image940.jpg,/root/autodl-tmp/datasets/derived/construction_ppe3_canonical_v1_20260804_172437/labels/all/train__image940.txt,23,22,1,f14df74d97ffb078a3f36ec45ba93c01302a91c2926aee3afba0495af0ce0d32,hardlink
train,/root/autodl-tmp/datasets/sources/construction-ppe_ultralytics_2025_v1/images/train/image941.jpg,/root/autodl-tmp/datasets/sources/construction-ppe_ultralytics_2025_v1/labels/train/image941.txt,/root/autodl-tmp/datasets/derived/construction_ppe3_canonical_v1_20260804_172437/images/all/train__image941.jpg,/root/autodl-tmp/datasets/derived/construction_ppe3_canonical_v1_20260804_172437/labels/all/train__image941.txt,7,3,4,da12e68132aa7abe57245f79ff4d30cd53174499c2462821837cd4d13be9d081,hardlink
train,/root/autodl-tmp/datasets/sources/construction-ppe_ultralytics_2025_v1/images/train/image944.jpg,/root/autodl-tmp/datasets/sources/construction-ppe_ultralytics_2025_v1/labels/train/image944.txt,/root/autodl-tmp/datasets/derived/construction_ppe3_canonical_v1_20260804_172437/images/all/train__image944.jpg,/root/autodl-tmp/datasets/derived/construction_ppe3_canonical_v1_20260804_172437/labels/all/train__image944.txt,8,3,5,ccc90c5d90aff51dce92d1b1997660a0a4eaad0a891bf2b18dd688dfe59ed2b8,hardlink
train,/root/autodl-tmp/datasets/sources/construction-ppe_ultralytics_2025_v1/images/train/image945.jpg,/root/autodl-tmp/datasets/sources/construction-ppe_ultralytics_2025_v1/labels/train/image945.txt,/root/autodl-tmp/datasets/derived/construction_ppe3_canonical_v1_20260804_172437/images/all/train__image945.jpg,/root/autodl-tmp/datasets/derived/construction_ppe3_canonical_v1_20260804_172437/labels/all/train__image945.txt,8,3,5,41ce46766126ee46b24141c6899383d56e1d72cb14901cc2b448f1cc86fe8ead,hardlink
train,/root/autodl-tmp/datasets/sources/construction-ppe_ultralytics_2025_v1/images/train/image946.jpg,/root/autodl-tmp/datasets/sources/construction-ppe_ultralytics_2025_v1/labels/train/image946.txt,/root/autodl-tmp/datasets/derived/construction_ppe3_canonical_v1_20260804_172437/images/all/train__image946.jpg,/root/autodl-tmp/datasets/derived/construction_ppe3_canonical_v1_20260804_172437/labels/all/train__image946.txt,7,3,4,694c4a84e904add1721d3c447176a8434d6f1d8a029893137e3796c0f1586fc0,hardlink
train,/root/autodl-tmp/datasets/sources/construction-ppe_ultralytics_2025_v1/images/train/image947.jpg,/root/autodl-tmp/datasets/sources/construction-ppe_ultralytics_2025_v1/labels/train/image947.txt,/root/autodl-tmp/datasets/derived/construction_ppe3_canonical_v1_20260804_172437/images/all/train__image947.jpg,/root/autodl-tmp/datasets/derived/construction_ppe3_canonical_v1_20260804_172437/labels/all/train__image947.txt,7,3,4,8625da3e73bdaf2389b5fdd380ed497df3026dc9eb7c844237b25b6c2f69eb0f,hardlink
train,/root/autodl-tmp/datasets/sources/construction-ppe_ultralytics_2025_v1/images/train/image948.jpg,/root/autodl-tmp/datasets/sources/construction-ppe_ultralytics_2025_v1/labels/train/image948.txt,/root/autodl-tmp/datasets/derived/construction_ppe3_canonical_v1_20260804_172437/images/all/train__image948.jpg,/root/autodl-tmp/datasets/derived/construction_ppe3_canonical_v1_20260804_172437/labels/all/train__image948.txt,7,3,4,cc6c81cb6b94301b74ceb5c6ba260dd978205fc8e20a2adc4cc651baa084b43a,hardlink
train,/root/autodl-tmp/datasets/sources/construction-ppe_ultralytics_2025_v1/images/train/image949.jpg,/root/autodl-tmp/datasets/sources/construction-ppe_ultralytics_2025_v1/labels/train/image949.txt,/root/autodl-tmp/datasets/derived/construction_ppe3_canonical_v1_20260804_172437/images/all/train__image949.jpg,/root/autodl-tmp/datasets/derived/construction_ppe3_canonical_v1_20260804_172437/labels/all/train__image949.txt,7,3,4,2ded7d499598a16631e4d54b5e3245e5dac7f62107bb4fc59760b655cd1cea08,hardlink
train,/root/autodl-tmp/datasets/sources/construction-ppe_ultralytics_2025_v1/images/train/image95.jpg,/root/autodl-tmp/datasets/sources/construction-ppe_ultralytics_2025_v1/labels/train/image95.txt,/root/autodl-tmp/datasets/derived/construction_ppe3_canonical_v1_20260804_172437/images/all/train__image95.jpg,/root/autodl-tmp/datasets/derived/construction_ppe3_canonical_v1_20260804_172437/labels/all/train__image95.txt,8,3,5,6a155ec82f5690f711a821d078f4784aa2ec16a42674b170736e86792e3e5696,hardlink
train,/root/autodl-tmp/datasets/sources/construction-ppe_ultralytics_2025_v1/images/train/image950.jpeg,/root/autodl-tmp/datasets/sources/construction-ppe_ultralytics_2025_v1/labels/train/image950.txt,/root/autodl-tmp/datasets/derived/construction_ppe3_canonical_v1_20260804_172437/images/all/train__image950.jpeg,/root/autodl-tmp/datasets/derived/construction_ppe3_canonical_v1_20260804_172437/labels/all/train__image950.txt,11,4,7,acc7651830f5dab3a352503bd10a85759309d966acdd0f7f1d3dacccccfb0023,hardlink
train,/root/autodl-tmp/datasets/sources/construction-ppe_ultralytics_2025_v1/images/train/image951.jpg,/root/autodl-tmp/datasets/sources/construction-ppe_ultralytics_2025_v1/labels/train/image951.txt,/root/autodl-tmp/datasets/derived/construction_ppe3_canonical_v1_20260804_172437/images/all/train__image951.jpg,/root/autodl-tmp/datasets/derived/construction_ppe3_canonical_v1_20260804_172437/labels/all/train__image951.txt,19,12,7,13a9477532f3e9fd0ec3b67a4a87668918c6d5c9662f483fee550bd4531e5500,hardlink
train,/root/autodl-tmp/datasets/sources/construction-ppe_ultralytics_2025_v1/images/train/image952.jpg,/root/autodl-tmp/datasets/sources/construction-ppe_ultralytics_2025_v1/labels/train/image952.txt,/root/autodl-tmp/datasets/derived/construction_ppe3_canonical_v1_20260804_172437/images/all/train__image952.jpg,/root/autodl-tmp/datasets/derived/construction_ppe3_canonical_v1_20260804_172437/labels/all/train__image952.txt,8,3,5,931f53ad4701b0fd95d8d9c43f7c40a939e3e824fa87c9963b2bfa4955eb4abe,hardlink
train,/root/autodl-tmp/datasets/sources/construction-ppe_ultralytics_2025_v1/images/train/image953.jpg,/root/autodl-tmp/datasets/sources/construction-ppe_ultralytics_2025_v1/labels/train/image953.txt,/root/autodl-tmp/datasets/derived/construction_ppe3_canonical_v1_20260804_172437/images/all/train__image953.jpg,/root/autodl-tmp/datasets/derived/construction_ppe3_canonical_v1_20260804_172437/labels/all/train__image953.txt,8,3,5,55699e8ecf0db39edbb66a0c2641adf7f17a6d0ff943bca99801a76b5b7ac0bd,hardlink
train,/root/autodl-tmp/datasets/sources/construction-ppe_ultralytics_2025_v1/images/train/image954.jpg,/root/autodl-tmp/datasets/sources/construction-ppe_ultralytics_2025_v1/labels/train/image954.txt,/root/autodl-tmp/datasets/derived/construction_ppe3_canonical_v1_20260804_172437/images/all/train__image954.jpg,/root/autodl-tmp/datasets/derived/construction_ppe3_canonical_v1_20260804_172437/labels/all/train__image954.txt,8,3,5,90f5f34eae4ba25309edcf1c2c15b1d514e895ab952be03e64fbd1995aa0dde8,hardlink
train,/root/autodl-tmp/datasets/sources/construction-ppe_ultralytics_2025_v1/images/train/image957.jpg,/root/autodl-tmp/datasets/sources/construction-ppe_ultralytics_2025_v1/labels/train/image957.txt,/root/autodl-tmp/datasets/derived/construction_ppe3_canonical_v1_20260804_172437/images/all/train__image957.jpg,/root/autodl-tmp/datasets/derived/construction_ppe3_canonical_v1_20260804_172437/labels/all/train__image957.txt,8,3,5,7474dd849b5ff01758edf1a88abe92a2ffafc78edb51e1019029cd7d4f6b6491,hardlink
train,/root/autodl-tmp/datasets/sources/construction-ppe_ultralytics_2025_v1/images/train/image958.jpg,/root/autodl-tmp/datasets/sources/construction-ppe_ultralytics_2025_v1/labels/train/image958.txt,/root/autodl-tmp/datasets/derived/construction_ppe3_canonical_v1_20260804_172437/images/all/train__image958.jpg,/root/autodl-tmp/datasets/derived/construction_ppe3_canonical_v1_20260804_172437/labels/all/train__image958.txt,8,3,5,a3b602745638a2b58421be9d0abc1a443f3c8af9901ea8d611fa9d6f081e4b91,hardlink
train,/root/autodl-tmp/datasets/sources/construction-ppe_ultralytics_2025_v1/images/train/image959.jpg,/root/autodl-tmp/datasets/sources/construction-ppe_ultralytics_2025_v1/labels/train/image959.txt,/root/autodl-tmp/datasets/derived/construction_ppe3_canonical_v1_20260804_172437/images/all/train__image959.jpg,/root/autodl-tmp/datasets/derived/construction_ppe3_canonical_v1_20260804_172437/labels/all/train__image959.txt,8,3,5,b10e192b40dca59122bea48fe12183b0927457e37d53b40b1bc02db3336ad429,hardlink
train,/root/autodl-tmp/datasets/sources/construction-ppe_ultralytics_2025_v1/images/train/image96.jpg,/root/autodl-tmp/datasets/sources/construction-ppe_ultralytics_2025_v1/labels/train/image96.txt,/root/autodl-tmp/datasets/derived/construction_ppe3_canonical_v1_20260804_172437/images/all/train__image96.jpg,/root/autodl-tmp/datasets/derived/construction_ppe3_canonical_v1_20260804_172437/labels/all/train__image96.txt,8,3,5,44f1e0491a93549e8e1ac5fbb6cea804fda2c5fcf126f82838fb8be9189a3562,hardlink
train,/root/autodl-tmp/datasets/sources/construction-ppe_ultralytics_2025_v1/images/train/image960.jpg,/root/autodl-tmp/datasets/sources/construction-ppe_ultralytics_2025_v1/labels/train/image960.txt,/root/autodl-tmp/datasets/derived/construction_ppe3_canonical_v1_20260804_172437/images/all/train__image960.jpg,/root/autodl-tmp/datasets/derived/construction_ppe3_canonical_v1_20260804_172437/labels/all/train__image960.txt,8,3,5,be88cbaa32e1cbfdcebdf2ed5bd99f407f44b168f706df745ad5f33eb43488ca,hardlink
train,/root/autodl-tmp/datasets/sources/construction-ppe_ultralytics_2025_v1/images/train/image962.jpg,/root/autodl-tmp/datasets/sources/construction-ppe_ultralytics_2025_v1/labels/train/image962.txt,/root/autodl-tmp/datasets/derived/construction_ppe3_canonical_v1_20260804_172437/images/all/train__image962.jpg,/root/autodl-tmp/datasets/derived/construction_ppe3_canonical_v1_20260804_172437/labels/all/train__image962.txt,15,8,7,aac376e4e38fc831087a352ad3353b0d4751c5d3f33bf550d5e4fd371dd8d295,hardlink
train,/root/autodl-tmp/datasets/sources/construction-ppe_ultralytics_2025_v1/images/train/image963.jpeg,/root/autodl-tmp/datasets/sources/construction-ppe_ultralytics_2025_v1/labels/train/image963.txt,/root/autodl-tmp/datasets/derived/construction_ppe3_canonical_v1_20260804_172437/images/all/train__image963.jpeg,/root/autodl-tmp/datasets/derived/construction_ppe3_canonical_v1_20260804_172437/labels/all/train__image963.txt,5,2,3,ba0790cdd91354c68910a7164d2f347dbacff13b3afa66c0e422e193c76e0fc8,hardlink
train,/root/autodl-tmp/datasets/sources/construction-ppe_ultralytics_2025_v1/images/train/image964.jpg,/root/autodl-tmp/datasets/sources/construction-ppe_ultralytics_2025_v1/labels/train/image964.txt,/root/autodl-tmp/datasets/derived/construction_ppe3_canonical_v1_20260804_172437/images/all/train__image964.jpg,/root/autodl-tmp/datasets/derived/construction_ppe3_canonical_v1_20260804_172437/labels/all/train__image964.txt,27,13,14,3857212354c519e136911ec99d99948b8e5d317a7eb20157d040f27ff828b7d0,hardlink
train,/root/autodl-tmp/datasets/sources/construction-ppe_ultralytics_2025_v1/images/train/image966.jpg,/root/autodl-tmp/datasets/sources/construction-ppe_ultralytics_2025_v1/labels/train/image966.txt,/root/autodl-tmp/datasets/derived/construction_ppe3_canonical_v1_20260804_172437/images/all/train__image966.jpg,/root/autodl-tmp/datasets/derived/construction_ppe3_canonical_v1_20260804_172437/labels/all/train__image966.txt,8,3,5,8defd3192af89fbd4a249d818c9609406b5bebfd3aac675828e498c29c6b244e,hardlink
train,/root/autodl-tmp/datasets/sources/construction-ppe_ultralytics_2025_v1/images/train/image967.jpg,/root/autodl-tmp/datasets/sources/construction-ppe_ultralytics_2025_v1/labels/train/image967.txt,/root/autodl-tmp/datasets/derived/construction_ppe3_canonical_v1_20260804_172437/images/all/train__image967.jpg,/root/autodl-tmp/datasets/derived/construction_ppe3_canonical_v1_20260804_172437/labels/all/train__image967.txt,8,3,5,aecf1902695b1c18f94e59ab0f7d49fafca2d1eb8efb2d29b09943cdd6ac9535,hardlink
train,/root/autodl-tmp/datasets/sources/construction-ppe_ultralytics_2025_v1/images/train/image968.jpg,/root/autodl-tmp/datasets/sources/construction-ppe_ultralytics_2025_v1/labels/train/image968.txt,/root/autodl-tmp/datasets/derived/construction_ppe3_canonical_v1_20260804_172437/images/all/train__image968.jpg,/root/autodl-tmp/datasets/derived/construction_ppe3_canonical_v1_20260804_172437/labels/all/train__image968.txt,8,3,5,e1d7ece201f2a0a4836c18d824a293b0f3534440bb190ea5a26043802e2a0b51,hardlink
train,/root/autodl-tmp/datasets/sources/construction-ppe_ultralytics_2025_v1/images/train/image969.jpg,/root/autodl-tmp/datasets/sources/construction-ppe_ultralytics_2025_v1/labels/train/image969.txt,/root/autodl-tmp/datasets/derived/construction_ppe3_canonical_v1_20260804_172437/images/all/train__image969.jpg,/root/autodl-tmp/datasets/derived/construction_ppe3_canonical_v1_20260804_172437/labels/all/train__image969.txt,8,3,5,4e568da73317fcc682eac20d2f24cd057e8c76a18be8955d2826983acf7121eb,hardlink
train,/root/autodl-tmp/datasets/sources/construction-ppe_ultralytics_2025_v1/images/train/image97.jpg,/root/autodl-tmp/datasets/sources/construction-ppe_ultralytics_2025_v1/labels/train/image97.txt,/root/autodl-tmp/datasets/derived/construction_ppe3_canonical_v1_20260804_172437/images/all/train__image97.jpg,/root/autodl-tmp/datasets/derived/construction_ppe3_canonical_v1_20260804_172437/labels/all/train__image97.txt,8,3,5,683d5c5b1dbe75d7ce89c9928bfc4e96f16329a2bb3eec39612a0b04e65ec3c9,hardlink
train,/root/autodl-tmp/datasets/sources/construction-ppe_ultralytics_2025_v1/images/train/image970.jpeg,/root/autodl-tmp/datasets/sources/construction-ppe_ultralytics_2025_v1/labels/train/image970.txt,/root/autodl-tmp/datasets/derived/construction_ppe3_canonical_v1_20260804_172437/images/all/train__image970.jpeg,/root/autodl-tmp/datasets/derived/construction_ppe3_canonical_v1_20260804_172437/labels/all/train__image970.txt,6,1,5,1bc3158b4b80a0e34dbb7bb89a2890e474a4623ee724d524fd9d74c5c96a9f1f,hardlink
train,/root/autodl-tmp/datasets/sources/construction-ppe_ultralytics_2025_v1/images/train/image971.jpg,/root/autodl-tmp/datasets/sources/construction-ppe_ultralytics_2025_v1/labels/train/image971.txt,/root/autodl-tmp/datasets/derived/construction_ppe3_canonical_v1_20260804_172437/images/all/train__image971.jpg,/root/autodl-tmp/datasets/derived/construction_ppe3_canonical_v1_20260804_172437/labels/all/train__image971.txt,6,3,3,df7bf784d76e438943689801c803f00f7dbf40f90799d43ee0307d61a989b261,hardlink
train,/root/autodl-tmp/datasets/sources/construction-ppe_ultralytics_2025_v1/images/train/image972.jpg,/root/autodl-tmp/datasets/sources/construction-ppe_ultralytics_2025_v1/labels/train/image972.txt,/root/autodl-tmp/datasets/derived/construction_ppe3_canonical_v1_20260804_172437/images/all/train__image972.jpg,/root/autodl-tmp/datasets/derived/construction_ppe3_canonical_v1_20260804_172437/labels/all/train__image972.txt,8,3,5,c6e929ee85eed4ab77c02e9b3539c91aec7d6e1d0cc1ab97be24c00d8cb41a4a,hardlink
train,/root/autodl-tmp/datasets/sources/construction-ppe_ultralytics_2025_v1/images/train/image973.jpg,/root/autodl-tmp/datasets/sources/construction-ppe_ultralytics_2025_v1/labels/train/image973.txt,/root/autodl-tmp/datasets/derived/construction_ppe3_canonical_v1_20260804_172437/images/all/train__image973.jpg,/root/autodl-tmp/datasets/derived/construction_ppe3_canonical_v1_20260804_172437/labels/all/train__image973.txt,8,3,5,889e52a9ac8ceb683c0afb407779e9c56c6cbf50eb4b7a0989d06f9d58bc7bf0,hardlink
train,/root/autodl-tmp/datasets/sources/construction-ppe_ultralytics_2025_v1/images/train/image974.jpg,/root/autodl-tmp/datasets/sources/construction-ppe_ultralytics_2025_v1/labels/train/image974.txt,/root/autodl-tmp/datasets/derived/construction_ppe3_canonical_v1_20260804_172437/images/all/train__image974.jpg,/root/autodl-tmp/datasets/derived/construction_ppe3_canonical_v1_20260804_172437/labels/all/train__image974.txt,8,3,5,c6f87fa50762ee3055c77e585f72aa83b2be5217136e81b170a611e65bb4d335,hardlink
train,/root/autodl-tmp/datasets/sources/construction-ppe_ultralytics_2025_v1/images/train/image975.jpg,/root/autodl-tmp/datasets/sources/construction-ppe_ultralytics_2025_v1/labels/train/image975.txt,/root/autodl-tmp/datasets/derived/construction_ppe3_canonical_v1_20260804_172437/images/all/train__image975.jpg,/root/autodl-tmp/datasets/derived/construction_ppe3_canonical_v1_20260804_172437/labels/all/train__image975.txt,8,3,5,988377327e4c6dec26528748f2c94a2749d10ccdf9b755cb25408b557f7cb157,hardlink
train,/root/autodl-tmp/datasets/sources/construction-ppe_ultralytics_2025_v1/images/train/image976.jpeg,/root/autodl-tmp/datasets/sources/construction-ppe_ultralytics_2025_v1/labels/train/image976.txt,/root/autodl-tmp/datasets/derived/construction_ppe3_canonical_v1_20260804_172437/images/all/train__image976.jpeg,/root/autodl-tmp/datasets/derived/construction_ppe3_canonical_v1_20260804_172437/labels/all/train__image976.txt,7,2,5,c869d7e9d283fd3118e0b27af7f7ba54df16e54f289b9983c7bcf3dbe9d41f9b,hardlink
train,/root/autodl-tmp/datasets/sources/construction-ppe_ultralytics_2025_v1/images/train/image977.jpg,/root/autodl-tmp/datasets/sources/construction-ppe_ultralytics_2025_v1/labels/train/image977.txt,/root/autodl-tmp/datasets/derived/construction_ppe3_canonical_v1_20260804_172437/images/all/train__image977.jpg,/root/autodl-tmp/datasets/derived/construction_ppe3_canonical_v1_20260804_172437/labels/all/train__image977.txt,8,3,5,12598aa2464c68d9141887be65344f55fac5adea46c5bf0584b9a5753b39d25d,hardlink
train,/root/autodl-tmp/datasets/sources/construction-ppe_ultralytics_2025_v1/images/train/image978.jpg,/root/autodl-tmp/datasets/sources/construction-ppe_ultralytics_2025_v1/labels/train/image978.txt,/root/autodl-tmp/datasets/derived/construction_ppe3_canonical_v1_20260804_172437/images/all/train__image978.jpg,/root/autodl-tmp/datasets/derived/construction_ppe3_canonical_v1_20260804_172437/labels/all/train__image978.txt,8,3,5,894faf7701b6374cd7311b36c519e45cadf829523a0d245839f66cdb00bcc883,hardlink
train,/root/autodl-tmp/datasets/sources/construction-ppe_ultralytics_2025_v1/images/train/image980.jpg,/root/autodl-tmp/datasets/sources/construction-ppe_ultralytics_2025_v1/labels/train/image980.txt,/root/autodl-tmp/datasets/derived/construction_ppe3_canonical_v1_20260804_172437/images/all/train__image980.jpg,/root/autodl-tmp/datasets/derived/construction_ppe3_canonical_v1_20260804_172437/labels/all/train__image980.txt,7,3,4,1efa19df377f575cb8a50e3db483665e070de8763f28ccd2c92f29ae25bebf19,hardlink
train,/root/autodl-tmp/datasets/sources/construction-ppe_ultralytics_2025_v1/images/train/image982.jpg,/root/autodl-tmp/datasets/sources/construction-ppe_ultralytics_2025_v1/labels/train/image982.txt,/root/autodl-tmp/datasets/derived/construction_ppe3_canonical_v1_20260804_172437/images/all/train__image982.jpg,/root/autodl-tmp/datasets/derived/construction_ppe3_canonical_v1_20260804_172437/labels/all/train__image982.txt,6,3,3,18dd6356874c220e200917d58839b3b3c1e4423b1515b3f3fc1187374e4ee4d5,hardlink
train,/root/autodl-tmp/datasets/sources/construction-ppe_ultralytics_2025_v1/images/train/image983.jpg,/root/autodl-tmp/datasets/sources/construction-ppe_ultralytics_2025_v1/labels/train/image983.txt,/root/autodl-tmp/datasets/derived/construction_ppe3_canonical_v1_20260804_172437/images/all/train__image983.jpg,/root/autodl-tmp/datasets/derived/construction_ppe3_canonical_v1_20260804_172437/labels/all/train__image983.txt,8,3,5,a967e9262dc6881d588fcc112336f951f311c0dd065ed551c858e34be274997e,hardlink
train,/root/autodl-tmp/datasets/sources/construction-ppe_ultralytics_2025_v1/images/train/image984.jpg,/root/autodl-tmp/datasets/sources/construction-ppe_ultralytics_2025_v1/labels/train/image984.txt,/root/autodl-tmp/datasets/derived/construction_ppe3_canonical_v1_20260804_172437/images/all/train__image984.jpg,/root/autodl-tmp/datasets/derived/construction_ppe3_canonical_v1_20260804_172437/labels/all/train__image984.txt,8,3,5,dc0764076ac39cae9eb6380f50d6092d1d0652ce349ff081a1c7dd0dcd9d1c74,hardlink
train,/root/autodl-tmp/datasets/sources/construction-ppe_ultralytics_2025_v1/images/train/image985.jpg,/root/autodl-tmp/datasets/sources/construction-ppe_ultralytics_2025_v1/labels/train/image985.txt,/root/autodl-tmp/datasets/derived/construction_ppe3_canonical_v1_20260804_172437/images/all/train__image985.jpg,/root/autodl-tmp/datasets/derived/construction_ppe3_canonical_v1_20260804_172437/labels/all/train__image985.txt,8,3,5,a3d025db23007208c2f620d7c7818ce2ab04068d2c07ed0c1c69ad825e337b6f,hardlink
train,/root/autodl-tmp/datasets/sources/construction-ppe_ultralytics_2025_v1/images/train/image986.jpg,/root/autodl-tmp/datasets/sources/construction-ppe_ultralytics_2025_v1/labels/train/image986.txt,/root/autodl-tmp/datasets/derived/construction_ppe3_canonical_v1_20260804_172437/images/all/train__image986.jpg,/root/autodl-tmp/datasets/derived/construction_ppe3_canonical_v1_20260804_172437/labels/all/train__image986.txt,8,3,5,7b4d3fc822d506ea3aad16a4e1ff1f20c7487adb421ab3feaed3799317a823a5,hardlink
train,/root/autodl-tmp/datasets/sources/construction-ppe_ultralytics_2025_v1/images/train/image988.jpeg,/root/autodl-tmp/datasets/sources/construction-ppe_ultralytics_2025_v1/labels/train/image988.txt,/root/autodl-tmp/datasets/derived/construction_ppe3_canonical_v1_20260804_172437/images/all/train__image988.jpeg,/root/autodl-tmp/datasets/derived/construction_ppe3_canonical_v1_20260804_172437/labels/all/train__image988.txt,15,2,13,8486b3500039bba2e318ad925e5ded563027342003d88c18dd52a2d604d80130,hardlink
train,/root/autodl-tmp/datasets/sources/construction-ppe_ultralytics_2025_v1/images/train/image99.jpeg,/root/autodl-tmp/datasets/sources/construction-ppe_ultralytics_2025_v1/labels/train/image99.txt,/root/autodl-tmp/datasets/derived/construction_ppe3_canonical_v1_20260804_172437/images/all/train__image99.jpeg,/root/autodl-tmp/datasets/derived/construction_ppe3_canonical_v1_20260804_172437/labels/all/train__image99.txt,13,6,7,c10827f7b7fa338d73fab5b420fab15c757d3091134a4b93084cf8e86315890c,hardlink
train,/root/autodl-tmp/datasets/sources/construction-ppe_ultralytics_2025_v1/images/train/image990.jpg,/root/autodl-tmp/datasets/sources/construction-ppe_ultralytics_2025_v1/labels/train/image990.txt,/root/autodl-tmp/datasets/derived/construction_ppe3_canonical_v1_20260804_172437/images/all/train__image990.jpg,/root/autodl-tmp/datasets/derived/construction_ppe3_canonical_v1_20260804_172437/labels/all/train__image990.txt,8,3,5,5fdc90e04d2bae047579a740e59fd1ced7745189ae7de535230bfd880e7d292a,hardlink
train,/root/autodl-tmp/datasets/sources/construction-ppe_ultralytics_2025_v1/images/train/image991.jpg,/root/autodl-tmp/datasets/sources/construction-ppe_ultralytics_2025_v1/labels/train/image991.txt,/root/autodl-tmp/datasets/derived/construction_ppe3_canonical_v1_20260804_172437/images/all/train__image991.jpg,/root/autodl-tmp/datasets/derived/construction_ppe3_canonical_v1_20260804_172437/labels/all/train__image991.txt,8,3,5,746a4bfa29acb34f52eb1f7badf14493c342bdaee2abde31e9a7d5a16f5c01d8,hardlink
train,/root/autodl-tmp/datasets/sources/construction-ppe_ultralytics_2025_v1/images/train/image992.jpg,/root/autodl-tmp/datasets/sources/construction-ppe_ultralytics_2025_v1/labels/train/image992.txt,/root/autodl-tmp/datasets/derived/construction_ppe3_canonical_v1_20260804_172437/images/all/train__image992.jpg,/root/autodl-tmp/datasets/derived/construction_ppe3_canonical_v1_20260804_172437/labels/all/train__image992.txt,8,3,5,0778def5881c9301c49072e2497ddc1e20edec83dbd897485e020d7be5c8ec4b,hardlink
train,/root/autodl-tmp/datasets/sources/construction-ppe_ultralytics_2025_v1/images/train/image993.jpg,/root/autodl-tmp/datasets/sources/construction-ppe_ultralytics_2025_v1/labels/train/image993.txt,/root/autodl-tmp/datasets/derived/construction_ppe3_canonical_v1_20260804_172437/images/all/train__image993.jpg,/root/autodl-tmp/datasets/derived/construction_ppe3_canonical_v1_20260804_172437/labels/all/train__image993.txt,8,3,5,8c4533b13040ede0593ede46824f46fdcd58a1593200264426cc6566b60f3687,hardlink
train,/root/autodl-tmp/datasets/sources/construction-ppe_ultralytics_2025_v1/images/train/image994.jpg,/root/autodl-tmp/datasets/sources/construction-ppe_ultralytics_2025_v1/labels/train/image994.txt,/root/autodl-tmp/datasets/derived/construction_ppe3_canonical_v1_20260804_172437/images/all/train__image994.jpg,/root/autodl-tmp/datasets/derived/construction_ppe3_canonical_v1_20260804_172437/labels/all/train__image994.txt,8,3,5,6f4c1b902710e5241cc60ada65bcd8097ca0691c3f1791396b54e44fe414af01,hardlink
train,/root/autodl-tmp/datasets/sources/construction-ppe_ultralytics_2025_v1/images/train/image995.jpg,/root/autodl-tmp/datasets/sources/construction-ppe_ultralytics_2025_v1/labels/train/image995.txt,/root/autodl-tmp/datasets/derived/construction_ppe3_canonical_v1_20260804_172437/images/all/train__image995.jpg,/root/autodl-tmp/datasets/derived/construction_ppe3_canonical_v1_20260804_172437/labels/all/train__image995.txt,8,3,5,3ac0aeb60bec34d7a09013790b348169f2462e786faf090cee2a67d8ea198300,hardlink
train,/root/autodl-tmp/datasets/sources/construction-ppe_ultralytics_2025_v1/images/train/image996.jpg,/root/autodl-tmp/datasets/sources/construction-ppe_ultralytics_2025_v1/labels/train/image996.txt,/root/autodl-tmp/datasets/derived/construction_ppe3_canonical_v1_20260804_172437/images/all/train__image996.jpg,/root/autodl-tmp/datasets/derived/construction_ppe3_canonical_v1_20260804_172437/labels/all/train__image996.txt,8,3,5,7be5e015388dd664262cf2806ca7167e0746a7b4483777d6b7024a280f99dd2b,hardlink
train,/root/autodl-tmp/datasets/sources/construction-ppe_ultralytics_2025_v1/images/train/image998.jpg,/root/autodl-tmp/datasets/sources/construction-ppe_ultralytics_2025_v1/labels/train/image998.txt,/root/autodl-tmp/datasets/derived/construction_ppe3_canonical_v1_20260804_172437/images/all/train__image998.jpg,/root/autodl-tmp/datasets/derived/construction_ppe3_canonical_v1_20260804_172437/labels/all/train__image998.txt,8,3,5,b985e7b640b335e319bab38c8a4542d76f5f775deb822bc4a0dc4f14397e538e,hardlink
val,/root/autodl-tmp/datasets/sources/construction-ppe_ultralytics_2025_v1/images/val/image1010.jpg,/root/autodl-tmp/datasets/sources/construction-ppe_ultralytics_2025_v1/labels/val/image1010.txt,/root/autodl-tmp/datasets/derived/construction_ppe3_canonical_v1_20260804_172437/images/all/val__image1010.jpg,/root/autodl-tmp/datasets/derived/construction_ppe3_canonical_v1_20260804_172437/labels/all/val__image1010.txt,8,3,5,3dedf259abe74f2659fb7861650a911c2bab608091954f089961e36465be5c34,hardlink
val,/root/autodl-tmp/datasets/sources/construction-ppe_ultralytics_2025_v1/images/val/image1046.jpeg,/root/autodl-tmp/datasets/sources/construction-ppe_ultralytics_2025_v1/labels/val/image1046.txt,/root/autodl-tmp/datasets/derived/construction_ppe3_canonical_v1_20260804_172437/images/all/val__image1046.jpeg,/root/autodl-tmp/datasets/derived/construction_ppe3_canonical_v1_20260804_172437/labels/all/val__image1046.txt,3,3,0,ebf0c4d057c3a301ae090c1c2b1a2c9f4e5c381d730ec4727fe6b93b0dd04d82,hardlink
val,/root/autodl-tmp/datasets/sources/construction-ppe_ultralytics_2025_v1/images/val/image1049.jpg,/root/autodl-tmp/datasets/sources/construction-ppe_ultralytics_2025_v1/labels/val/image1049.txt,/root/autodl-tmp/datasets/derived/construction_ppe3_canonical_v1_20260804_172437/images/all/val__image1049.jpg,/root/autodl-tmp/datasets/derived/construction_ppe3_canonical_v1_20260804_172437/labels/all/val__image1049.txt,8,3,5,af76cd3cf97e1a5acd1ae30ab841059f97af8a33627fdbc9b31ebb5469f21c63,hardlink
val,/root/autodl-tmp/datasets/sources/construction-ppe_ultralytics_2025_v1/images/val/image1055.jpg,/root/autodl-tmp/datasets/sources/construction-ppe_ultralytics_2025_v1/labels/val/image1055.txt,/root/autodl-tmp/datasets/derived/construction_ppe3_canonical_v1_20260804_172437/images/all/val__image1055.jpg,/root/autodl-tmp/datasets/derived/construction_ppe3_canonical_v1_20260804_172437/labels/all/val__image1055.txt,8,3,5,7c648118b2b46a059da86f08015a16c0ae06630edc1f58d7469ab21c659f286b,hardlink
val,/root/autodl-tmp/datasets/sources/construction-ppe_ultralytics_2025_v1/images/val/image1057.jpg,/root/autodl-tmp/datasets/sources/construction-ppe_ultralytics_2025_v1/labels/val/image1057.txt,/root/autodl-tmp/datasets/derived/construction_ppe3_canonical_v1_20260804_172437/images/all/val__image1057.jpg,/root/autodl-tmp/datasets/derived/construction_ppe3_canonical_v1_20260804_172437/labels/all/val__image1057.txt,8,3,5,45175fe418bddf9644331d2cd0e5fd3f73ef77aaf83582cc08cefd73f26ea9de,hardlink
val,/root/autodl-tmp/datasets/sources/construction-ppe_ultralytics_2025_v1/images/val/image1072.jpg,/root/autodl-tmp/datasets/sources/construction-ppe_ultralytics_2025_v1/labels/val/image1072.txt,/root/autodl-tmp/datasets/derived/construction_ppe3_canonical_v1_20260804_172437/images/all/val__image1072.jpg,/root/autodl-tmp/datasets/derived/construction_ppe3_canonical_v1_20260804_172437/labels/all/val__image1072.txt,8,3,5,30f48b9eb06b128080d4230cbba4721c1c9add21d50e4af21752dbf004c423f1,hardlink
val,/root/autodl-tmp/datasets/sources/construction-ppe_ultralytics_2025_v1/images/val/image1083.jpg,/root/autodl-tmp/datasets/sources/construction-ppe_ultralytics_2025_v1/labels/val/image1083.txt,/root/autodl-tmp/datasets/derived/construction_ppe3_canonical_v1_20260804_172437/images/all/val__image1083.jpg,/root/autodl-tmp/datasets/derived/construction_ppe3_canonical_v1_20260804_172437/labels/all/val__image1083.txt,8,3,5,d0b25c214e9bb9624df4cb538eb4c66647fa2b8296d3e7205a26aab9741598ae,hardlink
val,/root/autodl-tmp/datasets/sources/construction-ppe_ultralytics_2025_v1/images/val/image1085.jpg,/root/autodl-tmp/datasets/sources/construction-ppe_ultralytics_2025_v1/labels/val/image1085.txt,/root/autodl-tmp/datasets/derived/construction_ppe3_canonical_v1_20260804_172437/images/all/val__image1085.jpg,/root/autodl-tmp/datasets/derived/construction_ppe3_canonical_v1_20260804_172437/labels/all/val__image1085.txt,8,3,5,55f3e120b8f0101ee02ad8e138ec73f06e398225d98cdc990dd4ba7c510992c4,hardlink
val,/root/autodl-tmp/datasets/sources/construction-ppe_ultralytics_2025_v1/images/val/image1091.jpg,/root/autodl-tmp/datasets/sources/construction-ppe_ultralytics_2025_v1/labels/val/image1091.txt,/root/autodl-tmp/datasets/derived/construction_ppe3_canonical_v1_20260804_172437/images/all/val__image1091.jpg,/root/autodl-tmp/datasets/derived/construction_ppe3_canonical_v1_20260804_172437/labels/all/val__image1091.txt,8,3,5,e72c72dcaf904cfc3355d87ff3578feef5be4a8a24c4734c28e99f44b57cd781,hardlink
val,/root/autodl-tmp/datasets/sources/construction-ppe_ultralytics_2025_v1/images/val/image1096.jpg,/root/autodl-tmp/datasets/sources/construction-ppe_ultralytics_2025_v1/labels/val/image1096.txt,/root/autodl-tmp/datasets/derived/construction_ppe3_canonical_v1_20260804_172437/images/all/val__image1096.jpg,/root/autodl-tmp/datasets/derived/construction_ppe3_canonical_v1_20260804_172437/labels/all/val__image1096.txt,8,3,5,329262a7eb1add3f8cc3b44a669ad8ab0f0af1c936e7c325da32ed8768d4c507,hardlink
val,/root/autodl-tmp/datasets/sources/construction-ppe_ultralytics_2025_v1/images/val/image11.jpeg,/root/autodl-tmp/datasets/sources/construction-ppe_ultralytics_2025_v1/labels/val/image11.txt,/root/autodl-tmp/datasets/derived/construction_ppe3_canonical_v1_20260804_172437/images/all/val__image11.jpeg,/root/autodl-tmp/datasets/derived/construction_ppe3_canonical_v1_20260804_172437/labels/all/val__image11.txt,10,7,3,4898cd62392ffd1072f4161c604d47a1c3352c299e8e56fd9df65d40bddeef74,hardlink
val,/root/autodl-tmp/datasets/sources/construction-ppe_ultralytics_2025_v1/images/val/image1107.jpg,/root/autodl-tmp/datasets/sources/construction-ppe_ultralytics_2025_v1/labels/val/image1107.txt,/root/autodl-tmp/datasets/derived/construction_ppe3_canonical_v1_20260804_172437/images/all/val__image1107.jpg,/root/autodl-tmp/datasets/derived/construction_ppe3_canonical_v1_20260804_172437/labels/all/val__image1107.txt,8,3,5,21e5d4cb71535bdc23169000965f29fa760b9f33ba911b8135f8295feca05d37,hardlink
val,/root/autodl-tmp/datasets/sources/construction-ppe_ultralytics_2025_v1/images/val/image1109.jpg,/root/autodl-tmp/datasets/sources/construction-ppe_ultralytics_2025_v1/labels/val/image1109.txt,/root/autodl-tmp/datasets/derived/construction_ppe3_canonical_v1_20260804_172437/images/all/val__image1109.jpg,/root/autodl-tmp/datasets/derived/construction_ppe3_canonical_v1_20260804_172437/labels/all/val__image1109.txt,8,3,5,26328092a4f721133c78b3a3da33c999e2b20662137f9b87f84d164e4834e604,hardlink
val,/root/autodl-tmp/datasets/sources/construction-ppe_ultralytics_2025_v1/images/val/image1121.jpg,/root/autodl-tmp/datasets/sources/construction-ppe_ultralytics_2025_v1/labels/val/image1121.txt,/root/autodl-tmp/datasets/derived/construction_ppe3_canonical_v1_20260804_172437/images/all/val__image1121.jpg,/root/autodl-tmp/datasets/derived/construction_ppe3_canonical_v1_20260804_172437/labels/all/val__image1121.txt,37,37,0,eded015b43e5cae15e4713cd111cd5b5c6c3cb482a2d58964c1a013b1182c6c9,hardlink
val,/root/autodl-tmp/datasets/sources/construction-ppe_ultralytics_2025_v1/images/val/image1129.jpg,/root/autodl-tmp/datasets/sources/construction-ppe_ultralytics_2025_v1/labels/val/image1129.txt,/root/autodl-tmp/datasets/derived/construction_ppe3_canonical_v1_20260804_172437/images/all/val__image1129.jpg,/root/autodl-tmp/datasets/derived/construction_ppe3_canonical_v1_20260804_172437/labels/all/val__image1129.txt,13,3,10,88a08949ecb999dc4cde55a2a2a9728e3df519264f57d20b8172196c42ae4eaa,hardlink
val,/root/autodl-tmp/datasets/sources/construction-ppe_ultralytics_2025_v1/images/val/image1130.jpg,/root/autodl-tmp/datasets/sources/construction-ppe_ultralytics_2025_v1/labels/val/image1130.txt,/root/autodl-tmp/datasets/derived/construction_ppe3_canonical_v1_20260804_172437/images/all/val__image1130.jpg,/root/autodl-tmp/datasets/derived/construction_ppe3_canonical_v1_20260804_172437/labels/all/val__image1130.txt,7,1,6,73e7b6460eb6f2789ba4eb941edcec4a4410a1af74835aa0bc190853775d5398,hardlink
val,/root/autodl-tmp/datasets/sources/construction-ppe_ultralytics_2025_v1/images/val/image1137.jpg,/root/autodl-tmp/datasets/sources/construction-ppe_ultralytics_2025_v1/labels/val/image1137.txt,/root/autodl-tmp/datasets/derived/construction_ppe3_canonical_v1_20260804_172437/images/all/val__image1137.jpg,/root/autodl-tmp/datasets/derived/construction_ppe3_canonical_v1_20260804_172437/labels/all/val__image1137.txt,4,1,3,b1d9e4a673e9889ecc8063f1ccf227891eafb4e91389eb94b23a22513c1642b7,hardlink
val,/root/autodl-tmp/datasets/sources/construction-ppe_ultralytics_2025_v1/images/val/image1146.jpg,/root/autodl-tmp/datasets/sources/construction-ppe_ultralytics_2025_v1/labels/val/image1146.txt,/root/autodl-tmp/datasets/derived/construction_ppe3_canonical_v1_20260804_172437/images/all/val__image1146.jpg,/root/autodl-tmp/datasets/derived/construction_ppe3_canonical_v1_20260804_172437/labels/all/val__image1146.txt,5,1,4,a30443ba89cc392a1720dc5189913b83ad4a1de42400bc2286f47c6127e8d8b8,hardlink
val,/root/autodl-tmp/datasets/sources/construction-ppe_ultralytics_2025_v1/images/val/image115.jpg,/root/autodl-tmp/datasets/sources/construction-ppe_ultralytics_2025_v1/labels/val/image115.txt,/root/autodl-tmp/datasets/derived/construction_ppe3_canonical_v1_20260804_172437/images/all/val__image115.jpg,/root/autodl-tmp/datasets/derived/construction_ppe3_canonical_v1_20260804_172437/labels/all/val__image115.txt,5,3,2,a9b7c0e0bbaeed008b0fabe5ea67457f7924838ce5e5c28e964e43a416117078,hardlink
val,/root/autodl-tmp/datasets/sources/construction-ppe_ultralytics_2025_v1/images/val/image1151.jpg,/root/autodl-tmp/datasets/sources/construction-ppe_ultralytics_2025_v1/labels/val/image1151.txt,/root/autodl-tmp/datasets/derived/construction_ppe3_canonical_v1_20260804_172437/images/all/val__image1151.jpg,/root/autodl-tmp/datasets/derived/construction_ppe3_canonical_v1_20260804_172437/labels/all/val__image1151.txt,4,1,3,351bccc2a555dd6fa0b1d7a9ed1b62678afb9ca93c02d7262e1532520e1c5704,hardlink
val,/root/autodl-tmp/datasets/sources/construction-ppe_ultralytics_2025_v1/images/val/image117.jpg,/root/autodl-tmp/datasets/sources/construction-ppe_ultralytics_2025_v1/labels/val/image117.txt,/root/autodl-tmp/datasets/derived/construction_ppe3_canonical_v1_20260804_172437/images/all/val__image117.jpg,/root/autodl-tmp/datasets/derived/construction_ppe3_canonical_v1_20260804_172437/labels/all/val__image117.txt,29,29,0,7599316f243b98c048997568b9e450fe5ef9f533c99ecf617096519d1e51c36b,hardlink
val,/root/autodl-tmp/datasets/sources/construction-ppe_ultralytics_2025_v1/images/val/image1183.jpg,/root/autodl-tmp/datasets/sources/construction-ppe_ultralytics_2025_v1/labels/val/image1183.txt,/root/autodl-tmp/datasets/derived/construction_ppe3_canonical_v1_20260804_172437/images/all/val__image1183.jpg,/root/autodl-tmp/datasets/derived/construction_ppe3_canonical_v1_20260804_172437/labels/all/val__image1183.txt,14,2,12,523ae89a1cd86d3b638a60fca7445d7d7c5db4a8866c08d6ec83e1241faedd24,hardlink
val,/root/autodl-tmp/datasets/sources/construction-ppe_ultralytics_2025_v1/images/val/image1190.jpg,/root/autodl-tmp/datasets/sources/construction-ppe_ultralytics_2025_v1/labels/val/image1190.txt,/root/autodl-tmp/datasets/derived/construction_ppe3_canonical_v1_20260804_172437/images/all/val__image1190.jpg,/root/autodl-tmp/datasets/derived/construction_ppe3_canonical_v1_20260804_172437/labels/all/val__image1190.txt,6,1,5,79bad840ae5e6d8006bd8a17f3cecc53e58a01d4aa90a53bd064d48311fe4ece,hardlink
val,/root/autodl-tmp/datasets/sources/construction-ppe_ultralytics_2025_v1/images/val/image1193.jpg,/root/autodl-tmp/datasets/sources/construction-ppe_ultralytics_2025_v1/labels/val/image1193.txt,/root/autodl-tmp/datasets/derived/construction_ppe3_canonical_v1_20260804_172437/images/all/val__image1193.jpg,/root/autodl-tmp/datasets/derived/construction_ppe3_canonical_v1_20260804_172437/labels/all/val__image1193.txt,12,2,10,61b7a2f325d0912de8878792697dc9b9561a9ac0635330bda99aac12d5921ae1,hardlink
val,/root/autodl-tmp/datasets/sources/construction-ppe_ultralytics_2025_v1/images/val/image12.jpg,/root/autodl-tmp/datasets/sources/construction-ppe_ultralytics_2025_v1/labels/val/image12.txt,/root/autodl-tmp/datasets/derived/construction_ppe3_canonical_v1_20260804_172437/images/all/val__image12.jpg,/root/autodl-tmp/datasets/derived/construction_ppe3_canonical_v1_20260804_172437/labels/all/val__image12.txt,5,3,2,1c13a8d744324e680ba4508d7c95818cf6deb2eab1cd9476ebe130dd0e43f912,hardlink
val,/root/autodl-tmp/datasets/sources/construction-ppe_ultralytics_2025_v1/images/val/image1203.jpg,/root/autodl-tmp/datasets/sources/construction-ppe_ultralytics_2025_v1/labels/val/image1203.txt,/root/autodl-tmp/datasets/derived/construction_ppe3_canonical_v1_20260804_172437/images/all/val__image1203.jpg,/root/autodl-tmp/datasets/derived/construction_ppe3_canonical_v1_20260804_172437/labels/all/val__image1203.txt,10,2,8,0387c52edb7955a1aedc563def8698cb554e63fca8ee2b7afe52bc513a289e77,hardlink
val,/root/autodl-tmp/datasets/sources/construction-ppe_ultralytics_2025_v1/images/val/image1211.jpg,/root/autodl-tmp/datasets/sources/construction-ppe_ultralytics_2025_v1/labels/val/image1211.txt,/root/autodl-tmp/datasets/derived/construction_ppe3_canonical_v1_20260804_172437/images/all/val__image1211.jpg,/root/autodl-tmp/datasets/derived/construction_ppe3_canonical_v1_20260804_172437/labels/all/val__image1211.txt,15,2,13,c284f6faa7450e0c97cda71bbb0598590b4c61faf620801370e645c0730a00e4,hardlink
val,/root/autodl-tmp/datasets/sources/construction-ppe_ultralytics_2025_v1/images/val/image1215.jpg,/root/autodl-tmp/datasets/sources/construction-ppe_ultralytics_2025_v1/labels/val/image1215.txt,/root/autodl-tmp/datasets/derived/construction_ppe3_canonical_v1_20260804_172437/images/all/val__image1215.jpg,/root/autodl-tmp/datasets/derived/construction_ppe3_canonical_v1_20260804_172437/labels/all/val__image1215.txt,8,2,6,b29f28e578470c4b67bb36248eb3c44256b1f11e87395dae47538bc5cee0d4e1,hardlink
val,/root/autodl-tmp/datasets/sources/construction-ppe_ultralytics_2025_v1/images/val/image1217.jpg,/root/autodl-tmp/datasets/sources/construction-ppe_ultralytics_2025_v1/labels/val/image1217.txt,/root/autodl-tmp/datasets/derived/construction_ppe3_canonical_v1_20260804_172437/images/all/val__image1217.jpg,/root/autodl-tmp/datasets/derived/construction_ppe3_canonical_v1_20260804_172437/labels/all/val__image1217.txt,16,4,12,e74f5de6a61b713e5f2a85d84a8af5743e07d257b36459414c41dc4a6be28407,hardlink
val,/root/autodl-tmp/datasets/sources/construction-ppe_ultralytics_2025_v1/images/val/image1223.jpg,/root/autodl-tmp/datasets/sources/construction-ppe_ultralytics_2025_v1/labels/val/image1223.txt,/root/autodl-tmp/datasets/derived/construction_ppe3_canonical_v1_20260804_172437/images/all/val__image1223.jpg,/root/autodl-tmp/datasets/derived/construction_ppe3_canonical_v1_20260804_172437/labels/all/val__image1223.txt,6,1,5,17395f70a8681d80b4bdb8f80e0568bd551da71bd188117504dad7b2d4bb9fe8,hardlink
val,/root/autodl-tmp/datasets/sources/construction-ppe_ultralytics_2025_v1/images/val/image1234.jpg,/root/autodl-tmp/datasets/sources/construction-ppe_ultralytics_2025_v1/labels/val/image1234.txt,/root/autodl-tmp/datasets/derived/construction_ppe3_canonical_v1_20260804_172437/images/all/val__image1234.jpg,/root/autodl-tmp/datasets/derived/construction_ppe3_canonical_v1_20260804_172437/labels/all/val__image1234.txt,13,3,10,bdee9c120585d0adfca4ac1f7e7853954a92bde95080dd267a963fb1ab671234,hardlink
val,/root/autodl-tmp/datasets/sources/construction-ppe_ultralytics_2025_v1/images/val/image1248.jpg,/root/autodl-tmp/datasets/sources/construction-ppe_ultralytics_2025_v1/labels/val/image1248.txt,/root/autodl-tmp/datasets/derived/construction_ppe3_canonical_v1_20260804_172437/images/all/val__image1248.jpg,/root/autodl-tmp/datasets/derived/construction_ppe3_canonical_v1_20260804_172437/labels/all/val__image1248.txt,6,1,5,976a418670ad8c9971a385f5ae2d585cc045e153b4bf603d88be6bdfe6a8d050,hardlink
val,/root/autodl-tmp/datasets/sources/construction-ppe_ultralytics_2025_v1/images/val/image1273.jpg,/root/autodl-tmp/datasets/sources/construction-ppe_ultralytics_2025_v1/labels/val/image1273.txt,/root/autodl-tmp/datasets/derived/construction_ppe3_canonical_v1_20260804_172437/images/all/val__image1273.jpg,/root/autodl-tmp/datasets/derived/construction_ppe3_canonical_v1_20260804_172437/labels/all/val__image1273.txt,6,1,5,d30a5b0a73737f6fa2814f0d4ab09891cc683e9105df0932fc77b3d08ff1a766,hardlink
val,/root/autodl-tmp/datasets/sources/construction-ppe_ultralytics_2025_v1/images/val/image1290.jpg,/root/autodl-tmp/datasets/sources/construction-ppe_ultralytics_2025_v1/labels/val/image1290.txt,/root/autodl-tmp/datasets/derived/construction_ppe3_canonical_v1_20260804_172437/images/all/val__image1290.jpg,/root/autodl-tmp/datasets/derived/construction_ppe3_canonical_v1_20260804_172437/labels/all/val__image1290.txt,6,1,5,04241be417d14427118e0940a9dee9c9fd997107453c8c8352d859a82f58009d,hardlink
val,/root/autodl-tmp/datasets/sources/construction-ppe_ultralytics_2025_v1/images/val/image130.jpg,/root/autodl-tmp/datasets/sources/construction-ppe_ultralytics_2025_v1/labels/val/image130.txt,/root/autodl-tmp/datasets/derived/construction_ppe3_canonical_v1_20260804_172437/images/all/val__image130.jpg,/root/autodl-tmp/datasets/derived/construction_ppe3_canonical_v1_20260804_172437/labels/all/val__image130.txt,12,12,0,1876f973dacff4dd9b360b2d4f2d19501794bc58d4347040cf4c478eed0781fb,hardlink
val,/root/autodl-tmp/datasets/sources/construction-ppe_ultralytics_2025_v1/images/val/image1301.jpg,/root/autodl-tmp/datasets/sources/construction-ppe_ultralytics_2025_v1/labels/val/image1301.txt,/root/autodl-tmp/datasets/derived/construction_ppe3_canonical_v1_20260804_172437/images/all/val__image1301.jpg,/root/autodl-tmp/datasets/derived/construction_ppe3_canonical_v1_20260804_172437/labels/all/val__image1301.txt,5,1,4,acaf2125e1445908fb0681e8a28c4994de6a42118857685394ca0be1eb29670e,hardlink
val,/root/autodl-tmp/datasets/sources/construction-ppe_ultralytics_2025_v1/images/val/image132.jpg,/root/autodl-tmp/datasets/sources/construction-ppe_ultralytics_2025_v1/labels/val/image132.txt,/root/autodl-tmp/datasets/derived/construction_ppe3_canonical_v1_20260804_172437/images/all/val__image132.jpg,/root/autodl-tmp/datasets/derived/construction_ppe3_canonical_v1_20260804_172437/labels/all/val__image132.txt,9,9,0,1bbdb594dce858d35261edd956136ba9a50d21772c14d6587573f6ca8353e279,hardlink
val,/root/autodl-tmp/datasets/sources/construction-ppe_ultralytics_2025_v1/images/val/image1333.jpg,/root/autodl-tmp/datasets/sources/construction-ppe_ultralytics_2025_v1/labels/val/image1333.txt,/root/autodl-tmp/datasets/derived/construction_ppe3_canonical_v1_20260804_172437/images/all/val__image1333.jpg,/root/autodl-tmp/datasets/derived/construction_ppe3_canonical_v1_20260804_172437/labels/all/val__image1333.txt,8,1,7,3a0e1ac1dbb843a308ba743487453d657493ca5f84ae7f8a0cd1924b683b033d,hardlink
val,/root/autodl-tmp/datasets/sources/construction-ppe_ultralytics_2025_v1/images/val/image1341.jpg,/root/autodl-tmp/datasets/sources/construction-ppe_ultralytics_2025_v1/labels/val/image1341.txt,/root/autodl-tmp/datasets/derived/construction_ppe3_canonical_v1_20260804_172437/images/all/val__image1341.jpg,/root/autodl-tmp/datasets/derived/construction_ppe3_canonical_v1_20260804_172437/labels/all/val__image1341.txt,11,2,9,aa79cd53ebc1be94623776c6ce78c58e25fd687ee32d21e5dda7509da2fc3b82,hardlink
val,/root/autodl-tmp/datasets/sources/construction-ppe_ultralytics_2025_v1/images/val/image1342.jpg,/root/autodl-tmp/datasets/sources/construction-ppe_ultralytics_2025_v1/labels/val/image1342.txt,/root/autodl-tmp/datasets/derived/construction_ppe3_canonical_v1_20260804_172437/images/all/val__image1342.jpg,/root/autodl-tmp/datasets/derived/construction_ppe3_canonical_v1_20260804_172437/labels/all/val__image1342.txt,5,1,4,a93068d703eeb4da09dcce88b2557752b759d32b0106ba344e7a3e9c75f88271,hardlink
val,/root/autodl-tmp/datasets/sources/construction-ppe_ultralytics_2025_v1/images/val/image1346.jpg,/root/autodl-tmp/datasets/sources/construction-ppe_ultralytics_2025_v1/labels/val/image1346.txt,/root/autodl-tmp/datasets/derived/construction_ppe3_canonical_v1_20260804_172437/images/all/val__image1346.jpg,/root/autodl-tmp/datasets/derived/construction_ppe3_canonical_v1_20260804_172437/labels/all/val__image1346.txt,8,2,6,7440bca28ed4a1b36a5185cd0e38dced4d027629ca96487a1926555d18b2c0af,hardlink
val,/root/autodl-tmp/datasets/sources/construction-ppe_ultralytics_2025_v1/images/val/image1369.jpg,/root/autodl-tmp/datasets/sources/construction-ppe_ultralytics_2025_v1/labels/val/image1369.txt,/root/autodl-tmp/datasets/derived/construction_ppe3_canonical_v1_20260804_172437/images/all/val__image1369.jpg,/root/autodl-tmp/datasets/derived/construction_ppe3_canonical_v1_20260804_172437/labels/all/val__image1369.txt,31,4,27,3cdd44c9ab5fcb826ae2372fe8912868d6c5a05b88f9ba3f998693887aa046d6,hardlink
val,/root/autodl-tmp/datasets/sources/construction-ppe_ultralytics_2025_v1/images/val/image137.jpg,/root/autodl-tmp/datasets/sources/construction-ppe_ultralytics_2025_v1/labels/val/image137.txt,/root/autodl-tmp/datasets/derived/construction_ppe3_canonical_v1_20260804_172437/images/all/val__image137.jpg,/root/autodl-tmp/datasets/derived/construction_ppe3_canonical_v1_20260804_172437/labels/all/val__image137.txt,10,7,3,91c3c368c692d571705a72739f8d3e64a09550e41d10145bcef824ed8800c5bc,hardlink
val,/root/autodl-tmp/datasets/sources/construction-ppe_ultralytics_2025_v1/images/val/image1375.jpg,/root/autodl-tmp/datasets/sources/construction-ppe_ultralytics_2025_v1/labels/val/image1375.txt,/root/autodl-tmp/datasets/derived/construction_ppe3_canonical_v1_20260804_172437/images/all/val__image1375.jpg,/root/autodl-tmp/datasets/derived/construction_ppe3_canonical_v1_20260804_172437/labels/all/val__image1375.txt,4,1,3,69a01ef4f0e3cd6d5b7797b145f66d288b719af4db2402ebbcee0eefc73c37be,hardlink
val,/root/autodl-tmp/datasets/sources/construction-ppe_ultralytics_2025_v1/images/val/image1377.jpg,/root/autodl-tmp/datasets/sources/construction-ppe_ultralytics_2025_v1/labels/val/image1377.txt,/root/autodl-tmp/datasets/derived/construction_ppe3_canonical_v1_20260804_172437/images/all/val__image1377.jpg,/root/autodl-tmp/datasets/derived/construction_ppe3_canonical_v1_20260804_172437/labels/all/val__image1377.txt,6,1,5,e6ffe36c1e29c450b299e25744a28f877f555a41d1d9fef3275bd336f4396165,hardlink
val,/root/autodl-tmp/datasets/sources/construction-ppe_ultralytics_2025_v1/images/val/image1392.jpg,/root/autodl-tmp/datasets/sources/construction-ppe_ultralytics_2025_v1/labels/val/image1392.txt,/root/autodl-tmp/datasets/derived/construction_ppe3_canonical_v1_20260804_172437/images/all/val__image1392.jpg,/root/autodl-tmp/datasets/derived/construction_ppe3_canonical_v1_20260804_172437/labels/all/val__image1392.txt,8,1,7,2985fe1c0f6787a82c51c434b19fdba3446494afea963c932eb5088699422a38,hardlink
val,/root/autodl-tmp/datasets/sources/construction-ppe_ultralytics_2025_v1/images/val/image1397.jpg,/root/autodl-tmp/datasets/sources/construction-ppe_ultralytics_2025_v1/labels/val/image1397.txt,/root/autodl-tmp/datasets/derived/construction_ppe3_canonical_v1_20260804_172437/images/all/val__image1397.jpg,/root/autodl-tmp/datasets/derived/construction_ppe3_canonical_v1_20260804_172437/labels/all/val__image1397.txt,5,1,4,a6800c26147a0a3e02c7a8dc92c173ce4713e62c70e1c600adbb1f3cd3be5d56,hardlink
val,/root/autodl-tmp/datasets/sources/construction-ppe_ultralytics_2025_v1/images/val/image1402.jpg,/root/autodl-tmp/datasets/sources/construction-ppe_ultralytics_2025_v1/labels/val/image1402.txt,/root/autodl-tmp/datasets/derived/construction_ppe3_canonical_v1_20260804_172437/images/all/val__image1402.jpg,/root/autodl-tmp/datasets/derived/construction_ppe3_canonical_v1_20260804_172437/labels/all/val__image1402.txt,15,3,12,f6b880098055df84fb9f96d846a37d1803d0e11348c360140f83a9de4f7b306f,hardlink
val,/root/autodl-tmp/datasets/sources/construction-ppe_ultralytics_2025_v1/images/val/image141.jpeg,/root/autodl-tmp/datasets/sources/construction-ppe_ultralytics_2025_v1/labels/val/image141.txt,/root/autodl-tmp/datasets/derived/construction_ppe3_canonical_v1_20260804_172437/images/all/val__image141.jpeg,/root/autodl-tmp/datasets/derived/construction_ppe3_canonical_v1_20260804_172437/labels/all/val__image141.txt,10,6,4,b2d6c7ace56f0efebd9e292fdcc081b561d8263ce904fcfac0cc97a250e50fd6,hardlink
val,/root/autodl-tmp/datasets/sources/construction-ppe_ultralytics_2025_v1/images/val/image144.jpg,/root/autodl-tmp/datasets/sources/construction-ppe_ultralytics_2025_v1/labels/val/image144.txt,/root/autodl-tmp/datasets/derived/construction_ppe3_canonical_v1_20260804_172437/images/all/val__image144.jpg,/root/autodl-tmp/datasets/derived/construction_ppe3_canonical_v1_20260804_172437/labels/all/val__image144.txt,20,20,0,abc44b37c273f2484fef2c1d5fe11ca8399d1442f685f2e88eafa3c9eb6d7069,hardlink
val,/root/autodl-tmp/datasets/sources/construction-ppe_ultralytics_2025_v1/images/val/image151.jpg,/root/autodl-tmp/datasets/sources/construction-ppe_ultralytics_2025_v1/labels/val/image151.txt,/root/autodl-tmp/datasets/derived/construction_ppe3_canonical_v1_20260804_172437/images/all/val__image151.jpg,/root/autodl-tmp/datasets/derived/construction_ppe3_canonical_v1_20260804_172437/labels/all/val__image151.txt,11,11,0,33a6fb5f0c22ba1559542d201cdc7c8dfe34568b23c6f60ecee340c95aa712f7,hardlink
val,/root/autodl-tmp/datasets/sources/construction-ppe_ultralytics_2025_v1/images/val/image164.jpg,/root/autodl-tmp/datasets/sources/construction-ppe_ultralytics_2025_v1/labels/val/image164.txt,/root/autodl-tmp/datasets/derived/construction_ppe3_canonical_v1_20260804_172437/images/all/val__image164.jpg,/root/autodl-tmp/datasets/derived/construction_ppe3_canonical_v1_20260804_172437/labels/all/val__image164.txt,4,3,1,8b334d93ceb8e15731d692f0c31d0dc34deb7bf5feee6341bdc1e19c7066fa47,hardlink
val,/root/autodl-tmp/datasets/sources/construction-ppe_ultralytics_2025_v1/images/val/image171.jpg,/root/autodl-tmp/datasets/sources/construction-ppe_ultralytics_2025_v1/labels/val/image171.txt,/root/autodl-tmp/datasets/derived/construction_ppe3_canonical_v1_20260804_172437/images/all/val__image171.jpg,/root/autodl-tmp/datasets/derived/construction_ppe3_canonical_v1_20260804_172437/labels/all/val__image171.txt,2,2,0,520c77ecb5c0f9e24cfadfa8135118597d15b9bbef6c2c005e7ad79a64eb7b02,hardlink
val,/root/autodl-tmp/datasets/sources/construction-ppe_ultralytics_2025_v1/images/val/image176.jpg,/root/autodl-tmp/datasets/sources/construction-ppe_ultralytics_2025_v1/labels/val/image176.txt,/root/autodl-tmp/datasets/derived/construction_ppe3_canonical_v1_20260804_172437/images/all/val__image176.jpg,/root/autodl-tmp/datasets/derived/construction_ppe3_canonical_v1_20260804_172437/labels/all/val__image176.txt,6,4,2,70b8170b50dbd3385b6e842cf5db2dd788d29a433951d814b481421ac1f68309,hardlink
val,/root/autodl-tmp/datasets/sources/construction-ppe_ultralytics_2025_v1/images/val/image199.jpg,/root/autodl-tmp/datasets/sources/construction-ppe_ultralytics_2025_v1/labels/val/image199.txt,/root/autodl-tmp/datasets/derived/construction_ppe3_canonical_v1_20260804_172437/images/all/val__image199.jpg,/root/autodl-tmp/datasets/derived/construction_ppe3_canonical_v1_20260804_172437/labels/all/val__image199.txt,4,4,0,d565554563ad44cc0a5503fb350771886aa49c95bb1d72a1f95b7d1e5ed14028,hardlink
val,/root/autodl-tmp/datasets/sources/construction-ppe_ultralytics_2025_v1/images/val/image202.jpg,/root/autodl-tmp/datasets/sources/construction-ppe_ultralytics_2025_v1/labels/val/image202.txt,/root/autodl-tmp/datasets/derived/construction_ppe3_canonical_v1_20260804_172437/images/all/val__image202.jpg,/root/autodl-tmp/datasets/derived/construction_ppe3_canonical_v1_20260804_172437/labels/all/val__image202.txt,17,12,5,f8ce3ffefb3a57cc82ac294361b1eb5f064899a94787e32cbcf41d569058bd92,hardlink
val,/root/autodl-tmp/datasets/sources/construction-ppe_ultralytics_2025_v1/images/val/image212.jpg,/root/autodl-tmp/datasets/sources/construction-ppe_ultralytics_2025_v1/labels/val/image212.txt,/root/autodl-tmp/datasets/derived/construction_ppe3_canonical_v1_20260804_172437/images/all/val__image212.jpg,/root/autodl-tmp/datasets/derived/construction_ppe3_canonical_v1_20260804_172437/labels/all/val__image212.txt,9,9,0,bee046863836454905411bf9623a721720fb9d9d53df68f31f4ac6cfc094e8bd,hardlink
val,/root/autodl-tmp/datasets/sources/construction-ppe_ultralytics_2025_v1/images/val/image23.jpeg,/root/autodl-tmp/datasets/sources/construction-ppe_ultralytics_2025_v1/labels/val/image23.txt,/root/autodl-tmp/datasets/derived/construction_ppe3_canonical_v1_20260804_172437/images/all/val__image23.jpeg,/root/autodl-tmp/datasets/derived/construction_ppe3_canonical_v1_20260804_172437/labels/all/val__image23.txt,9,4,5,bf766e8092d8cf03584a0eb01c5ff8a806ee92715bb3f4ccb6a03f36750f9d6b,hardlink
val,/root/autodl-tmp/datasets/sources/construction-ppe_ultralytics_2025_v1/images/val/image230.jpg,/root/autodl-tmp/datasets/sources/construction-ppe_ultralytics_2025_v1/labels/val/image230.txt,/root/autodl-tmp/datasets/derived/construction_ppe3_canonical_v1_20260804_172437/images/all/val__image230.jpg,/root/autodl-tmp/datasets/derived/construction_ppe3_canonical_v1_20260804_172437/labels/all/val__image230.txt,6,3,3,79a77824ed74f7237f11a72054a97c418c938e62bb2ccd3572d468a7ad407fee,hardlink
val,/root/autodl-tmp/datasets/sources/construction-ppe_ultralytics_2025_v1/images/val/image238.jpg,/root/autodl-tmp/datasets/sources/construction-ppe_ultralytics_2025_v1/labels/val/image238.txt,/root/autodl-tmp/datasets/derived/construction_ppe3_canonical_v1_20260804_172437/images/all/val__image238.jpg,/root/autodl-tmp/datasets/derived/construction_ppe3_canonical_v1_20260804_172437/labels/all/val__image238.txt,6,3,3,733c2457decd35871b226ccc88198eab38c462c8b16e6cbfd5c576410da90fb6,hardlink
val,/root/autodl-tmp/datasets/sources/construction-ppe_ultralytics_2025_v1/images/val/image253.jpg,/root/autodl-tmp/datasets/sources/construction-ppe_ultralytics_2025_v1/labels/val/image253.txt,/root/autodl-tmp/datasets/derived/construction_ppe3_canonical_v1_20260804_172437/images/all/val__image253.jpg,/root/autodl-tmp/datasets/derived/construction_ppe3_canonical_v1_20260804_172437/labels/all/val__image253.txt,8,3,5,268e194263fc7327fb937b45ee13567a0994e4475feedf4c90f31ed8637dabe9,hardlink
val,/root/autodl-tmp/datasets/sources/construction-ppe_ultralytics_2025_v1/images/val/image259.jpg,/root/autodl-tmp/datasets/sources/construction-ppe_ultralytics_2025_v1/labels/val/image259.txt,/root/autodl-tmp/datasets/derived/construction_ppe3_canonical_v1_20260804_172437/images/all/val__image259.jpg,/root/autodl-tmp/datasets/derived/construction_ppe3_canonical_v1_20260804_172437/labels/all/val__image259.txt,8,3,5,26519faba73104443f3aca08803e659ea718537d832924cb823c03592d0b5886,hardlink
val,/root/autodl-tmp/datasets/sources/construction-ppe_ultralytics_2025_v1/images/val/image27.jpeg,/root/autodl-tmp/datasets/sources/construction-ppe_ultralytics_2025_v1/labels/val/image27.txt,/root/autodl-tmp/datasets/derived/construction_ppe3_canonical_v1_20260804_172437/images/all/val__image27.jpeg,/root/autodl-tmp/datasets/derived/construction_ppe3_canonical_v1_20260804_172437/labels/all/val__image27.txt,7,3,4,3746c24a3b12857bba34521e2924960a22987016f7029eb4fd69f71dfc344cc1,hardlink
val,/root/autodl-tmp/datasets/sources/construction-ppe_ultralytics_2025_v1/images/val/image270.jpg,/root/autodl-tmp/datasets/sources/construction-ppe_ultralytics_2025_v1/labels/val/image270.txt,/root/autodl-tmp/datasets/derived/construction_ppe3_canonical_v1_20260804_172437/images/all/val__image270.jpg,/root/autodl-tmp/datasets/derived/construction_ppe3_canonical_v1_20260804_172437/labels/all/val__image270.txt,8,3,5,0ac4b25914834e3f80ded79a4b2db146239685c56c1657bb957651cef2c25422,hardlink
val,/root/autodl-tmp/datasets/sources/construction-ppe_ultralytics_2025_v1/images/val/image278.jpg,/root/autodl-tmp/datasets/sources/construction-ppe_ultralytics_2025_v1/labels/val/image278.txt,/root/autodl-tmp/datasets/derived/construction_ppe3_canonical_v1_20260804_172437/images/all/val__image278.jpg,/root/autodl-tmp/datasets/derived/construction_ppe3_canonical_v1_20260804_172437/labels/all/val__image278.txt,7,3,4,7ef585455127c26384b2af86ae2a91fbad649fcf2ba5d89f0e6de4f28bd24835,hardlink
val,/root/autodl-tmp/datasets/sources/construction-ppe_ultralytics_2025_v1/images/val/image31.jpg,/root/autodl-tmp/datasets/sources/construction-ppe_ultralytics_2025_v1/labels/val/image31.txt,/root/autodl-tmp/datasets/derived/construction_ppe3_canonical_v1_20260804_172437/images/all/val__image31.jpg,/root/autodl-tmp/datasets/derived/construction_ppe3_canonical_v1_20260804_172437/labels/all/val__image31.txt,6,3,3,00e9401eda62de8029f39a1bb9db73e3d08174cd100d71f3a9da192914cbea73,hardlink
val,/root/autodl-tmp/datasets/sources/construction-ppe_ultralytics_2025_v1/images/val/image318.jpg,/root/autodl-tmp/datasets/sources/construction-ppe_ultralytics_2025_v1/labels/val/image318.txt,/root/autodl-tmp/datasets/derived/construction_ppe3_canonical_v1_20260804_172437/images/all/val__image318.jpg,/root/autodl-tmp/datasets/derived/construction_ppe3_canonical_v1_20260804_172437/labels/all/val__image318.txt,3,3,0,27ad01984c3e54bb5b31ab8ff6558a161988f13e8b912fdca6d4b0a6dbdea602,hardlink
val,/root/autodl-tmp/datasets/sources/construction-ppe_ultralytics_2025_v1/images/val/image329.jpeg,/root/autodl-tmp/datasets/sources/construction-ppe_ultralytics_2025_v1/labels/val/image329.txt,/root/autodl-tmp/datasets/derived/construction_ppe3_canonical_v1_20260804_172437/images/all/val__image329.jpeg,/root/autodl-tmp/datasets/derived/construction_ppe3_canonical_v1_20260804_172437/labels/all/val__image329.txt,3,3,0,c10f64176ecf1ce3749e6eed0b6736d7b1b317bcbe9b424a94346fa9d9e8bc98,hardlink
val,/root/autodl-tmp/datasets/sources/construction-ppe_ultralytics_2025_v1/images/val/image330.jpg,/root/autodl-tmp/datasets/sources/construction-ppe_ultralytics_2025_v1/labels/val/image330.txt,/root/autodl-tmp/datasets/derived/construction_ppe3_canonical_v1_20260804_172437/images/all/val__image330.jpg,/root/autodl-tmp/datasets/derived/construction_ppe3_canonical_v1_20260804_172437/labels/all/val__image330.txt,5,3,2,4815828f5c05da8184e4c3c10b934f1869aae957726c8001fec84ce7d1b1c4d6,hardlink
val,/root/autodl-tmp/datasets/sources/construction-ppe_ultralytics_2025_v1/images/val/image337.jpg,/root/autodl-tmp/datasets/sources/construction-ppe_ultralytics_2025_v1/labels/val/image337.txt,/root/autodl-tmp/datasets/derived/construction_ppe3_canonical_v1_20260804_172437/images/all/val__image337.jpg,/root/autodl-tmp/datasets/derived/construction_ppe3_canonical_v1_20260804_172437/labels/all/val__image337.txt,3,3,0,be5f170c55899a7d0e3cf148266fb935af9fb011f4b96668b2b4f3961a1c5718,hardlink
val,/root/autodl-tmp/datasets/sources/construction-ppe_ultralytics_2025_v1/images/val/image347.jpg,/root/autodl-tmp/datasets/sources/construction-ppe_ultralytics_2025_v1/labels/val/image347.txt,/root/autodl-tmp/datasets/derived/construction_ppe3_canonical_v1_20260804_172437/images/all/val__image347.jpg,/root/autodl-tmp/datasets/derived/construction_ppe3_canonical_v1_20260804_172437/labels/all/val__image347.txt,3,3,0,ce65644b1c74a38dee74c63b11b52225851216401ee2374dbac7c9ea2fbe4e41,hardlink
val,/root/autodl-tmp/datasets/sources/construction-ppe_ultralytics_2025_v1/images/val/image35.jpeg,/root/autodl-tmp/datasets/sources/construction-ppe_ultralytics_2025_v1/labels/val/image35.txt,/root/autodl-tmp/datasets/derived/construction_ppe3_canonical_v1_20260804_172437/images/all/val__image35.jpeg,/root/autodl-tmp/datasets/derived/construction_ppe3_canonical_v1_20260804_172437/labels/all/val__image35.txt,5,2,3,8ced7c69304fc46a6e2fdfd3c06e3472292c94744aa30b89d1c1c0db07623399,hardlink
val,/root/autodl-tmp/datasets/sources/construction-ppe_ultralytics_2025_v1/images/val/image355.jpg,/root/autodl-tmp/datasets/sources/construction-ppe_ultralytics_2025_v1/labels/val/image355.txt,/root/autodl-tmp/datasets/derived/construction_ppe3_canonical_v1_20260804_172437/images/all/val__image355.jpg,/root/autodl-tmp/datasets/derived/construction_ppe3_canonical_v1_20260804_172437/labels/all/val__image355.txt,8,3,5,af1bdcf3659152fff68b1160544c8331e79fb5c71ae4c01287d60557e66f7138,hardlink
val,/root/autodl-tmp/datasets/sources/construction-ppe_ultralytics_2025_v1/images/val/image360.jpg,/root/autodl-tmp/datasets/sources/construction-ppe_ultralytics_2025_v1/labels/val/image360.txt,/root/autodl-tmp/datasets/derived/construction_ppe3_canonical_v1_20260804_172437/images/all/val__image360.jpg,/root/autodl-tmp/datasets/derived/construction_ppe3_canonical_v1_20260804_172437/labels/all/val__image360.txt,3,1,2,8f35133ed9fbe748a0aa90bdde7c20d2a298d471b16d0534675fbe2826fd54ee,hardlink
val,/root/autodl-tmp/datasets/sources/construction-ppe_ultralytics_2025_v1/images/val/image391.jpg,/root/autodl-tmp/datasets/sources/construction-ppe_ultralytics_2025_v1/labels/val/image391.txt,/root/autodl-tmp/datasets/derived/construction_ppe3_canonical_v1_20260804_172437/images/all/val__image391.jpg,/root/autodl-tmp/datasets/derived/construction_ppe3_canonical_v1_20260804_172437/labels/all/val__image391.txt,8,3,5,d1b33a4bfc054c5c8ebec82ac2a4cf79474368f0327e21a20bc37d912c82e17a,hardlink
val,/root/autodl-tmp/datasets/sources/construction-ppe_ultralytics_2025_v1/images/val/image392.jpg,/root/autodl-tmp/datasets/sources/construction-ppe_ultralytics_2025_v1/labels/val/image392.txt,/root/autodl-tmp/datasets/derived/construction_ppe3_canonical_v1_20260804_172437/images/all/val__image392.jpg,/root/autodl-tmp/datasets/derived/construction_ppe3_canonical_v1_20260804_172437/labels/all/val__image392.txt,7,3,4,3ed6fbf53a2d3443215941b52dfdb14adc34d827022cf5ae5ab9bb4a478f905b,hardlink
val,/root/autodl-tmp/datasets/sources/construction-ppe_ultralytics_2025_v1/images/val/image395.jpg,/root/autodl-tmp/datasets/sources/construction-ppe_ultralytics_2025_v1/labels/val/image395.txt,/root/autodl-tmp/datasets/derived/construction_ppe3_canonical_v1_20260804_172437/images/all/val__image395.jpg,/root/autodl-tmp/datasets/derived/construction_ppe3_canonical_v1_20260804_172437/labels/all/val__image395.txt,7,3,4,860fcd03c8261cf01155bd5270923f7a5673430e49840861bf3dc6970ef73324,hardlink
val,/root/autodl-tmp/datasets/sources/construction-ppe_ultralytics_2025_v1/images/val/image396.jpg,/root/autodl-tmp/datasets/sources/construction-ppe_ultralytics_2025_v1/labels/val/image396.txt,/root/autodl-tmp/datasets/derived/construction_ppe3_canonical_v1_20260804_172437/images/all/val__image396.jpg,/root/autodl-tmp/datasets/derived/construction_ppe3_canonical_v1_20260804_172437/labels/all/val__image396.txt,8,3,5,8eafa32397da90781d53f117100f7b8332bbb924ef83f86df2ebc8b1401f88a8,hardlink
val,/root/autodl-tmp/datasets/sources/construction-ppe_ultralytics_2025_v1/images/val/image407.jpg,/root/autodl-tmp/datasets/sources/construction-ppe_ultralytics_2025_v1/labels/val/image407.txt,/root/autodl-tmp/datasets/derived/construction_ppe3_canonical_v1_20260804_172437/images/all/val__image407.jpg,/root/autodl-tmp/datasets/derived/construction_ppe3_canonical_v1_20260804_172437/labels/all/val__image407.txt,8,3,5,ec9682478cbc68a04498b68c6c8dd16dcfc3a1afce5ffb7308a79d850803f781,hardlink
val,/root/autodl-tmp/datasets/sources/construction-ppe_ultralytics_2025_v1/images/val/image411.jpg,/root/autodl-tmp/datasets/sources/construction-ppe_ultralytics_2025_v1/labels/val/image411.txt,/root/autodl-tmp/datasets/derived/construction_ppe3_canonical_v1_20260804_172437/images/all/val__image411.jpg,/root/autodl-tmp/datasets/derived/construction_ppe3_canonical_v1_20260804_172437/labels/all/val__image411.txt,8,3,5,56438f323d6e40a02cd6c2e82f9222512d54a11846403a9f7635c51fa9b29d65,hardlink
val,/root/autodl-tmp/datasets/sources/construction-ppe_ultralytics_2025_v1/images/val/image419.jpg,/root/autodl-tmp/datasets/sources/construction-ppe_ultralytics_2025_v1/labels/val/image419.txt,/root/autodl-tmp/datasets/derived/construction_ppe3_canonical_v1_20260804_172437/images/all/val__image419.jpg,/root/autodl-tmp/datasets/derived/construction_ppe3_canonical_v1_20260804_172437/labels/all/val__image419.txt,8,3,5,a8167b7012244a1bf0b53c9577dfba808448f561c2e9cae5798ad7ce36b2e6be,hardlink
val,/root/autodl-tmp/datasets/sources/construction-ppe_ultralytics_2025_v1/images/val/image430.jpg,/root/autodl-tmp/datasets/sources/construction-ppe_ultralytics_2025_v1/labels/val/image430.txt,/root/autodl-tmp/datasets/derived/construction_ppe3_canonical_v1_20260804_172437/images/all/val__image430.jpg,/root/autodl-tmp/datasets/derived/construction_ppe3_canonical_v1_20260804_172437/labels/all/val__image430.txt,8,3,5,6e92840ec761576e423da415246eb965a1b5c421b596dc2e1be25b1b7f6ecf50,hardlink
val,/root/autodl-tmp/datasets/sources/construction-ppe_ultralytics_2025_v1/images/val/image439.jpeg,/root/autodl-tmp/datasets/sources/construction-ppe_ultralytics_2025_v1/labels/val/image439.txt,/root/autodl-tmp/datasets/derived/construction_ppe3_canonical_v1_20260804_172437/images/all/val__image439.jpeg,/root/autodl-tmp/datasets/derived/construction_ppe3_canonical_v1_20260804_172437/labels/all/val__image439.txt,13,8,5,9e4211b5fc8fb776bd6d4b73f9edb6169f02d2647767c75a997f7458ff542d76,hardlink
val,/root/autodl-tmp/datasets/sources/construction-ppe_ultralytics_2025_v1/images/val/image446.jpg,/root/autodl-tmp/datasets/sources/construction-ppe_ultralytics_2025_v1/labels/val/image446.txt,/root/autodl-tmp/datasets/derived/construction_ppe3_canonical_v1_20260804_172437/images/all/val__image446.jpg,/root/autodl-tmp/datasets/derived/construction_ppe3_canonical_v1_20260804_172437/labels/all/val__image446.txt,8,3,5,1b4a59c06b29a485ea5aaf2c54a3aa3871d46bfe4029c5a06058798389cb0ea5,hardlink
val,/root/autodl-tmp/datasets/sources/construction-ppe_ultralytics_2025_v1/images/val/image46.jpeg,/root/autodl-tmp/datasets/sources/construction-ppe_ultralytics_2025_v1/labels/val/image46.txt,/root/autodl-tmp/datasets/derived/construction_ppe3_canonical_v1_20260804_172437/images/all/val__image46.jpeg,/root/autodl-tmp/datasets/derived/construction_ppe3_canonical_v1_20260804_172437/labels/all/val__image46.txt,6,2,4,92abd57317625d12fde2f77513e044383f7619360200d120814486d9d44e3678,hardlink
val,/root/autodl-tmp/datasets/sources/construction-ppe_ultralytics_2025_v1/images/val/image464.jpg,/root/autodl-tmp/datasets/sources/construction-ppe_ultralytics_2025_v1/labels/val/image464.txt,/root/autodl-tmp/datasets/derived/construction_ppe3_canonical_v1_20260804_172437/images/all/val__image464.jpg,/root/autodl-tmp/datasets/derived/construction_ppe3_canonical_v1_20260804_172437/labels/all/val__image464.txt,21,13,8,c08e115ee3107f81be356bc4799dcd71a69300113b06b83acc8b4bf26e75e753,hardlink
val,/root/autodl-tmp/datasets/sources/construction-ppe_ultralytics_2025_v1/images/val/image487.jpg,/root/autodl-tmp/datasets/sources/construction-ppe_ultralytics_2025_v1/labels/val/image487.txt,/root/autodl-tmp/datasets/derived/construction_ppe3_canonical_v1_20260804_172437/images/all/val__image487.jpg,/root/autodl-tmp/datasets/derived/construction_ppe3_canonical_v1_20260804_172437/labels/all/val__image487.txt,4,3,1,b9455e1ea0bc634603b9efb562c6789ac8d6fd946f7898a23c082e6fe5b2123e,hardlink
val,/root/autodl-tmp/datasets/sources/construction-ppe_ultralytics_2025_v1/images/val/image505.jpg,/root/autodl-tmp/datasets/sources/construction-ppe_ultralytics_2025_v1/labels/val/image505.txt,/root/autodl-tmp/datasets/derived/construction_ppe3_canonical_v1_20260804_172437/images/all/val__image505.jpg,/root/autodl-tmp/datasets/derived/construction_ppe3_canonical_v1_20260804_172437/labels/all/val__image505.txt,8,3,5,51d8a4b7e474ec36c7a82376dfc6730cfc146b29f255a37c8e7fde5663f206b5,hardlink
val,/root/autodl-tmp/datasets/sources/construction-ppe_ultralytics_2025_v1/images/val/image508.jpg,/root/autodl-tmp/datasets/sources/construction-ppe_ultralytics_2025_v1/labels/val/image508.txt,/root/autodl-tmp/datasets/derived/construction_ppe3_canonical_v1_20260804_172437/images/all/val__image508.jpg,/root/autodl-tmp/datasets/derived/construction_ppe3_canonical_v1_20260804_172437/labels/all/val__image508.txt,8,3,5,b45c200a815984e46b2dcaf76ef994bf9af0506bb87810bd457fc4947247e448,hardlink
val,/root/autodl-tmp/datasets/sources/construction-ppe_ultralytics_2025_v1/images/val/image524.jpeg,/root/autodl-tmp/datasets/sources/construction-ppe_ultralytics_2025_v1/labels/val/image524.txt,/root/autodl-tmp/datasets/derived/construction_ppe3_canonical_v1_20260804_172437/images/all/val__image524.jpeg,/root/autodl-tmp/datasets/derived/construction_ppe3_canonical_v1_20260804_172437/labels/all/val__image524.txt,22,15,7,ec9e573c28e4ccf64d6c21f6bb6a64af2ccb887f2c898d42cc5d1de00332e8e0,hardlink
val,/root/autodl-tmp/datasets/sources/construction-ppe_ultralytics_2025_v1/images/val/image532.jpeg,/root/autodl-tmp/datasets/sources/construction-ppe_ultralytics_2025_v1/labels/val/image532.txt,/root/autodl-tmp/datasets/derived/construction_ppe3_canonical_v1_20260804_172437/images/all/val__image532.jpeg,/root/autodl-tmp/datasets/derived/construction_ppe3_canonical_v1_20260804_172437/labels/all/val__image532.txt,4,2,2,13ae7cf723941140e9b7d9c279d1d173fbe945227cdf27c230f229070b26aa5e,hardlink
val,/root/autodl-tmp/datasets/sources/construction-ppe_ultralytics_2025_v1/images/val/image547.jpg,/root/autodl-tmp/datasets/sources/construction-ppe_ultralytics_2025_v1/labels/val/image547.txt,/root/autodl-tmp/datasets/derived/construction_ppe3_canonical_v1_20260804_172437/images/all/val__image547.jpg,/root/autodl-tmp/datasets/derived/construction_ppe3_canonical_v1_20260804_172437/labels/all/val__image547.txt,11,8,3,140decc71c7bf0c7d89a6b66e6269514e2cbca9a21e92b26af54fc5fd582413e,hardlink
val,/root/autodl-tmp/datasets/sources/construction-ppe_ultralytics_2025_v1/images/val/image573.jpg,/root/autodl-tmp/datasets/sources/construction-ppe_ultralytics_2025_v1/labels/val/image573.txt,/root/autodl-tmp/datasets/derived/construction_ppe3_canonical_v1_20260804_172437/images/all/val__image573.jpg,/root/autodl-tmp/datasets/derived/construction_ppe3_canonical_v1_20260804_172437/labels/all/val__image573.txt,3,3,0,ca5f57a5c4ccad2cd75e1f1f704f02c03700329065c4b348d944f184ffa014f3,hardlink
val,/root/autodl-tmp/datasets/sources/construction-ppe_ultralytics_2025_v1/images/val/image576.jpg,/root/autodl-tmp/datasets/sources/construction-ppe_ultralytics_2025_v1/labels/val/image576.txt,/root/autodl-tmp/datasets/derived/construction_ppe3_canonical_v1_20260804_172437/images/all/val__image576.jpg,/root/autodl-tmp/datasets/derived/construction_ppe3_canonical_v1_20260804_172437/labels/all/val__image576.txt,8,3,5,2ac6eb4693acac690ba1fca0f548b57a60291011c1e7ac844d318cdbbc4ec709,hardlink
val,/root/autodl-tmp/datasets/sources/construction-ppe_ultralytics_2025_v1/images/val/image607.jpeg,/root/autodl-tmp/datasets/sources/construction-ppe_ultralytics_2025_v1/labels/val/image607.txt,/root/autodl-tmp/datasets/derived/construction_ppe3_canonical_v1_20260804_172437/images/all/val__image607.jpeg,/root/autodl-tmp/datasets/derived/construction_ppe3_canonical_v1_20260804_172437/labels/all/val__image607.txt,7,5,2,ad382def98d5052c96993e348c08b4003a700f858a95bc36c7cc133b219362d6,hardlink
val,/root/autodl-tmp/datasets/sources/construction-ppe_ultralytics_2025_v1/images/val/image608.jpg,/root/autodl-tmp/datasets/sources/construction-ppe_ultralytics_2025_v1/labels/val/image608.txt,/root/autodl-tmp/datasets/derived/construction_ppe3_canonical_v1_20260804_172437/images/all/val__image608.jpg,/root/autodl-tmp/datasets/derived/construction_ppe3_canonical_v1_20260804_172437/labels/all/val__image608.txt,16,16,0,6cf7283933660187488c9e022405ba8baac23b4ca42f519da19391b4ce979f92,hardlink
val,/root/autodl-tmp/datasets/sources/construction-ppe_ultralytics_2025_v1/images/val/image615.jpg,/root/autodl-tmp/datasets/sources/construction-ppe_ultralytics_2025_v1/labels/val/image615.txt,/root/autodl-tmp/datasets/derived/construction_ppe3_canonical_v1_20260804_172437/images/all/val__image615.jpg,/root/autodl-tmp/datasets/derived/construction_ppe3_canonical_v1_20260804_172437/labels/all/val__image615.txt,23,15,8,ee660d9bc3c941c5826534a6a4b5d460cb436126e9de57fd691b22554056b020,hardlink
val,/root/autodl-tmp/datasets/sources/construction-ppe_ultralytics_2025_v1/images/val/image627.jpg,/root/autodl-tmp/datasets/sources/construction-ppe_ultralytics_2025_v1/labels/val/image627.txt,/root/autodl-tmp/datasets/derived/construction_ppe3_canonical_v1_20260804_172437/images/all/val__image627.jpg,/root/autodl-tmp/datasets/derived/construction_ppe3_canonical_v1_20260804_172437/labels/all/val__image627.txt,6,6,0,237e707a75bd9c3bab9cee1e2e2bfea394179a8b472df4fd1ddaf4fd84760825,hardlink
val,/root/autodl-tmp/datasets/sources/construction-ppe_ultralytics_2025_v1/images/val/image628.jpg,/root/autodl-tmp/datasets/sources/construction-ppe_ultralytics_2025_v1/labels/val/image628.txt,/root/autodl-tmp/datasets/derived/construction_ppe3_canonical_v1_20260804_172437/images/all/val__image628.jpg,/root/autodl-tmp/datasets/derived/construction_ppe3_canonical_v1_20260804_172437/labels/all/val__image628.txt,8,6,2,33af5e52c01b3f91ec0cbde2454134cb44c916fc9e226881040008a58667e275,hardlink
val,/root/autodl-tmp/datasets/sources/construction-ppe_ultralytics_2025_v1/images/val/image640.jpg,/root/autodl-tmp/datasets/sources/construction-ppe_ultralytics_2025_v1/labels/val/image640.txt,/root/autodl-tmp/datasets/derived/construction_ppe3_canonical_v1_20260804_172437/images/all/val__image640.jpg,/root/autodl-tmp/datasets/derived/construction_ppe3_canonical_v1_20260804_172437/labels/all/val__image640.txt,4,3,1,bd205ac51b81fd46af970eda8b51bf42dd2cc017f1bfafebbd90ea395174b451,hardlink
val,/root/autodl-tmp/datasets/sources/construction-ppe_ultralytics_2025_v1/images/val/image644.jpg,/root/autodl-tmp/datasets/sources/construction-ppe_ultralytics_2025_v1/labels/val/image644.txt,/root/autodl-tmp/datasets/derived/construction_ppe3_canonical_v1_20260804_172437/images/all/val__image644.jpg,/root/autodl-tmp/datasets/derived/construction_ppe3_canonical_v1_20260804_172437/labels/all/val__image644.txt,13,12,1,4ca2a54c396200c799495e482642b3b00e7e95f2598121a38b567e38cc11ad12,hardlink
val,/root/autodl-tmp/datasets/sources/construction-ppe_ultralytics_2025_v1/images/val/image65.jpeg,/root/autodl-tmp/datasets/sources/construction-ppe_ultralytics_2025_v1/labels/val/image65.txt,/root/autodl-tmp/datasets/derived/construction_ppe3_canonical_v1_20260804_172437/images/all/val__image65.jpeg,/root/autodl-tmp/datasets/derived/construction_ppe3_canonical_v1_20260804_172437/labels/all/val__image65.txt,5,5,0,53d75e14f7e1d19eb2251496c72cf11940319d11c351af4d0edb947f3832baaa,hardlink
val,/root/autodl-tmp/datasets/sources/construction-ppe_ultralytics_2025_v1/images/val/image654.jpg,/root/autodl-tmp/datasets/sources/construction-ppe_ultralytics_2025_v1/labels/val/image654.txt,/root/autodl-tmp/datasets/derived/construction_ppe3_canonical_v1_20260804_172437/images/all/val__image654.jpg,/root/autodl-tmp/datasets/derived/construction_ppe3_canonical_v1_20260804_172437/labels/all/val__image654.txt,7,7,0,07baf23f2e3aacca2805dbe6b4a7d8ad4a895c15a8c5fac9bb87494fc7a9d8ce,hardlink
val,/root/autodl-tmp/datasets/sources/construction-ppe_ultralytics_2025_v1/images/val/image656.jpg,/root/autodl-tmp/datasets/sources/construction-ppe_ultralytics_2025_v1/labels/val/image656.txt,/root/autodl-tmp/datasets/derived/construction_ppe3_canonical_v1_20260804_172437/images/all/val__image656.jpg,/root/autodl-tmp/datasets/derived/construction_ppe3_canonical_v1_20260804_172437/labels/all/val__image656.txt,2,2,0,305b8962aaacf5311af7a1e66e237ca97ab1561eb71329506f6b0326992162ae,hardlink
val,/root/autodl-tmp/datasets/sources/construction-ppe_ultralytics_2025_v1/images/val/image660.jpg,/root/autodl-tmp/datasets/sources/construction-ppe_ultralytics_2025_v1/labels/val/image660.txt,/root/autodl-tmp/datasets/derived/construction_ppe3_canonical_v1_20260804_172437/images/all/val__image660.jpg,/root/autodl-tmp/datasets/derived/construction_ppe3_canonical_v1_20260804_172437/labels/all/val__image660.txt,4,3,1,25b3d9ea057fdb286c2ae7d165f9c3eda4b3c9cac896ea620a2b7dc93b0b3caf,hardlink
val,/root/autodl-tmp/datasets/sources/construction-ppe_ultralytics_2025_v1/images/val/image666.jpg,/root/autodl-tmp/datasets/sources/construction-ppe_ultralytics_2025_v1/labels/val/image666.txt,/root/autodl-tmp/datasets/derived/construction_ppe3_canonical_v1_20260804_172437/images/all/val__image666.jpg,/root/autodl-tmp/datasets/derived/construction_ppe3_canonical_v1_20260804_172437/labels/all/val__image666.txt,3,3,0,d8b86f11f8c1ddc4abfbe77a73120819ac269ea9fe036d3f87aaf6b098fe48d5,hardlink
val,/root/autodl-tmp/datasets/sources/construction-ppe_ultralytics_2025_v1/images/val/image669.jpg,/root/autodl-tmp/datasets/sources/construction-ppe_ultralytics_2025_v1/labels/val/image669.txt,/root/autodl-tmp/datasets/derived/construction_ppe3_canonical_v1_20260804_172437/images/all/val__image669.jpg,/root/autodl-tmp/datasets/derived/construction_ppe3_canonical_v1_20260804_172437/labels/all/val__image669.txt,7,3,4,9542dc7eb744083d0a22da4a150fb6371d6610f017ede9ef22988f89a8db07a2,hardlink
val,/root/autodl-tmp/datasets/sources/construction-ppe_ultralytics_2025_v1/images/val/image670.jpg,/root/autodl-tmp/datasets/sources/construction-ppe_ultralytics_2025_v1/labels/val/image670.txt,/root/autodl-tmp/datasets/derived/construction_ppe3_canonical_v1_20260804_172437/images/all/val__image670.jpg,/root/autodl-tmp/datasets/derived/construction_ppe3_canonical_v1_20260804_172437/labels/all/val__image670.txt,7,3,4,7475975988f9326403cf24f078b7c091f4f2eab39774d23575b0e01fe678e89c,hardlink
val,/root/autodl-tmp/datasets/sources/construction-ppe_ultralytics_2025_v1/images/val/image674.jpg,/root/autodl-tmp/datasets/sources/construction-ppe_ultralytics_2025_v1/labels/val/image674.txt,/root/autodl-tmp/datasets/derived/construction_ppe3_canonical_v1_20260804_172437/images/all/val__image674.jpg,/root/autodl-tmp/datasets/derived/construction_ppe3_canonical_v1_20260804_172437/labels/all/val__image674.txt,7,3,4,0eac08089d914d8f83b8c6f772b6b7cedb214fd9335f0fb8d63731bd71ab0fbd,hardlink
val,/root/autodl-tmp/datasets/sources/construction-ppe_ultralytics_2025_v1/images/val/image680.jpg,/root/autodl-tmp/datasets/sources/construction-ppe_ultralytics_2025_v1/labels/val/image680.txt,/root/autodl-tmp/datasets/derived/construction_ppe3_canonical_v1_20260804_172437/images/all/val__image680.jpg,/root/autodl-tmp/datasets/derived/construction_ppe3_canonical_v1_20260804_172437/labels/all/val__image680.txt,3,3,0,b24aa39a42350cfd0762bb5d4d4153fab054203517ee82a5a32ebd7ddb3712b6,hardlink
val,/root/autodl-tmp/datasets/sources/construction-ppe_ultralytics_2025_v1/images/val/image686.jpeg,/root/autodl-tmp/datasets/sources/construction-ppe_ultralytics_2025_v1/labels/val/image686.txt,/root/autodl-tmp/datasets/derived/construction_ppe3_canonical_v1_20260804_172437/images/all/val__image686.jpeg,/root/autodl-tmp/datasets/derived/construction_ppe3_canonical_v1_20260804_172437/labels/all/val__image686.txt,3,2,1,e6f8ec5e8b376c5e27ed05c69ed854d2ebb62d04019c71cb25d8d4188be2b359,hardlink
val,/root/autodl-tmp/datasets/sources/construction-ppe_ultralytics_2025_v1/images/val/image698.jpg,/root/autodl-tmp/datasets/sources/construction-ppe_ultralytics_2025_v1/labels/val/image698.txt,/root/autodl-tmp/datasets/derived/construction_ppe3_canonical_v1_20260804_172437/images/all/val__image698.jpg,/root/autodl-tmp/datasets/derived/construction_ppe3_canonical_v1_20260804_172437/labels/all/val__image698.txt,8,5,3,b6b5d960751c073c5793aa22b72e8957b365209770d20bb5a9bad9b4dc9645bd,hardlink
val,/root/autodl-tmp/datasets/sources/construction-ppe_ultralytics_2025_v1/images/val/image705.jpg,/root/autodl-tmp/datasets/sources/construction-ppe_ultralytics_2025_v1/labels/val/image705.txt,/root/autodl-tmp/datasets/derived/construction_ppe3_canonical_v1_20260804_172437/images/all/val__image705.jpg,/root/autodl-tmp/datasets/derived/construction_ppe3_canonical_v1_20260804_172437/labels/all/val__image705.txt,4,2,2,0b72cfc1a70c64910a80c302eba558ba1a4a70e8a29e7b1cf0051cad48ce6beb,hardlink
val,/root/autodl-tmp/datasets/sources/construction-ppe_ultralytics_2025_v1/images/val/image709.jpg,/root/autodl-tmp/datasets/sources/construction-ppe_ultralytics_2025_v1/labels/val/image709.txt,/root/autodl-tmp/datasets/derived/construction_ppe3_canonical_v1_20260804_172437/images/all/val__image709.jpg,/root/autodl-tmp/datasets/derived/construction_ppe3_canonical_v1_20260804_172437/labels/all/val__image709.txt,7,3,4,acd89659a7228b8e5a43485c93e5445e2f863411fe4e924a172a8922020b0914,hardlink
val,/root/autodl-tmp/datasets/sources/construction-ppe_ultralytics_2025_v1/images/val/image719.jpg,/root/autodl-tmp/datasets/sources/construction-ppe_ultralytics_2025_v1/labels/val/image719.txt,/root/autodl-tmp/datasets/derived/construction_ppe3_canonical_v1_20260804_172437/images/all/val__image719.jpg,/root/autodl-tmp/datasets/derived/construction_ppe3_canonical_v1_20260804_172437/labels/all/val__image719.txt,4,2,2,b6b6706eefef6dcefd9b05dc8a08af9e90739175863f4ee747df08cb20be5e7c,hardlink
val,/root/autodl-tmp/datasets/sources/construction-ppe_ultralytics_2025_v1/images/val/image74.jpeg,/root/autodl-tmp/datasets/sources/construction-ppe_ultralytics_2025_v1/labels/val/image74.txt,/root/autodl-tmp/datasets/derived/construction_ppe3_canonical_v1_20260804_172437/images/all/val__image74.jpeg,/root/autodl-tmp/datasets/derived/construction_ppe3_canonical_v1_20260804_172437/labels/all/val__image74.txt,2,2,0,311eaf1b84b37f5b659aea1286431a7f4a0d3aa685f92cc22c0fcbecc91e995a,hardlink
val,/root/autodl-tmp/datasets/sources/construction-ppe_ultralytics_2025_v1/images/val/image742.jpeg,/root/autodl-tmp/datasets/sources/construction-ppe_ultralytics_2025_v1/labels/val/image742.txt,/root/autodl-tmp/datasets/derived/construction_ppe3_canonical_v1_20260804_172437/images/all/val__image742.jpeg,/root/autodl-tmp/datasets/derived/construction_ppe3_canonical_v1_20260804_172437/labels/all/val__image742.txt,5,3,2,4f2e0401cdeae3c697ae0b5fec77282ea0d5fbabf4862cc577b516117416411d,hardlink
val,/root/autodl-tmp/datasets/sources/construction-ppe_ultralytics_2025_v1/images/val/image749.jpg,/root/autodl-tmp/datasets/sources/construction-ppe_ultralytics_2025_v1/labels/val/image749.txt,/root/autodl-tmp/datasets/derived/construction_ppe3_canonical_v1_20260804_172437/images/all/val__image749.jpg,/root/autodl-tmp/datasets/derived/construction_ppe3_canonical_v1_20260804_172437/labels/all/val__image749.txt,6,5,1,ac5dafafcf18a42e44cb11740beb6897b8d9b1ba588916838debb9b54d976cb7,hardlink
val,/root/autodl-tmp/datasets/sources/construction-ppe_ultralytics_2025_v1/images/val/image759.jpg,/root/autodl-tmp/datasets/sources/construction-ppe_ultralytics_2025_v1/labels/val/image759.txt,/root/autodl-tmp/datasets/derived/construction_ppe3_canonical_v1_20260804_172437/images/all/val__image759.jpg,/root/autodl-tmp/datasets/derived/construction_ppe3_canonical_v1_20260804_172437/labels/all/val__image759.txt,4,3,1,84a33600169562a763fe9e04ed1c4b030244007b3c9c7ec6aa651a0e094651fa,hardlink
val,/root/autodl-tmp/datasets/sources/construction-ppe_ultralytics_2025_v1/images/val/image762.jpg,/root/autodl-tmp/datasets/sources/construction-ppe_ultralytics_2025_v1/labels/val/image762.txt,/root/autodl-tmp/datasets/derived/construction_ppe3_canonical_v1_20260804_172437/images/all/val__image762.jpg,/root/autodl-tmp/datasets/derived/construction_ppe3_canonical_v1_20260804_172437/labels/all/val__image762.txt,6,3,3,66d4c6ac0b7abeb1626af0f1aee5959c9bc502ba1ac91a91873a1771f31316c5,hardlink
val,/root/autodl-tmp/datasets/sources/construction-ppe_ultralytics_2025_v1/images/val/image763.jpg,/root/autodl-tmp/datasets/sources/construction-ppe_ultralytics_2025_v1/labels/val/image763.txt,/root/autodl-tmp/datasets/derived/construction_ppe3_canonical_v1_20260804_172437/images/all/val__image763.jpg,/root/autodl-tmp/datasets/derived/construction_ppe3_canonical_v1_20260804_172437/labels/all/val__image763.txt,6,3,3,af8a767fb0a3b429f3e534f27239f6189745ddb7a9d477d6a739a4daaeaa9d5f,hardlink
val,/root/autodl-tmp/datasets/sources/construction-ppe_ultralytics_2025_v1/images/val/image767.jpg,/root/autodl-tmp/datasets/sources/construction-ppe_ultralytics_2025_v1/labels/val/image767.txt,/root/autodl-tmp/datasets/derived/construction_ppe3_canonical_v1_20260804_172437/images/all/val__image767.jpg,/root/autodl-tmp/datasets/derived/construction_ppe3_canonical_v1_20260804_172437/labels/all/val__image767.txt,3,3,0,09f764882f4fd752c63c760296a00346e28e0c83e7aac742deede0e70c0ab8fd,hardlink
val,/root/autodl-tmp/datasets/sources/construction-ppe_ultralytics_2025_v1/images/val/image771.jpg,/root/autodl-tmp/datasets/sources/construction-ppe_ultralytics_2025_v1/labels/val/image771.txt,/root/autodl-tmp/datasets/derived/construction_ppe3_canonical_v1_20260804_172437/images/all/val__image771.jpg,/root/autodl-tmp/datasets/derived/construction_ppe3_canonical_v1_20260804_172437/labels/all/val__image771.txt,13,5,8,cd67373f96e51b6bda28c5001079555760514fb452e52a1e5f2bc541b66972b9,hardlink
val,/root/autodl-tmp/datasets/sources/construction-ppe_ultralytics_2025_v1/images/val/image798.jpg,/root/autodl-tmp/datasets/sources/construction-ppe_ultralytics_2025_v1/labels/val/image798.txt,/root/autodl-tmp/datasets/derived/construction_ppe3_canonical_v1_20260804_172437/images/all/val__image798.jpg,/root/autodl-tmp/datasets/derived/construction_ppe3_canonical_v1_20260804_172437/labels/all/val__image798.txt,7,3,4,76adf700356a62b2d5ebb8a7edc19822b92b0f2cfe4288259a269bd7f948c2b7,hardlink
val,/root/autodl-tmp/datasets/sources/construction-ppe_ultralytics_2025_v1/images/val/image804.jpg,/root/autodl-tmp/datasets/sources/construction-ppe_ultralytics_2025_v1/labels/val/image804.txt,/root/autodl-tmp/datasets/derived/construction_ppe3_canonical_v1_20260804_172437/images/all/val__image804.jpg,/root/autodl-tmp/datasets/derived/construction_ppe3_canonical_v1_20260804_172437/labels/all/val__image804.txt,31,15,16,1a79b5ed521359a40a3f587a620a346581d1a740caace17999f93628f833346b,hardlink
val,/root/autodl-tmp/datasets/sources/construction-ppe_ultralytics_2025_v1/images/val/image808.jpg,/root/autodl-tmp/datasets/sources/construction-ppe_ultralytics_2025_v1/labels/val/image808.txt,/root/autodl-tmp/datasets/derived/construction_ppe3_canonical_v1_20260804_172437/images/all/val__image808.jpg,/root/autodl-tmp/datasets/derived/construction_ppe3_canonical_v1_20260804_172437/labels/all/val__image808.txt,8,6,2,9b926cbbec6d35fd7ee05c42b7dbf371eebe5c003d3df0abad6f9a6243395ed0,hardlink
val,/root/autodl-tmp/datasets/sources/construction-ppe_ultralytics_2025_v1/images/val/image824.jpg,/root/autodl-tmp/datasets/sources/construction-ppe_ultralytics_2025_v1/labels/val/image824.txt,/root/autodl-tmp/datasets/derived/construction_ppe3_canonical_v1_20260804_172437/images/all/val__image824.jpg,/root/autodl-tmp/datasets/derived/construction_ppe3_canonical_v1_20260804_172437/labels/all/val__image824.txt,2,2,0,d29a9c05b2d3c6a06ccb26bed9eb8e4808d1e51463b59ada064a8adae4e86805,hardlink
val,/root/autodl-tmp/datasets/sources/construction-ppe_ultralytics_2025_v1/images/val/image826.jpg,/root/autodl-tmp/datasets/sources/construction-ppe_ultralytics_2025_v1/labels/val/image826.txt,/root/autodl-tmp/datasets/derived/construction_ppe3_canonical_v1_20260804_172437/images/all/val__image826.jpg,/root/autodl-tmp/datasets/derived/construction_ppe3_canonical_v1_20260804_172437/labels/all/val__image826.txt,2,2,0,64b77518d5c65fc26ab0a78df1859d00f5a66508dff8d84936091fc510be7f29,hardlink
val,/root/autodl-tmp/datasets/sources/construction-ppe_ultralytics_2025_v1/images/val/image852.jpeg,/root/autodl-tmp/datasets/sources/construction-ppe_ultralytics_2025_v1/labels/val/image852.txt,/root/autodl-tmp/datasets/derived/construction_ppe3_canonical_v1_20260804_172437/images/all/val__image852.jpeg,/root/autodl-tmp/datasets/derived/construction_ppe3_canonical_v1_20260804_172437/labels/all/val__image852.txt,5,3,2,33e7d14d10b85d60135d393faa3f39651918aebc7203c64cc821e05255479248,hardlink
val,/root/autodl-tmp/datasets/sources/construction-ppe_ultralytics_2025_v1/images/val/image867.jpg,/root/autodl-tmp/datasets/sources/construction-ppe_ultralytics_2025_v1/labels/val/image867.txt,/root/autodl-tmp/datasets/derived/construction_ppe3_canonical_v1_20260804_172437/images/all/val__image867.jpg,/root/autodl-tmp/datasets/derived/construction_ppe3_canonical_v1_20260804_172437/labels/all/val__image867.txt,8,3,5,6d7539ee777383a27c859f7ce06bd54a36f971efaadded03849a774aca0dafae,hardlink
val,/root/autodl-tmp/datasets/sources/construction-ppe_ultralytics_2025_v1/images/val/image868.jpg,/root/autodl-tmp/datasets/sources/construction-ppe_ultralytics_2025_v1/labels/val/image868.txt,/root/autodl-tmp/datasets/derived/construction_ppe3_canonical_v1_20260804_172437/images/all/val__image868.jpg,/root/autodl-tmp/datasets/derived/construction_ppe3_canonical_v1_20260804_172437/labels/all/val__image868.txt,8,3,5,4d5441865a8b04c1391bfc35957555e28cb68530ff8fac503e0e4d8e9653addd,hardlink
val,/root/autodl-tmp/datasets/sources/construction-ppe_ultralytics_2025_v1/images/val/image876.jpg,/root/autodl-tmp/datasets/sources/construction-ppe_ultralytics_2025_v1/labels/val/image876.txt,/root/autodl-tmp/datasets/derived/construction_ppe3_canonical_v1_20260804_172437/images/all/val__image876.jpg,/root/autodl-tmp/datasets/derived/construction_ppe3_canonical_v1_20260804_172437/labels/all/val__image876.txt,7,3,4,880b18e2afb46aee1bcc358b7d08a20e3174fbb85be4b596b62e6da99dfcb875,hardlink
val,/root/autodl-tmp/datasets/sources/construction-ppe_ultralytics_2025_v1/images/val/image885.jpg,/root/autodl-tmp/datasets/sources/construction-ppe_ultralytics_2025_v1/labels/val/image885.txt,/root/autodl-tmp/datasets/derived/construction_ppe3_canonical_v1_20260804_172437/images/all/val__image885.jpg,/root/autodl-tmp/datasets/derived/construction_ppe3_canonical_v1_20260804_172437/labels/all/val__image885.txt,8,3,5,11e217fbd3326aa7ef0ab0a04f1b9f18f071a1005d8890fdf03a4c7967cdd4c8,hardlink
val,/root/autodl-tmp/datasets/sources/construction-ppe_ultralytics_2025_v1/images/val/image896.jpg,/root/autodl-tmp/datasets/sources/construction-ppe_ultralytics_2025_v1/labels/val/image896.txt,/root/autodl-tmp/datasets/derived/construction_ppe3_canonical_v1_20260804_172437/images/all/val__image896.jpg,/root/autodl-tmp/datasets/derived/construction_ppe3_canonical_v1_20260804_172437/labels/all/val__image896.txt,8,3,5,afb47775f2793f24459fb9e2de7392dfcd954e5a59001d30bd66e7a958490a73,hardlink
val,/root/autodl-tmp/datasets/sources/construction-ppe_ultralytics_2025_v1/images/val/image897.jpeg,/root/autodl-tmp/datasets/sources/construction-ppe_ultralytics_2025_v1/labels/val/image897.txt,/root/autodl-tmp/datasets/derived/construction_ppe3_canonical_v1_20260804_172437/images/all/val__image897.jpeg,/root/autodl-tmp/datasets/derived/construction_ppe3_canonical_v1_20260804_172437/labels/all/val__image897.txt,6,6,0,290be0fa63c6a7a2c93b4bb6bb4a632477082e961ee7f6b35d4932cd2ad8b36a,hardlink
val,/root/autodl-tmp/datasets/sources/construction-ppe_ultralytics_2025_v1/images/val/image9.jpg,/root/autodl-tmp/datasets/sources/construction-ppe_ultralytics_2025_v1/labels/val/image9.txt,/root/autodl-tmp/datasets/derived/construction_ppe3_canonical_v1_20260804_172437/images/all/val__image9.jpg,/root/autodl-tmp/datasets/derived/construction_ppe3_canonical_v1_20260804_172437/labels/all/val__image9.txt,6,3,3,b4112b2f221f41acc9dc345f70aad53bd23428583e2a68cb27e38882ba25af33,hardlink
val,/root/autodl-tmp/datasets/sources/construction-ppe_ultralytics_2025_v1/images/val/image933.jpg,/root/autodl-tmp/datasets/sources/construction-ppe_ultralytics_2025_v1/labels/val/image933.txt,/root/autodl-tmp/datasets/derived/construction_ppe3_canonical_v1_20260804_172437/images/all/val__image933.jpg,/root/autodl-tmp/datasets/derived/construction_ppe3_canonical_v1_20260804_172437/labels/all/val__image933.txt,8,3,5,87abcf35986cf155ab90fc57fe5dc73b49a07baf0e0d3a20c99390c05ec0c805,hardlink
val,/root/autodl-tmp/datasets/sources/construction-ppe_ultralytics_2025_v1/images/val/image942.jpg,/root/autodl-tmp/datasets/sources/construction-ppe_ultralytics_2025_v1/labels/val/image942.txt,/root/autodl-tmp/datasets/derived/construction_ppe3_canonical_v1_20260804_172437/images/all/val__image942.jpg,/root/autodl-tmp/datasets/derived/construction_ppe3_canonical_v1_20260804_172437/labels/all/val__image942.txt,8,3,5,be57e4ca67e646e120ca1c3511238ee542c4a25e7023e2c10c3e2386ed152817,hardlink
val,/root/autodl-tmp/datasets/sources/construction-ppe_ultralytics_2025_v1/images/val/image955.jpg,/root/autodl-tmp/datasets/sources/construction-ppe_ultralytics_2025_v1/labels/val/image955.txt,/root/autodl-tmp/datasets/derived/construction_ppe3_canonical_v1_20260804_172437/images/all/val__image955.jpg,/root/autodl-tmp/datasets/derived/construction_ppe3_canonical_v1_20260804_172437/labels/all/val__image955.txt,8,3,5,ad591fd1beefa8aa1df88007994d6579ed4f042300b1759c6ea5205ce847b802,hardlink
val,/root/autodl-tmp/datasets/sources/construction-ppe_ultralytics_2025_v1/images/val/image961.jpeg,/root/autodl-tmp/datasets/sources/construction-ppe_ultralytics_2025_v1/labels/val/image961.txt,/root/autodl-tmp/datasets/derived/construction_ppe3_canonical_v1_20260804_172437/images/all/val__image961.jpeg,/root/autodl-tmp/datasets/derived/construction_ppe3_canonical_v1_20260804_172437/labels/all/val__image961.txt,4,3,1,c429a3a349cfc31ad92ecce974957f7447bfc02136b1b4da656409c46758dd6e,hardlink
val,/root/autodl-tmp/datasets/sources/construction-ppe_ultralytics_2025_v1/images/val/image981.jpeg,/root/autodl-tmp/datasets/sources/construction-ppe_ultralytics_2025_v1/labels/val/image981.txt,/root/autodl-tmp/datasets/derived/construction_ppe3_canonical_v1_20260804_172437/images/all/val__image981.jpeg,/root/autodl-tmp/datasets/derived/construction_ppe3_canonical_v1_20260804_172437/labels/all/val__image981.txt,8,2,6,7f511a022cd162fa1e6307f4bdcdca85467ed8f060c69eb64b4ace8f55e78a67,hardlink
val,/root/autodl-tmp/datasets/sources/construction-ppe_ultralytics_2025_v1/images/val/image989.jpg,/root/autodl-tmp/datasets/sources/construction-ppe_ultralytics_2025_v1/labels/val/image989.txt,/root/autodl-tmp/datasets/derived/construction_ppe3_canonical_v1_20260804_172437/images/all/val__image989.jpg,/root/autodl-tmp/datasets/derived/construction_ppe3_canonical_v1_20260804_172437/labels/all/val__image989.txt,5,3,2,e01bf75987316ec54c6bfe103f502f7f1d067d54df6f803ac9e11136d7c90024,hardlink
val,/root/autodl-tmp/datasets/sources/construction-ppe_ultralytics_2025_v1/images/val/image997.jpg,/root/autodl-tmp/datasets/sources/construction-ppe_ultralytics_2025_v1/labels/val/image997.txt,/root/autodl-tmp/datasets/derived/construction_ppe3_canonical_v1_20260804_172437/images/all/val__image997.jpg,/root/autodl-tmp/datasets/derived/construction_ppe3_canonical_v1_20260804_172437/labels/all/val__image997.txt,8,3,5,9f1b5b8ab1876eba4647db201fa4a341832f94f53646c698f658a8e78fcf8880,hardlink
test,/root/autodl-tmp/datasets/sources/construction-ppe_ultralytics_2025_v1/images/test/image1.jpeg,/root/autodl-tmp/datasets/sources/construction-ppe_ultralytics_2025_v1/labels/test/image1.txt,/root/autodl-tmp/datasets/derived/construction_ppe3_canonical_v1_20260804_172437/images/all/test__image1.jpeg,/root/autodl-tmp/datasets/derived/construction_ppe3_canonical_v1_20260804_172437/labels/all/test__image1.txt,5,4,1,fc1c0ef16712655f3eda7f709141d980b7e1deab06c18b4a4cea51eff7a403db,hardlink
test,/root/autodl-tmp/datasets/sources/construction-ppe_ultralytics_2025_v1/images/test/image10.jpeg,/root/autodl-tmp/datasets/sources/construction-ppe_ultralytics_2025_v1/labels/test/image10.txt,/root/autodl-tmp/datasets/derived/construction_ppe3_canonical_v1_20260804_172437/images/all/test__image10.jpeg,/root/autodl-tmp/datasets/derived/construction_ppe3_canonical_v1_20260804_172437/labels/all/test__image10.txt,6,6,0,ae293c38ac2c443941b7c35f3821204c496da86cdd27a0ee7a3373b862f7ef9d,hardlink
test,/root/autodl-tmp/datasets/sources/construction-ppe_ultralytics_2025_v1/images/test/image1003.jpg,/root/autodl-tmp/datasets/sources/construction-ppe_ultralytics_2025_v1/labels/test/image1003.txt,/root/autodl-tmp/datasets/derived/construction_ppe3_canonical_v1_20260804_172437/images/all/test__image1003.jpg,/root/autodl-tmp/datasets/derived/construction_ppe3_canonical_v1_20260804_172437/labels/all/test__image1003.txt,7,3,4,132e642eeaa562bab24041d09be4826644b2a3b3e09d47a72e45596a0bdc6fd1,hardlink
test,/root/autodl-tmp/datasets/sources/construction-ppe_ultralytics_2025_v1/images/test/image1007.jpg,/root/autodl-tmp/datasets/sources/construction-ppe_ultralytics_2025_v1/labels/test/image1007.txt,/root/autodl-tmp/datasets/derived/construction_ppe3_canonical_v1_20260804_172437/images/all/test__image1007.jpg,/root/autodl-tmp/datasets/derived/construction_ppe3_canonical_v1_20260804_172437/labels/all/test__image1007.txt,8,3,5,ae8c8e6d469d0d97b0ed1cbb23f877c678255ef115f6d8a54bd563ffafef51e7,hardlink
test,/root/autodl-tmp/datasets/sources/construction-ppe_ultralytics_2025_v1/images/test/image1009.jpg,/root/autodl-tmp/datasets/sources/construction-ppe_ultralytics_2025_v1/labels/test/image1009.txt,/root/autodl-tmp/datasets/derived/construction_ppe3_canonical_v1_20260804_172437/images/all/test__image1009.jpg,/root/autodl-tmp/datasets/derived/construction_ppe3_canonical_v1_20260804_172437/labels/all/test__image1009.txt,5,3,2,6e18fcd07f54e1957cd224f0b50620fc5854c158e2cdc036ea1f457ead1e2949,hardlink
test,/root/autodl-tmp/datasets/sources/construction-ppe_ultralytics_2025_v1/images/test/image1014.jpg,/root/autodl-tmp/datasets/sources/construction-ppe_ultralytics_2025_v1/labels/test/image1014.txt,/root/autodl-tmp/datasets/derived/construction_ppe3_canonical_v1_20260804_172437/images/all/test__image1014.jpg,/root/autodl-tmp/datasets/derived/construction_ppe3_canonical_v1_20260804_172437/labels/all/test__image1014.txt,8,3,5,78d9ba7fc58a93e0bbbfc6bb6277071654809fa960960951b9b32327290b672b,hardlink
test,/root/autodl-tmp/datasets/sources/construction-ppe_ultralytics_2025_v1/images/test/image1019.jpg,/root/autodl-tmp/datasets/sources/construction-ppe_ultralytics_2025_v1/labels/test/image1019.txt,/root/autodl-tmp/datasets/derived/construction_ppe3_canonical_v1_20260804_172437/images/all/test__image1019.jpg,/root/autodl-tmp/datasets/derived/construction_ppe3_canonical_v1_20260804_172437/labels/all/test__image1019.txt,7,3,4,8e8d10e08fd6294ebd35112209d2c26981f96019766eada244a2ccd4517fbc66,hardlink
test,/root/autodl-tmp/datasets/sources/construction-ppe_ultralytics_2025_v1/images/test/image1023.jpg,/root/autodl-tmp/datasets/sources/construction-ppe_ultralytics_2025_v1/labels/test/image1023.txt,/root/autodl-tmp/datasets/derived/construction_ppe3_canonical_v1_20260804_172437/images/all/test__image1023.jpg,/root/autodl-tmp/datasets/derived/construction_ppe3_canonical_v1_20260804_172437/labels/all/test__image1023.txt,8,3,5,3eecfcad3555403ef85b9ace3e28796d5c216804986950e9777d4de6e9647fc8,hardlink
test,/root/autodl-tmp/datasets/sources/construction-ppe_ultralytics_2025_v1/images/test/image1037.jpeg,/root/autodl-tmp/datasets/sources/construction-ppe_ultralytics_2025_v1/labels/test/image1037.txt,/root/autodl-tmp/datasets/derived/construction_ppe3_canonical_v1_20260804_172437/images/all/test__image1037.jpeg,/root/autodl-tmp/datasets/derived/construction_ppe3_canonical_v1_20260804_172437/labels/all/test__image1037.txt,25,18,7,6c450b2f0d7642b79f95f1568c6699242e5541a3ef666bd2569a609178f5c070,hardlink
test,/root/autodl-tmp/datasets/sources/construction-ppe_ultralytics_2025_v1/images/test/image1065.jpg,/root/autodl-tmp/datasets/sources/construction-ppe_ultralytics_2025_v1/labels/test/image1065.txt,/root/autodl-tmp/datasets/derived/construction_ppe3_canonical_v1_20260804_172437/images/all/test__image1065.jpg,/root/autodl-tmp/datasets/derived/construction_ppe3_canonical_v1_20260804_172437/labels/all/test__image1065.txt,8,3,5,e53bbc1f867306c241162d24e3f402c17664187b57b60c84f27e1f417b54d110,hardlink
test,/root/autodl-tmp/datasets/sources/construction-ppe_ultralytics_2025_v1/images/test/image1074.jpg,/root/autodl-tmp/datasets/sources/construction-ppe_ultralytics_2025_v1/labels/test/image1074.txt,/root/autodl-tmp/datasets/derived/construction_ppe3_canonical_v1_20260804_172437/images/all/test__image1074.jpg,/root/autodl-tmp/datasets/derived/construction_ppe3_canonical_v1_20260804_172437/labels/all/test__image1074.txt,8,3,5,93f57c0b653474740b82638024f0ae8b0ecbb68f2eb89d09fdbf68cc7298abc6,hardlink
test,/root/autodl-tmp/datasets/sources/construction-ppe_ultralytics_2025_v1/images/test/image1076.jpg,/root/autodl-tmp/datasets/sources/construction-ppe_ultralytics_2025_v1/labels/test/image1076.txt,/root/autodl-tmp/datasets/derived/construction_ppe3_canonical_v1_20260804_172437/images/all/test__image1076.jpg,/root/autodl-tmp/datasets/derived/construction_ppe3_canonical_v1_20260804_172437/labels/all/test__image1076.txt,8,3,5,2ecb59ad18c49a4f7bc8c35ef79006351121588e8af792847d217b2b53fec72e,hardlink
test,/root/autodl-tmp/datasets/sources/construction-ppe_ultralytics_2025_v1/images/test/image1088.jpg,/root/autodl-tmp/datasets/sources/construction-ppe_ultralytics_2025_v1/labels/test/image1088.txt,/root/autodl-tmp/datasets/derived/construction_ppe3_canonical_v1_20260804_172437/images/all/test__image1088.jpg,/root/autodl-tmp/datasets/derived/construction_ppe3_canonical_v1_20260804_172437/labels/all/test__image1088.txt,8,3,5,14a41d47a6791fc5a39a6c930d64a77609ff539d54c3612f2cb05920ca2b060a,hardlink
test,/root/autodl-tmp/datasets/sources/construction-ppe_ultralytics_2025_v1/images/test/image1089.jpg,/root/autodl-tmp/datasets/sources/construction-ppe_ultralytics_2025_v1/labels/test/image1089.txt,/root/autodl-tmp/datasets/derived/construction_ppe3_canonical_v1_20260804_172437/images/all/test__image1089.jpg,/root/autodl-tmp/datasets/derived/construction_ppe3_canonical_v1_20260804_172437/labels/all/test__image1089.txt,8,3,5,be5fa8295614f473d62005a25d5ac93c668ad02d99173741b594a332ff691640,hardlink
test,/root/autodl-tmp/datasets/sources/construction-ppe_ultralytics_2025_v1/images/test/image110.jpg,/root/autodl-tmp/datasets/sources/construction-ppe_ultralytics_2025_v1/labels/test/image110.txt,/root/autodl-tmp/datasets/derived/construction_ppe3_canonical_v1_20260804_172437/images/all/test__image110.jpg,/root/autodl-tmp/datasets/derived/construction_ppe3_canonical_v1_20260804_172437/labels/all/test__image110.txt,10,8,2,ae0ec0d11b3a028cb284aea9af2f9bdbe3abf8eaacecfd8d6fdbb4beb09f1663,hardlink
test,/root/autodl-tmp/datasets/sources/construction-ppe_ultralytics_2025_v1/images/test/image1111.jpg,/root/autodl-tmp/datasets/sources/construction-ppe_ultralytics_2025_v1/labels/test/image1111.txt,/root/autodl-tmp/datasets/derived/construction_ppe3_canonical_v1_20260804_172437/images/all/test__image1111.jpg,/root/autodl-tmp/datasets/derived/construction_ppe3_canonical_v1_20260804_172437/labels/all/test__image1111.txt,8,3,5,4cf4cea617e7badd64c68c03a6c20df67f1c33800d8531feed3f74f52c53cb27,hardlink
test,/root/autodl-tmp/datasets/sources/construction-ppe_ultralytics_2025_v1/images/test/image1114.jpg,/root/autodl-tmp/datasets/sources/construction-ppe_ultralytics_2025_v1/labels/test/image1114.txt,/root/autodl-tmp/datasets/derived/construction_ppe3_canonical_v1_20260804_172437/images/all/test__image1114.jpg,/root/autodl-tmp/datasets/derived/construction_ppe3_canonical_v1_20260804_172437/labels/all/test__image1114.txt,8,3,5,50b781de0ab7e6a48a253a32e71092a15fad19e50f3b1721a9d088bdf2c996e2,hardlink
test,/root/autodl-tmp/datasets/sources/construction-ppe_ultralytics_2025_v1/images/test/image1120.jpg,/root/autodl-tmp/datasets/sources/construction-ppe_ultralytics_2025_v1/labels/test/image1120.txt,/root/autodl-tmp/datasets/derived/construction_ppe3_canonical_v1_20260804_172437/images/all/test__image1120.jpg,/root/autodl-tmp/datasets/derived/construction_ppe3_canonical_v1_20260804_172437/labels/all/test__image1120.txt,4,1,3,62da23924d7de45be49cf4eecfc8b8aa3a51901e3794320a63e95b13f17b2482,hardlink
test,/root/autodl-tmp/datasets/sources/construction-ppe_ultralytics_2025_v1/images/test/image1125.jpg,/root/autodl-tmp/datasets/sources/construction-ppe_ultralytics_2025_v1/labels/test/image1125.txt,/root/autodl-tmp/datasets/derived/construction_ppe3_canonical_v1_20260804_172437/images/all/test__image1125.jpg,/root/autodl-tmp/datasets/derived/construction_ppe3_canonical_v1_20260804_172437/labels/all/test__image1125.txt,11,3,8,ee1a3255b9c4facffddfd09b37d1b837bf383fccb46215685bbf447d83318314,hardlink
test,/root/autodl-tmp/datasets/sources/construction-ppe_ultralytics_2025_v1/images/test/image1132.jpg,/root/autodl-tmp/datasets/sources/construction-ppe_ultralytics_2025_v1/labels/test/image1132.txt,/root/autodl-tmp/datasets/derived/construction_ppe3_canonical_v1_20260804_172437/images/all/test__image1132.jpg,/root/autodl-tmp/datasets/derived/construction_ppe3_canonical_v1_20260804_172437/labels/all/test__image1132.txt,8,1,7,eba55f595c70a0f4eb5d5ad8eb24309526a3478961bde04cdffd42013cb3d49c,hardlink
test,/root/autodl-tmp/datasets/sources/construction-ppe_ultralytics_2025_v1/images/test/image1133.jpg,/root/autodl-tmp/datasets/sources/construction-ppe_ultralytics_2025_v1/labels/test/image1133.txt,/root/autodl-tmp/datasets/derived/construction_ppe3_canonical_v1_20260804_172437/images/all/test__image1133.jpg,/root/autodl-tmp/datasets/derived/construction_ppe3_canonical_v1_20260804_172437/labels/all/test__image1133.txt,5,1,4,060258f5709aa420d2997e52dd74e39d10c0b7e557fec102c265189122cc5470,hardlink
test,/root/autodl-tmp/datasets/sources/construction-ppe_ultralytics_2025_v1/images/test/image1139.jpg,/root/autodl-tmp/datasets/sources/construction-ppe_ultralytics_2025_v1/labels/test/image1139.txt,/root/autodl-tmp/datasets/derived/construction_ppe3_canonical_v1_20260804_172437/images/all/test__image1139.jpg,/root/autodl-tmp/datasets/derived/construction_ppe3_canonical_v1_20260804_172437/labels/all/test__image1139.txt,6,1,5,37c3d6d3e7fc3eca2315f1734efc5eef32142a1ed9644515f35b6c8fbe45c94b,hardlink
test,/root/autodl-tmp/datasets/sources/construction-ppe_ultralytics_2025_v1/images/test/image1145.jpg,/root/autodl-tmp/datasets/sources/construction-ppe_ultralytics_2025_v1/labels/test/image1145.txt,/root/autodl-tmp/datasets/derived/construction_ppe3_canonical_v1_20260804_172437/images/all/test__image1145.jpg,/root/autodl-tmp/datasets/derived/construction_ppe3_canonical_v1_20260804_172437/labels/all/test__image1145.txt,37,8,29,9d0817c5664de792b7597489828da731fbeff4efeaf800c99a31529dfeca4b98,hardlink
test,/root/autodl-tmp/datasets/sources/construction-ppe_ultralytics_2025_v1/images/test/image1152.jpg,/root/autodl-tmp/datasets/sources/construction-ppe_ultralytics_2025_v1/labels/test/image1152.txt,/root/autodl-tmp/datasets/derived/construction_ppe3_canonical_v1_20260804_172437/images/all/test__image1152.jpg,/root/autodl-tmp/datasets/derived/construction_ppe3_canonical_v1_20260804_172437/labels/all/test__image1152.txt,6,1,5,47dbd51995e1a4e015772599c2e8621fb7ac16ba27671cfc2ca4d16b0841d0be,hardlink
test,/root/autodl-tmp/datasets/sources/construction-ppe_ultralytics_2025_v1/images/test/image116.jpg,/root/autodl-tmp/datasets/sources/construction-ppe_ultralytics_2025_v1/labels/test/image116.txt,/root/autodl-tmp/datasets/derived/construction_ppe3_canonical_v1_20260804_172437/images/all/test__image116.jpg,/root/autodl-tmp/datasets/derived/construction_ppe3_canonical_v1_20260804_172437/labels/all/test__image116.txt,18,12,6,4c51d70924d06f97109d2f18dca18b5bf671b44b2e7657929e86960ea0ad90a7,hardlink
test,/root/autodl-tmp/datasets/sources/construction-ppe_ultralytics_2025_v1/images/test/image1178.jpg,/root/autodl-tmp/datasets/sources/construction-ppe_ultralytics_2025_v1/labels/test/image1178.txt,/root/autodl-tmp/datasets/derived/construction_ppe3_canonical_v1_20260804_172437/images/all/test__image1178.jpg,/root/autodl-tmp/datasets/derived/construction_ppe3_canonical_v1_20260804_172437/labels/all/test__image1178.txt,8,1,7,3bc28965fa683bc4690d79b31d3622da7cf658096b40df6a8565ab55aca7a077,hardlink
test,/root/autodl-tmp/datasets/sources/construction-ppe_ultralytics_2025_v1/images/test/image1205.jpg,/root/autodl-tmp/datasets/sources/construction-ppe_ultralytics_2025_v1/labels/test/image1205.txt,/root/autodl-tmp/datasets/derived/construction_ppe3_canonical_v1_20260804_172437/images/all/test__image1205.jpg,/root/autodl-tmp/datasets/derived/construction_ppe3_canonical_v1_20260804_172437/labels/all/test__image1205.txt,11,3,8,2575f828d948ccea69838fa7b0b7c9411e1f14cace4a93b6f3b4243b6190fc7c,hardlink
test,/root/autodl-tmp/datasets/sources/construction-ppe_ultralytics_2025_v1/images/test/image122.jpeg,/root/autodl-tmp/datasets/sources/construction-ppe_ultralytics_2025_v1/labels/test/image122.txt,/root/autodl-tmp/datasets/derived/construction_ppe3_canonical_v1_20260804_172437/images/all/test__image122.jpeg,/root/autodl-tmp/datasets/derived/construction_ppe3_canonical_v1_20260804_172437/labels/all/test__image122.txt,4,3,1,b26f6bfa9fa36605c1dd87a6a637e31e5af3abd91e6ceff99b7ca1f0805a0f8a,hardlink
test,/root/autodl-tmp/datasets/sources/construction-ppe_ultralytics_2025_v1/images/test/image1229.jpg,/root/autodl-tmp/datasets/sources/construction-ppe_ultralytics_2025_v1/labels/test/image1229.txt,/root/autodl-tmp/datasets/derived/construction_ppe3_canonical_v1_20260804_172437/images/all/test__image1229.jpg,/root/autodl-tmp/datasets/derived/construction_ppe3_canonical_v1_20260804_172437/labels/all/test__image1229.txt,7,1,6,961267191ce57b3075124016aaea9158b26ae2364a78a7bed725695f5b1f739f,hardlink
test,/root/autodl-tmp/datasets/sources/construction-ppe_ultralytics_2025_v1/images/test/image1231.jpg,/root/autodl-tmp/datasets/sources/construction-ppe_ultralytics_2025_v1/labels/test/image1231.txt,/root/autodl-tmp/datasets/derived/construction_ppe3_canonical_v1_20260804_172437/images/all/test__image1231.jpg,/root/autodl-tmp/datasets/derived/construction_ppe3_canonical_v1_20260804_172437/labels/all/test__image1231.txt,11,2,9,df1126344001803e77ccceacfd6fa13ce06454b01803e71aa63a10790fda0bbc,hardlink
test,/root/autodl-tmp/datasets/sources/construction-ppe_ultralytics_2025_v1/images/test/image1235.jpg,/root/autodl-tmp/datasets/sources/construction-ppe_ultralytics_2025_v1/labels/test/image1235.txt,/root/autodl-tmp/datasets/derived/construction_ppe3_canonical_v1_20260804_172437/images/all/test__image1235.jpg,/root/autodl-tmp/datasets/derived/construction_ppe3_canonical_v1_20260804_172437/labels/all/test__image1235.txt,15,2,13,f5b127f1c78c8be9b116ad7446edaeb7d7cc8e39150dc27252c698f3fcb377e8,hardlink
test,/root/autodl-tmp/datasets/sources/construction-ppe_ultralytics_2025_v1/images/test/image1239.jpg,/root/autodl-tmp/datasets/sources/construction-ppe_ultralytics_2025_v1/labels/test/image1239.txt,/root/autodl-tmp/datasets/derived/construction_ppe3_canonical_v1_20260804_172437/images/all/test__image1239.jpg,/root/autodl-tmp/datasets/derived/construction_ppe3_canonical_v1_20260804_172437/labels/all/test__image1239.txt,21,3,18,fccc8b72fa6dab487cf92349fbcf36154690f0abbba61c4981496714fb318a41,hardlink
test,/root/autodl-tmp/datasets/sources/construction-ppe_ultralytics_2025_v1/images/test/image1252.jpg,/root/autodl-tmp/datasets/sources/construction-ppe_ultralytics_2025_v1/labels/test/image1252.txt,/root/autodl-tmp/datasets/derived/construction_ppe3_canonical_v1_20260804_172437/images/all/test__image1252.jpg,/root/autodl-tmp/datasets/derived/construction_ppe3_canonical_v1_20260804_172437/labels/all/test__image1252.txt,5,1,4,f047d86f95a0cfd403261fab3e404ded260eb44fd7743db23ea9f9071816ae57,hardlink
test,/root/autodl-tmp/datasets/sources/construction-ppe_ultralytics_2025_v1/images/test/image1256.jpg,/root/autodl-tmp/datasets/sources/construction-ppe_ultralytics_2025_v1/labels/test/image1256.txt,/root/autodl-tmp/datasets/derived/construction_ppe3_canonical_v1_20260804_172437/images/all/test__image1256.jpg,/root/autodl-tmp/datasets/derived/construction_ppe3_canonical_v1_20260804_172437/labels/all/test__image1256.txt,22,3,19,f8a3ef82ced85b2d2871ee9bb61091aaa953479b16e8cd6c0a7e2b017b275c6f,hardlink
test,/root/autodl-tmp/datasets/sources/construction-ppe_ultralytics_2025_v1/images/test/image1264.jpg,/root/autodl-tmp/datasets/sources/construction-ppe_ultralytics_2025_v1/labels/test/image1264.txt,/root/autodl-tmp/datasets/derived/construction_ppe3_canonical_v1_20260804_172437/images/all/test__image1264.jpg,/root/autodl-tmp/datasets/derived/construction_ppe3_canonical_v1_20260804_172437/labels/all/test__image1264.txt,32,5,27,0032ffc707c407bda80b804124b1f4e782320da56e4c8e2e81b1c477abf9f244,hardlink
test,/root/autodl-tmp/datasets/sources/construction-ppe_ultralytics_2025_v1/images/test/image1270.jpg,/root/autodl-tmp/datasets/sources/construction-ppe_ultralytics_2025_v1/labels/test/image1270.txt,/root/autodl-tmp/datasets/derived/construction_ppe3_canonical_v1_20260804_172437/images/all/test__image1270.jpg,/root/autodl-tmp/datasets/derived/construction_ppe3_canonical_v1_20260804_172437/labels/all/test__image1270.txt,14,3,11,aa31be89e67425278e467066c0098a5e116d06efdb5cd02aec87103172fdbf58,hardlink
test,/root/autodl-tmp/datasets/sources/construction-ppe_ultralytics_2025_v1/images/test/image1276.jpg,/root/autodl-tmp/datasets/sources/construction-ppe_ultralytics_2025_v1/labels/test/image1276.txt,/root/autodl-tmp/datasets/derived/construction_ppe3_canonical_v1_20260804_172437/images/all/test__image1276.jpg,/root/autodl-tmp/datasets/derived/construction_ppe3_canonical_v1_20260804_172437/labels/all/test__image1276.txt,6,1,5,56ea183ba10900f34a9d63bee84ef590096b09a2b914bb841337f700e0856d31,hardlink
test,/root/autodl-tmp/datasets/sources/construction-ppe_ultralytics_2025_v1/images/test/image1292.jpg,/root/autodl-tmp/datasets/sources/construction-ppe_ultralytics_2025_v1/labels/test/image1292.txt,/root/autodl-tmp/datasets/derived/construction_ppe3_canonical_v1_20260804_172437/images/all/test__image1292.jpg,/root/autodl-tmp/datasets/derived/construction_ppe3_canonical_v1_20260804_172437/labels/all/test__image1292.txt,6,1,5,c5254b380ad09b4264ab73a5b04d36732fd30a59a992c7aa182401bcc8c062cb,hardlink
test,/root/autodl-tmp/datasets/sources/construction-ppe_ultralytics_2025_v1/images/test/image1293.jpg,/root/autodl-tmp/datasets/sources/construction-ppe_ultralytics_2025_v1/labels/test/image1293.txt,/root/autodl-tmp/datasets/derived/construction_ppe3_canonical_v1_20260804_172437/images/all/test__image1293.jpg,/root/autodl-tmp/datasets/derived/construction_ppe3_canonical_v1_20260804_172437/labels/all/test__image1293.txt,5,1,4,1f77c61e13720d60903df26b7a85d8c3a0d7aac020ebb0796eae359ea5b7d58a,hardlink
test,/root/autodl-tmp/datasets/sources/construction-ppe_ultralytics_2025_v1/images/test/image1306.jpg,/root/autodl-tmp/datasets/sources/construction-ppe_ultralytics_2025_v1/labels/test/image1306.txt,/root/autodl-tmp/datasets/derived/construction_ppe3_canonical_v1_20260804_172437/images/all/test__image1306.jpg,/root/autodl-tmp/datasets/derived/construction_ppe3_canonical_v1_20260804_172437/labels/all/test__image1306.txt,9,2,7,c721d70e91cb39cc23addd34bf59df64a27df9b20d7cd58eae12fe884b568832,hardlink
test,/root/autodl-tmp/datasets/sources/construction-ppe_ultralytics_2025_v1/images/test/image1330.jpg,/root/autodl-tmp/datasets/sources/construction-ppe_ultralytics_2025_v1/labels/test/image1330.txt,/root/autodl-tmp/datasets/derived/construction_ppe3_canonical_v1_20260804_172437/images/all/test__image1330.jpg,/root/autodl-tmp/datasets/derived/construction_ppe3_canonical_v1_20260804_172437/labels/all/test__image1330.txt,6,1,5,3e396ea9d7f889ff0067fcf3b63dd6530d1812563ca20704558d6ff5a342747e,hardlink
test,/root/autodl-tmp/datasets/sources/construction-ppe_ultralytics_2025_v1/images/test/image1331.jpg,/root/autodl-tmp/datasets/sources/construction-ppe_ultralytics_2025_v1/labels/test/image1331.txt,/root/autodl-tmp/datasets/derived/construction_ppe3_canonical_v1_20260804_172437/images/all/test__image1331.jpg,/root/autodl-tmp/datasets/derived/construction_ppe3_canonical_v1_20260804_172437/labels/all/test__image1331.txt,5,1,4,a7731ba2d930e24b9c07ee2507ed89c5804bf6952c4faf077ed47d2a6a62ebf0,hardlink
test,/root/autodl-tmp/datasets/sources/construction-ppe_ultralytics_2025_v1/images/test/image1332.jpg,/root/autodl-tmp/datasets/sources/construction-ppe_ultralytics_2025_v1/labels/test/image1332.txt,/root/autodl-tmp/datasets/derived/construction_ppe3_canonical_v1_20260804_172437/images/all/test__image1332.jpg,/root/autodl-tmp/datasets/derived/construction_ppe3_canonical_v1_20260804_172437/labels/all/test__image1332.txt,6,1,5,14bbccfc5d146b3f6ee06c644852adaa0eae0e354708a97bf775effcaca8843c,hardlink
test,/root/autodl-tmp/datasets/sources/construction-ppe_ultralytics_2025_v1/images/test/image1344.jpg,/root/autodl-tmp/datasets/sources/construction-ppe_ultralytics_2025_v1/labels/test/image1344.txt,/root/autodl-tmp/datasets/derived/construction_ppe3_canonical_v1_20260804_172437/images/all/test__image1344.jpg,/root/autodl-tmp/datasets/derived/construction_ppe3_canonical_v1_20260804_172437/labels/all/test__image1344.txt,4,1,3,671c488acdff1e89af2873edaba15c02d299a012cbddbe3a43a839eabef44139,hardlink
test,/root/autodl-tmp/datasets/sources/construction-ppe_ultralytics_2025_v1/images/test/image1354.jpg,/root/autodl-tmp/datasets/sources/construction-ppe_ultralytics_2025_v1/labels/test/image1354.txt,/root/autodl-tmp/datasets/derived/construction_ppe3_canonical_v1_20260804_172437/images/all/test__image1354.jpg,/root/autodl-tmp/datasets/derived/construction_ppe3_canonical_v1_20260804_172437/labels/all/test__image1354.txt,13,7,6,747dfa68bd8dc81d91fb76a0b38711d85cce47871f12b5fb8b8cc7b8f9ba192e,hardlink
test,/root/autodl-tmp/datasets/sources/construction-ppe_ultralytics_2025_v1/images/test/image140.jpg,/root/autodl-tmp/datasets/sources/construction-ppe_ultralytics_2025_v1/labels/test/image140.txt,/root/autodl-tmp/datasets/derived/construction_ppe3_canonical_v1_20260804_172437/images/all/test__image140.jpg,/root/autodl-tmp/datasets/derived/construction_ppe3_canonical_v1_20260804_172437/labels/all/test__image140.txt,6,6,0,4b1cb3bd2ae77ebaa914039eb0a8722535954247f18cabe2aa3303851112b0d2,hardlink
test,/root/autodl-tmp/datasets/sources/construction-ppe_ultralytics_2025_v1/images/test/image1406.jpg,/root/autodl-tmp/datasets/sources/construction-ppe_ultralytics_2025_v1/labels/test/image1406.txt,/root/autodl-tmp/datasets/derived/construction_ppe3_canonical_v1_20260804_172437/images/all/test__image1406.jpg,/root/autodl-tmp/datasets/derived/construction_ppe3_canonical_v1_20260804_172437/labels/all/test__image1406.txt,5,1,4,722fe3b3eec76a2cae402895d44a96c0d4758c4735942e0c27cc95fc271ef8d8,hardlink
test,/root/autodl-tmp/datasets/sources/construction-ppe_ultralytics_2025_v1/images/test/image149.jpg,/root/autodl-tmp/datasets/sources/construction-ppe_ultralytics_2025_v1/labels/test/image149.txt,/root/autodl-tmp/datasets/derived/construction_ppe3_canonical_v1_20260804_172437/images/all/test__image149.jpg,/root/autodl-tmp/datasets/derived/construction_ppe3_canonical_v1_20260804_172437/labels/all/test__image149.txt,15,11,4,a805f719d008fa6baf35f8229e1ad35c77d431b996149ba63330651a4fa37aef,hardlink
test,/root/autodl-tmp/datasets/sources/construction-ppe_ultralytics_2025_v1/images/test/image150.jpg,/root/autodl-tmp/datasets/sources/construction-ppe_ultralytics_2025_v1/labels/test/image150.txt,/root/autodl-tmp/datasets/derived/construction_ppe3_canonical_v1_20260804_172437/images/all/test__image150.jpg,/root/autodl-tmp/datasets/derived/construction_ppe3_canonical_v1_20260804_172437/labels/all/test__image150.txt,8,6,2,f3e512ff521ceeceb27fd43816e35b9c49f736835e7b7a66f9e37769ab523c47,hardlink
test,/root/autodl-tmp/datasets/sources/construction-ppe_ultralytics_2025_v1/images/test/image160.jpg,/root/autodl-tmp/datasets/sources/construction-ppe_ultralytics_2025_v1/labels/test/image160.txt,/root/autodl-tmp/datasets/derived/construction_ppe3_canonical_v1_20260804_172437/images/all/test__image160.jpg,/root/autodl-tmp/datasets/derived/construction_ppe3_canonical_v1_20260804_172437/labels/all/test__image160.txt,5,3,2,08c5a64df7439897ae585bc16676de65d586143280883c990b19d851bea66bf4,hardlink
test,/root/autodl-tmp/datasets/sources/construction-ppe_ultralytics_2025_v1/images/test/image161.jpg,/root/autodl-tmp/datasets/sources/construction-ppe_ultralytics_2025_v1/labels/test/image161.txt,/root/autodl-tmp/datasets/derived/construction_ppe3_canonical_v1_20260804_172437/images/all/test__image161.jpg,/root/autodl-tmp/datasets/derived/construction_ppe3_canonical_v1_20260804_172437/labels/all/test__image161.txt,4,3,1,94ef6560070c057240bd39565a53c4acbe11946ad85d01b7843f80862276b461,hardlink
test,/root/autodl-tmp/datasets/sources/construction-ppe_ultralytics_2025_v1/images/test/image167.jpg,/root/autodl-tmp/datasets/sources/construction-ppe_ultralytics_2025_v1/labels/test/image167.txt,/root/autodl-tmp/datasets/derived/construction_ppe3_canonical_v1_20260804_172437/images/all/test__image167.jpg,/root/autodl-tmp/datasets/derived/construction_ppe3_canonical_v1_20260804_172437/labels/all/test__image167.txt,21,12,9,6be703e91675f34ecf6a0620010773b972430fcdf23c0d8ffbbce6b53da3efc9,hardlink
test,/root/autodl-tmp/datasets/sources/construction-ppe_ultralytics_2025_v1/images/test/image168.jpg,/root/autodl-tmp/datasets/sources/construction-ppe_ultralytics_2025_v1/labels/test/image168.txt,/root/autodl-tmp/datasets/derived/construction_ppe3_canonical_v1_20260804_172437/images/all/test__image168.jpg,/root/autodl-tmp/datasets/derived/construction_ppe3_canonical_v1_20260804_172437/labels/all/test__image168.txt,3,3,0,35e830fec2c16d7fb1c81c9edcc6ca886c70dab9639f242d3b1fe0b46064d769,hardlink
test,/root/autodl-tmp/datasets/sources/construction-ppe_ultralytics_2025_v1/images/test/image169.jpg,/root/autodl-tmp/datasets/sources/construction-ppe_ultralytics_2025_v1/labels/test/image169.txt,/root/autodl-tmp/datasets/derived/construction_ppe3_canonical_v1_20260804_172437/images/all/test__image169.jpg,/root/autodl-tmp/datasets/derived/construction_ppe3_canonical_v1_20260804_172437/labels/all/test__image169.txt,4,3,1,9d87ea34191722dfe5760d9ebdeea0c6bd6dc931813aef0ce0507a15082dae85,hardlink
test,/root/autodl-tmp/datasets/sources/construction-ppe_ultralytics_2025_v1/images/test/image180.jpg,/root/autodl-tmp/datasets/sources/construction-ppe_ultralytics_2025_v1/labels/test/image180.txt,/root/autodl-tmp/datasets/derived/construction_ppe3_canonical_v1_20260804_172437/images/all/test__image180.jpg,/root/autodl-tmp/datasets/derived/construction_ppe3_canonical_v1_20260804_172437/labels/all/test__image180.txt,8,4,4,3ba0b07055376f71e0a3b15e2c1fd2e02ceadbc664d20313f178ebd73918057f,hardlink
test,/root/autodl-tmp/datasets/sources/construction-ppe_ultralytics_2025_v1/images/test/image182.jpg,/root/autodl-tmp/datasets/sources/construction-ppe_ultralytics_2025_v1/labels/test/image182.txt,/root/autodl-tmp/datasets/derived/construction_ppe3_canonical_v1_20260804_172437/images/all/test__image182.jpg,/root/autodl-tmp/datasets/derived/construction_ppe3_canonical_v1_20260804_172437/labels/all/test__image182.txt,42,33,9,d2ae0fc65098c16b950c03c1b96eef5988520dc2e27b437a5b6f726c007310eb,hardlink
test,/root/autodl-tmp/datasets/sources/construction-ppe_ultralytics_2025_v1/images/test/image190.jpg,/root/autodl-tmp/datasets/sources/construction-ppe_ultralytics_2025_v1/labels/test/image190.txt,/root/autodl-tmp/datasets/derived/construction_ppe3_canonical_v1_20260804_172437/images/all/test__image190.jpg,/root/autodl-tmp/datasets/derived/construction_ppe3_canonical_v1_20260804_172437/labels/all/test__image190.txt,8,4,4,21c717b3164c3b0efe9f31f9b8cecdc7a38fa7047e4d133bbde035ccd9a447e9,hardlink
test,/root/autodl-tmp/datasets/sources/construction-ppe_ultralytics_2025_v1/images/test/image207.jpg,/root/autodl-tmp/datasets/sources/construction-ppe_ultralytics_2025_v1/labels/test/image207.txt,/root/autodl-tmp/datasets/derived/construction_ppe3_canonical_v1_20260804_172437/images/all/test__image207.jpg,/root/autodl-tmp/datasets/derived/construction_ppe3_canonical_v1_20260804_172437/labels/all/test__image207.txt,7,4,3,79c93d7f1268ff9c73efdc4c9fb3206a40a6bcc5eae8e46d734d389b65683f07,hardlink
test,/root/autodl-tmp/datasets/sources/construction-ppe_ultralytics_2025_v1/images/test/image225.jpg,/root/autodl-tmp/datasets/sources/construction-ppe_ultralytics_2025_v1/labels/test/image225.txt,/root/autodl-tmp/datasets/derived/construction_ppe3_canonical_v1_20260804_172437/images/all/test__image225.jpg,/root/autodl-tmp/datasets/derived/construction_ppe3_canonical_v1_20260804_172437/labels/all/test__image225.txt,5,3,2,7a2994e48f0567402b6b1941a9c3ca5f43e991914f49453e07caeaf0960f6797,hardlink
test,/root/autodl-tmp/datasets/sources/construction-ppe_ultralytics_2025_v1/images/test/image231.jpg,/root/autodl-tmp/datasets/sources/construction-ppe_ultralytics_2025_v1/labels/test/image231.txt,/root/autodl-tmp/datasets/derived/construction_ppe3_canonical_v1_20260804_172437/images/all/test__image231.jpg,/root/autodl-tmp/datasets/derived/construction_ppe3_canonical_v1_20260804_172437/labels/all/test__image231.txt,4,3,1,b0f3010eead0c97684e5c74ea7a25a802813fa643aee68d3c6679124bbe187bd,hardlink
test,/root/autodl-tmp/datasets/sources/construction-ppe_ultralytics_2025_v1/images/test/image241.jpg,/root/autodl-tmp/datasets/sources/construction-ppe_ultralytics_2025_v1/labels/test/image241.txt,/root/autodl-tmp/datasets/derived/construction_ppe3_canonical_v1_20260804_172437/images/all/test__image241.jpg,/root/autodl-tmp/datasets/derived/construction_ppe3_canonical_v1_20260804_172437/labels/all/test__image241.txt,8,3,5,7ff8a9fe6423124551f96a2f8230aceace49d2198609a031169075ebea0ed722,hardlink
test,/root/autodl-tmp/datasets/sources/construction-ppe_ultralytics_2025_v1/images/test/image257.jpg,/root/autodl-tmp/datasets/sources/construction-ppe_ultralytics_2025_v1/labels/test/image257.txt,/root/autodl-tmp/datasets/derived/construction_ppe3_canonical_v1_20260804_172437/images/all/test__image257.jpg,/root/autodl-tmp/datasets/derived/construction_ppe3_canonical_v1_20260804_172437/labels/all/test__image257.txt,8,3,5,84aba63c6f77747e84a12b250127eee7838e76aec251f5dde884c1b78960fbdf,hardlink
test,/root/autodl-tmp/datasets/sources/construction-ppe_ultralytics_2025_v1/images/test/image271.jpg,/root/autodl-tmp/datasets/sources/construction-ppe_ultralytics_2025_v1/labels/test/image271.txt,/root/autodl-tmp/datasets/derived/construction_ppe3_canonical_v1_20260804_172437/images/all/test__image271.jpg,/root/autodl-tmp/datasets/derived/construction_ppe3_canonical_v1_20260804_172437/labels/all/test__image271.txt,8,3,5,6625588378f513b56fb2c561ae5b5deb596481311d289d575016c9a07e3d3176,hardlink
test,/root/autodl-tmp/datasets/sources/construction-ppe_ultralytics_2025_v1/images/test/image287.jpg,/root/autodl-tmp/datasets/sources/construction-ppe_ultralytics_2025_v1/labels/test/image287.txt,/root/autodl-tmp/datasets/derived/construction_ppe3_canonical_v1_20260804_172437/images/all/test__image287.jpg,/root/autodl-tmp/datasets/derived/construction_ppe3_canonical_v1_20260804_172437/labels/all/test__image287.txt,3,3,0,28d04a3266f299f683e5877aed4b4460b97bac4a6445a8eff334d053d5ec3eef,hardlink
test,/root/autodl-tmp/datasets/sources/construction-ppe_ultralytics_2025_v1/images/test/image296.jpg,/root/autodl-tmp/datasets/sources/construction-ppe_ultralytics_2025_v1/labels/test/image296.txt,/root/autodl-tmp/datasets/derived/construction_ppe3_canonical_v1_20260804_172437/images/all/test__image296.jpg,/root/autodl-tmp/datasets/derived/construction_ppe3_canonical_v1_20260804_172437/labels/all/test__image296.txt,8,3,5,322b63f69a10a00e4b4592d106c83a61b758d43cebca40c90144f92ca7b258bd,hardlink
test,/root/autodl-tmp/datasets/sources/construction-ppe_ultralytics_2025_v1/images/test/image324.jpg,/root/autodl-tmp/datasets/sources/construction-ppe_ultralytics_2025_v1/labels/test/image324.txt,/root/autodl-tmp/datasets/derived/construction_ppe3_canonical_v1_20260804_172437/images/all/test__image324.jpg,/root/autodl-tmp/datasets/derived/construction_ppe3_canonical_v1_20260804_172437/labels/all/test__image324.txt,20,15,5,1fa2528fa5a2be45290397ff1cc81e1b9292cd0f04254393aaf28c8ddc30e65a,hardlink
test,/root/autodl-tmp/datasets/sources/construction-ppe_ultralytics_2025_v1/images/test/image345.jpg,/root/autodl-tmp/datasets/sources/construction-ppe_ultralytics_2025_v1/labels/test/image345.txt,/root/autodl-tmp/datasets/derived/construction_ppe3_canonical_v1_20260804_172437/images/all/test__image345.jpg,/root/autodl-tmp/datasets/derived/construction_ppe3_canonical_v1_20260804_172437/labels/all/test__image345.txt,3,3,0,39dfef8b8a4c895ad7be63812e8807ca094cbcae442801f29800eb2e8a19fae7,hardlink
test,/root/autodl-tmp/datasets/sources/construction-ppe_ultralytics_2025_v1/images/test/image350.jpg,/root/autodl-tmp/datasets/sources/construction-ppe_ultralytics_2025_v1/labels/test/image350.txt,/root/autodl-tmp/datasets/derived/construction_ppe3_canonical_v1_20260804_172437/images/all/test__image350.jpg,/root/autodl-tmp/datasets/derived/construction_ppe3_canonical_v1_20260804_172437/labels/all/test__image350.txt,8,3,5,c5c6f43a821cfc8984aa18e97bd1db79a42eb1f8f7b3fafbb676078cce054239,hardlink
test,/root/autodl-tmp/datasets/sources/construction-ppe_ultralytics_2025_v1/images/test/image361.jpg,/root/autodl-tmp/datasets/sources/construction-ppe_ultralytics_2025_v1/labels/test/image361.txt,/root/autodl-tmp/datasets/derived/construction_ppe3_canonical_v1_20260804_172437/images/all/test__image361.jpg,/root/autodl-tmp/datasets/derived/construction_ppe3_canonical_v1_20260804_172437/labels/all/test__image361.txt,6,1,5,1bc33eff291c3a32c919b29cb3c4e45b6882bb30e0d63f13d83591af955a34a6,hardlink
test,/root/autodl-tmp/datasets/sources/construction-ppe_ultralytics_2025_v1/images/test/image381.jpg,/root/autodl-tmp/datasets/sources/construction-ppe_ultralytics_2025_v1/labels/test/image381.txt,/root/autodl-tmp/datasets/derived/construction_ppe3_canonical_v1_20260804_172437/images/all/test__image381.jpg,/root/autodl-tmp/datasets/derived/construction_ppe3_canonical_v1_20260804_172437/labels/all/test__image381.txt,7,3,4,44104eaa459d34614c1bf107b4574089c0d6a063d1dbb893df2496059a2c22ec,hardlink
test,/root/autodl-tmp/datasets/sources/construction-ppe_ultralytics_2025_v1/images/test/image389.jpg,/root/autodl-tmp/datasets/sources/construction-ppe_ultralytics_2025_v1/labels/test/image389.txt,/root/autodl-tmp/datasets/derived/construction_ppe3_canonical_v1_20260804_172437/images/all/test__image389.jpg,/root/autodl-tmp/datasets/derived/construction_ppe3_canonical_v1_20260804_172437/labels/all/test__image389.txt,8,3,5,c14c88cd2309ecb17d24f55c7fe14bd90e66cd62966eed82ab44d866f1cca69c,hardlink
test,/root/autodl-tmp/datasets/sources/construction-ppe_ultralytics_2025_v1/images/test/image393.jpg,/root/autodl-tmp/datasets/sources/construction-ppe_ultralytics_2025_v1/labels/test/image393.txt,/root/autodl-tmp/datasets/derived/construction_ppe3_canonical_v1_20260804_172437/images/all/test__image393.jpg,/root/autodl-tmp/datasets/derived/construction_ppe3_canonical_v1_20260804_172437/labels/all/test__image393.txt,8,3,5,e31010f18d73bb947a30003a2bf18e20819013afb626bda06ecf252c114a2d54,hardlink
test,/root/autodl-tmp/datasets/sources/construction-ppe_ultralytics_2025_v1/images/test/image40.jpg,/root/autodl-tmp/datasets/sources/construction-ppe_ultralytics_2025_v1/labels/test/image40.txt,/root/autodl-tmp/datasets/derived/construction_ppe3_canonical_v1_20260804_172437/images/all/test__image40.jpg,/root/autodl-tmp/datasets/derived/construction_ppe3_canonical_v1_20260804_172437/labels/all/test__image40.txt,7,3,4,9829e94cd701d2de33d3f3817c72a4937ceccb0298d31e85a93ff164afb3f0fc,hardlink
test,/root/autodl-tmp/datasets/sources/construction-ppe_ultralytics_2025_v1/images/test/image401.jpg,/root/autodl-tmp/datasets/sources/construction-ppe_ultralytics_2025_v1/labels/test/image401.txt,/root/autodl-tmp/datasets/derived/construction_ppe3_canonical_v1_20260804_172437/images/all/test__image401.jpg,/root/autodl-tmp/datasets/derived/construction_ppe3_canonical_v1_20260804_172437/labels/all/test__image401.txt,8,3,5,9bf120a9e1d18aaaa736151a896633607942e399d0e842c2b987dbedba3e65e0,hardlink
test,/root/autodl-tmp/datasets/sources/construction-ppe_ultralytics_2025_v1/images/test/image423.jpg,/root/autodl-tmp/datasets/sources/construction-ppe_ultralytics_2025_v1/labels/test/image423.txt,/root/autodl-tmp/datasets/derived/construction_ppe3_canonical_v1_20260804_172437/images/all/test__image423.jpg,/root/autodl-tmp/datasets/derived/construction_ppe3_canonical_v1_20260804_172437/labels/all/test__image423.txt,8,3,5,a9f89253b5087733a87b7f242d8183c26f331cab59f7b94744d86876d54da327,hardlink
test,/root/autodl-tmp/datasets/sources/construction-ppe_ultralytics_2025_v1/images/test/image431.jpg,/root/autodl-tmp/datasets/sources/construction-ppe_ultralytics_2025_v1/labels/test/image431.txt,/root/autodl-tmp/datasets/derived/construction_ppe3_canonical_v1_20260804_172437/images/all/test__image431.jpg,/root/autodl-tmp/datasets/derived/construction_ppe3_canonical_v1_20260804_172437/labels/all/test__image431.txt,8,3,5,b489dcdab81b5c9753b233a2a16243cc4a906446cee46ada7d2fd88ea2ed143e,hardlink
test,/root/autodl-tmp/datasets/sources/construction-ppe_ultralytics_2025_v1/images/test/image441.jpg,/root/autodl-tmp/datasets/sources/construction-ppe_ultralytics_2025_v1/labels/test/image441.txt,/root/autodl-tmp/datasets/derived/construction_ppe3_canonical_v1_20260804_172437/images/all/test__image441.jpg,/root/autodl-tmp/datasets/derived/construction_ppe3_canonical_v1_20260804_172437/labels/all/test__image441.txt,8,3,5,cadb00858d36ca39dd0d70081768cc25b5fb82d75315d26ca5d89889ea4fa91e,hardlink
test,/root/autodl-tmp/datasets/sources/construction-ppe_ultralytics_2025_v1/images/test/image444.jpg,/root/autodl-tmp/datasets/sources/construction-ppe_ultralytics_2025_v1/labels/test/image444.txt,/root/autodl-tmp/datasets/derived/construction_ppe3_canonical_v1_20260804_172437/images/all/test__image444.jpg,/root/autodl-tmp/datasets/derived/construction_ppe3_canonical_v1_20260804_172437/labels/all/test__image444.txt,8,3,5,21db04b8dbc87a9987f72a45d2320427363207a5544eaf6a20dcd599cb0be3e4,hardlink
test,/root/autodl-tmp/datasets/sources/construction-ppe_ultralytics_2025_v1/images/test/image450.jpg,/root/autodl-tmp/datasets/sources/construction-ppe_ultralytics_2025_v1/labels/test/image450.txt,/root/autodl-tmp/datasets/derived/construction_ppe3_canonical_v1_20260804_172437/images/all/test__image450.jpg,/root/autodl-tmp/datasets/derived/construction_ppe3_canonical_v1_20260804_172437/labels/all/test__image450.txt,8,8,0,ce1f9ecdbe95834edb4ec2f960413d1b13643421a817286b2291f3b03becca6b,hardlink
test,/root/autodl-tmp/datasets/sources/construction-ppe_ultralytics_2025_v1/images/test/image459.jpg,/root/autodl-tmp/datasets/sources/construction-ppe_ultralytics_2025_v1/labels/test/image459.txt,/root/autodl-tmp/datasets/derived/construction_ppe3_canonical_v1_20260804_172437/images/all/test__image459.jpg,/root/autodl-tmp/datasets/derived/construction_ppe3_canonical_v1_20260804_172437/labels/all/test__image459.txt,7,3,4,7e4557a2239a15d72a85233b5bbd4bdc0cb79e2ac70ba5c327acba2882d1956e,hardlink
test,/root/autodl-tmp/datasets/sources/construction-ppe_ultralytics_2025_v1/images/test/image460.jpg,/root/autodl-tmp/datasets/sources/construction-ppe_ultralytics_2025_v1/labels/test/image460.txt,/root/autodl-tmp/datasets/derived/construction_ppe3_canonical_v1_20260804_172437/images/all/test__image460.jpg,/root/autodl-tmp/datasets/derived/construction_ppe3_canonical_v1_20260804_172437/labels/all/test__image460.txt,5,3,2,7b277480250befa84404541bc82447dc18ad7b811b5266e3b8473b11e0c354b3,hardlink
test,/root/autodl-tmp/datasets/sources/construction-ppe_ultralytics_2025_v1/images/test/image462.jpg,/root/autodl-tmp/datasets/sources/construction-ppe_ultralytics_2025_v1/labels/test/image462.txt,/root/autodl-tmp/datasets/derived/construction_ppe3_canonical_v1_20260804_172437/images/all/test__image462.jpg,/root/autodl-tmp/datasets/derived/construction_ppe3_canonical_v1_20260804_172437/labels/all/test__image462.txt,24,14,10,ad5523e79058bc801d502aba6fe4f84b1a0278fade165af45f5fa92968c35918,hardlink
test,/root/autodl-tmp/datasets/sources/construction-ppe_ultralytics_2025_v1/images/test/image470.jpeg,/root/autodl-tmp/datasets/sources/construction-ppe_ultralytics_2025_v1/labels/test/image470.txt,/root/autodl-tmp/datasets/derived/construction_ppe3_canonical_v1_20260804_172437/images/all/test__image470.jpeg,/root/autodl-tmp/datasets/derived/construction_ppe3_canonical_v1_20260804_172437/labels/all/test__image470.txt,4,2,2,a7448ecea20d5f5b28105290d5a30d5918d5ed83bd6cee295dc0bd45b4461069,hardlink
test,/root/autodl-tmp/datasets/sources/construction-ppe_ultralytics_2025_v1/images/test/image481.jpg,/root/autodl-tmp/datasets/sources/construction-ppe_ultralytics_2025_v1/labels/test/image481.txt,/root/autodl-tmp/datasets/derived/construction_ppe3_canonical_v1_20260804_172437/images/all/test__image481.jpg,/root/autodl-tmp/datasets/derived/construction_ppe3_canonical_v1_20260804_172437/labels/all/test__image481.txt,12,10,2,d47aed162c364dc636806cfde47e75bc4613a912b9eeb26c413e7476dc029e6d,hardlink
test,/root/autodl-tmp/datasets/sources/construction-ppe_ultralytics_2025_v1/images/test/image484.jpg,/root/autodl-tmp/datasets/sources/construction-ppe_ultralytics_2025_v1/labels/test/image484.txt,/root/autodl-tmp/datasets/derived/construction_ppe3_canonical_v1_20260804_172437/images/all/test__image484.jpg,/root/autodl-tmp/datasets/derived/construction_ppe3_canonical_v1_20260804_172437/labels/all/test__image484.txt,5,3,2,1a52958284efc66705ede0e98d9ae1ece0cd9e1f3bc457784204c7865367f965,hardlink
test,/root/autodl-tmp/datasets/sources/construction-ppe_ultralytics_2025_v1/images/test/image502.jpg,/root/autodl-tmp/datasets/sources/construction-ppe_ultralytics_2025_v1/labels/test/image502.txt,/root/autodl-tmp/datasets/derived/construction_ppe3_canonical_v1_20260804_172437/images/all/test__image502.jpg,/root/autodl-tmp/datasets/derived/construction_ppe3_canonical_v1_20260804_172437/labels/all/test__image502.txt,7,2,5,13f7505d5e5cdeb66f787ca0147ec77b267a69bdf8113fc441d4dc4e99e902d8,hardlink
test,/root/autodl-tmp/datasets/sources/construction-ppe_ultralytics_2025_v1/images/test/image517.jpg,/root/autodl-tmp/datasets/sources/construction-ppe_ultralytics_2025_v1/labels/test/image517.txt,/root/autodl-tmp/datasets/derived/construction_ppe3_canonical_v1_20260804_172437/images/all/test__image517.jpg,/root/autodl-tmp/datasets/derived/construction_ppe3_canonical_v1_20260804_172437/labels/all/test__image517.txt,8,3,5,c6f92164cdcd763fceffc955cdb533e46704cb987c99d582ade3048a4791d948,hardlink
test,/root/autodl-tmp/datasets/sources/construction-ppe_ultralytics_2025_v1/images/test/image533.jpg,/root/autodl-tmp/datasets/sources/construction-ppe_ultralytics_2025_v1/labels/test/image533.txt,/root/autodl-tmp/datasets/derived/construction_ppe3_canonical_v1_20260804_172437/images/all/test__image533.jpg,/root/autodl-tmp/datasets/derived/construction_ppe3_canonical_v1_20260804_172437/labels/all/test__image533.txt,14,8,6,36f5688768be47d4d3b5cde38ef564424f3bf0f9e5dbdce74cef5be1d93c0188,hardlink
test,/root/autodl-tmp/datasets/sources/construction-ppe_ultralytics_2025_v1/images/test/image535.jpg,/root/autodl-tmp/datasets/sources/construction-ppe_ultralytics_2025_v1/labels/test/image535.txt,/root/autodl-tmp/datasets/derived/construction_ppe3_canonical_v1_20260804_172437/images/all/test__image535.jpg,/root/autodl-tmp/datasets/derived/construction_ppe3_canonical_v1_20260804_172437/labels/all/test__image535.txt,4,4,0,ca90910b42c9e8d6b1cde9f64a26e3b47a610589706e8ae8b40eb9f4081117d4,hardlink
test,/root/autodl-tmp/datasets/sources/construction-ppe_ultralytics_2025_v1/images/test/image536.jpg,/root/autodl-tmp/datasets/sources/construction-ppe_ultralytics_2025_v1/labels/test/image536.txt,/root/autodl-tmp/datasets/derived/construction_ppe3_canonical_v1_20260804_172437/images/all/test__image536.jpg,/root/autodl-tmp/datasets/derived/construction_ppe3_canonical_v1_20260804_172437/labels/all/test__image536.txt,29,17,12,fdb475c889db3fb651b8a79222c1ed7d54575b5189109476b3b41e0dd12fbbb7,hardlink
test,/root/autodl-tmp/datasets/sources/construction-ppe_ultralytics_2025_v1/images/test/image537.jpg,/root/autodl-tmp/datasets/sources/construction-ppe_ultralytics_2025_v1/labels/test/image537.txt,/root/autodl-tmp/datasets/derived/construction_ppe3_canonical_v1_20260804_172437/images/all/test__image537.jpg,/root/autodl-tmp/datasets/derived/construction_ppe3_canonical_v1_20260804_172437/labels/all/test__image537.txt,20,12,8,6a6d47d0c44b00b16dde3e7e763574d69aa42f255767886012b810e70c3220d6,hardlink
test,/root/autodl-tmp/datasets/sources/construction-ppe_ultralytics_2025_v1/images/test/image538.jpg,/root/autodl-tmp/datasets/sources/construction-ppe_ultralytics_2025_v1/labels/test/image538.txt,/root/autodl-tmp/datasets/derived/construction_ppe3_canonical_v1_20260804_172437/images/all/test__image538.jpg,/root/autodl-tmp/datasets/derived/construction_ppe3_canonical_v1_20260804_172437/labels/all/test__image538.txt,8,8,0,af04552d1aeb177c85188df628c7d751ffbd35358e9f8b8e9418cf1d74124e39,hardlink
test,/root/autodl-tmp/datasets/sources/construction-ppe_ultralytics_2025_v1/images/test/image541.jpg,/root/autodl-tmp/datasets/sources/construction-ppe_ultralytics_2025_v1/labels/test/image541.txt,/root/autodl-tmp/datasets/derived/construction_ppe3_canonical_v1_20260804_172437/images/all/test__image541.jpg,/root/autodl-tmp/datasets/derived/construction_ppe3_canonical_v1_20260804_172437/labels/all/test__image541.txt,6,6,0,cbb5d98b6d11aafcd5ed6d1b5044ae597b5f2ca02fea1fa06c76ef50a5785565,hardlink
test,/root/autodl-tmp/datasets/sources/construction-ppe_ultralytics_2025_v1/images/test/image548.jpg,/root/autodl-tmp/datasets/sources/construction-ppe_ultralytics_2025_v1/labels/test/image548.txt,/root/autodl-tmp/datasets/derived/construction_ppe3_canonical_v1_20260804_172437/images/all/test__image548.jpg,/root/autodl-tmp/datasets/derived/construction_ppe3_canonical_v1_20260804_172437/labels/all/test__image548.txt,9,9,0,c021147be3bac51ab4b170af7340551e96bbd4ad4f6f7d278a7d515c29ffb5b4,hardlink
test,/root/autodl-tmp/datasets/sources/construction-ppe_ultralytics_2025_v1/images/test/image550.jpg,/root/autodl-tmp/datasets/sources/construction-ppe_ultralytics_2025_v1/labels/test/image550.txt,/root/autodl-tmp/datasets/derived/construction_ppe3_canonical_v1_20260804_172437/images/all/test__image550.jpg,/root/autodl-tmp/datasets/derived/construction_ppe3_canonical_v1_20260804_172437/labels/all/test__image550.txt,3,3,0,173f1aec66c2bc1d4e39daead89235d60ac4f413445bb9a71929d8987050a53f,hardlink
test,/root/autodl-tmp/datasets/sources/construction-ppe_ultralytics_2025_v1/images/test/image58.jpeg,/root/autodl-tmp/datasets/sources/construction-ppe_ultralytics_2025_v1/labels/test/image58.txt,/root/autodl-tmp/datasets/derived/construction_ppe3_canonical_v1_20260804_172437/images/all/test__image58.jpeg,/root/autodl-tmp/datasets/derived/construction_ppe3_canonical_v1_20260804_172437/labels/all/test__image58.txt,2,2,0,a0abc2f161d8e19dae318a33f67ed34e39d23623b7d3119539fe74b55aec54e5,hardlink
test,/root/autodl-tmp/datasets/sources/construction-ppe_ultralytics_2025_v1/images/test/image585.jpg,/root/autodl-tmp/datasets/sources/construction-ppe_ultralytics_2025_v1/labels/test/image585.txt,/root/autodl-tmp/datasets/derived/construction_ppe3_canonical_v1_20260804_172437/images/all/test__image585.jpg,/root/autodl-tmp/datasets/derived/construction_ppe3_canonical_v1_20260804_172437/labels/all/test__image585.txt,8,3,5,f8c441fa6736775e14ed25ec528c11af3b5a3df3596f4a16631ebcbb482b1c68,hardlink
test,/root/autodl-tmp/datasets/sources/construction-ppe_ultralytics_2025_v1/images/test/image6.jpeg,/root/autodl-tmp/datasets/sources/construction-ppe_ultralytics_2025_v1/labels/test/image6.txt,/root/autodl-tmp/datasets/derived/construction_ppe3_canonical_v1_20260804_172437/images/all/test__image6.jpeg,/root/autodl-tmp/datasets/derived/construction_ppe3_canonical_v1_20260804_172437/labels/all/test__image6.txt,6,6,0,52e331bb290b8638a258bee3848e74365fa76c97d79142fb926a119ac75dd518,hardlink
test,/root/autodl-tmp/datasets/sources/construction-ppe_ultralytics_2025_v1/images/test/image611.jpg,/root/autodl-tmp/datasets/sources/construction-ppe_ultralytics_2025_v1/labels/test/image611.txt,/root/autodl-tmp/datasets/derived/construction_ppe3_canonical_v1_20260804_172437/images/all/test__image611.jpg,/root/autodl-tmp/datasets/derived/construction_ppe3_canonical_v1_20260804_172437/labels/all/test__image611.txt,27,15,12,49810a97d9f6852a15d65a7a555fa35ed246e2c829bb6931b7e6cc51754e27c6,hardlink
test,/root/autodl-tmp/datasets/sources/construction-ppe_ultralytics_2025_v1/images/test/image612.jpg,/root/autodl-tmp/datasets/sources/construction-ppe_ultralytics_2025_v1/labels/test/image612.txt,/root/autodl-tmp/datasets/derived/construction_ppe3_canonical_v1_20260804_172437/images/all/test__image612.jpg,/root/autodl-tmp/datasets/derived/construction_ppe3_canonical_v1_20260804_172437/labels/all/test__image612.txt,21,13,8,cb5db1a408015bf3f2ed0fcf7a363442150ffdf8aa5367b906578ed151ca7bd8,hardlink
test,/root/autodl-tmp/datasets/sources/construction-ppe_ultralytics_2025_v1/images/test/image616.jpg,/root/autodl-tmp/datasets/sources/construction-ppe_ultralytics_2025_v1/labels/test/image616.txt,/root/autodl-tmp/datasets/derived/construction_ppe3_canonical_v1_20260804_172437/images/all/test__image616.jpg,/root/autodl-tmp/datasets/derived/construction_ppe3_canonical_v1_20260804_172437/labels/all/test__image616.txt,9,6,3,6a811bbb0f92163ad3d906f194defbb87ba026074a14b2382cb6f02d85c025a4,hardlink
test,/root/autodl-tmp/datasets/sources/construction-ppe_ultralytics_2025_v1/images/test/image619.jpeg,/root/autodl-tmp/datasets/sources/construction-ppe_ultralytics_2025_v1/labels/test/image619.txt,/root/autodl-tmp/datasets/derived/construction_ppe3_canonical_v1_20260804_172437/images/all/test__image619.jpeg,/root/autodl-tmp/datasets/derived/construction_ppe3_canonical_v1_20260804_172437/labels/all/test__image619.txt,10,6,4,b3b6ae4999cbf5ca17fec984caddc4746b28197aa4f2cb11f087769ce55c7dfc,hardlink
test,/root/autodl-tmp/datasets/sources/construction-ppe_ultralytics_2025_v1/images/test/image63.jpg,/root/autodl-tmp/datasets/sources/construction-ppe_ultralytics_2025_v1/labels/test/image63.txt,/root/autodl-tmp/datasets/derived/construction_ppe3_canonical_v1_20260804_172437/images/all/test__image63.jpg,/root/autodl-tmp/datasets/derived/construction_ppe3_canonical_v1_20260804_172437/labels/all/test__image63.txt,5,3,2,e6bb72c4ff48849c6394d618f7c52d8f448eae999016ac93b2788eaf021b5952,hardlink
test,/root/autodl-tmp/datasets/sources/construction-ppe_ultralytics_2025_v1/images/test/image633.jpg,/root/autodl-tmp/datasets/sources/construction-ppe_ultralytics_2025_v1/labels/test/image633.txt,/root/autodl-tmp/datasets/derived/construction_ppe3_canonical_v1_20260804_172437/images/all/test__image633.jpg,/root/autodl-tmp/datasets/derived/construction_ppe3_canonical_v1_20260804_172437/labels/all/test__image633.txt,4,4,0,a34105b62fd6d4e7dc022909742ecf59b852f0c5d76243e8605a0ed1a9601ac8,hardlink
test,/root/autodl-tmp/datasets/sources/construction-ppe_ultralytics_2025_v1/images/test/image694.jpeg,/root/autodl-tmp/datasets/sources/construction-ppe_ultralytics_2025_v1/labels/test/image694.txt,/root/autodl-tmp/datasets/derived/construction_ppe3_canonical_v1_20260804_172437/images/all/test__image694.jpeg,/root/autodl-tmp/datasets/derived/construction_ppe3_canonical_v1_20260804_172437/labels/all/test__image694.txt,3,3,0,2e3d6ef3d607e57be2b67dc4cae4483cc9b17f346ff6e0b9617c0e85f359f73f,hardlink
test,/root/autodl-tmp/datasets/sources/construction-ppe_ultralytics_2025_v1/images/test/image696.jpg,/root/autodl-tmp/datasets/sources/construction-ppe_ultralytics_2025_v1/labels/test/image696.txt,/root/autodl-tmp/datasets/derived/construction_ppe3_canonical_v1_20260804_172437/images/all/test__image696.jpg,/root/autodl-tmp/datasets/derived/construction_ppe3_canonical_v1_20260804_172437/labels/all/test__image696.txt,5,4,1,9975dcef1740385700230e05915d2b8f4a09a92f6ed7576188ab55f48ae25896,hardlink
test,/root/autodl-tmp/datasets/sources/construction-ppe_ultralytics_2025_v1/images/test/image70.jpeg,/root/autodl-tmp/datasets/sources/construction-ppe_ultralytics_2025_v1/labels/test/image70.txt,/root/autodl-tmp/datasets/derived/construction_ppe3_canonical_v1_20260804_172437/images/all/test__image70.jpeg,/root/autodl-tmp/datasets/derived/construction_ppe3_canonical_v1_20260804_172437/labels/all/test__image70.txt,5,3,2,c91669fa0f30767b1c5ed32b5b1c8a86b4adab946c2d34d8a4abb56fd5954653,hardlink
test,/root/autodl-tmp/datasets/sources/construction-ppe_ultralytics_2025_v1/images/test/image700.jpeg,/root/autodl-tmp/datasets/sources/construction-ppe_ultralytics_2025_v1/labels/test/image700.txt,/root/autodl-tmp/datasets/derived/construction_ppe3_canonical_v1_20260804_172437/images/all/test__image700.jpeg,/root/autodl-tmp/datasets/derived/construction_ppe3_canonical_v1_20260804_172437/labels/all/test__image700.txt,3,3,0,76f9953df2ef273bbf1f3e028fee10356ffd1347ed939c9a115c9ead9ae59624,hardlink
test,/root/autodl-tmp/datasets/sources/construction-ppe_ultralytics_2025_v1/images/test/image708.jpg,/root/autodl-tmp/datasets/sources/construction-ppe_ultralytics_2025_v1/labels/test/image708.txt,/root/autodl-tmp/datasets/derived/construction_ppe3_canonical_v1_20260804_172437/images/all/test__image708.jpg,/root/autodl-tmp/datasets/derived/construction_ppe3_canonical_v1_20260804_172437/labels/all/test__image708.txt,6,2,4,169e2eca47acc9fcfa05815d738a1ccd3e0317dd346897c98c933216df68236a,hardlink
test,/root/autodl-tmp/datasets/sources/construction-ppe_ultralytics_2025_v1/images/test/image714.jpeg,/root/autodl-tmp/datasets/sources/construction-ppe_ultralytics_2025_v1/labels/test/image714.txt,/root/autodl-tmp/datasets/derived/construction_ppe3_canonical_v1_20260804_172437/images/all/test__image714.jpeg,/root/autodl-tmp/datasets/derived/construction_ppe3_canonical_v1_20260804_172437/labels/all/test__image714.txt,1,1,0,0abe1730be3da9a15120631ee41a8c3ed7fe66584af691df4d0c30080cc96932,hardlink
test,/root/autodl-tmp/datasets/sources/construction-ppe_ultralytics_2025_v1/images/test/image718.jpg,/root/autodl-tmp/datasets/sources/construction-ppe_ultralytics_2025_v1/labels/test/image718.txt,/root/autodl-tmp/datasets/derived/construction_ppe3_canonical_v1_20260804_172437/images/all/test__image718.jpg,/root/autodl-tmp/datasets/derived/construction_ppe3_canonical_v1_20260804_172437/labels/all/test__image718.txt,3,3,0,96d8172e6ca17af35cbbdca134ab4376beee74c5479ddaa0d46e31221d94a3f7,hardlink
test,/root/autodl-tmp/datasets/sources/construction-ppe_ultralytics_2025_v1/images/test/image722.jpeg,/root/autodl-tmp/datasets/sources/construction-ppe_ultralytics_2025_v1/labels/test/image722.txt,/root/autodl-tmp/datasets/derived/construction_ppe3_canonical_v1_20260804_172437/images/all/test__image722.jpeg,/root/autodl-tmp/datasets/derived/construction_ppe3_canonical_v1_20260804_172437/labels/all/test__image722.txt,5,2,3,501bebc45d38235c54241c27eea03874b6d7373084f430643348848f7a0da1db,hardlink
test,/root/autodl-tmp/datasets/sources/construction-ppe_ultralytics_2025_v1/images/test/image739.jpeg,/root/autodl-tmp/datasets/sources/construction-ppe_ultralytics_2025_v1/labels/test/image739.txt,/root/autodl-tmp/datasets/derived/construction_ppe3_canonical_v1_20260804_172437/images/all/test__image739.jpeg,/root/autodl-tmp/datasets/derived/construction_ppe3_canonical_v1_20260804_172437/labels/all/test__image739.txt,5,3,2,6d0c6623d2dc44dbf6373dc244088e8bdeac25728483215cf99c7f729820dcd3,hardlink
test,/root/autodl-tmp/datasets/sources/construction-ppe_ultralytics_2025_v1/images/test/image758.jpg,/root/autodl-tmp/datasets/sources/construction-ppe_ultralytics_2025_v1/labels/test/image758.txt,/root/autodl-tmp/datasets/derived/construction_ppe3_canonical_v1_20260804_172437/images/all/test__image758.jpg,/root/autodl-tmp/datasets/derived/construction_ppe3_canonical_v1_20260804_172437/labels/all/test__image758.txt,4,3,1,eab66da6fff3e8a48979c8c827a8408ef354d4309bcdba41b5fa8387b7fdab38,hardlink
test,/root/autodl-tmp/datasets/sources/construction-ppe_ultralytics_2025_v1/images/test/image772.jpg,/root/autodl-tmp/datasets/sources/construction-ppe_ultralytics_2025_v1/labels/test/image772.txt,/root/autodl-tmp/datasets/derived/construction_ppe3_canonical_v1_20260804_172437/images/all/test__image772.jpg,/root/autodl-tmp/datasets/derived/construction_ppe3_canonical_v1_20260804_172437/labels/all/test__image772.txt,13,5,8,7a47f39152c664d2c76746494a291b853f6a20ef33ec73b12eb7f394a0bd92dc,hardlink
test,/root/autodl-tmp/datasets/sources/construction-ppe_ultralytics_2025_v1/images/test/image779.jpg,/root/autodl-tmp/datasets/sources/construction-ppe_ultralytics_2025_v1/labels/test/image779.txt,/root/autodl-tmp/datasets/derived/construction_ppe3_canonical_v1_20260804_172437/images/all/test__image779.jpg,/root/autodl-tmp/datasets/derived/construction_ppe3_canonical_v1_20260804_172437/labels/all/test__image779.txt,13,5,8,16354557e49aba8bb870c0ffa9f293ea836f08c2282b30d5444bab32b0e19f61,hardlink
test,/root/autodl-tmp/datasets/sources/construction-ppe_ultralytics_2025_v1/images/test/image787.jpg,/root/autodl-tmp/datasets/sources/construction-ppe_ultralytics_2025_v1/labels/test/image787.txt,/root/autodl-tmp/datasets/derived/construction_ppe3_canonical_v1_20260804_172437/images/all/test__image787.jpg,/root/autodl-tmp/datasets/derived/construction_ppe3_canonical_v1_20260804_172437/labels/all/test__image787.txt,5,3,2,65d6d42c613fe2c5a1968ff30f7f3eee0a92045f2874b3e1f7097aa124203f08,hardlink
test,/root/autodl-tmp/datasets/sources/construction-ppe_ultralytics_2025_v1/images/test/image796.jpg,/root/autodl-tmp/datasets/sources/construction-ppe_ultralytics_2025_v1/labels/test/image796.txt,/root/autodl-tmp/datasets/derived/construction_ppe3_canonical_v1_20260804_172437/images/all/test__image796.jpg,/root/autodl-tmp/datasets/derived/construction_ppe3_canonical_v1_20260804_172437/labels/all/test__image796.txt,20,19,1,fa6f4ed75a4c4576d059821cf6950c70365685fab924a04d963b62c69ed49813,hardlink
test,/root/autodl-tmp/datasets/sources/construction-ppe_ultralytics_2025_v1/images/test/image805.jpg,/root/autodl-tmp/datasets/sources/construction-ppe_ultralytics_2025_v1/labels/test/image805.txt,/root/autodl-tmp/datasets/derived/construction_ppe3_canonical_v1_20260804_172437/images/all/test__image805.jpg,/root/autodl-tmp/datasets/derived/construction_ppe3_canonical_v1_20260804_172437/labels/all/test__image805.txt,6,3,3,d515b45cbb1b9ea9f022fc31aad05421b538794e654b4829dc8a73f0e507d8fd,hardlink
test,/root/autodl-tmp/datasets/sources/construction-ppe_ultralytics_2025_v1/images/test/image810.jpg,/root/autodl-tmp/datasets/sources/construction-ppe_ultralytics_2025_v1/labels/test/image810.txt,/root/autodl-tmp/datasets/derived/construction_ppe3_canonical_v1_20260804_172437/images/all/test__image810.jpg,/root/autodl-tmp/datasets/derived/construction_ppe3_canonical_v1_20260804_172437/labels/all/test__image810.txt,4,2,2,1112220834864b909cdf4916b51ad54d797869294a41e0cbf48e5d38c46f4977,hardlink
test,/root/autodl-tmp/datasets/sources/construction-ppe_ultralytics_2025_v1/images/test/image825.jpg,/root/autodl-tmp/datasets/sources/construction-ppe_ultralytics_2025_v1/labels/test/image825.txt,/root/autodl-tmp/datasets/derived/construction_ppe3_canonical_v1_20260804_172437/images/all/test__image825.jpg,/root/autodl-tmp/datasets/derived/construction_ppe3_canonical_v1_20260804_172437/labels/all/test__image825.txt,2,2,0,3593c84ffbf7249539aaaa1af46596f2b3a0b92657817a144a1864a99b0e6027,hardlink
test,/root/autodl-tmp/datasets/sources/construction-ppe_ultralytics_2025_v1/images/test/image834.jpg,/root/autodl-tmp/datasets/sources/construction-ppe_ultralytics_2025_v1/labels/test/image834.txt,/root/autodl-tmp/datasets/derived/construction_ppe3_canonical_v1_20260804_172437/images/all/test__image834.jpg,/root/autodl-tmp/datasets/derived/construction_ppe3_canonical_v1_20260804_172437/labels/all/test__image834.txt,2,2,0,26929b3beed1c328ae6a38d874612575fd88f900649647696ac31e85f21d707b,hardlink
test,/root/autodl-tmp/datasets/sources/construction-ppe_ultralytics_2025_v1/images/test/image846.jpg,/root/autodl-tmp/datasets/sources/construction-ppe_ultralytics_2025_v1/labels/test/image846.txt,/root/autodl-tmp/datasets/derived/construction_ppe3_canonical_v1_20260804_172437/images/all/test__image846.jpg,/root/autodl-tmp/datasets/derived/construction_ppe3_canonical_v1_20260804_172437/labels/all/test__image846.txt,2,2,0,37851e8ff9dea123e31fdee8a33c22ef8d7b2543963cfeb11d7a633ace007f25,hardlink
test,/root/autodl-tmp/datasets/sources/construction-ppe_ultralytics_2025_v1/images/test/image860.jpg,/root/autodl-tmp/datasets/sources/construction-ppe_ultralytics_2025_v1/labels/test/image860.txt,/root/autodl-tmp/datasets/derived/construction_ppe3_canonical_v1_20260804_172437/images/all/test__image860.jpg,/root/autodl-tmp/datasets/derived/construction_ppe3_canonical_v1_20260804_172437/labels/all/test__image860.txt,8,3,5,27423bcd79c730e329d30310b92946598e3a6235bf5cdd23338e248d635c0f3c,hardlink
test,/root/autodl-tmp/datasets/sources/construction-ppe_ultralytics_2025_v1/images/test/image884.jpg,/root/autodl-tmp/datasets/sources/construction-ppe_ultralytics_2025_v1/labels/test/image884.txt,/root/autodl-tmp/datasets/derived/construction_ppe3_canonical_v1_20260804_172437/images/all/test__image884.jpg,/root/autodl-tmp/datasets/derived/construction_ppe3_canonical_v1_20260804_172437/labels/all/test__image884.txt,8,3,5,cd3a462328ab67c6915c75ce7a0bbaf8aa172dd2e92128fcd66f28b4ebe41e7b,hardlink
test,/root/autodl-tmp/datasets/sources/construction-ppe_ultralytics_2025_v1/images/test/image905.jpg,/root/autodl-tmp/datasets/sources/construction-ppe_ultralytics_2025_v1/labels/test/image905.txt,/root/autodl-tmp/datasets/derived/construction_ppe3_canonical_v1_20260804_172437/images/all/test__image905.jpg,/root/autodl-tmp/datasets/derived/construction_ppe3_canonical_v1_20260804_172437/labels/all/test__image905.txt,8,3,5,e302f5d16695fff9cfd89f0980ce7cc5c76e81de1b09116b10c5d417f0ffa843,hardlink
test,/root/autodl-tmp/datasets/sources/construction-ppe_ultralytics_2025_v1/images/test/image910.jpg,/root/autodl-tmp/datasets/sources/construction-ppe_ultralytics_2025_v1/labels/test/image910.txt,/root/autodl-tmp/datasets/derived/construction_ppe3_canonical_v1_20260804_172437/images/all/test__image910.jpg,/root/autodl-tmp/datasets/derived/construction_ppe3_canonical_v1_20260804_172437/labels/all/test__image910.txt,8,3,5,77854ca2719c39927ec095ab13a78e87b928cc3afa3c6bb76500eeab12fb0b95,hardlink
test,/root/autodl-tmp/datasets/sources/construction-ppe_ultralytics_2025_v1/images/test/image913.jpg,/root/autodl-tmp/datasets/sources/construction-ppe_ultralytics_2025_v1/labels/test/image913.txt,/root/autodl-tmp/datasets/derived/construction_ppe3_canonical_v1_20260804_172437/images/all/test__image913.jpg,/root/autodl-tmp/datasets/derived/construction_ppe3_canonical_v1_20260804_172437/labels/all/test__image913.txt,8,3,5,d42c645672ea42b583f93bca3189f24a0fd8d3d2cd290f7cdf266ae8680cfe51,hardlink
test,/root/autodl-tmp/datasets/sources/construction-ppe_ultralytics_2025_v1/images/test/image921.jpg,/root/autodl-tmp/datasets/sources/construction-ppe_ultralytics_2025_v1/labels/test/image921.txt,/root/autodl-tmp/datasets/derived/construction_ppe3_canonical_v1_20260804_172437/images/all/test__image921.jpg,/root/autodl-tmp/datasets/derived/construction_ppe3_canonical_v1_20260804_172437/labels/all/test__image921.txt,8,3,5,5e33b0471b604355d8e5f77e912c1229a25ea95dbb153eab31c3d910471e5115,hardlink
test,/root/autodl-tmp/datasets/sources/construction-ppe_ultralytics_2025_v1/images/test/image922.jpg,/root/autodl-tmp/datasets/sources/construction-ppe_ultralytics_2025_v1/labels/test/image922.txt,/root/autodl-tmp/datasets/derived/construction_ppe3_canonical_v1_20260804_172437/images/all/test__image922.jpg,/root/autodl-tmp/datasets/derived/construction_ppe3_canonical_v1_20260804_172437/labels/all/test__image922.txt,8,3,5,3dca755f1adda124e6a2ee4d5c0231798b1c9a389f6a32ac8abfbeaeefd3fd72,hardlink
test,/root/autodl-tmp/datasets/sources/construction-ppe_ultralytics_2025_v1/images/test/image923.jpg,/root/autodl-tmp/datasets/sources/construction-ppe_ultralytics_2025_v1/labels/test/image923.txt,/root/autodl-tmp/datasets/derived/construction_ppe3_canonical_v1_20260804_172437/images/all/test__image923.jpg,/root/autodl-tmp/datasets/derived/construction_ppe3_canonical_v1_20260804_172437/labels/all/test__image923.txt,7,3,4,4d1a74236ab978ffec14bb333c5ef6aad3fa806f4417bba1a76d14d519222ecb,hardlink
test,/root/autodl-tmp/datasets/sources/construction-ppe_ultralytics_2025_v1/images/test/image927.jpg,/root/autodl-tmp/datasets/sources/construction-ppe_ultralytics_2025_v1/labels/test/image927.txt,/root/autodl-tmp/datasets/derived/construction_ppe3_canonical_v1_20260804_172437/images/all/test__image927.jpg,/root/autodl-tmp/datasets/derived/construction_ppe3_canonical_v1_20260804_172437/labels/all/test__image927.txt,7,3,4,3c23def20387ad83cc3f410f89910755c7cea9af05f941053623e7d336292e47,hardlink
test,/root/autodl-tmp/datasets/sources/construction-ppe_ultralytics_2025_v1/images/test/image934.jpg,/root/autodl-tmp/datasets/sources/construction-ppe_ultralytics_2025_v1/labels/test/image934.txt,/root/autodl-tmp/datasets/derived/construction_ppe3_canonical_v1_20260804_172437/images/all/test__image934.jpg,/root/autodl-tmp/datasets/derived/construction_ppe3_canonical_v1_20260804_172437/labels/all/test__image934.txt,8,3,5,0d78ba7db328800407b17690037ab53a1a3b6995a0217c491dba0dcca11d094d,hardlink
test,/root/autodl-tmp/datasets/sources/construction-ppe_ultralytics_2025_v1/images/test/image935.jpg,/root/autodl-tmp/datasets/sources/construction-ppe_ultralytics_2025_v1/labels/test/image935.txt,/root/autodl-tmp/datasets/derived/construction_ppe3_canonical_v1_20260804_172437/images/all/test__image935.jpg,/root/autodl-tmp/datasets/derived/construction_ppe3_canonical_v1_20260804_172437/labels/all/test__image935.txt,8,3,5,623eb666a030520b56fe667d6c4c124a3e1e2b861ae5b253ed3ad5930a52c083,hardlink
test,/root/autodl-tmp/datasets/sources/construction-ppe_ultralytics_2025_v1/images/test/image943.jpg,/root/autodl-tmp/datasets/sources/construction-ppe_ultralytics_2025_v1/labels/test/image943.txt,/root/autodl-tmp/datasets/derived/construction_ppe3_canonical_v1_20260804_172437/images/all/test__image943.jpg,/root/autodl-tmp/datasets/derived/construction_ppe3_canonical_v1_20260804_172437/labels/all/test__image943.txt,8,3,5,9c3c59301618682d15a62d0bb44e5d81b6965787070df8be8c7725b9a31c1e1a,hardlink
test,/root/autodl-tmp/datasets/sources/construction-ppe_ultralytics_2025_v1/images/test/image956.jpg,/root/autodl-tmp/datasets/sources/construction-ppe_ultralytics_2025_v1/labels/test/image956.txt,/root/autodl-tmp/datasets/derived/construction_ppe3_canonical_v1_20260804_172437/images/all/test__image956.jpg,/root/autodl-tmp/datasets/derived/construction_ppe3_canonical_v1_20260804_172437/labels/all/test__image956.txt,8,3,5,9774b409d85c182dd40b97662485178dbb6a2f0f2615ac602e6e0c5111e31698,hardlink
test,/root/autodl-tmp/datasets/sources/construction-ppe_ultralytics_2025_v1/images/test/image965.jpg,/root/autodl-tmp/datasets/sources/construction-ppe_ultralytics_2025_v1/labels/test/image965.txt,/root/autodl-tmp/datasets/derived/construction_ppe3_canonical_v1_20260804_172437/images/all/test__image965.jpg,/root/autodl-tmp/datasets/derived/construction_ppe3_canonical_v1_20260804_172437/labels/all/test__image965.txt,8,3,5,ede7fc001c1f63e18ac40d7cf567a213bebc85e39dad365de3b1396c7aa2e69b,hardlink
test,/root/autodl-tmp/datasets/sources/construction-ppe_ultralytics_2025_v1/images/test/image979.jpg,/root/autodl-tmp/datasets/sources/construction-ppe_ultralytics_2025_v1/labels/test/image979.txt,/root/autodl-tmp/datasets/derived/construction_ppe3_canonical_v1_20260804_172437/images/all/test__image979.jpg,/root/autodl-tmp/datasets/derived/construction_ppe3_canonical_v1_20260804_172437/labels/all/test__image979.txt,8,3,5,bc957741ce7504c432b512e3b8ff89ab5668b3a90387bc3c1b252d7d317e73a6,hardlink
test,/root/autodl-tmp/datasets/sources/construction-ppe_ultralytics_2025_v1/images/test/image98.jpg,/root/autodl-tmp/datasets/sources/construction-ppe_ultralytics_2025_v1/labels/test/image98.txt,/root/autodl-tmp/datasets/derived/construction_ppe3_canonical_v1_20260804_172437/images/all/test__image98.jpg,/root/autodl-tmp/datasets/derived/construction_ppe3_canonical_v1_20260804_172437/labels/all/test__image98.txt,8,3,5,949b9c1a89d81110a4280c3a74bab19f8a42c1c61f936ec2ddde7fbe8eb3c252,hardlink
test,/root/autodl-tmp/datasets/sources/construction-ppe_ultralytics_2025_v1/images/test/image987.jpg,/root/autodl-tmp/datasets/sources/construction-ppe_ultralytics_2025_v1/labels/test/image987.txt,/root/autodl-tmp/datasets/derived/construction_ppe3_canonical_v1_20260804_172437/images/all/test__image987.jpg,/root/autodl-tmp/datasets/derived/construction_ppe3_canonical_v1_20260804_172437/labels/all/test__image987.txt,8,3,5,d4cba8bc6f37a638b282253904bd19164682371a7fcef759a20a707e24b98898,hardlink
test,/root/autodl-tmp/datasets/sources/construction-ppe_ultralytics_2025_v1/images/test/image999.jpg,/root/autodl-tmp/datasets/sources/construction-ppe_ultralytics_2025_v1/labels/test/image999.txt,/root/autodl-tmp/datasets/derived/construction_ppe3_canonical_v1_20260804_172437/images/all/test__image999.jpg,/root/autodl-tmp/datasets/derived/construction_ppe3_canonical_v1_20260804_172437/labels/all/test__image999.txt,8,3,5,7a962fbadbf7d1a9e1939741cc85e4615674cb365eb9d25cab2a969057f4124c,hardlink
