split,image_key,image_path,label_path,image_valid,image_error,width,height,mode,sha256,dhash,valid_box_count,invalid_line_count,class_ids,min_box_area_at_640
train,.ipynb_checkpoints/image13-checkpoint,/root/autodl-tmp/datasets/sources/construction-ppe_ultralytics_2025_v1/images/train/.ipynb_checkpoints/image13-checkpoint.jpeg,,True,,640,640,RGB,9459c36ca17fadd3e93078833c3cd230a3903231c4ff8d418e52b2d45dac6f55,fcdccce4e4d4c4c4,0,0,,
train,.ipynb_checkpoints/image19-checkpoint,/root/autodl-tmp/datasets/sources/construction-ppe_ultralytics_2025_v1/images/train/.ipynb_checkpoints/image19-checkpoint.jpeg,,True,,640,640,RGB,672b6e1d92d48649d4613672adac3c72c94e50004b413c0381be9898136a4ba3,0084803058190900,0,0,,
train,.ipynb_checkpoints/image26-checkpoint,/root/autodl-tmp/datasets/sources/construction-ppe_ultralytics_2025_v1/images/train/.ipynb_checkpoints/image26-checkpoint.jpeg,,True,,640,640,RGB,35ea1d6375a25396d1c56f268112f356af58adb7f78f00ef4b2435e50bb09dc2,00e64bf4e5e5c800,0,0,,
train,.ipynb_checkpoints/image4-checkpoint,/root/autodl-tmp/datasets/sources/construction-ppe_ultralytics_2025_v1/images/train/.ipynb_checkpoints/image4-checkpoint.jpg,,True,,640,640,RGB,1a9c7c8484602e63aaca92aeae34349fe454fd32cbe2619c7923b7e64708dab0,00b4e6dc9298cc00,0,0,,
train,image100,/root/autodl-tmp/datasets/sources/construction-ppe_ultralytics_2025_v1/images/train/image100.jpg,/root/autodl-tmp/datasets/sources/construction-ppe_ultralytics_2025_v1/labels/train/image100.txt,True,,640,640,RGB,f90bb05e3d79d843b63fbdbb01841b8d58e934cd6575049ed9c9f5042230ec82,00acbcdedeee6e10,11,0,"0,5,6",3245.2873232384
train,image1000,/root/autodl-tmp/datasets/sources/construction-ppe_ultralytics_2025_v1/images/train/image1000.jpeg,/root/autodl-tmp/datasets/sources/construction-ppe_ultralytics_2025_v1/labels/train/image1000.txt,True,,640,640,RGB,d16cc2100b49135d7722063a23d24ff29a0e90ad6c9a4e757ca655a0d574ef66,00c649ccc4454600,3,0,"0,5,6",9372.9135624192
train,image1001,/root/autodl-tmp/datasets/sources/construction-ppe_ultralytics_2025_v1/images/train/image1001.jpg,/root/autodl-tmp/datasets/sources/construction-ppe_ultralytics_2025_v1/labels/train/image1001.txt,True,,640,640,RGB,343e0ff03dfcac5b17cdf5a79375773737bf1812fa782751d5a507bd5b067ca6,2d0e9e9d8c1e990c,8,0,"0,1,2,3,4,6",2894.7903471616005
train,image1002,/root/autodl-tmp/datasets/sources/construction-ppe_ultralytics_2025_v1/images/train/image1002.jpg,/root/autodl-tmp/datasets/sources/construction-ppe_ultralytics_2025_v1/labels/train/image1002.txt,True,,640,640,RGB,81b89f79a61244aa09ea58922934390cd5706e8e7a2ac0cf9a5235716b3ce06f,989a9b989f899492,8,0,"0,1,2,3,4,6",669.6602120192
train,image1004,/root/autodl-tmp/datasets/sources/construction-ppe_ultralytics_2025_v1/images/train/image1004.jpg,/root/autodl-tmp/datasets/sources/construction-ppe_ultralytics_2025_v1/labels/train/image1004.txt,True,,640,640,RGB,292b40524edcb6ea55d02265464a31f9b40f96e915947bc25b35b66458bc1ee8,9c9a8b98de8d9492,8,0,"0,1,2,3,4,6",917.9089920000001
train,image1005,/root/autodl-tmp/datasets/sources/construction-ppe_ultralytics_2025_v1/images/train/image1005.jpeg,/root/autodl-tmp/datasets/sources/construction-ppe_ultralytics_2025_v1/labels/train/image1005.txt,True,,640,640,RGB,13370ec005b3c83571dfdcf4bc865d5db05b8f81d9139ab22c5c4f5e00837b29,d4d0a4acaceaf898,4,0,"2,6",11354.473267200001
train,image1006,/root/autodl-tmp/datasets/sources/construction-ppe_ultralytics_2025_v1/images/train/image1006.jpg,/root/autodl-tmp/datasets/sources/construction-ppe_ultralytics_2025_v1/labels/train/image1006.txt,True,,640,640,RGB,0a23a6487f2e169b3ce0b92ffa705618d7b24fb540b6067de7538191595c968f,d0e8c830304c4d0c,5,0,"0,2,3,6",4928.5578223616
train,image1008,/root/autodl-tmp/datasets/sources/construction-ppe_ultralytics_2025_v1/images/train/image1008.jpeg,/root/autodl-tmp/datasets/sources/construction-ppe_ultralytics_2025_v1/labels/train/image1008.txt,True,,640,640,RGB,25e10ae920bea4fdd8b2322b9a99ed1b5b9a79c70251355c582341aa9291dfed,ccdcccccd6d6cccc,3,0,"0,2,6",9682.3605600256
train,image101,/root/autodl-tmp/datasets/sources/construction-ppe_ultralytics_2025_v1/images/train/image101.jpeg,/root/autodl-tmp/datasets/sources/construction-ppe_ultralytics_2025_v1/labels/train/image101.txt,True,,640,640,RGB,73fd2999c1316b1fb967462f75cec583dc99c311a47fe245074837dc2b4b1062,00dbca92980ac100,7,0,"1,2,3,5,6",553.8300592127999
train,image1011,/root/autodl-tmp/datasets/sources/construction-ppe_ultralytics_2025_v1/images/train/image1011.jpg,/root/autodl-tmp/datasets/sources/construction-ppe_ultralytics_2025_v1/labels/train/image1011.txt,True,,640,640,RGB,6f5df94c6c8aaa63ec04cbe6c4c36a729a61f8d6b09a381fe5233f64535faaea,8c8cc78e4c8d8492,8,0,"0,1,2,3,4,6",1476.8407904256
train,image1012,/root/autodl-tmp/datasets/sources/construction-ppe_ultralytics_2025_v1/images/train/image1012.jpg,/root/autodl-tmp/datasets/sources/construction-ppe_ultralytics_2025_v1/labels/train/image1012.txt,True,,640,640,RGB,63cbd0f6762f4ed5434ecad5bcc7b5355d994d8d8b45329b98d7a0e7f714cf5f,181cd74ecd8f8482,8,0,"0,1,2,3,4,6",1753.9957751808001
train,image1013,/root/autodl-tmp/datasets/sources/construction-ppe_ultralytics_2025_v1/images/train/image1013.jpg,/root/autodl-tmp/datasets/sources/construction-ppe_ultralytics_2025_v1/labels/train/image1013.txt,True,,640,640,RGB,6ae65c8187e9e2c6a15aca878a148edecdb95042fe16eb5a45c59a551ae8b236,103c974fcd87848a,8,0,"0,1,2,3,4,6",2047.3291767808
train,image1015,/root/autodl-tmp/datasets/sources/construction-ppe_ultralytics_2025_v1/images/train/image1015.jpg,/root/autodl-tmp/datasets/sources/construction-ppe_ultralytics_2025_v1/labels/train/image1015.txt,True,,640,640,RGB,3fc956ea7fff82a7671c85f0d1c21ac82dfcceb3d361c8662a9eb70638d82a11,c4cc1e9f8c8e0c06,8,0,"0,1,2,3,4,6",2881.5154192384
train,image1016,/root/autodl-tmp/datasets/sources/construction-ppe_ultralytics_2025_v1/images/train/image1016.jpeg,/root/autodl-tmp/datasets/sources/construction-ppe_ultralytics_2025_v1/labels/train/image1016.txt,True,,640,640,RGB,9b3324bacf8ae55c7ceaec5f6c81dbba350d8fb284d92f6101442f288671d3e2,f0f0d4c4c4f0f0e0,10,0,"0,2,3,5,6",700.4236447744
train,image1017,/root/autodl-tmp/datasets/sources/construction-ppe_ultralytics_2025_v1/images/train/image1017.jpg,/root/autodl-tmp/datasets/sources/construction-ppe_ultralytics_2025_v1/labels/train/image1017.txt,True,,640,640,RGB,0ae70f75ae50a611fd374198ccc52c54f904739a15ebf94719a90108f18d9509,84cc9e9e9c9a0c26,8,0,"0,1,2,3,4,6",2732.1252863999994
train,image1018,/root/autodl-tmp/datasets/sources/construction-ppe_ultralytics_2025_v1/images/train/image1018.jpg,/root/autodl-tmp/datasets/sources/construction-ppe_ultralytics_2025_v1/labels/train/image1018.txt,True,,640,640,RGB,a8c5def3bb825301e1cf4922f3062f2faa5dc2bca0c5b37fd78e06dcda18beea,81cd9e9c4c5a4c26,8,0,"0,1,2,3,4,6",3384.8937824256
train,image102,/root/autodl-tmp/datasets/sources/construction-ppe_ultralytics_2025_v1/images/train/image102.jpg,/root/autodl-tmp/datasets/sources/construction-ppe_ultralytics_2025_v1/labels/train/image102.txt,True,,640,640,RGB,158d5b3f3355f7f937e43a3879f3fe77e0b4384b6b70480c42ffa2edcdb41b23,05031316928f0e1e,5,0,"0,1,2,6",2099.8569136128003
train,image1020,/root/autodl-tmp/datasets/sources/construction-ppe_ultralytics_2025_v1/images/train/image1020.jpg,/root/autodl-tmp/datasets/sources/construction-ppe_ultralytics_2025_v1/labels/train/image1020.txt,True,,640,640,RGB,fb352313cf96b536509ea8e2de1652cf59830c2ea0c6c476a79d624126d9bafa,99c99c9e4d4c4d26,8,0,"0,1,2,3,4,6",2836.9371807744
train,image1021,/root/autodl-tmp/datasets/sources/construction-ppe_ultralytics_2025_v1/images/train/image1021.jpg,/root/autodl-tmp/datasets/sources/construction-ppe_ultralytics_2025_v1/labels/train/image1021.txt,True,,640,640,RGB,d50203d428449d130b3b86b4b9e0745ff4f0691d31f1b60eafdc9d50891e9066,6cc7c62626072426,7,0,"0,1,2,3,4,6",2528.6537560064003
train,image1022,/root/autodl-tmp/datasets/sources/construction-ppe_ultralytics_2025_v1/images/train/image1022.jpg,/root/autodl-tmp/datasets/sources/construction-ppe_ultralytics_2025_v1/labels/train/image1022.txt,True,,640,640,RGB,9428458af71b0dda0fcd1405ffb067b9815cca268ebdc57f56033f23faf83057,6cc7962626072426,7,0,"0,1,2,3,4,6",3650.7671543807996
train,image1024,/root/autodl-tmp/datasets/sources/construction-ppe_ultralytics_2025_v1/images/train/image1024.jpeg,/root/autodl-tmp/datasets/sources/construction-ppe_ultralytics_2025_v1/labels/train/image1024.txt,True,,640,640,RGB,ac5590a82cb2f80db5e46528dc11a2c4236404f16d094a10f8d6b5ec172f1ff4,002d393aaf3b6100,18,0,"0,1,2,6",836.4669616128
train,image1025,/root/autodl-tmp/datasets/sources/construction-ppe_ultralytics_2025_v1/images/train/image1025.jpg,/root/autodl-tmp/datasets/sources/construction-ppe_ultralytics_2025_v1/labels/train/image1025.txt,True,,640,640,RGB,0f78d21a9fc985d6aa200e59f6cda9e0481e732b6c9e3b59917157d8676f47b0,010313129a8f0e0e,5,0,"0,1,2,6",1554.1789704192
train,image1026,/root/autodl-tmp/datasets/sources/construction-ppe_ultralytics_2025_v1/images/train/image1026.jpg,/root/autodl-tmp/datasets/sources/construction-ppe_ultralytics_2025_v1/labels/train/image1026.txt,True,,640,640,RGB,12a400dfeb3ff3aa8d5277cb439535938052f6077581867ac0c3b9ca81498ff8,4cc7c60fad8796d1,8,0,"0,1,2,3,4,6",2276.6207999999997
train,image1027,/root/autodl-tmp/datasets/sources/construction-ppe_ultralytics_2025_v1/images/train/image1027.jpg,/root/autodl-tmp/datasets/sources/construction-ppe_ultralytics_2025_v1/labels/train/image1027.txt,True,,640,640,RGB,6849ee5f1394d660450a7338e5a046df0540743d6022ae4cab24b6e520dd1c98,4cc7c60fa5868a91,8,0,"0,1,2,3,4,6",3031.5359231999996
train,image1028,/root/autodl-tmp/datasets/sources/construction-ppe_ultralytics_2025_v1/images/train/image1028.jpg,/root/autodl-tmp/datasets/sources/construction-ppe_ultralytics_2025_v1/labels/train/image1028.txt,True,,640,640,RGB,ebd5928fe542a1739c318dcaede0de6fb3ed1ef053c9ed8ea0dcf40d77e53daa,6ccfc6068f4edbc9,8,0,"0,1,2,3,4,6",2101.5727951872004
train,image1029,/root/autodl-tmp/datasets/sources/construction-ppe_ultralytics_2025_v1/images/train/image1029.jpg,/root/autodl-tmp/datasets/sources/construction-ppe_ultralytics_2025_v1/labels/train/image1029.txt,True,,640,640,RGB,03bae05645d63b4f6d76678d194af10fc8f71da1ba4ce77c700df2977a3f6dee,6cc7c60686664f4c,8,0,"0,1,2,3,4,6",3151.5333279744
train,image103,/root/autodl-tmp/datasets/sources/construction-ppe_ultralytics_2025_v1/images/train/image103.jpeg,/root/autodl-tmp/datasets/sources/construction-ppe_ultralytics_2025_v1/labels/train/image103.txt,True,,640,640,RGB,223604f303e51304f0e21aa394a28fc1b3f8cb40a15828028988516f43d035ae,007272e366586a00,2,0,"2,6",14875.3205264384
train,image1030,/root/autodl-tmp/datasets/sources/construction-ppe_ultralytics_2025_v1/images/train/image1030.jpg,/root/autodl-tmp/datasets/sources/construction-ppe_ultralytics_2025_v1/labels/train/image1030.txt,True,,640,640,RGB,8b49d49680065cbe2b76c96d596199e433d7b5c42d8aefee72a567b3e928ce58,66c7c30e86276d64,8,0,"0,1,2,3,4,6",3239.5495919615996
train,image1031,/root/autodl-tmp/datasets/sources/construction-ppe_ultralytics_2025_v1/images/train/image1031.jpg,/root/autodl-tmp/datasets/sources/construction-ppe_ultralytics_2025_v1/labels/train/image1031.txt,True,,640,640,RGB,cfaf45ced0656b052a1a17696b9c3a2cf0d2cd92e3793d8c0925edc716b866b5,66c7c30e86276d26,8,0,"0,1,2,3,4,6",3777.190912
train,image1032,/root/autodl-tmp/datasets/sources/construction-ppe_ultralytics_2025_v1/images/train/image1032.jpg,/root/autodl-tmp/datasets/sources/construction-ppe_ultralytics_2025_v1/labels/train/image1032.txt,True,,640,640,RGB,a7708734d18d64253e9cff97298e9b61ba5a985e1a336a0cfa7807f61ee1ad0e,66c7cb0b860f0426,8,0,"0,1,2,3,4,6",3142.5995776
train,image1033,/root/autodl-tmp/datasets/sources/construction-ppe_ultralytics_2025_v1/images/train/image1033.jpg,/root/autodl-tmp/datasets/sources/construction-ppe_ultralytics_2025_v1/labels/train/image1033.txt,True,,640,640,RGB,8e612ecd9abe061fb131b634064a164a0fab6c538bfab02e5aa50c354c9fdd1f,66c7cb0bcf070426,8,0,"0,1,2,3,4,6",2570.9856096256003
train,image1034,/root/autodl-tmp/datasets/sources/construction-ppe_ultralytics_2025_v1/images/train/image1034.jpg,/root/autodl-tmp/datasets/sources/construction-ppe_ultralytics_2025_v1/labels/train/image1034.txt,True,,640,640,RGB,eeaa8cbdbe40a5fc281933e9573025c02b335e1227f4adc079711a35143a2c36,66c7cb0bcf071426,8,0,"0,1,2,3,4,6",3128.9766920192
train,image1035,/root/autodl-tmp/datasets/sources/construction-ppe_ultralytics_2025_v1/images/train/image1035.jpeg,/root/autodl-tmp/datasets/sources/construction-ppe_ultralytics_2025_v1/labels/train/image1035.txt,True,,640,640,RGB,f32c1b3ad7a42728e310ffabb9c995163222f1c02efb48418cf91603048e7952,00c1683777cf8d00,12,0,"2,6",993.0641072128001
train,image1036,/root/autodl-tmp/datasets/sources/construction-ppe_ultralytics_2025_v1/images/train/image1036.jpg,/root/autodl-tmp/datasets/sources/construction-ppe_ultralytics_2025_v1/labels/train/image1036.txt,True,,640,640,RGB,a014d01ecd6ab693a8c6b2bf91e59f2bd03418abf8ce35a9e924aace732a2e9e,a4c969ad2f7e9e94,6,0,"0,2,6",13087.1523999744
train,image1038,/root/autodl-tmp/datasets/sources/construction-ppe_ultralytics_2025_v1/images/train/image1038.jpg,/root/autodl-tmp/datasets/sources/construction-ppe_ultralytics_2025_v1/labels/train/image1038.txt,True,,640,640,RGB,b9a1ac94bcd69aace085e7cbc11e1e63a2d1b69a21face415a05dc12733764ca,01031312928f0e0e,5,0,"0,1,2,6",2059.4149896192002
train,image1039,/root/autodl-tmp/datasets/sources/construction-ppe_ultralytics_2025_v1/images/train/image1039.jpg,/root/autodl-tmp/datasets/sources/construction-ppe_ultralytics_2025_v1/labels/train/image1039.txt,True,,640,640,RGB,b316a9aa0da1d5420a8281b3a4fb040374fd2e583df8e7f2ed7814a149e16119,0d9b06cf4f468626,8,0,"0,1,2,3,4,6",3524.6792687616
train,image104,/root/autodl-tmp/datasets/sources/construction-ppe_ultralytics_2025_v1/images/train/image104.jpg,/root/autodl-tmp/datasets/sources/construction-ppe_ultralytics_2025_v1/labels/train/image104.txt,True,,640,640,RGB,db20330f9e7306f6d4d50d0e1f6d7763efb3f84c418f03c37d4c28dd80836278,1b37174c4d84a666,8,0,"0,1,2,3,4,6",2007.3950216192
train,image1040,/root/autodl-tmp/datasets/sources/construction-ppe_ultralytics_2025_v1/images/train/image1040.jpg,/root/autodl-tmp/datasets/sources/construction-ppe_ultralytics_2025_v1/labels/train/image1040.txt,True,,640,640,RGB,cac47902c35d50812177bdd254c12ee7220f8a3e68781aedd7dc6ab6bf79afaa,0d8f87cf4f468622,8,0,"0,1,2,3,4,6",3908.8102232064
train,image1041,/root/autodl-tmp/datasets/sources/construction-ppe_ultralytics_2025_v1/images/train/image1041.jpg,/root/autodl-tmp/datasets/sources/construction-ppe_ultralytics_2025_v1/labels/train/image1041.txt,True,,640,640,RGB,e8f2793df6daf3d024d501adb3b71168ad2842a523efcc5de9d3d82cee1436dc,048d87cf860682b2,8,0,"0,1,2,3,4,6",2979.2099663872
train,image1042,/root/autodl-tmp/datasets/sources/construction-ppe_ultralytics_2025_v1/images/train/image1042.jpg,/root/autodl-tmp/datasets/sources/construction-ppe_ultralytics_2025_v1/labels/train/image1042.txt,True,,640,640,RGB,c09416f14840594bb450793cd6f370f66030578486199a21e6d9da42901ff35c,048d87cf860682b2,8,0,"0,1,2,3,4,6",4902.3889440768
train,image1043,/root/autodl-tmp/datasets/sources/construction-ppe_ultralytics_2025_v1/images/train/image1043.jpg,/root/autodl-tmp/datasets/sources/construction-ppe_ultralytics_2025_v1/labels/train/image1043.txt,True,,640,640,RGB,a65447b52c0897604c80f1af88a6eb2ce0104c7523280e6205db3936dcfd5dab,0d9f9bc70b4b8ab2,8,0,"0,1,2,3,4,6",4219.8368223232
train,image1044,/root/autodl-tmp/datasets/sources/construction-ppe_ultralytics_2025_v1/images/train/image1044.jpg,/root/autodl-tmp/datasets/sources/construction-ppe_ultralytics_2025_v1/labels/train/image1044.txt,True,,640,640,RGB,4cfc0a4a2961ead666a25045403c4f5e9830f67a63fad067b930e1e35ebacef3,0f9b89a7234b82b2,8,0,"0,1,2,3,4,6",3210.2182232064
train,image1045,/root/autodl-tmp/datasets/sources/construction-ppe_ultralytics_2025_v1/images/train/image1045.jpg,/root/autodl-tmp/datasets/sources/construction-ppe_ultralytics_2025_v1/labels/train/image1045.txt,True,,640,640,RGB,6e70135a59994f7a2c3b697f1647c9da8003ad9017a46afeec1f1c26c3238e5c,0f8b8da7274b82b2,8,0,"0,1,2,3,4,6",2989.0830864384
train,image1047,/root/autodl-tmp/datasets/sources/construction-ppe_ultralytics_2025_v1/images/train/image1047.jpg,/root/autodl-tmp/datasets/sources/construction-ppe_ultralytics_2025_v1/labels/train/image1047.txt,True,,640,640,RGB,af10ef307c37161f64f05a07703bae9b5d40aee76aeb5e440d863dd71ccebec7,0d1d36164f4d9626,8,0,"0,1,2,3,4,6",2819.1461408767996
train,image1048,/root/autodl-tmp/datasets/sources/construction-ppe_ultralytics_2025_v1/images/train/image1048.jpg,/root/autodl-tmp/datasets/sources/construction-ppe_ultralytics_2025_v1/labels/train/image1048.txt,True,,640,640,RGB,f9923424b079996ca4df481a35fdc4f1c92ac6c80a707a5d6b0b57635bf3f7c5,4d1d36164f4d9626,8,0,"0,1,2,3,4,6",3316.1396576255997
train,image105,/root/autodl-tmp/datasets/sources/construction-ppe_ultralytics_2025_v1/images/train/image105.jpg,/root/autodl-tmp/datasets/sources/construction-ppe_ultralytics_2025_v1/labels/train/image105.txt,True,,640,640,RGB,f96da2f7f0b42ea45106db6ddc452fa487e74d697ad950b8c306a4627a161973,0b17174e4dc6b627,8,0,"0,1,2,3,4,6",3049.6053215232
train,image1050,/root/autodl-tmp/datasets/sources/construction-ppe_ultralytics_2025_v1/images/train/image1050.jpg,/root/autodl-tmp/datasets/sources/construction-ppe_ultralytics_2025_v1/labels/train/image1050.txt,True,,640,640,RGB,8ab33fa35ebb08ddacbd53d131adf66152645ef6970c97a172828c5bce1487d6,4d1d16164f4d96a6,8,0,"0,1,2,3,4,6",4326.6655727616
train,image1051,/root/autodl-tmp/datasets/sources/construction-ppe_ultralytics_2025_v1/images/train/image1051.jpeg,/root/autodl-tmp/datasets/sources/construction-ppe_ultralytics_2025_v1/labels/train/image1051.txt,True,,640,640,RGB,a5ffbe42109f7f5009878d4dbf88a295456b21823a866b7013483ad32ee149ad,1171705846467614,29,0,"0,2,6",1109.8770096128
train,image1052,/root/autodl-tmp/datasets/sources/construction-ppe_ultralytics_2025_v1/images/train/image1052.jpg,/root/autodl-tmp/datasets/sources/construction-ppe_ultralytics_2025_v1/labels/train/image1052.txt,True,,640,640,RGB,08f68636630a72f47c7c4981c2498915f9c88548fba9675494b6c85907e10a2b,0f1937164f4d96a6,8,0,"0,1,2,3,4,6",2821.1442352128
train,image1053,/root/autodl-tmp/datasets/sources/construction-ppe_ultralytics_2025_v1/images/train/image1053.jpg,/root/autodl-tmp/datasets/sources/construction-ppe_ultralytics_2025_v1/labels/train/image1053.txt,True,,640,640,RGB,b8070ace7b10398bc1a316b4545bd9889a06184aa2e2025d593b97736f99af8a,9b1b37170f4d96a6,8,0,"0,1,2,3,4,6",2780.9403568128
train,image1054,/root/autodl-tmp/datasets/sources/construction-ppe_ultralytics_2025_v1/images/train/image1054.jpg,/root/autodl-tmp/datasets/sources/construction-ppe_ultralytics_2025_v1/labels/train/image1054.txt,True,,640,640,RGB,12b3c011d64641600ba35d66148622f0d71af2c5d43d6929587d469aec310ff1,9b3b25970f4d96b6,8,0,"0,1,2,3,4,6",3715.2435208192005
train,image1056,/root/autodl-tmp/datasets/sources/construction-ppe_ultralytics_2025_v1/images/train/image1056.jpg,/root/autodl-tmp/datasets/sources/construction-ppe_ultralytics_2025_v1/labels/train/image1056.txt,True,,640,640,RGB,4480b9289336b188596ecfb4c98db89d42bfb0625ba4346e8dbeee669fc4aa1d,3e6f66259d9f9cb6,8,0,"0,1,2,3,4,6",2635.4020360192
train,image1058,/root/autodl-tmp/datasets/sources/construction-ppe_ultralytics_2025_v1/images/train/image1058.jpg,/root/autodl-tmp/datasets/sources/construction-ppe_ultralytics_2025_v1/labels/train/image1058.txt,True,,640,640,RGB,dd9cbd2ebecece0e24167c5f6b63ccb3e92900255cc9c4ba42aa351fea62a4c2,6ccf96268d9f9cb6,8,0,"0,1,2,3,4,6",3578.6450239488004
train,image1059,/root/autodl-tmp/datasets/sources/construction-ppe_ultralytics_2025_v1/images/train/image1059.jpg,/root/autodl-tmp/datasets/sources/construction-ppe_ultralytics_2025_v1/labels/train/image1059.txt,True,,640,640,RGB,325c593a3b579918bc8a06f698b4fb77c8d270ab870188af3cb226708bf943ec,6ccf96368d8f9cb2,8,0,"0,1,2,3,4,6",3602.8691488768
train,image106,/root/autodl-tmp/datasets/sources/construction-ppe_ultralytics_2025_v1/images/train/image106.jpg,/root/autodl-tmp/datasets/sources/construction-ppe_ultralytics_2025_v1/labels/train/image106.txt,True,,640,640,RGB,668ea63e4916a7fb63b6438240755dc64d3d113bc91f0ac3cd480057452871e3,1b392d0c4dc4b627,8,0,"0,1,2,3,4,6",2282.8307800064003
train,image1060,/root/autodl-tmp/datasets/sources/construction-ppe_ultralytics_2025_v1/images/train/image1060.jpeg,/root/autodl-tmp/datasets/sources/construction-ppe_ultralytics_2025_v1/labels/train/image1060.txt,True,,640,640,RGB,de25471488870d37f099bda86b72173094d071eab656a06ea082d77f6ff120b1,0303161212130111,8,0,"0,1,2,6",1164.4718247936
train,image1061,/root/autodl-tmp/datasets/sources/construction-ppe_ultralytics_2025_v1/images/train/image1061.jpg,/root/autodl-tmp/datasets/sources/construction-ppe_ultralytics_2025_v1/labels/train/image1061.txt,True,,640,640,RGB,1e8287642e95df1debb635cf907083c0def012561130f39e367721f7a1d0a8a0,6ccf96368f8d96b2,8,0,"0,1,2,3,4,6",3073.0911719423993
train,image1062,/root/autodl-tmp/datasets/sources/construction-ppe_ultralytics_2025_v1/images/train/image1062.jpg,/root/autodl-tmp/datasets/sources/construction-ppe_ultralytics_2025_v1/labels/train/image1062.txt,True,,640,640,RGB,c076e83a3fcb8b93200ec6bbdb24ffaf8f29245f79f9451345cdadc234a1d2f3,6ccf96168f8d9692,8,0,"0,1,2,3,4,6",3497.0138591232003
train,image1063,/root/autodl-tmp/datasets/sources/construction-ppe_ultralytics_2025_v1/images/train/image1063.jpg,/root/autodl-tmp/datasets/sources/construction-ppe_ultralytics_2025_v1/labels/train/image1063.txt,True,,640,640,RGB,385436486959eca02f27d8c29862386aa788d032f35a37809376f782617e0096,4ccd9253c746cbc9,8,0,"0,1,2,3,4,6",3388.5786783743997
train,image1064,/root/autodl-tmp/datasets/sources/construction-ppe_ultralytics_2025_v1/images/train/image1064.jpg,/root/autodl-tmp/datasets/sources/construction-ppe_ultralytics_2025_v1/labels/train/image1064.txt,True,,640,640,RGB,37c95ef824cfae54db349877d8d48ec9064b67ffec63ce9d075fe140487f75b5,a92c16934e8f8fc9,8,0,"0,1,2,3,4,6",3213.0759688192
train,image1066,/root/autodl-tmp/datasets/sources/construction-ppe_ultralytics_2025_v1/images/train/image1066.jpg,/root/autodl-tmp/datasets/sources/construction-ppe_ultralytics_2025_v1/labels/train/image1066.txt,True,,640,640,RGB,fd8616842d07d45e08223f18e8d3a4170c3fdf7655ff7a05596259274ec65b7b,8ecb97974f4f8fcc,8,0,"0,1,2,3,4,6",3827.9152127999996
train,image1067,/root/autodl-tmp/datasets/sources/construction-ppe_ultralytics_2025_v1/images/train/image1067.jpg,/root/autodl-tmp/datasets/sources/construction-ppe_ultralytics_2025_v1/labels/train/image1067.txt,True,,640,640,RGB,85ff97c0a72a4f22edbceb961aae8ce913149d6d910fc842fc26d2ebca817c22,8fcfb7974f4d8fcc,8,0,"0,1,2,3,4,6",3810.4386895872
train,image1068,/root/autodl-tmp/datasets/sources/construction-ppe_ultralytics_2025_v1/images/train/image1068.jpg,/root/autodl-tmp/datasets/sources/construction-ppe_ultralytics_2025_v1/labels/train/image1068.txt,True,,640,640,RGB,62f343321b518f2fced0cbe942ed41501a3894392fe36e18a2e6ba4ff736d09b,0f0fb797cf4d8fcc,8,0,"0,1,2,3,4,6",3538.5206112256005
train,image1069,/root/autodl-tmp/datasets/sources/construction-ppe_ultralytics_2025_v1/images/train/image1069.jpeg,/root/autodl-tmp/datasets/sources/construction-ppe_ultralytics_2025_v1/labels/train/image1069.txt,True,,640,640,RGB,7e97fac288aa832c9c85eb2eb4492d4843e24064b4ddbfa76b802e2700dc2f83,929288985880a424,4,0,"2,3,6",1137.9889127423999
train,image107,/root/autodl-tmp/datasets/sources/construction-ppe_ultralytics_2025_v1/images/train/image107.jpg,/root/autodl-tmp/datasets/sources/construction-ppe_ultralytics_2025_v1/labels/train/image107.txt,True,,640,640,RGB,98ed63e1f06c5dd619224d5c487799744f7d4860c875ee8e2c91c8e18d769d91,d8e93190c5e42c28,2,0,"2,6",81532.57468805119
train,image1070,/root/autodl-tmp/datasets/sources/construction-ppe_ultralytics_2025_v1/images/train/image1070.jpg,/root/autodl-tmp/datasets/sources/construction-ppe_ultralytics_2025_v1/labels/train/image1070.txt,True,,640,640,RGB,27b0eae35421c85024a035aa933d4193316395321423bc97cd3953906128e3a9,0d0e3617cf4d8fcc,8,0,"0,1,2,3,4,6",2477.7166159872004
train,image1071,/root/autodl-tmp/datasets/sources/construction-ppe_ultralytics_2025_v1/images/train/image1071.jpg,/root/autodl-tmp/datasets/sources/construction-ppe_ultralytics_2025_v1/labels/train/image1071.txt,True,,640,640,RGB,87b01c73f07fc0458f92f6f43b9aee6cc69864ca666e930d62903044d98d9b34,0d0e1613c64f8fcf,8,0,"0,1,2,3,4,6",3428.1531224063997
train,image1073,/root/autodl-tmp/datasets/sources/construction-ppe_ultralytics_2025_v1/images/train/image1073.jpg,/root/autodl-tmp/datasets/sources/construction-ppe_ultralytics_2025_v1/labels/train/image1073.txt,True,,640,640,RGB,64562b30159a955a2cf3b0c21a4eedd3ee6e8790b829a422e144f9b34d736d6c,0c4b97964e4d0fcf,8,0,"0,1,2,3,4,6",6060.347306393601
train,image1075,/root/autodl-tmp/datasets/sources/construction-ppe_ultralytics_2025_v1/images/train/image1075.jpg,/root/autodl-tmp/datasets/sources/construction-ppe_ultralytics_2025_v1/labels/train/image1075.txt,True,,640,640,RGB,e5a0461f9b89f9eae8bed15c8e3e932d703bcd6677fec91963a516dcb6092b14,4c8e97174f4d8fcf,8,0,"0,1,2,3,4,6",3880.7949311999996
train,image1077,/root/autodl-tmp/datasets/sources/construction-ppe_ultralytics_2025_v1/images/train/image1077.jpg,/root/autodl-tmp/datasets/sources/construction-ppe_ultralytics_2025_v1/labels/train/image1077.txt,True,,640,640,RGB,1c231db04ae7ec1908ce5b953f23a41fa845fbb45d4a4d233a49912a260145dc,090d9f174f4d4fe7,8,0,"0,1,2,3,4,6",2352.5842305024
train,image1078,/root/autodl-tmp/datasets/sources/construction-ppe_ultralytics_2025_v1/images/train/image1078.jpeg,/root/autodl-tmp/datasets/sources/construction-ppe_ultralytics_2025_v1/labels/train/image1078.txt,True,,640,640,RGB,8b4f2cafd2d08b439ada2ff06223effa227b9079d80e25962f3194952fb03a8e,ccc8a494f0f4969e,6,0,"0,2,6",47294.02354565121
train,image1079,/root/autodl-tmp/datasets/sources/construction-ppe_ultralytics_2025_v1/images/train/image1079.jpg,/root/autodl-tmp/datasets/sources/construction-ppe_ultralytics_2025_v1/labels/train/image1079.txt,True,,640,640,RGB,4328119a49d2041cc15ec1d4591907df2ae9fb1367985da804e792d45b4a2454,09030b098887060e,3,0,"0,2,6",4550.5253376
train,image108,/root/autodl-tmp/datasets/sources/construction-ppe_ultralytics_2025_v1/images/train/image108.jpg,/root/autodl-tmp/datasets/sources/construction-ppe_ultralytics_2025_v1/labels/train/image108.txt,True,,640,640,RGB,f3917ba40946a7836c1a2b09fdb63559bc654c3eafcf80d4a30bd2aff0b53f97,b7736c6939323a62,5,0,"0,2,6",7502.0937535488
train,image1080,/root/autodl-tmp/datasets/sources/construction-ppe_ultralytics_2025_v1/images/train/image1080.jpg,/root/autodl-tmp/datasets/sources/construction-ppe_ultralytics_2025_v1/labels/train/image1080.txt,True,,640,640,RGB,5f7330ca8405199ec6ff4119a1e946ca8b5b5bdcb684d012af3c289e5d7b7ad9,0b0d9f16474d4fef,8,0,"0,1,2,3,4,6",2288.7822016512
train,image1081,/root/autodl-tmp/datasets/sources/construction-ppe_ultralytics_2025_v1/images/train/image1081.jpg,/root/autodl-tmp/datasets/sources/construction-ppe_ultralytics_2025_v1/labels/train/image1081.txt,True,,640,640,RGB,ae82349f684ec432fc04a860ffde1fa69c759e6e500c84dde83b93ec4e88b9b5,470f9e17cf4d4f4f,8,0,"0,1,2,3,4,6",3459.2086351872003
train,image1082,/root/autodl-tmp/datasets/sources/construction-ppe_ultralytics_2025_v1/images/train/image1082.jpg,/root/autodl-tmp/datasets/sources/construction-ppe_ultralytics_2025_v1/labels/train/image1082.txt,True,,640,640,RGB,922e059acec3a053a5134fee7cc0497765a93e2db05fc9e8c2c74647579d979c,4f0e9e97cf4d4f4f,8,0,"0,1,2,3,4,6",3092.1052655616004
train,image1084,/root/autodl-tmp/datasets/sources/construction-ppe_ultralytics_2025_v1/images/train/image1084.jpg,/root/autodl-tmp/datasets/sources/construction-ppe_ultralytics_2025_v1/labels/train/image1084.txt,True,,640,640,RGB,2565e015fc17ba46b038e589d856d508e9e1fd0bd339d82dc12ca20a3333333e,9fcc9d5f4f4c4fef,8,0,"0,1,2,3,4,6",2536.9344
train,image1086,/root/autodl-tmp/datasets/sources/construction-ppe_ultralytics_2025_v1/images/train/image1086.jpg,/root/autodl-tmp/datasets/sources/construction-ppe_ultralytics_2025_v1/labels/train/image1086.txt,True,,640,640,RGB,1edf0b5dd0fae183c9db354ed1e3a68666962a1a745d78d66dd066328392eeaa,1ecc9edf4f4c4def,8,0,"0,1,2,3,4,6",2947.5282968576
train,image1087,/root/autodl-tmp/datasets/sources/construction-ppe_ultralytics_2025_v1/images/train/image1087.jpg,/root/autodl-tmp/datasets/sources/construction-ppe_ultralytics_2025_v1/labels/train/image1087.txt,True,,640,640,RGB,a59f7d40a7675ef1f7b76e7e38a3087d2fd25df38b3ac2dd49bf3355374b97d8,2e8c9ecf070c4fe7,8,0,"0,1,2,3,4,6",2538.6783105024006
train,image109,/root/autodl-tmp/datasets/sources/construction-ppe_ultralytics_2025_v1/images/train/image109.jpg,/root/autodl-tmp/datasets/sources/construction-ppe_ultralytics_2025_v1/labels/train/image109.txt,True,,640,640,RGB,07fc46af42f1d88682516f5bf76586b3b5192d458a4ba11db35c6ae8ed8bca5e,00447657d7567200,9,0,"0,2,6",7859.716094361599
train,image1090,/root/autodl-tmp/datasets/sources/construction-ppe_ultralytics_2025_v1/images/train/image1090.jpeg,/root/autodl-tmp/datasets/sources/construction-ppe_ultralytics_2025_v1/labels/train/image1090.txt,True,,640,640,RGB,44aefa019d481f55d49b214811105f74e4d6180f7d553e85d34419163662b090,0092f3a7834d5800,4,0,"2,6",17306.612891238397
train,image1092,/root/autodl-tmp/datasets/sources/construction-ppe_ultralytics_2025_v1/images/train/image1092.jpg,/root/autodl-tmp/datasets/sources/construction-ppe_ultralytics_2025_v1/labels/train/image1092.txt,True,,640,640,RGB,65eecb794cf521d82785b986a13c674c725b9c13a9f03d5a4b92c915dc78ac68,cc4d1d9b0f4d4d4f,8,0,"0,1,2,3,4,6",2114.5614336
train,image1093,/root/autodl-tmp/datasets/sources/construction-ppe_ultralytics_2025_v1/images/train/image1093.jpg,/root/autodl-tmp/datasets/sources/construction-ppe_ultralytics_2025_v1/labels/train/image1093.txt,True,,640,640,RGB,f83e9fea5526749206db674c35f158942d4a38665bbe80783f8144fc80268e81,381c8e4cca4b0f36,7,0,"0,1,2,3,4,6",2729.4511104000003
train,image1094,/root/autodl-tmp/datasets/sources/construction-ppe_ultralytics_2025_v1/images/train/image1094.jpg,/root/autodl-tmp/datasets/sources/construction-ppe_ultralytics_2025_v1/labels/train/image1094.txt,True,,640,640,RGB,374d6316af919333cb27d366e1191d326205d0c1b9c37830d96d524d7095df89,382d8e4ccd4d0d32,7,0,"0,1,2,3,4,6",2917.6009736192
train,image1095,/root/autodl-tmp/datasets/sources/construction-ppe_ultralytics_2025_v1/images/train/image1095.jpg,/root/autodl-tmp/datasets/sources/construction-ppe_ultralytics_2025_v1/labels/train/image1095.txt,True,,640,640,RGB,387b1d3b52163574d0209073fc2a0cb1116fbb249ff8c6a8a452d32ba3f4f2d7,646d27c64d658d9b,8,0,"0,1,2,3,4,6",2218.4250720256005
train,image1097,/root/autodl-tmp/datasets/sources/construction-ppe_ultralytics_2025_v1/images/train/image1097.jpg,/root/autodl-tmp/datasets/sources/construction-ppe_ultralytics_2025_v1/labels/train/image1097.txt,True,,640,640,RGB,9cd566244fb5e3b8bf88f92ca27ab4635ae84929beae8a4ea3339ea45c547eee,c4cc4606cd6d0d9b,8,0,"0,1,2,3,4,6",2417.9727679487996
train,image1098,/root/autodl-tmp/datasets/sources/construction-ppe_ultralytics_2025_v1/images/train/image1098.jpg,/root/autodl-tmp/datasets/sources/construction-ppe_ultralytics_2025_v1/labels/train/image1098.txt,True,,640,640,RGB,1f89b622c307748662c504d50760a7629ded6cfa9a7c324c6473bfccb5aa3c76,03a6c6068e6707cc,8,0,"0,1,2,3,4,6",1946.1548367872
train,image1099,/root/autodl-tmp/datasets/sources/construction-ppe_ultralytics_2025_v1/images/train/image1099.jpg,/root/autodl-tmp/datasets/sources/construction-ppe_ultralytics_2025_v1/labels/train/image1099.txt,True,,640,640,RGB,ec968241f1e26455b90c99964133cb41477d041b6a19aa6e7af595a683e963ac,1624c606ce6707cc,8,0,"0,1,2,3,4,6",1880.5275648
train,image1100,/root/autodl-tmp/datasets/sources/construction-ppe_ultralytics_2025_v1/images/train/image1100.jpeg,/root/autodl-tmp/datasets/sources/construction-ppe_ultralytics_2025_v1/labels/train/image1100.txt,True,,640,640,RGB,e72fdbe67715c3f93f9eb9373d65a99ac6b575ee3ee123659bff462fcd7a5acc,f8f8dcd8dcf8e8cc,11,0,"0,2,6",1105.5571800064001
train,image1101,/root/autodl-tmp/datasets/sources/construction-ppe_ultralytics_2025_v1/images/train/image1101.jpg,/root/autodl-tmp/datasets/sources/construction-ppe_ultralytics_2025_v1/labels/train/image1101.txt,True,,640,640,RGB,8f9e09912dc09e06392c1dd5392805b26f43cc562b92819617a44ba5a7b7aa08,4c4f87164c670f8d,8,0,"0,1,2,3,4,6",3458.1012832256
train,image1102,/root/autodl-tmp/datasets/sources/construction-ppe_ultralytics_2025_v1/images/train/image1102.jpg,/root/autodl-tmp/datasets/sources/construction-ppe_ultralytics_2025_v1/labels/train/image1102.txt,True,,640,640,RGB,57e09819f9209e2fb91d5ae9e3f86182def1551c3660784e91958209fbeb3a56,8e0e4606cc670f8d,8,0,"0,1,2,3,4,6",2485.1209207807997
train,image1103,/root/autodl-tmp/datasets/sources/construction-ppe_ultralytics_2025_v1/images/train/image1103.jpg,/root/autodl-tmp/datasets/sources/construction-ppe_ultralytics_2025_v1/labels/train/image1103.txt,True,,640,640,RGB,fbc8ea5d5c70e3b0a5f2f3c41e80bd971cbc8c03932ca7eced19adadfc70f1aa,84864203ce26478c,8,0,"0,1,2,3,4,6",3224.5932015616004
train,image1104,/root/autodl-tmp/datasets/sources/construction-ppe_ultralytics_2025_v1/images/train/image1104.jpg,/root/autodl-tmp/datasets/sources/construction-ppe_ultralytics_2025_v1/labels/train/image1104.txt,True,,640,640,RGB,bba63872933eb5d97c77cec961603680ed653b909bf10ae125db103f51753e9f,21258b0b86a666c6,8,0,"0,1,2,3,4,6",3089.4563311616
train,image1105,/root/autodl-tmp/datasets/sources/construction-ppe_ultralytics_2025_v1/images/train/image1105.jpg,/root/autodl-tmp/datasets/sources/construction-ppe_ultralytics_2025_v1/labels/train/image1105.txt,True,,640,640,RGB,fb1b31ee80152ab89f2471cc9d9a4f5e93e9f01b604a9bd4619afed7c6cab801,52430b0b06a646c6,8,0,"0,1,2,3,4,6",3619.314176
train,image1106,/root/autodl-tmp/datasets/sources/construction-ppe_ultralytics_2025_v1/images/train/image1106.jpg,/root/autodl-tmp/datasets/sources/construction-ppe_ultralytics_2025_v1/labels/train/image1106.txt,True,,640,640,RGB,496dec7a32e52af7e3db8efeee71fdb5f21fc71f95fd381bcf24f7098b16f8d0,a6960b0b862646c6,8,0,"0,1,2,3,4,6",2989.4129663999997
train,image1108,/root/autodl-tmp/datasets/sources/construction-ppe_ultralytics_2025_v1/images/train/image1108.jpg,/root/autodl-tmp/datasets/sources/construction-ppe_ultralytics_2025_v1/labels/train/image1108.txt,True,,640,640,RGB,09753ddcf06d77ca925a4cc7e298d13c2011d1ec7584768b7cbee0dd801ab71f,d84d03124e0f46c4,8,0,"0,1,2,3,4,6",3293.6736768
train,image111,/root/autodl-tmp/datasets/sources/construction-ppe_ultralytics_2025_v1/images/train/image111.jpg,/root/autodl-tmp/datasets/sources/construction-ppe_ultralytics_2025_v1/labels/train/image111.txt,True,,640,640,RGB,c1c9e23b084d04355ad0d981d9b4ad4e74b2aaf00f60cf514bfd6b20101c6cd9,118a098a32737362,9,0,"0,2,6",933.0093903871999
train,image1110,/root/autodl-tmp/datasets/sources/construction-ppe_ultralytics_2025_v1/images/train/image1110.jpeg,/root/autodl-tmp/datasets/sources/construction-ppe_ultralytics_2025_v1/labels/train/image1110.txt,True,,640,640,RGB,3611eb660d76bd9118ab9344f98e2bd1b72301afcdbc8b78c13848e0fc7e3fc4,00d99ed444ccca00,5,0,"0,2,6",253.28591994879997
train,image1112,/root/autodl-tmp/datasets/sources/construction-ppe_ultralytics_2025_v1/images/train/image1112.jpg,/root/autodl-tmp/datasets/sources/construction-ppe_ultralytics_2025_v1/labels/train/image1112.txt,True,,640,640,RGB,897bd266537683b351e738d03eb10b5aab79579d01ae47dd59caf6d179c8f38e,33b74b0b46264666,8,0,"0,1,2,3,4,6",2982.0100263936
train,image1113,/root/autodl-tmp/datasets/sources/construction-ppe_ultralytics_2025_v1/images/train/image1113.jpg,/root/autodl-tmp/datasets/sources/construction-ppe_ultralytics_2025_v1/labels/train/image1113.txt,True,,640,640,RGB,f1cc14c0773b20408ea3d8dbcc3a7665ea3709cd16d06619ce45b3798a9af289,23274b0b87264766,8,0,"0,1,2,3,4,6",3461.946368
train,image1115,/root/autodl-tmp/datasets/sources/construction-ppe_ultralytics_2025_v1/images/train/image1115.jpg,/root/autodl-tmp/datasets/sources/construction-ppe_ultralytics_2025_v1/labels/train/image1115.txt,True,,640,640,RGB,2d4140180692b3d445a7b3a6cfca17afb7a59ca422bc25d0688371ed27a51698,c6464b0b8726c366,8,0,"0,1,2,3,4,6",4785.875966361599
train,image1116,/root/autodl-tmp/datasets/sources/construction-ppe_ultralytics_2025_v1/images/train/image1116.jpg,/root/autodl-tmp/datasets/sources/construction-ppe_ultralytics_2025_v1/labels/train/image1116.txt,True,,640,640,RGB,f779bb256448104fdd4d27e14ba9c88e01ae64e6eb37065af41b6f9720528d83,8f869bcb0626c766,8,0,"0,1,2,3,4,6",2953.3650944000005
train,image1117,/root/autodl-tmp/datasets/sources/construction-ppe_ultralytics_2025_v1/images/train/image1117.jpg,/root/autodl-tmp/datasets/sources/construction-ppe_ultralytics_2025_v1/labels/train/image1117.txt,True,,1024,768,RGB,55a27302a6b6dd5a75bc1473cc23dcd60d38bcb976fc4c3746a5035f45139aeb,bb3336363339bc9b,6,0,"5,6,7,8,9",7169.9603328
train,image1118,/root/autodl-tmp/datasets/sources/construction-ppe_ultralytics_2025_v1/images/train/image1118.jpg,/root/autodl-tmp/datasets/sources/construction-ppe_ultralytics_2025_v1/labels/train/image1118.txt,True,,1024,683,RGB,ecb5e1af6cd3cfa209e28e5674a3a1d0b8c8969f1f7b6e8383374663ec8e709c,959419695d5767c9,9,0,"5,6,7,8,9",2324.2998173856
train,image1119,/root/autodl-tmp/datasets/sources/construction-ppe_ultralytics_2025_v1/images/train/image1119.jpg,/root/autodl-tmp/datasets/sources/construction-ppe_ultralytics_2025_v1/labels/train/image1119.txt,True,,680,1024,RGB,f34c2a446ca5cf5e1909f3be01602bfd5a807a5316f7bd563b809643a31ddf1e,a558d9f9c3cfc3c0,6,0,"5,6,7,8,9",2579.532988608
train,image112,/root/autodl-tmp/datasets/sources/construction-ppe_ultralytics_2025_v1/images/train/image112.jpeg,/root/autodl-tmp/datasets/sources/construction-ppe_ultralytics_2025_v1/labels/train/image112.txt,True,,640,640,RGB,7d9d79e1dd1a9c011d29ed5485bd87fe63f48fb5baafa220533f3f8a25aec991,004fe3f3eb657400,7,0,"1,2,6",3266.8058959872
train,image1122,/root/autodl-tmp/datasets/sources/construction-ppe_ultralytics_2025_v1/images/train/image1122.jpg,/root/autodl-tmp/datasets/sources/construction-ppe_ultralytics_2025_v1/labels/train/image1122.txt,True,,1024,680,RGB,136a78755787b33847a185fab422365fd82c14771a7c69c672e2a55f4090285e,f0e5a58383a5e96d,18,0,"3,4,5,6,7,9",743.493731392
train,image1123,/root/autodl-tmp/datasets/sources/construction-ppe_ultralytics_2025_v1/images/train/image1123.jpg,/root/autodl-tmp/datasets/sources/construction-ppe_ultralytics_2025_v1/labels/train/image1123.txt,True,,1024,768,RGB,2ca794c213d4a249400a248036f07cf54bcc77b264b2df566ae93eceeae8dd19,1a1a8adbcbf0b2a6,9,0,"1,5,6,7,8,9",3656.8998144
train,image1124,/root/autodl-tmp/datasets/sources/construction-ppe_ultralytics_2025_v1/images/train/image1124.jpg,/root/autodl-tmp/datasets/sources/construction-ppe_ultralytics_2025_v1/labels/train/image1124.txt,True,,1024,683,RGB,9a4048a6cd28620dbf7cf14fe0b508ea3c8756d51184889c483990d5a880a29e,5fcfeb6d4d4d7453,22,0,"4,5,6,7,9",1040.8772472
train,image1126,/root/autodl-tmp/datasets/sources/construction-ppe_ultralytics_2025_v1/images/train/image1126.jpg,/root/autodl-tmp/datasets/sources/construction-ppe_ultralytics_2025_v1/labels/train/image1126.txt,True,,1024,683,RGB,dc5c363411e8b2ec65f9c9df506a08c719d87825b2b05d071c1effc725f3430c,025ad46527272322,18,0,"3,4,5,6,7",595.2088640048
train,image1127,/root/autodl-tmp/datasets/sources/construction-ppe_ultralytics_2025_v1/images/train/image1127.jpg,/root/autodl-tmp/datasets/sources/construction-ppe_ultralytics_2025_v1/labels/train/image1127.txt,True,,1024,680,RGB,361ca5b23f471b0533d8529ff45652ace3136e613539fba220a58b0f5539f5e6,4ec6e616ca481c87,5,0,"6,7,8,9",1459.0486300000002
train,image1128,/root/autodl-tmp/datasets/sources/construction-ppe_ultralytics_2025_v1/images/train/image1128.jpg,/root/autodl-tmp/datasets/sources/construction-ppe_ultralytics_2025_v1/labels/train/image1128.txt,True,,1024,683,RGB,7d41a57bac22a375491275746a3115b76634c2bea4231a411c5dee5be8c30bc4,514086745bcb453c,16,0,"3,5,6,7,8,9",424.9301569536
train,image113,/root/autodl-tmp/datasets/sources/construction-ppe_ultralytics_2025_v1/images/train/image113.jpg,/root/autodl-tmp/datasets/sources/construction-ppe_ultralytics_2025_v1/labels/train/image113.txt,True,,640,640,RGB,b5d233dfb7007f7cb2614905f2d8f9668a69dd6195713c0fcad478976dbf4bc5,c2fc587c92b1fce0,30,0,"2,6",1487.0074351616
train,image1131,/root/autodl-tmp/datasets/sources/construction-ppe_ultralytics_2025_v1/images/train/image1131.jpg,/root/autodl-tmp/datasets/sources/construction-ppe_ultralytics_2025_v1/labels/train/image1131.txt,True,,707,1024,RGB,f7b50cb69e5f66d8a2c237f473be4c167127bc0dae09f47310da56859b32fbc2,594d8c2b0f169696,6,0,"5,6,7,8,9",2151.8486011344003
train,image1134,/root/autodl-tmp/datasets/sources/construction-ppe_ultralytics_2025_v1/images/train/image1134.jpg,/root/autodl-tmp/datasets/sources/construction-ppe_ultralytics_2025_v1/labels/train/image1134.txt,True,,685,1024,RGB,0934301be039bd1fed810a464a0e3d4f66ccd0e8f9194269a7f4e193fb966066,a72c383a23eba3b2,10,0,"5,6,7,8,9",1367.6962529360003
train,image1135,/root/autodl-tmp/datasets/sources/construction-ppe_ultralytics_2025_v1/images/train/image1135.jpg,/root/autodl-tmp/datasets/sources/construction-ppe_ultralytics_2025_v1/labels/train/image1135.txt,True,,768,1024,RGB,cc7d442a563f1759792ffc420029e0ac621d47fcb4452b7f3a76b5a8ca098926,191c123068484bcf,6,0,"3,5,6,7,8",1820.5172087807996
train,image1136,/root/autodl-tmp/datasets/sources/construction-ppe_ultralytics_2025_v1/images/train/image1136.jpg,/root/autodl-tmp/datasets/sources/construction-ppe_ultralytics_2025_v1/labels/train/image1136.txt,True,,1024,768,RGB,8bf5e9a42d42ccd750f9197e8640e0e50a5e4b10135d58759666b605ef5488ad,1a1c2cae96221292,4,0,"5,6,7,8",4078.6702728192004
train,image1138,/root/autodl-tmp/datasets/sources/construction-ppe_ultralytics_2025_v1/images/train/image1138.jpg,/root/autodl-tmp/datasets/sources/construction-ppe_ultralytics_2025_v1/labels/train/image1138.txt,True,,1024,768,RGB,c0241b256891b1352f30ba736b0f8b7095b236397371c267229ef3a622c7cdeb,362c2c9a9a5ad6d2,20,0,"3,5,6,7,8,9,10",486.801792
train,image114,/root/autodl-tmp/datasets/sources/construction-ppe_ultralytics_2025_v1/images/train/image114.jpg,/root/autodl-tmp/datasets/sources/construction-ppe_ultralytics_2025_v1/labels/train/image114.txt,True,,640,640,RGB,0204f83949316c25e33d570be1129d023963ff2ea73a8e87d5ddd10b15dd0a4e,b83233d5e73a9991,9,0,"2,6",3607.7265928192005
train,image1140,/root/autodl-tmp/datasets/sources/construction-ppe_ultralytics_2025_v1/images/train/image1140.jpg,/root/autodl-tmp/datasets/sources/construction-ppe_ultralytics_2025_v1/labels/train/image1140.txt,True,,1024,1024,RGB,5c1ec9c086bcf15991bc2a609505dee335400fe09b18001f9bb4fa4094b15272,1f8f8393dae663c7,4,0,"0,5,6,8",619.2346112000001
train,image1141,/root/autodl-tmp/datasets/sources/construction-ppe_ultralytics_2025_v1/images/train/image1141.jpg,/root/autodl-tmp/datasets/sources/construction-ppe_ultralytics_2025_v1/labels/train/image1141.txt,True,,1024,683,RGB,e8cf35a7667a66cfc0749d093c1b614f5219ec59779a05068f4ff1a77510a173,382c2e965ecec450,29,0,"3,5,6,7,8",175.59952730240002
train,image1142,/root/autodl-tmp/datasets/sources/construction-ppe_ultralytics_2025_v1/images/train/image1142.jpg,/root/autodl-tmp/datasets/sources/construction-ppe_ultralytics_2025_v1/labels/train/image1142.txt,True,,684,1024,RGB,d2ae0800fbf2adbea789005429351591f257f188f74e883f984d394cfc7084f4,9991f0d0f48caccc,4,0,"5,6,7,8",7325.723495059201
train,image1143,/root/autodl-tmp/datasets/sources/construction-ppe_ultralytics_2025_v1/images/train/image1143.jpg,/root/autodl-tmp/datasets/sources/construction-ppe_ultralytics_2025_v1/labels/train/image1143.txt,True,,1024,768,RGB,16f314c057956d3a88b698f9027b942297309e7a7473e871338fbfed46a8051d,6d7dcdcc4d0d8b4d,7,0,"1,3,4,5,6",967.1723513856
train,image1144,/root/autodl-tmp/datasets/sources/construction-ppe_ultralytics_2025_v1/images/train/image1144.jpg,/root/autodl-tmp/datasets/sources/construction-ppe_ultralytics_2025_v1/labels/train/image1144.txt,True,,739,1024,RGB,ddf52f7b41a35b7b82b27344ec5ea9874fc8689137ac4d714033c9a62f4adb8c,82b1b12e76039336,13,0,"3,5,6,7,8,9",608.149704
train,image1147,/root/autodl-tmp/datasets/sources/construction-ppe_ultralytics_2025_v1/images/train/image1147.jpg,/root/autodl-tmp/datasets/sources/construction-ppe_ultralytics_2025_v1/labels/train/image1147.txt,True,,683,1024,RGB,8d1ed0166709eae0184ac264afca890ac51b43ae358ea074c5b1a3da22ab6202,a7c5e6c6c4c1e121,4,0,"5,6,7,8",3296.4610684096
train,image1148,/root/autodl-tmp/datasets/sources/construction-ppe_ultralytics_2025_v1/images/train/image1148.jpg,/root/autodl-tmp/datasets/sources/construction-ppe_ultralytics_2025_v1/labels/train/image1148.txt,True,,1024,683,RGB,4318a40b86d2ecddcb282577ecdd5d7e4a16dc1fdc0e09ff1dbfb7cff02d2aad,cc88ce6d298fabb4,26,0,"5,6,7,8,9",457.81412520480006
train,image1149,/root/autodl-tmp/datasets/sources/construction-ppe_ultralytics_2025_v1/images/train/image1149.jpg,/root/autodl-tmp/datasets/sources/construction-ppe_ultralytics_2025_v1/labels/train/image1149.txt,True,,683,1024,RGB,3cb584611f243bd6f7b6ae06fe9a025d3325983dda5f469a03d8db68539364a6,6859b4b484ce5b33,17,0,"3,5,6,7,8,9",915.6193500999999
train,image1150,/root/autodl-tmp/datasets/sources/construction-ppe_ultralytics_2025_v1/images/train/image1150.jpg,/root/autodl-tmp/datasets/sources/construction-ppe_ultralytics_2025_v1/labels/train/image1150.txt,True,,745,1024,RGB,187daafece1689c33c136e1f9798516e0f9286bf205d4a6aa262d8a4e976b4b1,9795160f485515f2,5,0,"5,6,7,8,9",1116.089043904
train,image1153,/root/autodl-tmp/datasets/sources/construction-ppe_ultralytics_2025_v1/images/train/image1153.jpg,/root/autodl-tmp/datasets/sources/construction-ppe_ultralytics_2025_v1/labels/train/image1153.txt,True,,683,1024,RGB,c0cdaa906f336345d49a2d5752e5e00ea8ea24591c2d0bc1cb29140cc3cb0aa1,13726ce36760c0f3,12,0,"5,6,7,8,9",1302.6936974012
train,image1154,/root/autodl-tmp/datasets/sources/construction-ppe_ultralytics_2025_v1/images/train/image1154.jpg,/root/autodl-tmp/datasets/sources/construction-ppe_ultralytics_2025_v1/labels/train/image1154.txt,True,,814,1024,RGB,fe87878da7c6b31a3976013c3f0074b4bea4c6128f836d280f22473e7a1fe85f,e084356d463b5313,12,0,"5,6,7,8,9",3335.3337410975996
train,image1155,/root/autodl-tmp/datasets/sources/construction-ppe_ultralytics_2025_v1/images/train/image1155.jpg,/root/autodl-tmp/datasets/sources/construction-ppe_ultralytics_2025_v1/labels/train/image1155.txt,True,,1024,768,RGB,fb45361169bbd2ae2db147d7fb6f3ba792b57124abdbe4b557a4d8f24c4a0678,25371f1f8d8d9c9c,8,0,"5,6,7,8",419.7532409856
train,image1156,/root/autodl-tmp/datasets/sources/construction-ppe_ultralytics_2025_v1/images/train/image1156.jpg,/root/autodl-tmp/datasets/sources/construction-ppe_ultralytics_2025_v1/labels/train/image1156.txt,True,,1024,681,RGB,5da43de99c55cad7b8c862e9f7b63d4b3b684f17dcea2891580fce82994421ce,63617022272252da,36,0,"5,6,7,8,9",88.5583982448
train,image1157,/root/autodl-tmp/datasets/sources/construction-ppe_ultralytics_2025_v1/images/train/image1157.jpg,/root/autodl-tmp/datasets/sources/construction-ppe_ultralytics_2025_v1/labels/train/image1157.txt,True,,1024,680,RGB,9ddb40082282f946c531f2312338bd0757ba9a4bf139084fece2479e0a315323,311d0d092a0e2c60,4,0,"5,6,7,8",1710.529594368
train,image1158,/root/autodl-tmp/datasets/sources/construction-ppe_ultralytics_2025_v1/images/train/image1158.jpg,/root/autodl-tmp/datasets/sources/construction-ppe_ultralytics_2025_v1/labels/train/image1158.txt,True,,1024,768,RGB,eeed42c2fc6ad64bce834bf46b7cbe1d9204c66e14ed7ab995d0d1ced63ab13e,090b0b0313732ca4,5,0,"5,6,7,8,9",3588.0271091711993
train,image1159,/root/autodl-tmp/datasets/sources/construction-ppe_ultralytics_2025_v1/images/train/image1159.jpg,/root/autodl-tmp/datasets/sources/construction-ppe_ultralytics_2025_v1/labels/train/image1159.txt,True,,1024,784,RGB,ef058ec8cb6fddcb06d3cd2d3d1eaace0de16bf2ba05a3e511b6745ca1d300f3,e3b2069bab2bdb9b,8,0,"3,5,6,7,8,9",516.0250368
train,image1160,/root/autodl-tmp/datasets/sources/construction-ppe_ultralytics_2025_v1/images/train/image1160.jpg,/root/autodl-tmp/datasets/sources/construction-ppe_ultralytics_2025_v1/labels/train/image1160.txt,True,,1024,683,RGB,c0750bc92cac1794b112e4060de7aa77517d2f671a75bb573f1c77953fab39b9,c8c0e8e1b464f0f0,16,0,"5,6,7,8",713.0254334855998
train,image1161,/root/autodl-tmp/datasets/sources/construction-ppe_ultralytics_2025_v1/images/train/image1161.jpg,/root/autodl-tmp/datasets/sources/construction-ppe_ultralytics_2025_v1/labels/train/image1161.txt,True,,1024,1024,RGB,5da97c8ce322ccf86d062867bc316129a7c9e4e7d119029f293a4acd5758498c,6ce6f37292568488,8,0,"3,4,5,6,7,9",2038.8918288383998
train,image1162,/root/autodl-tmp/datasets/sources/construction-ppe_ultralytics_2025_v1/images/train/image1162.jpg,/root/autodl-tmp/datasets/sources/construction-ppe_ultralytics_2025_v1/labels/train/image1162.txt,True,,1024,677,RGB,1118039d0bd0db776846abd6358ceaab6e3fdeeeb68cd574f22e3f0cf4067834,5f5cdcc4f4f6e4cc,53,0,"2,3,6,7,8,9",82.79484369440002
train,image1163,/root/autodl-tmp/datasets/sources/construction-ppe_ultralytics_2025_v1/images/train/image1163.jpg,/root/autodl-tmp/datasets/sources/construction-ppe_ultralytics_2025_v1/labels/train/image1163.txt,True,,1024,681,RGB,81b73cc6bae92ab9f5510612669546189b5822f0b18abfede9a7ba7dfab31482,29989969d8c81011,6,0,"5,6,7,8,9",2197.2452055552
train,image1164,/root/autodl-tmp/datasets/sources/construction-ppe_ultralytics_2025_v1/images/train/image1164.jpg,/root/autodl-tmp/datasets/sources/construction-ppe_ultralytics_2025_v1/labels/train/image1164.txt,True,,683,1024,RGB,2c2157a035bca73d1a00cd3990a118b69b96cf4317771a5827f2eb23a86eff64,2505c1c4caaaa338,10,0,"1,3,5,6",1795.2884488
train,image1165,/root/autodl-tmp/datasets/sources/construction-ppe_ultralytics_2025_v1/images/train/image1165.jpg,/root/autodl-tmp/datasets/sources/construction-ppe_ultralytics_2025_v1/labels/train/image1165.txt,True,,1024,683,RGB,6539650067867a48a572031e737a98c51ceb785f31976ec69ce5428cb21652ce,0a58e46030d8eb68,6,0,"5,6,7,8,9",400.0264743536
train,image1166,/root/autodl-tmp/datasets/sources/construction-ppe_ultralytics_2025_v1/images/train/image1166.jpg,/root/autodl-tmp/datasets/sources/construction-ppe_ultralytics_2025_v1/labels/train/image1166.txt,True,,601,1024,RGB,ec85f17cf26daf1be0cc4b60273076301be8e6a828486bb83c0d7c614f14bf0a,4b5a2676e6c35687,6,0,"4,5,6,7,10",1851.3468646744002
train,image1167,/root/autodl-tmp/datasets/sources/construction-ppe_ultralytics_2025_v1/images/train/image1167.jpg,/root/autodl-tmp/datasets/sources/construction-ppe_ultralytics_2025_v1/labels/train/image1167.txt,True,,765,1024,RGB,be3a82c2a500c7416e27e9f25b5b28f6cd1ef3e817ccda7c700f5753272aca3b,d62f3232585c3bb8,6,0,"5,6,7,8,9",3029.40409275
train,image1168,/root/autodl-tmp/datasets/sources/construction-ppe_ultralytics_2025_v1/images/train/image1168.jpg,/root/autodl-tmp/datasets/sources/construction-ppe_ultralytics_2025_v1/labels/train/image1168.txt,True,,683,1024,RGB,743984f16b02407d0ac2cb518c97f52d6a4f4960a4684a9dbcbd3b3717321714,dc9cec898bf0cca2,4,0,"5,6,7,8",398.87227538560006
train,image1169,/root/autodl-tmp/datasets/sources/construction-ppe_ultralytics_2025_v1/images/train/image1169.jpg,/root/autodl-tmp/datasets/sources/construction-ppe_ultralytics_2025_v1/labels/train/image1169.txt,True,,683,1024,RGB,a1e1f20cf660da2120cf490648254feea697526aee0a9120f6d93828b82e5186,b4f0f0c8c9c131c4,6,0,"5,7,8,9,10",676.1564104856002
train,image1170,/root/autodl-tmp/datasets/sources/construction-ppe_ultralytics_2025_v1/images/train/image1170.jpg,/root/autodl-tmp/datasets/sources/construction-ppe_ultralytics_2025_v1/labels/train/image1170.txt,True,,683,1024,RGB,b8cb894e0a4a65fff37ee1c1bf9cb0527dc94e1f2b2b48a83f097b1b3d355de9,e5add6d74d49c8c4,7,0,"5,6,7,8,9",2295.3008309964002
train,image1171,/root/autodl-tmp/datasets/sources/construction-ppe_ultralytics_2025_v1/images/train/image1171.jpg,/root/autodl-tmp/datasets/sources/construction-ppe_ultralytics_2025_v1/labels/train/image1171.txt,True,,1024,855,RGB,929dd741dc512eb4e2745ac3c99b6ff5dc6e39cdaaa8a3abe43d10067d1c90c8,6c2c3e1332362c2c,4,0,"5,8,9",4848.024176838
train,image1172,/root/autodl-tmp/datasets/sources/construction-ppe_ultralytics_2025_v1/images/train/image1172.jpg,/root/autodl-tmp/datasets/sources/construction-ppe_ultralytics_2025_v1/labels/train/image1172.txt,True,,681,1024,RGB,03879aa9b98f4080c9fc6f390815b5a66238ae891fab8c45131516332193da74,6ccc84a46c666e62,14,0,"3,5,6,7,8,9",1166.0601033684
train,image1173,/root/autodl-tmp/datasets/sources/construction-ppe_ultralytics_2025_v1/images/train/image1173.jpg,/root/autodl-tmp/datasets/sources/construction-ppe_ultralytics_2025_v1/labels/train/image1173.txt,True,,1024,768,RGB,b8b5cb9bacc26f5813f15733e9be4cf2849d929ba67beb5e8ed0c4df9c2c96d8,7f3da2f164cee291,6,0,"3,4,5,6,9",568.2640512
train,image1174,/root/autodl-tmp/datasets/sources/construction-ppe_ultralytics_2025_v1/images/train/image1174.jpg,/root/autodl-tmp/datasets/sources/construction-ppe_ultralytics_2025_v1/labels/train/image1174.txt,True,,769,1024,RGB,f2a8bb1ecbdef7a8efd34bde4c013ee701c7ab1b00c905914194e327b6d7d337,e29a8c3c68e5ace2,12,0,"3,5,6,7,8,9",420.10531273920014
train,image1175,/root/autodl-tmp/datasets/sources/construction-ppe_ultralytics_2025_v1/images/train/image1175.jpg,/root/autodl-tmp/datasets/sources/construction-ppe_ultralytics_2025_v1/labels/train/image1175.txt,True,,768,1024,RGB,02d8e1a62ed7f5e0fec2a0d1cd8b7952c6edbb97d613bd42ecd44a2e5d215169,ec2433f11552c639,6,0,"4,5,6,9,10",1123.3724160000002
train,image1176,/root/autodl-tmp/datasets/sources/construction-ppe_ultralytics_2025_v1/images/train/image1176.jpg,/root/autodl-tmp/datasets/sources/construction-ppe_ultralytics_2025_v1/labels/train/image1176.txt,True,,1024,768,RGB,d4d10df0e668b502da1bef06eb00a448b374011f237b0b9d479e07fb85db2ff9,f9b5b6b69682ce92,10,0,"5,6,7,8,9",2135.3450477568
train,image1177,/root/autodl-tmp/datasets/sources/construction-ppe_ultralytics_2025_v1/images/train/image1177.jpg,/root/autodl-tmp/datasets/sources/construction-ppe_ultralytics_2025_v1/labels/train/image1177.txt,True,,835,1024,RGB,9ae18fdbf27f65a44ce165d9e60ca6738011c7ef0f69d2988ab3a3842767de70,998998992c2c3c38,9,0,"5,6,7,8,9",8125.031739556002
train,image1179,/root/autodl-tmp/datasets/sources/construction-ppe_ultralytics_2025_v1/images/train/image1179.jpg,/root/autodl-tmp/datasets/sources/construction-ppe_ultralytics_2025_v1/labels/train/image1179.txt,True,,1024,768,RGB,adb0cb87cced312604df7d1dfecced9ef4023c9b1f0e96094eb83783fa990a07,4cb4a4e4e4658b9b,12,0,"1,5,6,7,8",679.7658636287999
train,image118,/root/autodl-tmp/datasets/sources/construction-ppe_ultralytics_2025_v1/images/train/image118.jpg,/root/autodl-tmp/datasets/sources/construction-ppe_ultralytics_2025_v1/labels/train/image118.txt,True,,640,640,RGB,80f63f7d4b247b3cfcd0ad7d96e00a8501cbeb44990298b5ae35095722f8a589,9a9024d0f3e3ebd2,6,0,"2,6",47317.077691187194
train,image1180,/root/autodl-tmp/datasets/sources/construction-ppe_ultralytics_2025_v1/images/train/image1180.jpg,/root/autodl-tmp/datasets/sources/construction-ppe_ultralytics_2025_v1/labels/train/image1180.txt,True,,1024,768,RGB,fd2c8874df391a270b784e541e984e7f2cd288e1ec394aab64c5e055ecb373c1,756c247e5afcbc9c,6,0,"5,6,7,8,9",4180.5625979904
train,image1181,/root/autodl-tmp/datasets/sources/construction-ppe_ultralytics_2025_v1/images/train/image1181.jpg,/root/autodl-tmp/datasets/sources/construction-ppe_ultralytics_2025_v1/labels/train/image1181.txt,True,,1024,768,RGB,2e524f0f20cd19f6b34de06f7ffbaa6c931b28c911d521336236c106324d9f50,62621b89f2b48949,41,0,"3,5,6,7,8,10",133.6225152
train,image1182,/root/autodl-tmp/datasets/sources/construction-ppe_ultralytics_2025_v1/images/train/image1182.jpg,/root/autodl-tmp/datasets/sources/construction-ppe_ultralytics_2025_v1/labels/train/image1182.txt,True,,1024,683,RGB,ea88d4cec0bdcf4794b51022895fac13fd4016bb9d617df6249ea5b82a6850c2,1e9312132f29124d,5,0,"5,6,7,8,9",1374.0484703608
train,image1184,/root/autodl-tmp/datasets/sources/construction-ppe_ultralytics_2025_v1/images/train/image1184.jpg,/root/autodl-tmp/datasets/sources/construction-ppe_ultralytics_2025_v1/labels/train/image1184.txt,True,,1024,683,RGB,3b29d31222b271c31a5955607f3dd1bcb3939a1f4cc6aa4d046780826e876156,6b0fcf5b3e2e1c19,5,0,"5,6,7,8,9",3465.9591305024
train,image1185,/root/autodl-tmp/datasets/sources/construction-ppe_ultralytics_2025_v1/images/train/image1185.jpg,/root/autodl-tmp/datasets/sources/construction-ppe_ultralytics_2025_v1/labels/train/image1185.txt,True,,1024,683,RGB,327ce25de59e65812c7bcc553dd9240a8f89730a1e57dcefbb81232b33db89fb,b694e1f991b13179,9,0,"4,5,6,7,8,9",2123.4218319963998
train,image1186,/root/autodl-tmp/datasets/sources/construction-ppe_ultralytics_2025_v1/images/train/image1186.jpg,/root/autodl-tmp/datasets/sources/construction-ppe_ultralytics_2025_v1/labels/train/image1186.txt,True,,1024,762,RGB,2d4bc1cbd3271822ac27683fec30367717ee34098b37c5b53ede898fd15f9468,af871696cc3bc28e,19,0,"5,6,7,8,9",952.5755516904001
train,image1187,/root/autodl-tmp/datasets/sources/construction-ppe_ultralytics_2025_v1/images/train/image1187.jpg,/root/autodl-tmp/datasets/sources/construction-ppe_ultralytics_2025_v1/labels/train/image1187.txt,True,,1024,683,RGB,2b8a75b35cb1a1404dd21bfb02f5b5ef655da19dbbef310ae9757a029c0de688,c8c4f24a92929258,6,0,"5,6,7,8,9",5327.6022138976
train,image1188,/root/autodl-tmp/datasets/sources/construction-ppe_ultralytics_2025_v1/images/train/image1188.jpg,/root/autodl-tmp/datasets/sources/construction-ppe_ultralytics_2025_v1/labels/train/image1188.txt,True,,1024,920,RGB,fa3f97c096d556d462461ec4d49bb9e07c12dd6096cebd7729076a39466d1b4c,3535f4f0f2306449,6,0,"5,6,7,8,9",2870.6044872959997
train,image1189,/root/autodl-tmp/datasets/sources/construction-ppe_ultralytics_2025_v1/images/train/image1189.jpg,/root/autodl-tmp/datasets/sources/construction-ppe_ultralytics_2025_v1/labels/train/image1189.txt,True,,1024,678,RGB,fc31be1b49eee218eb2548664ff362cb9e861851f7861f577193d515b463b042,c5d4e8f8b069f1fa,17,0,"4,5,6,7,8,9",1007.8820075808001
train,image119,/root/autodl-tmp/datasets/sources/construction-ppe_ultralytics_2025_v1/images/train/image119.jpg,/root/autodl-tmp/datasets/sources/construction-ppe_ultralytics_2025_v1/labels/train/image119.txt,True,,640,640,RGB,f15941ab559a38a9d89af3a2a0032ba14e4860cea6da3377e75eeac89fe5a746,c3c0327a52929c5c,9,0,"0,2,6",2456.3350519807996
train,image1191,/root/autodl-tmp/datasets/sources/construction-ppe_ultralytics_2025_v1/images/train/image1191.jpg,/root/autodl-tmp/datasets/sources/construction-ppe_ultralytics_2025_v1/labels/train/image1191.txt,True,,768,1024,RGB,81401e628e2ec2e0baa1a149625795d78a8531a5d8b53cbc32e77c9d28ee9bad,2b2921931b533118,7,0,"4,5,6,7,9,10",1944.9386855423998
train,image1192,/root/autodl-tmp/datasets/sources/construction-ppe_ultralytics_2025_v1/images/train/image1192.jpg,/root/autodl-tmp/datasets/sources/construction-ppe_ultralytics_2025_v1/labels/train/image1192.txt,True,,683,1024,RGB,5178b70582edc4e50ed96120cc058483ae4c963fe2487f14d5f0624165d0071c,b9bd6dc5b2b0a1a6,5,0,"5,6,7,8,9",4887.248436200001
train,image1194,/root/autodl-tmp/datasets/sources/construction-ppe_ultralytics_2025_v1/images/train/image1194.jpg,/root/autodl-tmp/datasets/sources/construction-ppe_ultralytics_2025_v1/labels/train/image1194.txt,True,,1024,668,RGB,164da43fc96dd9e9e6c56c33928fe8dc897d459dbbd2dfe6c4bdf78f7f3cdb61,614955657173b2f1,6,0,"5,6,7,8,9",3275.4274794000003
train,image1195,/root/autodl-tmp/datasets/sources/construction-ppe_ultralytics_2025_v1/images/train/image1195.jpg,/root/autodl-tmp/datasets/sources/construction-ppe_ultralytics_2025_v1/labels/train/image1195.txt,True,,683,1024,RGB,11d3c72efe612d9e9895f4b6b39e10b70f10096d6536431c843c7440c1b122fc,2673793c69290901,4,0,"5,6,7,8",9127.5188388
train,image1196,/root/autodl-tmp/datasets/sources/construction-ppe_ultralytics_2025_v1/images/train/image1196.jpg,/root/autodl-tmp/datasets/sources/construction-ppe_ultralytics_2025_v1/labels/train/image1196.txt,True,,1024,682,RGB,df012b50106ab64ba29638077bc3b70c828027d7a5c0f5f563f241895e5e0c33,64716de5ef8fe476,11,0,"5,6,7,8,9",2691.5740730999996
train,image1197,/root/autodl-tmp/datasets/sources/construction-ppe_ultralytics_2025_v1/images/train/image1197.jpg,/root/autodl-tmp/datasets/sources/construction-ppe_ultralytics_2025_v1/labels/train/image1197.txt,True,,1024,680,RGB,97273fcf2f9d1bb0806f550fa0f488ef337f4a26c891fc337ea58cf22d4e673d,e0e0f4cce8e8d8d8,16,0,"5,6,7,8,9",3195.1490926080005
train,image1198,/root/autodl-tmp/datasets/sources/construction-ppe_ultralytics_2025_v1/images/train/image1198.jpg,/root/autodl-tmp/datasets/sources/construction-ppe_ultralytics_2025_v1/labels/train/image1198.txt,True,,1024,743,RGB,008b75dccdd2da6acc748e37124fce92645cefb767eb1530349ba36a889fb39c,b3352d3c79793160,11,0,"5,6,7,8,9",3470.9604594167995
train,image1199,/root/autodl-tmp/datasets/sources/construction-ppe_ultralytics_2025_v1/images/train/image1199.jpg,/root/autodl-tmp/datasets/sources/construction-ppe_ultralytics_2025_v1/labels/train/image1199.txt,True,,1024,712,RGB,ca97db73f17d9abc8c4a7e3a94e29c7ed757b47b62da54f14c40b7ba36eaa1e9,73f39bb55d393165,28,0,"3,5,6,7,8,9",1133.4128395072
train,image120,/root/autodl-tmp/datasets/sources/construction-ppe_ultralytics_2025_v1/images/train/image120.jpg,/root/autodl-tmp/datasets/sources/construction-ppe_ultralytics_2025_v1/labels/train/image120.txt,True,,640,640,RGB,60a11111a1eb2c55257b2135d10ec4939d0498fb9c3cb60289839d29ee7846e2,03031b1a9a0f0e0e,5,0,"0,1,2,6",3137.1343872000007
train,image1200,/root/autodl-tmp/datasets/sources/construction-ppe_ultralytics_2025_v1/images/train/image1200.jpg,/root/autodl-tmp/datasets/sources/construction-ppe_ultralytics_2025_v1/labels/train/image1200.txt,True,,768,1024,RGB,81fd1e9165ae8783c8fb7def327d0a22cfb70e62be8ae8f494a5edaf7948ef2f,068686e7d3f96074,6,0,"4,5,6,7,9",12463.748195942399
train,image1201,/root/autodl-tmp/datasets/sources/construction-ppe_ultralytics_2025_v1/images/train/image1201.jpg,/root/autodl-tmp/datasets/sources/construction-ppe_ultralytics_2025_v1/labels/train/image1201.txt,True,,678,1024,RGB,ba115677e21c3e8e200e3a71067da7b4363c737dc6d58cf0996951a6435d1443,a6d2c98ca6264eca,7,0,"5,6,7,8,9,10",1883.2319640768
train,image1202,/root/autodl-tmp/datasets/sources/construction-ppe_ultralytics_2025_v1/images/train/image1202.jpg,/root/autodl-tmp/datasets/sources/construction-ppe_ultralytics_2025_v1/labels/train/image1202.txt,True,,1024,768,RGB,98aa720f4c3b88937538cda46653addf127860b6c93e23b55acf2dac6efb9112,23030933a7e5e1c9,4,0,"4,5,6,7",5395.967257190399
train,image1204,/root/autodl-tmp/datasets/sources/construction-ppe_ultralytics_2025_v1/images/train/image1204.jpg,/root/autodl-tmp/datasets/sources/construction-ppe_ultralytics_2025_v1/labels/train/image1204.txt,True,,1024,683,RGB,04f201bd2abfac7491e8a131c1b4fb429d7deab3b4a958fa95e16b1f0e102085,b331310b2db4f0d2,12,0,"4,5,6,7,9",6066.6488748
train,image1206,/root/autodl-tmp/datasets/sources/construction-ppe_ultralytics_2025_v1/images/train/image1206.jpg,/root/autodl-tmp/datasets/sources/construction-ppe_ultralytics_2025_v1/labels/train/image1206.txt,True,,1024,768,RGB,cf990a9ddbe78726e77f7922bc624778b04e8ab63569a5864a2de38816b038f9,9c9696746b54c10b,27,0,"5,6,7,8,9,10",1045.8952962048
train,image1207,/root/autodl-tmp/datasets/sources/construction-ppe_ultralytics_2025_v1/images/train/image1207.jpg,/root/autodl-tmp/datasets/sources/construction-ppe_ultralytics_2025_v1/labels/train/image1207.txt,True,,1024,1001,RGB,93ce8b2ac69e794c4ffbafbe8931b6b9138a10d8e4508d3a5f16c53fba8b36c4,7c6b1633658c8c14,12,0,"5,6,7,8,9",6121.3413261
train,image1208,/root/autodl-tmp/datasets/sources/construction-ppe_ultralytics_2025_v1/images/train/image1208.jpg,/root/autodl-tmp/datasets/sources/construction-ppe_ultralytics_2025_v1/labels/train/image1208.txt,True,,683,1024,RGB,5d53a3142e0901bfdb11e3f4c18582f68f322bc9fe950ee7e7ac27dffbb6a99e,30b6b7bb347d73f2,6,0,"5,6,7,8,9",2660.5203847487996
train,image1209,/root/autodl-tmp/datasets/sources/construction-ppe_ultralytics_2025_v1/images/train/image1209.jpg,/root/autodl-tmp/datasets/sources/construction-ppe_ultralytics_2025_v1/labels/train/image1209.txt,True,,768,780,RGB,d32fa21bcb3f49db3eee18518fe7e68d8758a705678c6e3eae93acbac014eb32,d0c8e6669464b0b0,5,0,"5,6,7,8,9",7647.9401227311255
train,image121,/root/autodl-tmp/datasets/sources/construction-ppe_ultralytics_2025_v1/images/train/image121.jpg,/root/autodl-tmp/datasets/sources/construction-ppe_ultralytics_2025_v1/labels/train/image121.txt,True,,640,640,RGB,4aaeaf77dff3429f54c0961d3eebb18aac54e7773725a98a4a7549a614915f0a,00b8f8a4a5869200,12,0,"0,2,6",6555.5503448064
train,image1210,/root/autodl-tmp/datasets/sources/construction-ppe_ultralytics_2025_v1/images/train/image1210.jpg,/root/autodl-tmp/datasets/sources/construction-ppe_ultralytics_2025_v1/labels/train/image1210.txt,True,,768,1024,RGB,ec26664e3df61accb840f4ef1588134079d1a1ba5a759f7eb303e664b0b822f2,5226cbe98998656c,6,0,"5,6,7,8,9",2291.3411705856
train,image1212,/root/autodl-tmp/datasets/sources/construction-ppe_ultralytics_2025_v1/images/train/image1212.jpg,/root/autodl-tmp/datasets/sources/construction-ppe_ultralytics_2025_v1/labels/train/image1212.txt,True,,768,1024,RGB,4343084aa4ce76bcddf989c525ad2899678c768e49c778ee3ecb06ba88c2ee00,0ca332dc92068c6c,14,0,"4,5,6,7,8,9,10",1330.1969015807997
train,image1213,/root/autodl-tmp/datasets/sources/construction-ppe_ultralytics_2025_v1/images/train/image1213.jpg,/root/autodl-tmp/datasets/sources/construction-ppe_ultralytics_2025_v1/labels/train/image1213.txt,True,,1024,686,RGB,a569cec862892d9942c2842e44abc2735e008b1706ddd6f21a5b6ca50187709d,98b8f0d0d1a9b31e,6,0,"5,6,7,8,9",4318.1296261488
train,image1214,/root/autodl-tmp/datasets/sources/construction-ppe_ultralytics_2025_v1/images/train/image1214.jpg,/root/autodl-tmp/datasets/sources/construction-ppe_ultralytics_2025_v1/labels/train/image1214.txt,True,,1024,759,RGB,f87a5a3a0ba9986a4ad889120420bde965499a7f12a11c65bf8aa77dd36a5cbe,b9d8dccc5c6c0c8e,6,0,"5,6,7,8,9",2176.8178181904
train,image1216,/root/autodl-tmp/datasets/sources/construction-ppe_ultralytics_2025_v1/images/train/image1216.jpg,/root/autodl-tmp/datasets/sources/construction-ppe_ultralytics_2025_v1/labels/train/image1216.txt,True,,1024,681,RGB,5332aa051f85ada812e9d0eedd67488aa9d49f52275d3d7dc4e5b15c12de4ada,584951246c4899b1,15,0,"0,5,6,8,9",1481.6631854736
train,image1218,/root/autodl-tmp/datasets/sources/construction-ppe_ultralytics_2025_v1/images/train/image1218.jpg,/root/autodl-tmp/datasets/sources/construction-ppe_ultralytics_2025_v1/labels/train/image1218.txt,True,,1024,768,RGB,13e67ed59ebccd024214907392fd0305bdb27a0e82fedde926062331c793d8e3,dada4b4d3b535958,30,0,"5,6,7,8",1038.4328051711998
train,image1219,/root/autodl-tmp/datasets/sources/construction-ppe_ultralytics_2025_v1/images/train/image1219.jpg,/root/autodl-tmp/datasets/sources/construction-ppe_ultralytics_2025_v1/labels/train/image1219.txt,True,,1024,681,RGB,e29097f635e40bcf96239406d153a9ae289253063d66a505765e3f633bb02498,62929292aa26b63f,6,0,"5,6,7,8,9",3602.7766563264
train,image1220,/root/autodl-tmp/datasets/sources/construction-ppe_ultralytics_2025_v1/images/train/image1220.jpg,/root/autodl-tmp/datasets/sources/construction-ppe_ultralytics_2025_v1/labels/train/image1220.txt,True,,1024,768,RGB,1596420963b76b20ba0facf0e6e3225948f3482082fc237af2cfb2754624960a,f9f0ec4ad8d8dc4c,5,0,"5,6,7,8,9",971.0125823999999
train,image1221,/root/autodl-tmp/datasets/sources/construction-ppe_ultralytics_2025_v1/images/train/image1221.jpg,/root/autodl-tmp/datasets/sources/construction-ppe_ultralytics_2025_v1/labels/train/image1221.txt,True,,1024,683,RGB,f82171b40aa145eca01f7905927a1c68ac5a98ea3d635c25eed409d27bdf129c,988d961c291e2f2f,4,0,"5,6,7,8",5702.194768709601
train,image1222,/root/autodl-tmp/datasets/sources/construction-ppe_ultralytics_2025_v1/images/train/image1222.jpg,/root/autodl-tmp/datasets/sources/construction-ppe_ultralytics_2025_v1/labels/train/image1222.txt,True,,1024,683,RGB,7ee44f8cb1673c40f3fb41273b705611f9f5b4e06e14594d88ae9b099ab29358,c5d68287a7830363,6,0,"5,6,7,8,9",2539.586605453599
train,image1224,/root/autodl-tmp/datasets/sources/construction-ppe_ultralytics_2025_v1/images/train/image1224.jpg,/root/autodl-tmp/datasets/sources/construction-ppe_ultralytics_2025_v1/labels/train/image1224.txt,True,,1024,688,RGB,cd6df82a2549d1ca8c197173f11b717f09290c3a3ce68d22fa245858b575e527,694d45656d6c270f,4,0,"5,6,7,8",10252.8710832
train,image1225,/root/autodl-tmp/datasets/sources/construction-ppe_ultralytics_2025_v1/images/train/image1225.jpg,/root/autodl-tmp/datasets/sources/construction-ppe_ultralytics_2025_v1/labels/train/image1225.txt,True,,1024,768,RGB,e5210293c4c6dab55735133457460bad806e767b9147a11d946e11b40a97de45,065664707070b030,5,0,"5,6,7,8,9",4824.014231961601
train,image1226,/root/autodl-tmp/datasets/sources/construction-ppe_ultralytics_2025_v1/images/train/image1226.jpg,/root/autodl-tmp/datasets/sources/construction-ppe_ultralytics_2025_v1/labels/train/image1226.txt,True,,768,1024,RGB,86e2498f41cc49494d9fe5bd3091026114195e072fcce6de61a3eba2cb67dd05,72727a2a2a1e1232,4,0,"5,6,7,9",7459.9029126144
train,image1227,/root/autodl-tmp/datasets/sources/construction-ppe_ultralytics_2025_v1/images/train/image1227.jpg,/root/autodl-tmp/datasets/sources/construction-ppe_ultralytics_2025_v1/labels/train/image1227.txt,True,,1024,852,RGB,4cbb0d1579e33efbb27cc3d7950ab03dee3489c901a90fea37bb766cfef31a17,9ea4f6f99d1d6d65,5,0,"5,6,7,8,9",3367.4122529184
train,image1228,/root/autodl-tmp/datasets/sources/construction-ppe_ultralytics_2025_v1/images/train/image1228.jpg,/root/autodl-tmp/datasets/sources/construction-ppe_ultralytics_2025_v1/labels/train/image1228.txt,True,,1024,768,RGB,33df0980ec00acdb852b6bd0a46f458171b2c89a8d0fc52b1d23c8009cba2657,504848c1d1c2e1f5,6,0,"5,6,7,8,9",3158.2559748096
train,image123,/root/autodl-tmp/datasets/sources/construction-ppe_ultralytics_2025_v1/images/train/image123.jpg,/root/autodl-tmp/datasets/sources/construction-ppe_ultralytics_2025_v1/labels/train/image123.txt,True,,640,640,RGB,7243656f3d2e4549a9fa41894aa8b11a0437ec0c66e30f6cbd7337c566967435,110313129a8f0e0e,5,0,"0,1,2,6",3973.228648857601
train,image1230,/root/autodl-tmp/datasets/sources/construction-ppe_ultralytics_2025_v1/images/train/image1230.jpg,/root/autodl-tmp/datasets/sources/construction-ppe_ultralytics_2025_v1/labels/train/image1230.txt,True,,1024,682,RGB,a6eeca49e331445bbd5ee9d1c5a08919748fe4e7f54c4df481cc39d5f9ec32fe,9298313276061b1b,4,0,"4,5,6,7",2639.1494950303995
train,image1232,/root/autodl-tmp/datasets/sources/construction-ppe_ultralytics_2025_v1/images/train/image1232.jpg,/root/autodl-tmp/datasets/sources/construction-ppe_ultralytics_2025_v1/labels/train/image1232.txt,True,,768,960,RGB,21d36ce9c09ed7b50d8d2dd46dafb259ed268b4c2b2b921b13f69ff907acf1b4,d6727233b195bbe9,4,0,"5,6,7,8",5818.23890817024
train,image1233,/root/autodl-tmp/datasets/sources/construction-ppe_ultralytics_2025_v1/images/train/image1233.jpg,/root/autodl-tmp/datasets/sources/construction-ppe_ultralytics_2025_v1/labels/train/image1233.txt,True,,1024,967,RGB,5b6372e158003c8a2c832ec568715eb4d7881b5051bfedd2034974dee951b486,ccc733743239596b,16,0,"1,5,6,7",3664.6214794235993
train,image1236,/root/autodl-tmp/datasets/sources/construction-ppe_ultralytics_2025_v1/images/train/image1236.jpg,/root/autodl-tmp/datasets/sources/construction-ppe_ultralytics_2025_v1/labels/train/image1236.txt,True,,768,1024,RGB,8e05ea776af8dae8ee3bb0695b5234ae21e9cecdbb5c999d6a3f55e9366f052f,ecf0b931626cd832,5,0,"5,6,7,8,9",3783.6208511999994
train,image1237,/root/autodl-tmp/datasets/sources/construction-ppe_ultralytics_2025_v1/images/train/image1237.jpg,/root/autodl-tmp/datasets/sources/construction-ppe_ultralytics_2025_v1/labels/train/image1237.txt,True,,1024,682,RGB,1282f90997a6ffac90672b816c33e0c0f0611835fe573d7747159399af5a2743,f0b8b88c9494181b,13,0,"5,6,7,8,9",2368.6297162
train,image1238,/root/autodl-tmp/datasets/sources/construction-ppe_ultralytics_2025_v1/images/train/image1238.jpg,/root/autodl-tmp/datasets/sources/construction-ppe_ultralytics_2025_v1/labels/train/image1238.txt,True,,1024,787,RGB,d9d4c49b7f5001ebdfc5136087b392eb02aef7c1d9ef22a953a68dbb30c0bcf8,4943c14d65674727,4,0,"5,6,7,8",8590.232771338799
train,image124,/root/autodl-tmp/datasets/sources/construction-ppe_ultralytics_2025_v1/images/train/image124.jpg,/root/autodl-tmp/datasets/sources/construction-ppe_ultralytics_2025_v1/labels/train/image124.txt,True,,640,640,RGB,40b7fa0983f430ed1a16163ea0754b7eeabeb8aaf2fad9ceb25363c4931498ca,003000b2b2003000,6,0,"0,2,6",2070.8295327744
train,image1240,/root/autodl-tmp/datasets/sources/construction-ppe_ultralytics_2025_v1/images/train/image1240.jpg,/root/autodl-tmp/datasets/sources/construction-ppe_ultralytics_2025_v1/labels/train/image1240.txt,True,,1024,683,RGB,8b72bc0b29bd9fd9a58b5c373b2b494f7f456a4e4bd4e561d4b9964270cc1c9b,34383cd478763a1a,6,0,"5,6,7,8,9",3310.910526253601
train,image1241,/root/autodl-tmp/datasets/sources/construction-ppe_ultralytics_2025_v1/images/train/image1241.jpg,/root/autodl-tmp/datasets/sources/construction-ppe_ultralytics_2025_v1/labels/train/image1241.txt,True,,1024,1024,RGB,f2082dfb734e0b85e3010cd1f88e3dd955a620f1d7a9c9e3d7cead14af524093,e6e59c961c1697d3,8,0,"5,6,7,8,9,10",2543.834470399999
train,image1242,/root/autodl-tmp/datasets/sources/construction-ppe_ultralytics_2025_v1/images/train/image1242.jpg,/root/autodl-tmp/datasets/sources/construction-ppe_ultralytics_2025_v1/labels/train/image1242.txt,True,,1024,683,RGB,f94057c38c9f0e23b5e73dddf350b91f825d4581b8a2021b4189d9ee0e15bace,e460c48c34961f4e,4,0,"5,6,7,8",3988.36350815
train,image1243,/root/autodl-tmp/datasets/sources/construction-ppe_ultralytics_2025_v1/images/train/image1243.jpg,/root/autodl-tmp/datasets/sources/construction-ppe_ultralytics_2025_v1/labels/train/image1243.txt,True,,1024,768,RGB,bcec8104497b411d140dd4e261bb5c65beda3527f1f8099c5d54e383694121b9,80c0272955b7360e,6,0,"5,6,7,8,9",915.5137277951999
train,image1244,/root/autodl-tmp/datasets/sources/construction-ppe_ultralytics_2025_v1/images/train/image1244.jpg,/root/autodl-tmp/datasets/sources/construction-ppe_ultralytics_2025_v1/labels/train/image1244.txt,True,,754,1024,RGB,71257461653cc3354e558619b658d7839b35552610985a5b649bfae0aca44519,e4b03030f55c9b33,6,0,"0,1,3,5,6",1769.0413981031998
train,image1245,/root/autodl-tmp/datasets/sources/construction-ppe_ultralytics_2025_v1/images/train/image1245.jpg,/root/autodl-tmp/datasets/sources/construction-ppe_ultralytics_2025_v1/labels/train/image1245.txt,True,,768,1024,RGB,361c6441146b2d2b71151df2bee0dde2c77588f065287e5c909ff7a360ae8fb5,6764604d98988908,4,0,"5,6,7,8",1813.7323782144001
train,image1246,/root/autodl-tmp/datasets/sources/construction-ppe_ultralytics_2025_v1/images/train/image1246.jpg,/root/autodl-tmp/datasets/sources/construction-ppe_ultralytics_2025_v1/labels/train/image1246.txt,True,,1024,640,RGB,7456999dc48486e117bd0627c3c2006084aebc13cbcd6a4917fcebda01904480,4266664613c666cc,6,0,"5,6,7,8,9",2845.8046179839994
train,image1247,/root/autodl-tmp/datasets/sources/construction-ppe_ultralytics_2025_v1/images/train/image1247.jpg,/root/autodl-tmp/datasets/sources/construction-ppe_ultralytics_2025_v1/labels/train/image1247.txt,True,,768,1024,RGB,2dfd49fdb6e55e4c52f5f1ed204a7cc3b79f816ed5eed2b1afade5a8fae57a5e,ca69e8c5a2b1e4b0,6,0,"5,6,7,8,9",5176.215424819201
train,image1249,/root/autodl-tmp/datasets/sources/construction-ppe_ultralytics_2025_v1/images/train/image1249.jpg,/root/autodl-tmp/datasets/sources/construction-ppe_ultralytics_2025_v1/labels/train/image1249.txt,True,,1024,768,RGB,f4b29e69ad2d0f49eb55d8b642cf1e90cfad838240b63f73d4cf0dcf0dad8f56,ad9b50bab3ce9e92,9,0,"5,6,7,8,9",3217.3622267904007
train,image125,/root/autodl-tmp/datasets/sources/construction-ppe_ultralytics_2025_v1/images/train/image125.jpg,/root/autodl-tmp/datasets/sources/construction-ppe_ultralytics_2025_v1/labels/train/image125.txt,True,,640,640,RGB,0e1c5cdca522dab3806c862cda043a7beb6a0ef4af90c74fc81e1e43b928da9c,62703596cee78724,17,0,"0,2,5,6",893.2920320000001
train,image1250,/root/autodl-tmp/datasets/sources/construction-ppe_ultralytics_2025_v1/images/train/image1250.jpg,/root/autodl-tmp/datasets/sources/construction-ppe_ultralytics_2025_v1/labels/train/image1250.txt,True,,1024,768,RGB,34761a90d293c27ea31fd5562506dc4934600d732d9865382de6c35ac76544ff,dacace92c4295998,6,0,"5,6,7,8,9",4776.2417664
train,image1251,/root/autodl-tmp/datasets/sources/construction-ppe_ultralytics_2025_v1/images/train/image1251.jpg,/root/autodl-tmp/datasets/sources/construction-ppe_ultralytics_2025_v1/labels/train/image1251.txt,True,,1024,1024,RGB,e8d0cc9dbed0ae2558a48a53c3ad94969bd6bdee9bd75461fcbbad0cbd69c84d,e11c34349c9859da,6,0,"5,6,7,8,9",1901.1329183744
train,image1253,/root/autodl-tmp/datasets/sources/construction-ppe_ultralytics_2025_v1/images/train/image1253.jpg,/root/autodl-tmp/datasets/sources/construction-ppe_ultralytics_2025_v1/labels/train/image1253.txt,True,,768,1024,RGB,f7277d62d1b1fea41a4f0a5de6d3a5f3e95137cb73d146d1f6b7047d361a7558,d2f4b692387858f8,5,0,"5,6,7,8,9",3695.6423172095997
train,image1254,/root/autodl-tmp/datasets/sources/construction-ppe_ultralytics_2025_v1/images/train/image1254.jpg,/root/autodl-tmp/datasets/sources/construction-ppe_ultralytics_2025_v1/labels/train/image1254.txt,True,,681,1024,RGB,5d69789909dd7ce0c367e8640f6da21ad47e6863fee35afa06073a3889379558,0c1233c7264d8fe0,8,0,"5,6,7,8,9,10",869.4497249999997
train,image1255,/root/autodl-tmp/datasets/sources/construction-ppe_ultralytics_2025_v1/images/train/image1255.jpg,/root/autodl-tmp/datasets/sources/construction-ppe_ultralytics_2025_v1/labels/train/image1255.txt,True,,768,1024,RGB,001b8018ba919866ec987385b613c85111f5fecf71d108fa64e92cc0d7b06cd0,a74157768fd85f7f,7,0,"3,5,6,7,9",1663.3290221568
train,image1257,/root/autodl-tmp/datasets/sources/construction-ppe_ultralytics_2025_v1/images/train/image1257.jpg,/root/autodl-tmp/datasets/sources/construction-ppe_ultralytics_2025_v1/labels/train/image1257.txt,True,,1024,682,RGB,e3bc18677e10dbad584b6cd81a8e8be7bb59bca06b9d1a8b38d967abb2a3015a,2ab2a2861cac2812,6,0,"5,6,7,8,9",2654.5526221632
train,image1258,/root/autodl-tmp/datasets/sources/construction-ppe_ultralytics_2025_v1/images/train/image1258.jpg,/root/autodl-tmp/datasets/sources/construction-ppe_ultralytics_2025_v1/labels/train/image1258.txt,True,,1024,683,RGB,ae557eae5bcbf2c8a7f0d2255cda43ce505b2c02ed4bb3290612ea7500347cbb,2064e46c4c6d3929,15,0,"5,6,7,8,9",1986.0809472
train,image1259,/root/autodl-tmp/datasets/sources/construction-ppe_ultralytics_2025_v1/images/train/image1259.jpg,/root/autodl-tmp/datasets/sources/construction-ppe_ultralytics_2025_v1/labels/train/image1259.txt,True,,1024,1024,RGB,db848c0bdaa6d3f6a0deecfd14c0050872512036466408913baa3b1eb14ae5a4,4aa636f6d682b7e5,18,0,"5,6,7,8,9",2465.3924864
train,image126,/root/autodl-tmp/datasets/sources/construction-ppe_ultralytics_2025_v1/images/train/image126.jpg,/root/autodl-tmp/datasets/sources/construction-ppe_ultralytics_2025_v1/labels/train/image126.txt,True,,640,640,RGB,557f7f9b1079eb7c52af23497e838d2b3ce14af3ca1d0b5940fd4f5691b62508,002931298c4bdb00,29,0,"0,1,2,3,6",457.57579837439994
train,image1260,/root/autodl-tmp/datasets/sources/construction-ppe_ultralytics_2025_v1/images/train/image1260.jpg,/root/autodl-tmp/datasets/sources/construction-ppe_ultralytics_2025_v1/labels/train/image1260.txt,True,,1024,683,RGB,558cbbc8cbc6fe8c6a2733c08a87e11bcffe8698c658147c9068ae6c814cead1,e56464e7c78b9b4a,9,0,"5,6,7,8,9",1770.2780805072
train,image1261,/root/autodl-tmp/datasets/sources/construction-ppe_ultralytics_2025_v1/images/train/image1261.jpg,/root/autodl-tmp/datasets/sources/construction-ppe_ultralytics_2025_v1/labels/train/image1261.txt,True,,768,1024,RGB,8c1f404d26706e10f01e675d0266f9e09718b3f200142ab7e8234435eb452722,e6f6a4b131313139,12,0,"1,5,6,7,8",1891.1655192576
train,image1262,/root/autodl-tmp/datasets/sources/construction-ppe_ultralytics_2025_v1/images/train/image1262.jpg,/root/autodl-tmp/datasets/sources/construction-ppe_ultralytics_2025_v1/labels/train/image1262.txt,True,,1024,768,RGB,f336c7ceb11ac290adc40b892317302057d01a00d1e0561eaeaf12ec0acfe243,fcfcfcfcfefefce8,6,0,"5,6,7,8,9",3998.6956044288
train,image1263,/root/autodl-tmp/datasets/sources/construction-ppe_ultralytics_2025_v1/images/train/image1263.jpg,/root/autodl-tmp/datasets/sources/construction-ppe_ultralytics_2025_v1/labels/train/image1263.txt,True,,1024,898,RGB,7e160eb0cd0b0c703657e4b497d4fcd528e176c0517e0814140864ad36cb86a3,4e626af8b89aa671,6,0,"5,6,7,8,9",6873.4628024736
train,image1265,/root/autodl-tmp/datasets/sources/construction-ppe_ultralytics_2025_v1/images/train/image1265.jpg,/root/autodl-tmp/datasets/sources/construction-ppe_ultralytics_2025_v1/labels/train/image1265.txt,True,,1024,768,RGB,cc9e5ad6b901183c842064cf7c742f52a19e9651c618c72f003501c926208d75,39292934303a383a,5,0,"5,6,7,8,9",3141.2394095615996
train,image1266,/root/autodl-tmp/datasets/sources/construction-ppe_ultralytics_2025_v1/images/train/image1266.jpg,/root/autodl-tmp/datasets/sources/construction-ppe_ultralytics_2025_v1/labels/train/image1266.txt,True,,1024,768,RGB,66d9190bfd643d7c517a74fdfb85c95ab5ea67c31c8cc8515343bcc70b671e9f,3130663735c4c6e3,6,0,"5,6,7,8,9",5618.983104
train,image1267,/root/autodl-tmp/datasets/sources/construction-ppe_ultralytics_2025_v1/images/train/image1267.jpg,/root/autodl-tmp/datasets/sources/construction-ppe_ultralytics_2025_v1/labels/train/image1267.txt,True,,683,1024,RGB,1fc1837f3acb4e27163f7f0ffa432cc29bcc0c514fbcda0dc6c49a255d23273d,feb9393c94939397,8,0,"5,6,7,8,9,10",1276.6087225892
train,image1268,/root/autodl-tmp/datasets/sources/construction-ppe_ultralytics_2025_v1/images/train/image1268.jpg,/root/autodl-tmp/datasets/sources/construction-ppe_ultralytics_2025_v1/labels/train/image1268.txt,True,,768,1024,RGB,527897a185f1d16aebeb55f382ae4c3238fbf5cf6626423e9d47116659300091,d898da493a1879e9,6,0,"5,6,7,8,9",921.0363666432
train,image1269,/root/autodl-tmp/datasets/sources/construction-ppe_ultralytics_2025_v1/images/train/image1269.jpg,/root/autodl-tmp/datasets/sources/construction-ppe_ultralytics_2025_v1/labels/train/image1269.txt,True,,1024,765,RGB,529251765a3ef304219985ef3d126ac4e3694503081e5a5a7118146c0876a3a0,8309c866b6969b93,13,0,"0,5,6,7,8,9,10",1147.438442592
train,image127,/root/autodl-tmp/datasets/sources/construction-ppe_ultralytics_2025_v1/images/train/image127.jpg,/root/autodl-tmp/datasets/sources/construction-ppe_ultralytics_2025_v1/labels/train/image127.txt,True,,640,640,RGB,1391762e4cf9ddab568a9c4d1763c2f19667c369d6b2ef3543a27126162f12d2,00fefedecebed800,15,0,"0,1,2,3,6",1442.2459199487998
train,image1271,/root/autodl-tmp/datasets/sources/construction-ppe_ultralytics_2025_v1/images/train/image1271.jpg,/root/autodl-tmp/datasets/sources/construction-ppe_ultralytics_2025_v1/labels/train/image1271.txt,True,,683,1024,RGB,09c0c319d1c9e0bdda80f2802855f0289a6765c06df9477d5930ff469c4c9e23,2d2b332b2bababe9,6,0,"5,6,7,8,9",922.9284409964001
train,image1272,/root/autodl-tmp/datasets/sources/construction-ppe_ultralytics_2025_v1/images/train/image1272.jpg,/root/autodl-tmp/datasets/sources/construction-ppe_ultralytics_2025_v1/labels/train/image1272.txt,True,,683,1024,RGB,ac26041f36d046cdb44e820bab8cc4854356180ee22dd92f7fc015f4426f9ade,32b1b89e3e7eccdc,6,0,"5,6,7,8,9",3495.6632914427996
train,image1274,/root/autodl-tmp/datasets/sources/construction-ppe_ultralytics_2025_v1/images/train/image1274.jpg,/root/autodl-tmp/datasets/sources/construction-ppe_ultralytics_2025_v1/labels/train/image1274.txt,True,,680,1024,RGB,ccf406989e0df7e089d08581efe8aab5daff3be5e46776b2e22eeb5a0ba3e127,eea627f97c39ada6,18,0,"5,6,7,8,9,10",701.554264912
train,image1275,/root/autodl-tmp/datasets/sources/construction-ppe_ultralytics_2025_v1/images/train/image1275.jpg,/root/autodl-tmp/datasets/sources/construction-ppe_ultralytics_2025_v1/labels/train/image1275.txt,True,,1024,768,RGB,3375bd97c33c4ab10eeca8553d866ff718d1f7d92806def3d4f1257cae3b47c8,2f73f1d4d4242401,20,0,"5,6,7,8,9,10",294.36347043840004
train,image1277,/root/autodl-tmp/datasets/sources/construction-ppe_ultralytics_2025_v1/images/train/image1277.jpg,/root/autodl-tmp/datasets/sources/construction-ppe_ultralytics_2025_v1/labels/train/image1277.txt,True,,694,1024,RGB,cb98efe4fa2f5fb30f3c95713cb99091a682ef3a105e2e81eb3103fac02182cf,da1c1f9a9b9cb0d1,8,0,"1,5,6,7,8,10",818.3004309448002
train,image1278,/root/autodl-tmp/datasets/sources/construction-ppe_ultralytics_2025_v1/images/train/image1278.jpg,/root/autodl-tmp/datasets/sources/construction-ppe_ultralytics_2025_v1/labels/train/image1278.txt,True,,1024,1024,RGB,23f164e7d206fe837dae4e318dc342830ce7c3f88ce6eaa71a8f6b2623c9651a,4a0c9e0c25272f8e,10,0,"5,6,7,8,9",2784.5685374976
train,image1279,/root/autodl-tmp/datasets/sources/construction-ppe_ultralytics_2025_v1/images/train/image1279.jpg,/root/autodl-tmp/datasets/sources/construction-ppe_ultralytics_2025_v1/labels/train/image1279.txt,True,,766,1024,RGB,fc430defb7188937447b301c59ac79eb04168c4669548e002e91c967f7b7a7e3,484adcc666a768c8,8,0,"5,6,7,8,9",1296.5817347
train,image128,/root/autodl-tmp/datasets/sources/construction-ppe_ultralytics_2025_v1/images/train/image128.jpg,/root/autodl-tmp/datasets/sources/construction-ppe_ultralytics_2025_v1/labels/train/image128.txt,True,,640,640,RGB,cc66618ce357fe8173880c8e655f2278a22f37a79e1386671bffd091b9ac0da1,00f0d2f091cccc00,37,0,"0,2,6",329.06540482560007
train,image1280,/root/autodl-tmp/datasets/sources/construction-ppe_ultralytics_2025_v1/images/train/image1280.jpg,/root/autodl-tmp/datasets/sources/construction-ppe_ultralytics_2025_v1/labels/train/image1280.txt,True,,682,1024,RGB,0bcaa8fb47133f6fb0dce8d92b47256c1b98dacea6075134fc0f4f5f5c9d679b,b534646990901c9c,16,0,"4,5,6,7,8,9",1381.8267639
train,image1281,/root/autodl-tmp/datasets/sources/construction-ppe_ultralytics_2025_v1/images/train/image1281.jpg,/root/autodl-tmp/datasets/sources/construction-ppe_ultralytics_2025_v1/labels/train/image1281.txt,True,,683,1024,RGB,52de2f52bb8a6bf68a76a9fda92cf7821eb135b6542e4ecf6d87cf202cfa139a,e0f0e9ac27335134,6,0,"5,6,7,8,9",4129.196025
train,image1282,/root/autodl-tmp/datasets/sources/construction-ppe_ultralytics_2025_v1/images/train/image1282.jpg,/root/autodl-tmp/datasets/sources/construction-ppe_ultralytics_2025_v1/labels/train/image1282.txt,True,,1024,683,RGB,2e8d2f552c5aefde998b1791b2c161416795a41e5c5c6152ded206b880893b1f,f9c991b3b391c9e5,6,0,"5,6,7,8,9",3123.8697132499997
train,image1283,/root/autodl-tmp/datasets/sources/construction-ppe_ultralytics_2025_v1/images/train/image1283.jpg,/root/autodl-tmp/datasets/sources/construction-ppe_ultralytics_2025_v1/labels/train/image1283.txt,True,,768,1024,RGB,4adb773f6b3825271ef47df2a61f02c51536a49ba16b8eb41cef6a78e6df4075,30303e3f1b1b9c8c,5,0,"5,6,7,8,9",1875.3074952192
train,image1284,/root/autodl-tmp/datasets/sources/construction-ppe_ultralytics_2025_v1/images/train/image1284.jpg,/root/autodl-tmp/datasets/sources/construction-ppe_ultralytics_2025_v1/labels/train/image1284.txt,True,,768,1024,RGB,178b6f9ee754bcf75672b7fa305abdc19e8656e3ae6876387f1f1a5f29ebf6f7,364e4fb162690e5a,10,0,"5,6,7,8,9",3293.8754310143995
train,image1285,/root/autodl-tmp/datasets/sources/construction-ppe_ultralytics_2025_v1/images/train/image1285.jpg,/root/autodl-tmp/datasets/sources/construction-ppe_ultralytics_2025_v1/labels/train/image1285.txt,True,,819,1024,RGB,d4630fc0a8fd5c7e3b07013062a7270b9736d2817df91508769ce4ca98599687,da1939b896c6cecc,17,0,"5,6,7,8,9",905.1273094499999
train,image1286,/root/autodl-tmp/datasets/sources/construction-ppe_ultralytics_2025_v1/images/train/image1286.jpg,/root/autodl-tmp/datasets/sources/construction-ppe_ultralytics_2025_v1/labels/train/image1286.txt,True,,683,1024,RGB,a04759cedeff635fae68218d1341911df78d339a5659e236947fdb96ffc4ad02,cf14280c8dcdcfca,5,0,"5,6,7,8,9",458.35376459760005
train,image1287,/root/autodl-tmp/datasets/sources/construction-ppe_ultralytics_2025_v1/images/train/image1287.jpg,/root/autodl-tmp/datasets/sources/construction-ppe_ultralytics_2025_v1/labels/train/image1287.txt,True,,768,1024,RGB,ce9b622db9d7db8b123ee184b56dd3c7b211ff3becfa9c9bc282b7db398d703c,3230312b61f9f3b1,6,0,"5,6,7,8,9",3434.8842258431996
train,image1288,/root/autodl-tmp/datasets/sources/construction-ppe_ultralytics_2025_v1/images/train/image1288.jpg,/root/autodl-tmp/datasets/sources/construction-ppe_ultralytics_2025_v1/labels/train/image1288.txt,True,,768,1024,RGB,ac34ee24acdeffa822abdf34991fd32b58cbb41b3e1bd048a984a47cf0b23482,7d1977ce4e14e149,11,0,"5,6,7,8,9",805.5223667711999
train,image1289,/root/autodl-tmp/datasets/sources/construction-ppe_ultralytics_2025_v1/images/train/image1289.jpg,/root/autodl-tmp/datasets/sources/construction-ppe_ultralytics_2025_v1/labels/train/image1289.txt,True,,1024,869,RGB,e2c0642421918d4f95d4ba537add70aad2b6abe8d78d8e3bbbcffbe29d4b0ced,e98bcbb3336be9d5,21,0,"0,1,5,6,7,8,9,10",298.8449138532
train,image129,/root/autodl-tmp/datasets/sources/construction-ppe_ultralytics_2025_v1/images/train/image129.jpg,/root/autodl-tmp/datasets/sources/construction-ppe_ultralytics_2025_v1/labels/train/image129.txt,True,,640,640,RGB,6deca24e110bd5da79f9ee2c704be991d0e490a4a0a8317e981f32993c4e074e,fce4d1a9ec4627f5,29,0,"2,3,4,5,6",1240.253952
train,image1291,/root/autodl-tmp/datasets/sources/construction-ppe_ultralytics_2025_v1/images/train/image1291.jpg,/root/autodl-tmp/datasets/sources/construction-ppe_ultralytics_2025_v1/labels/train/image1291.txt,True,,1024,683,RGB,25f6b10b218f2576bca1552b777cd1af1234bc64128e19e4cb2c02a032443ab3,e4b9e9b2b4b2b99d,6,0,"5,6,7,8,9",342.4074103048
train,image1294,/root/autodl-tmp/datasets/sources/construction-ppe_ultralytics_2025_v1/images/train/image1294.jpg,/root/autodl-tmp/datasets/sources/construction-ppe_ultralytics_2025_v1/labels/train/image1294.txt,True,,1024,1024,RGB,c1c032da7a25e11234bfb4f88dad474328a9a67505773dbcd2dfb1f3181a5915,e2a968d8d8989cac,11,0,"5,6,7,8,9",2656.9767231488
train,image1295,/root/autodl-tmp/datasets/sources/construction-ppe_ultralytics_2025_v1/images/train/image1295.jpg,/root/autodl-tmp/datasets/sources/construction-ppe_ultralytics_2025_v1/labels/train/image1295.txt,True,,1024,681,RGB,aa09018d77d2824d84179a1a2151200fb3f21d581a3612546248acebd01c677e,d2d2f8fceceeecce,5,0,"5,6,7,8,9",4582.2513073344
train,image1296,/root/autodl-tmp/datasets/sources/construction-ppe_ultralytics_2025_v1/images/train/image1296.jpg,/root/autodl-tmp/datasets/sources/construction-ppe_ultralytics_2025_v1/labels/train/image1296.txt,True,,1024,779,RGB,7d532994a788314ede22077d9cfc0946743f4ef1f27eb730c3c4cdbe22e598cb,2ce6f6648db595e2,21,0,"5,6,7,8,9,10",485.1439573024
train,image1297,/root/autodl-tmp/datasets/sources/construction-ppe_ultralytics_2025_v1/images/train/image1297.jpg,/root/autodl-tmp/datasets/sources/construction-ppe_ultralytics_2025_v1/labels/train/image1297.txt,True,,1024,683,RGB,8abbf208c64baccd9f2cb63f58397f60b5bf7620b6dfbc7c88c0ee84aee65aac,2c1a46426be9c9d0,23,0,"5,6,7,8,10",193.83074385240002
train,image1298,/root/autodl-tmp/datasets/sources/construction-ppe_ultralytics_2025_v1/images/train/image1298.jpg,/root/autodl-tmp/datasets/sources/construction-ppe_ultralytics_2025_v1/labels/train/image1298.txt,True,,1024,686,RGB,6217a270daac217221b28782a9c5c32df0b53651d35a7eedf98599a5a7b0f366,6b6762b9f930b0b4,5,0,"5,6,7,8,9",2463.7232668496003
train,image1299,/root/autodl-tmp/datasets/sources/construction-ppe_ultralytics_2025_v1/images/train/image1299.jpg,/root/autodl-tmp/datasets/sources/construction-ppe_ultralytics_2025_v1/labels/train/image1299.txt,True,,768,768,RGB,c5d4922e128ac9ff0b04d9e7d0a26baf618d968ab588750b4063c854257ce8ab,26b2e2675299999b,5,0,"0,5,6,8,9",8241.126299238402
train,image13,/root/autodl-tmp/datasets/sources/construction-ppe_ultralytics_2025_v1/images/train/image13.jpeg,/root/autodl-tmp/datasets/sources/construction-ppe_ultralytics_2025_v1/labels/train/image13.txt,True,,640,640,RGB,9459c36ca17fadd3e93078833c3cd230a3903231c4ff8d418e52b2d45dac6f55,fcdccce4e4d4c4c4,3,0,"0,2,6",1143.1208640512
train,image1300,/root/autodl-tmp/datasets/sources/construction-ppe_ultralytics_2025_v1/images/train/image1300.jpg,/root/autodl-tmp/datasets/sources/construction-ppe_ultralytics_2025_v1/labels/train/image1300.txt,True,,1024,1024,RGB,24e7eb74d5a707c2981c271478a69f6015cd696549b79082d2141d46a3228eab,f4b3f7fdfb6bdbdb,6,0,"5,6,7,8,9",4912.554224025601
train,image1302,/root/autodl-tmp/datasets/sources/construction-ppe_ultralytics_2025_v1/images/train/image1302.jpg,/root/autodl-tmp/datasets/sources/construction-ppe_ultralytics_2025_v1/labels/train/image1302.txt,True,,1024,664,RGB,e2e664d88b9d452b4a42b4a075eb598fa18897f2f27fc48bf66ade7e2b29c5fe,c0e3af666727b62b,14,0,"5,6,7,8,9,10",666.4511222688
train,image1303,/root/autodl-tmp/datasets/sources/construction-ppe_ultralytics_2025_v1/images/train/image1303.jpg,/root/autodl-tmp/datasets/sources/construction-ppe_ultralytics_2025_v1/labels/train/image1303.txt,True,,1024,683,RGB,dd830bfe48c67ec66a5138ac1e711dcbfc279a7c949f0365bfab232ad1268aba,1587ebba3273a513,4,0,"4,5,6,7",1019.9163411023999
train,image1304,/root/autodl-tmp/datasets/sources/construction-ppe_ultralytics_2025_v1/images/train/image1304.jpg,/root/autodl-tmp/datasets/sources/construction-ppe_ultralytics_2025_v1/labels/train/image1304.txt,True,,683,1024,RGB,167de2ca21d85a2a76347556b18b0e549d4f385c946b4feb422d3576eb7f3578,c1f3f3f0c9e3e3b2,4,0,"5,6,7,8",3524.4054446976006
train,image1305,/root/autodl-tmp/datasets/sources/construction-ppe_ultralytics_2025_v1/images/train/image1305.jpg,/root/autodl-tmp/datasets/sources/construction-ppe_ultralytics_2025_v1/labels/train/image1305.txt,True,,1024,768,RGB,2b63bd4abc166aa2a96c050ef7181eb37669c3c952d9405321cb152d138e1d59,8c8c4d6948484062,6,0,"5,6,7,8,9",1577.3175677952001
train,image1307,/root/autodl-tmp/datasets/sources/construction-ppe_ultralytics_2025_v1/images/train/image1307.jpg,/root/autodl-tmp/datasets/sources/construction-ppe_ultralytics_2025_v1/labels/train/image1307.txt,True,,1024,988,RGB,41b35364b42d6962d30979ab6f433558d5973d2416d9daddc6ba935cdfff4e3e,921c89a4ad8d8d8f,5,0,"5,6,7,8,9",3120.53625
train,image1308,/root/autodl-tmp/datasets/sources/construction-ppe_ultralytics_2025_v1/images/train/image1308.jpg,/root/autodl-tmp/datasets/sources/construction-ppe_ultralytics_2025_v1/labels/train/image1308.txt,True,,683,1024,RGB,7db2360340c99bc3d0a9c31b1d928d63a0a18f021f59be7ca5840eda420b6467,393443de583959d9,5,0,"5,6,7,8,9",1616.3117127072
train,image1309,/root/autodl-tmp/datasets/sources/construction-ppe_ultralytics_2025_v1/images/train/image1309.jpg,/root/autodl-tmp/datasets/sources/construction-ppe_ultralytics_2025_v1/labels/train/image1309.txt,True,,1024,873,RGB,edb9ace3a1f40ae6ff71354da81c1c5da4001688cf74066d43a3bc6df752d5d1,ddd1dcbc91326b69,16,0,"5,6,7,8,9",1476.919575
train,image131,/root/autodl-tmp/datasets/sources/construction-ppe_ultralytics_2025_v1/images/train/image131.jpg,/root/autodl-tmp/datasets/sources/construction-ppe_ultralytics_2025_v1/labels/train/image131.txt,True,,640,640,RGB,dbeb16ed41dfb548cb7b334dd0a824b7ff49ae535c3f71d712297357b1faefd3,706c4d4fc717525a,13,0,"0,2,5,6",4299.1754231808
train,image1310,/root/autodl-tmp/datasets/sources/construction-ppe_ultralytics_2025_v1/images/train/image1310.jpg,/root/autodl-tmp/datasets/sources/construction-ppe_ultralytics_2025_v1/labels/train/image1310.txt,True,,683,1024,RGB,812f7b3f70a206fb6d0b3af568415db4ccc84a0c9cd3660e4836e647253bc06e,cd9c9e8dc9a1e1a3,4,0,"5,6,7,8",2445.2856139607998
train,image1311,/root/autodl-tmp/datasets/sources/construction-ppe_ultralytics_2025_v1/images/train/image1311.jpg,/root/autodl-tmp/datasets/sources/construction-ppe_ultralytics_2025_v1/labels/train/image1311.txt,True,,1024,683,RGB,2719fba08822da11477150f55cb668c73957e8588d491c735aa5e68d25a242ed,ff9f9f9f9b973054,3,0,"5,6,7",4419.7315212
train,image1312,/root/autodl-tmp/datasets/sources/construction-ppe_ultralytics_2025_v1/images/train/image1312.jpg,/root/autodl-tmp/datasets/sources/construction-ppe_ultralytics_2025_v1/labels/train/image1312.txt,True,,683,1024,RGB,42483ae53ec80c749d5d7de2036571ebe5e6e988cb47f89f35a1ae82846bb96a,0f0d9637332f0696,6,0,"5,6,7,8,9",1687.2713851928
train,image1313,/root/autodl-tmp/datasets/sources/construction-ppe_ultralytics_2025_v1/images/train/image1313.jpg,/root/autodl-tmp/datasets/sources/construction-ppe_ultralytics_2025_v1/labels/train/image1313.txt,True,,1024,895,RGB,49ec4d5af8e6c3b9e74f4906fff9130b5682b92c782db5d468ff062b5e033b36,cd8b8dad2b9b93e3,6,0,"5,6,7,8,9",2056.62609375
train,image1314,/root/autodl-tmp/datasets/sources/construction-ppe_ultralytics_2025_v1/images/train/image1314.jpg,/root/autodl-tmp/datasets/sources/construction-ppe_ultralytics_2025_v1/labels/train/image1314.txt,True,,1024,683,RGB,29a0052f6b70f9328c3d343d9f261169f55ed531c94f5aa79a696c44cd27addb,4ac54a4e4c5c3890,8,0,"5,6,7,8",1582.7409885024001
train,image1315,/root/autodl-tmp/datasets/sources/construction-ppe_ultralytics_2025_v1/images/train/image1315.jpg,/root/autodl-tmp/datasets/sources/construction-ppe_ultralytics_2025_v1/labels/train/image1315.txt,True,,1024,687,RGB,775552c86717c23bb3d737d692ddfcd6d294a8e49a2f4ff2103e2d02c33e61cc,1c19293839393036,11,0,"5,6,7,8,9",1169.9598326495998
train,image1316,/root/autodl-tmp/datasets/sources/construction-ppe_ultralytics_2025_v1/images/train/image1316.jpg,/root/autodl-tmp/datasets/sources/construction-ppe_ultralytics_2025_v1/labels/train/image1316.txt,True,,1024,683,RGB,ac51991231dd8cc69bd28ddc0a72265039df6047c32b7bf1d841a4f0e170e62c,40c4d4c0c6cbceec,6,0,"5,6,7,8,9",3785.6765663891997
train,image1317,/root/autodl-tmp/datasets/sources/construction-ppe_ultralytics_2025_v1/images/train/image1317.jpg,/root/autodl-tmp/datasets/sources/construction-ppe_ultralytics_2025_v1/labels/train/image1317.txt,True,,1024,768,RGB,29238ad070cd372e834e61a1b56a1ce37983868b87849e45bdf04bf1bf0f7d95,06e68622e3ccceec,4,0,"5,6,7,8",7349.0547821568
train,image1318,/root/autodl-tmp/datasets/sources/construction-ppe_ultralytics_2025_v1/images/train/image1318.jpg,/root/autodl-tmp/datasets/sources/construction-ppe_ultralytics_2025_v1/labels/train/image1318.txt,True,,683,1024,RGB,b8407c59d57e90df7267bf182f093cd7815653fa6745d095f472fcc5150cda6a,9c9736e6d8e1e8e8,6,0,"5,6,7,8,9",1561.5231842488001
train,image1319,/root/autodl-tmp/datasets/sources/construction-ppe_ultralytics_2025_v1/images/train/image1319.jpg,/root/autodl-tmp/datasets/sources/construction-ppe_ultralytics_2025_v1/labels/train/image1319.txt,True,,1024,683,RGB,97e47bd8194fa035650b3e26ef02c4267c6465140e836afb741218c9de496716,4c48f44d6d5a4cb6,20,0,"5,6,7,8,9",423.1982519975999
train,image1320,/root/autodl-tmp/datasets/sources/construction-ppe_ultralytics_2025_v1/images/train/image1320.jpg,/root/autodl-tmp/datasets/sources/construction-ppe_ultralytics_2025_v1/labels/train/image1320.txt,True,,819,1024,RGB,dc64cda703224171cd89cfc6f0ff77d442ab441d1bf6280ebf8847a6f6374d06,e4ce9b1198daf6b7,6,0,"4,5,6,7,9",1894.3869665448
train,image1321,/root/autodl-tmp/datasets/sources/construction-ppe_ultralytics_2025_v1/images/train/image1321.jpg,/root/autodl-tmp/datasets/sources/construction-ppe_ultralytics_2025_v1/labels/train/image1321.txt,True,,1024,768,RGB,ee28dce0ea3db8e7a7bbce07c4a68ebe5ad5ff2c30dab6cba486ef5611b795c2,454eb734389be222,14,0,"5,6,7,8,9",464.2128384
train,image1322,/root/autodl-tmp/datasets/sources/construction-ppe_ultralytics_2025_v1/images/train/image1322.jpg,/root/autodl-tmp/datasets/sources/construction-ppe_ultralytics_2025_v1/labels/train/image1322.txt,True,,1024,782,RGB,3aee7e4b234fc0ec81ea50cf7f80a0c4ec1db900dea1e668e5663e6ea5715191,d0dcec440141ccd9,4,0,"5,6,7,8",375.0901196008
train,image1323,/root/autodl-tmp/datasets/sources/construction-ppe_ultralytics_2025_v1/images/train/image1323.jpg,/root/autodl-tmp/datasets/sources/construction-ppe_ultralytics_2025_v1/labels/train/image1323.txt,True,,684,1024,RGB,14e50bbe46c619d9e8a92bac9feae5331e24c511d21c0417803bcbd12280e7c5,691b852bcbcad121,6,0,"3,4,5,6,7",331.69307595839996
train,image1324,/root/autodl-tmp/datasets/sources/construction-ppe_ultralytics_2025_v1/images/train/image1324.jpg,/root/autodl-tmp/datasets/sources/construction-ppe_ultralytics_2025_v1/labels/train/image1324.txt,True,,1024,768,RGB,022132385c453eebc8bcf87230a8e05bd1534c10b742b0a2f6de8586ddf6c760,955ca8b79318083b,13,0,"3,5,6,7,8,9",552.6765305856
train,image1325,/root/autodl-tmp/datasets/sources/construction-ppe_ultralytics_2025_v1/images/train/image1325.jpg,/root/autodl-tmp/datasets/sources/construction-ppe_ultralytics_2025_v1/labels/train/image1325.txt,True,,1024,684,RGB,7e6fc9c1f188d90aaee1c93e63a99a6233131cdde1ce66f76cc1844bd570b2d3,3c76676663676362,6,0,"5,6,7,8,9",1839.1263301296003
train,image1326,/root/autodl-tmp/datasets/sources/construction-ppe_ultralytics_2025_v1/images/train/image1326.jpg,/root/autodl-tmp/datasets/sources/construction-ppe_ultralytics_2025_v1/labels/train/image1326.txt,True,,1024,731,RGB,a6178caf0de0edce6f9f31a19e1d2827a3765832fc2a9d6ced33c48628ee741b,5276262a2a23332b,24,0,"5,6,7,8,9,10",488.20730475
train,image1327,/root/autodl-tmp/datasets/sources/construction-ppe_ultralytics_2025_v1/images/train/image1327.jpg,/root/autodl-tmp/datasets/sources/construction-ppe_ultralytics_2025_v1/labels/train/image1327.txt,True,,683,1024,RGB,5aa156d7b860a1beb2c440cff876e04431d4a04a733ef928a1b081f3517c61c9,9245e1f0f2e3e1a7,6,0,"5,6,7,8,9",2775.54808
train,image1328,/root/autodl-tmp/datasets/sources/construction-ppe_ultralytics_2025_v1/images/train/image1328.jpg,/root/autodl-tmp/datasets/sources/construction-ppe_ultralytics_2025_v1/labels/train/image1328.txt,True,,1024,681,RGB,be94b1245c9824c091b8ad561befe8bc4ad5557915470230180a71bdf96d0d8d,b0b2ea6a948ccc8c,15,0,"4,5,6,7,8,9",442.81841347920005
train,image1329,/root/autodl-tmp/datasets/sources/construction-ppe_ultralytics_2025_v1/images/train/image1329.jpg,/root/autodl-tmp/datasets/sources/construction-ppe_ultralytics_2025_v1/labels/train/image1329.txt,True,,1024,847,RGB,b46b7bc844abe6dc2f166304e2f44aad6649e22132d20e8721a786d852ca127e,c533317666c6d0f1,8,0,"5,6,7,8",2486.0395390907997
train,image133,/root/autodl-tmp/datasets/sources/construction-ppe_ultralytics_2025_v1/images/train/image133.jpeg,/root/autodl-tmp/datasets/sources/construction-ppe_ultralytics_2025_v1/labels/train/image133.txt,True,,640,640,RGB,39609cde333ed2a934b0d63059bc060986c27a6b79cc77683965ef31f279cda2,c4ccf0f0f0eccccc,5,0,"0,2,3,6",1502.8211712
train,image1334,/root/autodl-tmp/datasets/sources/construction-ppe_ultralytics_2025_v1/images/train/image1334.jpg,/root/autodl-tmp/datasets/sources/construction-ppe_ultralytics_2025_v1/labels/train/image1334.txt,True,,1024,683,RGB,bd6a89c1c48e1e8cb0932e18f89e273ac9be420b23c617a651dc4fba5f88de80,052624060b333313,4,0,"5,6,7,8",1523.0006411975999
train,image1335,/root/autodl-tmp/datasets/sources/construction-ppe_ultralytics_2025_v1/images/train/image1335.jpg,/root/autodl-tmp/datasets/sources/construction-ppe_ultralytics_2025_v1/labels/train/image1335.txt,True,,920,1024,RGB,bdaac39c1e9fe4b1951c2f7d6ac7b9189ec0d5e0e78e8d02068194f5a5522a23,7890f146e6f6e6cb,5,0,"5,6,7,8,9",817.570402704
train,image1336,/root/autodl-tmp/datasets/sources/construction-ppe_ultralytics_2025_v1/images/train/image1336.jpg,/root/autodl-tmp/datasets/sources/construction-ppe_ultralytics_2025_v1/labels/train/image1336.txt,True,,1024,683,RGB,35f7ff54a613b0087155b69c87ba03bf9f4d148f6525fb61626b3eac239fc881,a4b0f2e064a5b3b3,20,0,"5,6,7,8,9",646.8397960392
train,image1337,/root/autodl-tmp/datasets/sources/construction-ppe_ultralytics_2025_v1/images/train/image1337.jpg,/root/autodl-tmp/datasets/sources/construction-ppe_ultralytics_2025_v1/labels/train/image1337.txt,True,,644,1024,RGB,0d0626cf23968c27347ce3352964e60cfa20b9d985a5a2cbdc66b9ae166601e9,383850ccccd4d6f6,8,0,"4,5,6,7,9,10",648.9387072
train,image1338,/root/autodl-tmp/datasets/sources/construction-ppe_ultralytics_2025_v1/images/train/image1338.jpg,/root/autodl-tmp/datasets/sources/construction-ppe_ultralytics_2025_v1/labels/train/image1338.txt,True,,1024,799,RGB,2602c21190f2e35b72fd715a1bb9f711b14902b6d48b324236fa5bd82869da20,a862a6e747c6c686,4,0,"5,6,7,8",2005.3601625
train,image1339,/root/autodl-tmp/datasets/sources/construction-ppe_ultralytics_2025_v1/images/train/image1339.jpg,/root/autodl-tmp/datasets/sources/construction-ppe_ultralytics_2025_v1/labels/train/image1339.txt,True,,1024,768,RGB,131dd64d393fccc114af15abadbd249c92b96940b0442fa480f4b4ee21e776be,e6272627755386c6,10,0,"5,6,7,8,9",975.5082227711998
train,image134,/root/autodl-tmp/datasets/sources/construction-ppe_ultralytics_2025_v1/images/train/image134.jpg,/root/autodl-tmp/datasets/sources/construction-ppe_ultralytics_2025_v1/labels/train/image134.txt,True,,640,640,RGB,efed7bc5a74fab15706cbdca6af5339b91712e1fcd9fae2b764573d3d75aa804,00c8e4d694acac00,9,0,"0,2,6",6792.8410079232
train,image1340,/root/autodl-tmp/datasets/sources/construction-ppe_ultralytics_2025_v1/images/train/image1340.jpg,/root/autodl-tmp/datasets/sources/construction-ppe_ultralytics_2025_v1/labels/train/image1340.txt,True,,681,1024,RGB,53ca57e5b7834aec372c16c4574361048c951a79e79a832d8383be5dc9d80b4c,b7bc7f736373ce07,7,0,"5,6,7,8,9,10",519.0179981183999
train,image1343,/root/autodl-tmp/datasets/sources/construction-ppe_ultralytics_2025_v1/images/train/image1343.jpg,/root/autodl-tmp/datasets/sources/construction-ppe_ultralytics_2025_v1/labels/train/image1343.txt,True,,1024,683,RGB,4e14cf98c1df2af571453945c0028cc899c0499b284571b4d223aa16fcefbbe5,e0b49e97b3b3b3b1,5,0,"5,6,7,8,9",2527.7515825463997
train,image1345,/root/autodl-tmp/datasets/sources/construction-ppe_ultralytics_2025_v1/images/train/image1345.jpg,/root/autodl-tmp/datasets/sources/construction-ppe_ultralytics_2025_v1/labels/train/image1345.txt,True,,1024,768,RGB,5f80c5f05f8fd439e92656eb792a35bda00637adb882d43174df50a06698ea93,dcda2939183c3519,4,0,"5,6,7,8",3348.4201721855993
train,image1347,/root/autodl-tmp/datasets/sources/construction-ppe_ultralytics_2025_v1/images/train/image1347.jpg,/root/autodl-tmp/datasets/sources/construction-ppe_ultralytics_2025_v1/labels/train/image1347.txt,True,,1024,731,RGB,7d3d9e1de9ced07e34a2f666a52500ba13c2de2001a404664a4a1ed68f4ba68c,2a2a2f1ddffe26e6,16,0,"5,6,7,8,9",1236.6875249999998
train,image1348,/root/autodl-tmp/datasets/sources/construction-ppe_ultralytics_2025_v1/images/train/image1348.jpg,/root/autodl-tmp/datasets/sources/construction-ppe_ultralytics_2025_v1/labels/train/image1348.txt,True,,1024,679,RGB,70cbd3b6c44e19a689683990747f4dca15211fc5a1d4da8ca8bdf58016507d38,c25a5a72f870f0b0,6,0,"5,6,7,8,9",881.5983241296001
train,image1349,/root/autodl-tmp/datasets/sources/construction-ppe_ultralytics_2025_v1/images/train/image1349.jpg,/root/autodl-tmp/datasets/sources/construction-ppe_ultralytics_2025_v1/labels/train/image1349.txt,True,,1024,686,RGB,68f28a956c3fed2208f043ed31341c88b79a44534a38b487b22fd1d183cfaf25,c8c452b28d8f8f8b,5,0,"5,6,7,8,9",1992.9138640487995
train,image135,/root/autodl-tmp/datasets/sources/construction-ppe_ultralytics_2025_v1/images/train/image135.jpg,/root/autodl-tmp/datasets/sources/construction-ppe_ultralytics_2025_v1/labels/train/image135.txt,True,,640,640,RGB,452b24279053173c332ee23fbe726ea942e5423d6e98a2dd836b0215cd7e84f2,d4d4c4ccccccccd8,10,0,"0,2,6",4943.948799999999
train,image1350,/root/autodl-tmp/datasets/sources/construction-ppe_ultralytics_2025_v1/images/train/image1350.jpg,/root/autodl-tmp/datasets/sources/construction-ppe_ultralytics_2025_v1/labels/train/image1350.txt,True,,1024,767,RGB,fca2332046e90b7a6ce90b9dd1925137d52ed45e65a20939377e1e0781522db2,9c9d98ce96878787,5,0,"5,6,7,8,9",7346.4875277455985
train,image1351,/root/autodl-tmp/datasets/sources/construction-ppe_ultralytics_2025_v1/images/train/image1351.jpg,/root/autodl-tmp/datasets/sources/construction-ppe_ultralytics_2025_v1/labels/train/image1351.txt,True,,685,1024,RGB,3cd67d9c478964b67563580e5c7251af042917d2031cc7cd7f416a6d7af7fd5a,fbccc6032bcd4c70,14,0,"1,5,6,7,9,10",483.126730308
train,image1352,/root/autodl-tmp/datasets/sources/construction-ppe_ultralytics_2025_v1/images/train/image1352.jpg,/root/autodl-tmp/datasets/sources/construction-ppe_ultralytics_2025_v1/labels/train/image1352.txt,True,,768,1024,RGB,d9b7e4f255604660a25ef4aac6814e1dc692fe7e81c768c29e27d80fa36f9d99,6d4446969b25351a,6,0,"5,6,7,8,10",1630.5648900096
train,image1353,/root/autodl-tmp/datasets/sources/construction-ppe_ultralytics_2025_v1/images/train/image1353.jpg,/root/autodl-tmp/datasets/sources/construction-ppe_ultralytics_2025_v1/labels/train/image1353.txt,True,,1024,768,RGB,c4679e6e840268db66996aac1e306e6672a33fa1429129970e03c1c5248a4642,468582b2b25a387c,6,0,"5,6,7,8,9",1671.4150284287998
train,image1355,/root/autodl-tmp/datasets/sources/construction-ppe_ultralytics_2025_v1/images/train/image1355.jpg,/root/autodl-tmp/datasets/sources/construction-ppe_ultralytics_2025_v1/labels/train/image1355.txt,True,,1024,768,RGB,486851c9b3a2a7e0eb89ae7fe587c2287775c154aca02a85db74907c8e5b6da8,24602849e0f8f8f8,11,0,"5,6,7,8",1895.3052281856
train,image1356,/root/autodl-tmp/datasets/sources/construction-ppe_ultralytics_2025_v1/images/train/image1356.jpg,/root/autodl-tmp/datasets/sources/construction-ppe_ultralytics_2025_v1/labels/train/image1356.txt,True,,1024,1016,RGB,cff7731ca9eebaf35b26d242c48cdc60ec689c5f2414b36bd6fb85b3af80d4a8,0e8ac2e249d869c9,13,0,"5,6,7,8,9",1740.9100689984
train,image1357,/root/autodl-tmp/datasets/sources/construction-ppe_ultralytics_2025_v1/images/train/image1357.jpg,/root/autodl-tmp/datasets/sources/construction-ppe_ultralytics_2025_v1/labels/train/image1357.txt,True,,1024,768,RGB,8b66c8706004a58e4115d5c3b77fd997b4799b999e6302ab68ce5a793cf21c17,6443c4114750388e,8,0,"0,5,6",1397.5363584000004
train,image1358,/root/autodl-tmp/datasets/sources/construction-ppe_ultralytics_2025_v1/images/train/image1358.jpg,/root/autodl-tmp/datasets/sources/construction-ppe_ultralytics_2025_v1/labels/train/image1358.txt,True,,1024,1024,RGB,cc5aece6fe79f248ca7ee0a9207324425be082459bfdfbe5e45afc215b140564,26a7df7d79797b7b,6,0,"0,5,6,10",1708.9360920575998
train,image1359,/root/autodl-tmp/datasets/sources/construction-ppe_ultralytics_2025_v1/images/train/image1359.jpg,/root/autodl-tmp/datasets/sources/construction-ppe_ultralytics_2025_v1/labels/train/image1359.txt,True,,1024,768,RGB,01f47a507acccb73a527484ca76eab5334928555030d93d885b8b020563214b6,c393b372f0d1d7d7,27,0,"5,6,7,8,9",460.4560121856
train,image136,/root/autodl-tmp/datasets/sources/construction-ppe_ultralytics_2025_v1/images/train/image136.jpg,/root/autodl-tmp/datasets/sources/construction-ppe_ultralytics_2025_v1/labels/train/image136.txt,True,,640,640,RGB,ef5d657f4166c4d1fabc561bf589f8541e9d6f8af975639c30210fc684bc8911,00a880a284b8b200,24,0,"0,2,3,6",1613.9898912768
train,image1360,/root/autodl-tmp/datasets/sources/construction-ppe_ultralytics_2025_v1/images/train/image1360.jpg,/root/autodl-tmp/datasets/sources/construction-ppe_ultralytics_2025_v1/labels/train/image1360.txt,True,,683,1024,RGB,65b14f177573057b7b01364bc1142056cd3eb9684a40e8220b5a3d1f3ef9d4c7,1918ec981818240a,14,0,"1,5,6,7,8,9,10",229.1547653928
train,image1361,/root/autodl-tmp/datasets/sources/construction-ppe_ultralytics_2025_v1/images/train/image1361.jpg,/root/autodl-tmp/datasets/sources/construction-ppe_ultralytics_2025_v1/labels/train/image1361.txt,True,,683,1024,RGB,0825a568e044782928a96048b3c9788c3fde25f3fed2a08f7279da67eb1add97,c0a8e444a460449c,8,0,"5,6,7,8,9,10",667.0506539392001
train,image1362,/root/autodl-tmp/datasets/sources/construction-ppe_ultralytics_2025_v1/images/train/image1362.jpg,/root/autodl-tmp/datasets/sources/construction-ppe_ultralytics_2025_v1/labels/train/image1362.txt,True,,1024,768,RGB,b3895ae845d2934a6da34a455131d35414e557f2df247adbb277186a873922b2,6d71cfa5e1c54404,4,0,"5,6,7,8",842.0292870144
train,image1363,/root/autodl-tmp/datasets/sources/construction-ppe_ultralytics_2025_v1/images/train/image1363.jpg,/root/autodl-tmp/datasets/sources/construction-ppe_ultralytics_2025_v1/labels/train/image1363.txt,True,,1024,683,RGB,f82368b9aba67fe6381bd22a8b9b7503399e08b93fa0f2da53892e8d122c09e3,b199db8d8c8d9d93,4,0,"5,6,7,8",2312.35773095
train,image1364,/root/autodl-tmp/datasets/sources/construction-ppe_ultralytics_2025_v1/images/train/image1364.jpg,/root/autodl-tmp/datasets/sources/construction-ppe_ultralytics_2025_v1/labels/train/image1364.txt,True,,768,1024,RGB,1c935d40f11450ab87bd3754570fd4e3af5dea38e30e9c0abf5b0afe3ecf8530,0c1c333b77797536,6,0,"5,6,7,8,9",4247.1374579712
train,image1365,/root/autodl-tmp/datasets/sources/construction-ppe_ultralytics_2025_v1/images/train/image1365.jpg,/root/autodl-tmp/datasets/sources/construction-ppe_ultralytics_2025_v1/labels/train/image1365.txt,True,,1024,683,RGB,b67c38c0a68f1ca7bcab44e1aa4fb1cca52758ec0c015f6c6c8877d5ed38b53f,a4c6d69c98989c98,5,0,"5,6,7,9",1352.0411768452002
train,image1366,/root/autodl-tmp/datasets/sources/construction-ppe_ultralytics_2025_v1/images/train/image1366.jpg,/root/autodl-tmp/datasets/sources/construction-ppe_ultralytics_2025_v1/labels/train/image1366.txt,True,,1024,682,RGB,56fd815e10ea60e82d9a9ce31f42c70429590c9fb426f05d859ddd3dc4410368,596cb0941b2d6ae2,6,0,"5,6,7,8,9",2470.5517747152003
train,image1367,/root/autodl-tmp/datasets/sources/construction-ppe_ultralytics_2025_v1/images/train/image1367.jpg,/root/autodl-tmp/datasets/sources/construction-ppe_ultralytics_2025_v1/labels/train/image1367.txt,True,,1024,768,RGB,e3b01b849810e8e0a8264d46b62c3b42da43ad745736b6e8fc2529bb4b66d35e,f9347c7c6c56362c,9,0,"1,5,6,7,8",1560.2678267904002
train,image1368,/root/autodl-tmp/datasets/sources/construction-ppe_ultralytics_2025_v1/images/train/image1368.jpg,/root/autodl-tmp/datasets/sources/construction-ppe_ultralytics_2025_v1/labels/train/image1368.txt,True,,1024,768,RGB,3e839084e5a956acc4ec5074e588ead172d4b9fe09c53530f6d509b3192148fe,43d7f19534149496,33,0,"3,5,6,7,8,9",106.8964608
train,image1370,/root/autodl-tmp/datasets/sources/construction-ppe_ultralytics_2025_v1/images/train/image1370.jpg,/root/autodl-tmp/datasets/sources/construction-ppe_ultralytics_2025_v1/labels/train/image1370.txt,True,,685,1024,RGB,71fc0bd3548f5d0d52b1038ce86af7b8b8c73757d2dfae1fd9990b13dbb46c9d,f434f4d8ccf0726b,8,0,"5,6,7,8,9",2866.5338512979993
train,image1371,/root/autodl-tmp/datasets/sources/construction-ppe_ultralytics_2025_v1/images/train/image1371.jpg,/root/autodl-tmp/datasets/sources/construction-ppe_ultralytics_2025_v1/labels/train/image1371.txt,True,,678,1024,RGB,306ac6c2f6eda7ea93ee6fefbd40ca88b0f4be39ae5ee1f8b34743dee01829d3,f4c7cb9333210bcb,5,0,"5,6,7,8,9",1512.6978345
train,image1372,/root/autodl-tmp/datasets/sources/construction-ppe_ultralytics_2025_v1/images/train/image1372.jpg,/root/autodl-tmp/datasets/sources/construction-ppe_ultralytics_2025_v1/labels/train/image1372.txt,True,,1024,681,RGB,83c40923e7f9ed293cb1e53d67f818209fc9a6e05e0f4f9efdeae0c74a7d3aa7,be2f297430383232,6,0,"5,6,7,8,9",618.0564303948
train,image1373,/root/autodl-tmp/datasets/sources/construction-ppe_ultralytics_2025_v1/images/train/image1373.jpg,/root/autodl-tmp/datasets/sources/construction-ppe_ultralytics_2025_v1/labels/train/image1373.txt,True,,1024,683,RGB,de6eeeef1b56f42470e2fb8941b007ee9a0a63cf53436cd3fdab93f360841d43,f2e3cbc3d3129ab2,6,0,"5,6,7,8,9",679.3563998999999
train,image1374,/root/autodl-tmp/datasets/sources/construction-ppe_ultralytics_2025_v1/images/train/image1374.jpg,/root/autodl-tmp/datasets/sources/construction-ppe_ultralytics_2025_v1/labels/train/image1374.txt,True,,853,768,RGB,5e890991086c5beaf9fc0e880c9bdc63ebff3618a4c1a2d6d342eecf5c9c69c9,cf8d8cd375e6e2e6,19,0,"5,6,7,8,9",863.6757589151664
train,image1376,/root/autodl-tmp/datasets/sources/construction-ppe_ultralytics_2025_v1/images/train/image1376.jpg,/root/autodl-tmp/datasets/sources/construction-ppe_ultralytics_2025_v1/labels/train/image1376.txt,True,,612,408,RGB,44f694609de30dac10a8418d08732296bbcda8533ab76f8bb82a6d60ff7aefc7,6cacbea6a2b2d0b0,4,0,"5,6,7,8",4554.6417168384005
train,image1378,/root/autodl-tmp/datasets/sources/construction-ppe_ultralytics_2025_v1/images/train/image1378.jpg,/root/autodl-tmp/datasets/sources/construction-ppe_ultralytics_2025_v1/labels/train/image1378.txt,True,,612,408,RGB,539d7e8b6c28ecbe6a3b88b08a5be1c4708ac789b8ccd29fed7a305d16fde673,94b0d0d6f6c4c5e0,5,0,"5,7,8,9",2423.7344980991998
train,image1379,/root/autodl-tmp/datasets/sources/construction-ppe_ultralytics_2025_v1/images/train/image1379.jpg,/root/autodl-tmp/datasets/sources/construction-ppe_ultralytics_2025_v1/labels/train/image1379.txt,True,,612,426,RGB,3aa0f39157e732fc3ff286f8d9786a280e681366f626529cfd967b631a1f5c86,64b47461f4b6b3e0,6,0,"5,6,7,8,9",1835.2655061554196
train,image138,/root/autodl-tmp/datasets/sources/construction-ppe_ultralytics_2025_v1/images/train/image138.jpg,/root/autodl-tmp/datasets/sources/construction-ppe_ultralytics_2025_v1/labels/train/image138.txt,True,,640,640,RGB,85736a98de1fe1097ab2d907daca7ff4d4a22b5e3394611492396fecfacd553f,343c1816162c2830,4,0,"2,3,6",5672.3090776064
train,image1380,/root/autodl-tmp/datasets/sources/construction-ppe_ultralytics_2025_v1/images/train/image1380.jpg,/root/autodl-tmp/datasets/sources/construction-ppe_ultralytics_2025_v1/labels/train/image1380.txt,True,,768,432,RGB,5f8bec0cd61093055fa48edc0852d1e6a4fe201f6455680b043b3fcc4ed376d4,b0bcb0323d9dd48c,4,0,"5,6,7,8",657.3285990144
train,image1381,/root/autodl-tmp/datasets/sources/construction-ppe_ultralytics_2025_v1/images/train/image1381.jpg,/root/autodl-tmp/datasets/sources/construction-ppe_ultralytics_2025_v1/labels/train/image1381.txt,True,,612,408,RGB,79f3519b71e8ec8a86a32756b941145d0212c903cf21c2403bb0e201ce2ff205,cbd5d5c9cbe1e0cc,6,0,"5,6,7,8,9",1331.6290560000002
train,image1382,/root/autodl-tmp/datasets/sources/construction-ppe_ultralytics_2025_v1/images/train/image1382.jpg,/root/autodl-tmp/datasets/sources/construction-ppe_ultralytics_2025_v1/labels/train/image1382.txt,True,,408,612,RGB,370980cf11b2a1634f9fa2bc4a55d780965dfdb184d6af1ce29cab5a3391db9b,5767c29291d9395b,6,0,"5,6,7,8,9",2510.5615855616006
train,image1383,/root/autodl-tmp/datasets/sources/construction-ppe_ultralytics_2025_v1/images/train/image1383.jpg,/root/autodl-tmp/datasets/sources/construction-ppe_ultralytics_2025_v1/labels/train/image1383.txt,True,,612,408,RGB,6e8d98ed84e8f6e280b1036d4328f75236faf7e5d93e187ab40a87cd94396e8d,343cccc8730f4ffc,6,0,"5,6,7,8,9",3722.0862997845334
train,image1384,/root/autodl-tmp/datasets/sources/construction-ppe_ultralytics_2025_v1/images/train/image1384.jpg,/root/autodl-tmp/datasets/sources/construction-ppe_ultralytics_2025_v1/labels/train/image1384.txt,True,,612,408,RGB,f7f47eefd00b4c69ae35501f0e83645600a6177069af75168339e10a04b0e6af,50f2c4b2ec9653da,7,0,"5,6,7,8,9",1598.354021853867
train,image1385,/root/autodl-tmp/datasets/sources/construction-ppe_ultralytics_2025_v1/images/train/image1385.jpg,/root/autodl-tmp/datasets/sources/construction-ppe_ultralytics_2025_v1/labels/train/image1385.txt,True,,612,408,RGB,d2086879dd764ce6467aaf9da50910ca1ec14d01c601f9716c0f9c16e9ca1c2f,7d1b72616d6d657b,6,0,"5,6,7,8,9",2639.7736640512003
train,image1386,/root/autodl-tmp/datasets/sources/construction-ppe_ultralytics_2025_v1/images/train/image1386.jpg,/root/autodl-tmp/datasets/sources/construction-ppe_ultralytics_2025_v1/labels/train/image1386.txt,True,,408,612,RGB,57ea5f1beccf3a0ab2fdec778b0ece274c574146be6e0fe695380e8496129415,cc96c6b63604c1c8,5,0,"5,6,7,8,9",2077.8246160384006
train,image1387,/root/autodl-tmp/datasets/sources/construction-ppe_ultralytics_2025_v1/images/train/image1387.jpg,/root/autodl-tmp/datasets/sources/construction-ppe_ultralytics_2025_v1/labels/train/image1387.txt,True,,612,408,RGB,e48eff6117679bc3b1d62b96ac6c300b9b01df019bb6b8943383d1d2e8d25feb,d9fbbc725e1cf80c,8,0,"3,5,6,7,8,9",103.46882990079999
train,image1388,/root/autodl-tmp/datasets/sources/construction-ppe_ultralytics_2025_v1/images/train/image1388.jpg,/root/autodl-tmp/datasets/sources/construction-ppe_ultralytics_2025_v1/labels/train/image1388.txt,True,,768,432,RGB,6a843e9ad78575d9b1ebd37a2cf2d5c06a7671099a2105155948311cc8f94109,f0c8aa2b2b0a4cc8,5,0,"5,6,8,9",1234.0694974464002
train,image1389,/root/autodl-tmp/datasets/sources/construction-ppe_ultralytics_2025_v1/images/train/image1389.jpg,/root/autodl-tmp/datasets/sources/construction-ppe_ultralytics_2025_v1/labels/train/image1389.txt,True,,612,408,RGB,1c4eba8efbc82b5a4c36b5ff250ebd4fb2b06e1b08c13251c31bec1df12e00d8,cfcdc7a5bdbeaccd,6,0,"5,6,7,8,9",2164.420881066667
train,image139,/root/autodl-tmp/datasets/sources/construction-ppe_ultralytics_2025_v1/images/train/image139.jpg,/root/autodl-tmp/datasets/sources/construction-ppe_ultralytics_2025_v1/labels/train/image139.txt,True,,640,640,RGB,e1846a3905028f2b305cd42cdd8a6c9922a3eb78bc3f33bf59129e1efaee1776,c000d8c0d0d000d0,3,0,"0,2,6",9967.6184408064
train,image1390,/root/autodl-tmp/datasets/sources/construction-ppe_ultralytics_2025_v1/images/train/image1390.jpg,/root/autodl-tmp/datasets/sources/construction-ppe_ultralytics_2025_v1/labels/train/image1390.txt,True,,408,612,RGB,0c41311cb4005b0b9781690a4f5fa5c35433db873303b7d9c0ce22a335b101c5,3032f1f4b0b8e8e8,6,0,"5,6,7,8,9",2006.9419696128002
train,image1391,/root/autodl-tmp/datasets/sources/construction-ppe_ultralytics_2025_v1/images/train/image1391.jpg,/root/autodl-tmp/datasets/sources/construction-ppe_ultralytics_2025_v1/labels/train/image1391.txt,True,,612,408,RGB,9a2a34f6fef14b1d92e1102409ead2955c6215f0c4a62102bd68cf3fc4b6dd43,ecccccce0f2b4fcc,6,0,"5,6,7,8,9",873.8933642581335
train,image1393,/root/autodl-tmp/datasets/sources/construction-ppe_ultralytics_2025_v1/images/train/image1393.jpg,/root/autodl-tmp/datasets/sources/construction-ppe_ultralytics_2025_v1/labels/train/image1393.txt,True,,612,408,RGB,803bd4ae5d061297fb6283d2c6d9a66666367c857f31cb53f7c6a460f2325bb9,3a32b0ec4c44b38e,6,0,"5,6,7,8,9",2437.5309877248005
train,image1394,/root/autodl-tmp/datasets/sources/construction-ppe_ultralytics_2025_v1/images/train/image1394.jpg,/root/autodl-tmp/datasets/sources/construction-ppe_ultralytics_2025_v1/labels/train/image1394.txt,True,,612,408,RGB,2854f75f768edcf82adcf80a0416a59be0376c27c1e3224b725e0f8eb8196b33,1a90b4d094cf8a8a,6,0,"5,6,7,8,9",707.2082815658669
train,image1395,/root/autodl-tmp/datasets/sources/construction-ppe_ultralytics_2025_v1/images/train/image1395.jpg,/root/autodl-tmp/datasets/sources/construction-ppe_ultralytics_2025_v1/labels/train/image1395.txt,True,,612,323,RGB,45b7fa6ebd80208aaafb5590bfef717cc729eaa0c7f081a2ff8d8f101f1556e3,0705957416064e56,13,0,"3,5,6,7,8,9",399.98095141546673
train,image1396,/root/autodl-tmp/datasets/sources/construction-ppe_ultralytics_2025_v1/images/train/image1396.jpg,/root/autodl-tmp/datasets/sources/construction-ppe_ultralytics_2025_v1/labels/train/image1396.txt,True,,612,408,RGB,db3e8c15f12f354b1ea045422de3c60123762fc79cf3e2bcf6d30afce1d10b8e,cec0cda4666a74d0,8,0,"3,5,6,7,8,9",1424.7993002666667
train,image1398,/root/autodl-tmp/datasets/sources/construction-ppe_ultralytics_2025_v1/images/train/image1398.jpg,/root/autodl-tmp/datasets/sources/construction-ppe_ultralytics_2025_v1/labels/train/image1398.txt,True,,768,432,RGB,e780ab1fb9f4b11d8739a75c40367d57dda840b86f2f191c95b8fb3a286a3d38,82d9d99199c71b93,6,0,"5,6,7,8,9",2642.6277504
train,image1399,/root/autodl-tmp/datasets/sources/construction-ppe_ultralytics_2025_v1/images/train/image1399.jpg,/root/autodl-tmp/datasets/sources/construction-ppe_ultralytics_2025_v1/labels/train/image1399.txt,True,,612,408,RGB,61c70d7897671c3548f50458251182b8370f86d7fb48decd96464a3be44de8a4,36e0f3921a59db3b,8,0,"3,5,6,7,8,9",1040.4795968170667
train,image14,/root/autodl-tmp/datasets/sources/construction-ppe_ultralytics_2025_v1/images/train/image14.jpeg,/root/autodl-tmp/datasets/sources/construction-ppe_ultralytics_2025_v1/labels/train/image14.txt,True,,640,640,RGB,80b4280f26af8a35917b4fcc5e3a350e8cb2b1af6ca68e764fc33a2cb0a0cc0d,dcdcdce4d0f0fcd4,8,0,"0,2,6",1047.8142640128
train,image1400,/root/autodl-tmp/datasets/sources/construction-ppe_ultralytics_2025_v1/images/train/image1400.jpg,/root/autodl-tmp/datasets/sources/construction-ppe_ultralytics_2025_v1/labels/train/image1400.txt,True,,612,263,RGB,2557ad56b4671b5c09d0c4731fab224b296eb0786a889433e8c109225fbfde7e,d0b2e4ecf8f4fcec,6,0,"5,6,7,8,9",313.00880983943534
train,image1401,/root/autodl-tmp/datasets/sources/construction-ppe_ultralytics_2025_v1/images/train/image1401.jpg,/root/autodl-tmp/datasets/sources/construction-ppe_ultralytics_2025_v1/labels/train/image1401.txt,True,,612,408,RGB,39bf89da7e6f683baf23e82ccbf8f35f638b230bff788c0152eeb21c6fbe8bf9,b3939ab0bc686474,6,0,"5,6,7,8,9",2365.1037066581334
train,image1403,/root/autodl-tmp/datasets/sources/construction-ppe_ultralytics_2025_v1/images/train/image1403.jpg,/root/autodl-tmp/datasets/sources/construction-ppe_ultralytics_2025_v1/labels/train/image1403.txt,True,,612,408,RGB,faa5bcfe99e1abc1dfa3b16f53e7148a06ada9b2079ca0941f6b0bb108d38728,2c6ca78626af8ed8,6,0,"5,6,7,8,9",2492.3879104512002
train,image1404,/root/autodl-tmp/datasets/sources/construction-ppe_ultralytics_2025_v1/images/train/image1404.jpg,/root/autodl-tmp/datasets/sources/construction-ppe_ultralytics_2025_v1/labels/train/image1404.txt,True,,612,408,RGB,63cafe85013316efcbcd632d1b0894304ccb3a3238b055513710a143cf1e9dd5,d09894904b5949d8,4,0,"5,6,7,8",2122.8709535744
train,image1405,/root/autodl-tmp/datasets/sources/construction-ppe_ultralytics_2025_v1/images/train/image1405.jpg,/root/autodl-tmp/datasets/sources/construction-ppe_ultralytics_2025_v1/labels/train/image1405.txt,True,,612,400,RGB,9c7f3d8cc76bfaf98acf3f9410845064f6afb6226b627a571622c11c07a88bb2,f4f6e7cdc5c7c6c6,11,0,"5,6,7,8,9",1142.1404862745098
train,image1407,/root/autodl-tmp/datasets/sources/construction-ppe_ultralytics_2025_v1/images/train/image1407.jpg,/root/autodl-tmp/datasets/sources/construction-ppe_ultralytics_2025_v1/labels/train/image1407.txt,True,,408,612,RGB,69c52d359b0fb6df2cbcfbcc75a475f7b77a0da147774090341044bd1d071db0,1ea7978d9973cbcb,6,0,"5,6,7,8,9",2608.7936
train,image1408,/root/autodl-tmp/datasets/sources/construction-ppe_ultralytics_2025_v1/images/train/image1408.jpg,/root/autodl-tmp/datasets/sources/construction-ppe_ultralytics_2025_v1/labels/train/image1408.txt,True,,612,408,RGB,6911fc55d920b56bd6645f90c2184bb91562212d7304903fbbc26d80eea19b05,92c161666ce89696,14,0,"5,6,7,8,9",291.3595861674667
train,image1409,/root/autodl-tmp/datasets/sources/construction-ppe_ultralytics_2025_v1/images/train/image1409.jpg,/root/autodl-tmp/datasets/sources/construction-ppe_ultralytics_2025_v1/labels/train/image1409.txt,True,,768,432,RGB,3de93825a7fc9145cc9c56fcaeacf1494c93052c559c5817df5fe78ba34fe7ce,2c4d6179646162e3,5,0,"5,6,7,9",1316.7877805568003
train,image1410,/root/autodl-tmp/datasets/sources/construction-ppe_ultralytics_2025_v1/images/train/image1410.jpg,/root/autodl-tmp/datasets/sources/construction-ppe_ultralytics_2025_v1/labels/train/image1410.txt,True,,612,356,RGB,97c147e3ed6ed8b26d2ba16a6e27a4c44130b725249c2cf6ad586c51cb96e328,f8f4f4f2f2f2e2f0,6,0,"5,6,7,8,9",484.1239616090353
train,image1411,/root/autodl-tmp/datasets/sources/construction-ppe_ultralytics_2025_v1/images/train/image1411.jpg,/root/autodl-tmp/datasets/sources/construction-ppe_ultralytics_2025_v1/labels/train/image1411.txt,True,,612,409,RGB,b48e1d2069e3a6208f14d93bfe7903d71a4450a45541f5a2985a4c63e342917a,e5c1c3c0e5c6d371,7,0,"3,5,6,7,8,9",625.7856510581124
train,image1412,/root/autodl-tmp/datasets/sources/construction-ppe_ultralytics_2025_v1/images/train/image1412.jpg,/root/autodl-tmp/datasets/sources/construction-ppe_ultralytics_2025_v1/labels/train/image1412.txt,True,,612,408,RGB,b5088d31ea0e9bf36ddb587401329a005c9621ea9f242e91b81c2d65443e5c94,d2c2334b2ca6ecad,8,0,"5,6,7,8,9",1387.0293333333334
train,image1413,/root/autodl-tmp/datasets/sources/construction-ppe_ultralytics_2025_v1/images/train/image1413.jpg,/root/autodl-tmp/datasets/sources/construction-ppe_ultralytics_2025_v1/labels/train/image1413.txt,True,,612,408,RGB,cd9edb2aed28ffda86c4b83e739d4d8192b74f0f5e8bc09ff8a005d4d5a4fd37,dd999f8e0c6d63f3,6,0,"5,6,7,8,9",1525.8603520000001
train,image1414,/root/autodl-tmp/datasets/sources/construction-ppe_ultralytics_2025_v1/images/train/image1414.jpg,/root/autodl-tmp/datasets/sources/construction-ppe_ultralytics_2025_v1/labels/train/image1414.txt,True,,612,408,RGB,8027fd68beaf8815d4968ad03b11d471c2ed337abab80abc2c8acf0ec94cd698,d8e46466e2e26262,4,0,"5,6,7,8",3865.7461247999995
train,image1415,/root/autodl-tmp/datasets/sources/construction-ppe_ultralytics_2025_v1/images/train/image1415.jpg,/root/autodl-tmp/datasets/sources/construction-ppe_ultralytics_2025_v1/labels/train/image1415.txt,True,,612,392,RGB,70e4771a0bc0eb47b9f83fc954d718c0d5ccb8a3438cc75b876a74c5d53608d3,f6e2e6c68e3bccc8,8,0,"3,5,6,7,8,9",799.9573438062432
train,image1416,/root/autodl-tmp/datasets/sources/construction-ppe_ultralytics_2025_v1/images/train/image1416.jpg,/root/autodl-tmp/datasets/sources/construction-ppe_ultralytics_2025_v1/labels/train/image1416.txt,True,,612,408,RGB,7387516ae67c082e9cb6a9d306859b6cc45932f30e1d9aac850cfac2078257e6,a6c9cafa7499bbe9,17,0,"5,6,7,8,9",152.7263567872
train,image142,/root/autodl-tmp/datasets/sources/construction-ppe_ultralytics_2025_v1/images/train/image142.jpg,/root/autodl-tmp/datasets/sources/construction-ppe_ultralytics_2025_v1/labels/train/image142.txt,True,,640,640,RGB,db2a5eea8196a35f7fda1b530624d06e0e353b94ef341d4eabbb1e26cb85538a,05131716928b0e0e,5,0,"0,1,2,6",1235.5793231872
train,image143,/root/autodl-tmp/datasets/sources/construction-ppe_ultralytics_2025_v1/images/train/image143.jpg,/root/autodl-tmp/datasets/sources/construction-ppe_ultralytics_2025_v1/labels/train/image143.txt,True,,640,640,RGB,15b2769f15a38a759b869c07bbc11d05aa9095ebe3d675fcc0d26cde9c1f6527,900492d0e8f40040,14,0,"0,2,6",2974.1534208000003
train,image145,/root/autodl-tmp/datasets/sources/construction-ppe_ultralytics_2025_v1/images/train/image145.jpg,/root/autodl-tmp/datasets/sources/construction-ppe_ultralytics_2025_v1/labels/train/image145.txt,True,,640,640,RGB,fa491f3c78f6f3a8574d52702be84ba48797ebc7ae108cccf771435048d7e1a3,00ec5541aa595900,12,0,"0,2,6",1719.5593703424
train,image146,/root/autodl-tmp/datasets/sources/construction-ppe_ultralytics_2025_v1/images/train/image146.jpg,/root/autodl-tmp/datasets/sources/construction-ppe_ultralytics_2025_v1/labels/train/image146.txt,True,,640,640,RGB,6a99651ade1a04c9863fa68779445b13526ed129bf83df5d4a0f21fe5031dc67,00b6f0da969e9200,29,0,"0,2,3,6",492.66013757440004
train,image147,/root/autodl-tmp/datasets/sources/construction-ppe_ultralytics_2025_v1/images/train/image147.jpg,/root/autodl-tmp/datasets/sources/construction-ppe_ultralytics_2025_v1/labels/train/image147.txt,True,,640,640,RGB,2d1425c4c13ea9d1bc85172ab47c696a1ebf322e82857102aa586c6a9c2247c2,00e3b3ca8aafce00,9,0,"0,2,6",1060.0141832192
train,image148,/root/autodl-tmp/datasets/sources/construction-ppe_ultralytics_2025_v1/images/train/image148.jpg,/root/autodl-tmp/datasets/sources/construction-ppe_ultralytics_2025_v1/labels/train/image148.txt,True,,640,640,RGB,57e074e27a12be20fedccbc542b8dfa140eb56205f159bd20a9ebbc6888ec043,00e6969efaf6f200,10,0,"0,2,6",3883.6992032768
train,image15,/root/autodl-tmp/datasets/sources/construction-ppe_ultralytics_2025_v1/images/train/image15.jpg,/root/autodl-tmp/datasets/sources/construction-ppe_ultralytics_2025_v1/labels/train/image15.txt,True,,640,640,RGB,31efc8d7d53c63b7bac43da7c1411052be021c46a0029b21e604bb0a705135cf,0513131a9a9b0606,5,0,"0,1,2,6",3500.7696920576
train,image152,/root/autodl-tmp/datasets/sources/construction-ppe_ultralytics_2025_v1/images/train/image152.jpeg,/root/autodl-tmp/datasets/sources/construction-ppe_ultralytics_2025_v1/labels/train/image152.txt,True,,640,640,RGB,6a86e225e85ec8f6fbd57a451cb63f7042b9a4f83f2a74c74fd51c30ab15a60a,f4dcd8d0c4ccc4dc,11,0,"0,1,2,3,6",824.5980160000001
train,image153,/root/autodl-tmp/datasets/sources/construction-ppe_ultralytics_2025_v1/images/train/image153.jpg,/root/autodl-tmp/datasets/sources/construction-ppe_ultralytics_2025_v1/labels/train/image153.txt,True,,640,640,RGB,464149c9fe7d7cbfc3b82d29a28166d21784e425fe7e5f994e3ce2a9fedfdde6,0b0b0b0c8a07060e,5,0,"0,1,2,6",1664.7697424383998
train,image154,/root/autodl-tmp/datasets/sources/construction-ppe_ultralytics_2025_v1/images/train/image154.jpg,/root/autodl-tmp/datasets/sources/construction-ppe_ultralytics_2025_v1/labels/train/image154.txt,True,,640,640,RGB,5590180a520b1d88441fe6a88d77c05dd31d7b978252c075bba03ca9cefe2cd6,b846440d89470380,58,0,"0,2,3,6",436.0634368
train,image155,/root/autodl-tmp/datasets/sources/construction-ppe_ultralytics_2025_v1/images/train/image155.jpeg,/root/autodl-tmp/datasets/sources/construction-ppe_ultralytics_2025_v1/labels/train/image155.txt,True,,640,640,RGB,5620b608fe8ef9a0e71a3ed38d6ad1c031ff5fc78e3f3e79903644a4d7b84b38,f0ccccc4ccccc0d4,9,0,"0,1,2,6",616.1490944
train,image156,/root/autodl-tmp/datasets/sources/construction-ppe_ultralytics_2025_v1/images/train/image156.jpg,/root/autodl-tmp/datasets/sources/construction-ppe_ultralytics_2025_v1/labels/train/image156.txt,True,,640,640,RGB,0dd48cb309090dd49b6df4fe0e1bda12c67dd9d60f5375c1a8eb11617eda8a9c,05131716968b1e1e,5,0,"0,1,2,6",2377.5168344064
train,image157,/root/autodl-tmp/datasets/sources/construction-ppe_ultralytics_2025_v1/images/train/image157.jpeg,/root/autodl-tmp/datasets/sources/construction-ppe_ultralytics_2025_v1/labels/train/image157.txt,True,,640,640,RGB,a22cb397950c0552be98c37248dde2788e6572c7e08d42fea5395d6c6aa4953e,0643d6e223d33363,8,0,"0,2,6",1103.99488
train,image158,/root/autodl-tmp/datasets/sources/construction-ppe_ultralytics_2025_v1/images/train/image158.jpeg,/root/autodl-tmp/datasets/sources/construction-ppe_ultralytics_2025_v1/labels/train/image158.txt,True,,640,640,RGB,3c7fdc47af460dd4d451e53b8614ea2fc26f93f9bc48e76be7945a6ccfd38797,d4ccd8c4c8ccccc4,3,0,"0,2,6",802.2890831872
train,image159,/root/autodl-tmp/datasets/sources/construction-ppe_ultralytics_2025_v1/images/train/image159.jpeg,/root/autodl-tmp/datasets/sources/construction-ppe_ultralytics_2025_v1/labels/train/image159.txt,True,,640,640,RGB,73cc4c19bca71b2083d68c7fd56d4536ab37e5b10f7e5cce3bf9f2f72678f1f1,00cd4d6474687800,5,0,"0,1,4,6",4534.8983119872
train,image16,/root/autodl-tmp/datasets/sources/construction-ppe_ultralytics_2025_v1/images/train/image16.jpeg,/root/autodl-tmp/datasets/sources/construction-ppe_ultralytics_2025_v1/labels/train/image16.txt,True,,640,640,RGB,37ded053294353da59dfbd6f0bbe43a7a68a18ee5b4ce6297aeca95daa134ca6,004804060f560300,6,0,"0,2,6",4027.9796350976003
train,image162,/root/autodl-tmp/datasets/sources/construction-ppe_ultralytics_2025_v1/images/train/image162.jpg,/root/autodl-tmp/datasets/sources/construction-ppe_ultralytics_2025_v1/labels/train/image162.txt,True,,640,640,RGB,1fee8428fef890d75ddebb8be6e8c9ac5f9f6fd35bcebbba2b4f4a2d72cb9a86,0743435d5c4c2545,15,0,"0,1,2,6",2564.992
train,image163,/root/autodl-tmp/datasets/sources/construction-ppe_ultralytics_2025_v1/images/train/image163.jpg,/root/autodl-tmp/datasets/sources/construction-ppe_ultralytics_2025_v1/labels/train/image163.txt,True,,640,640,RGB,2177f5c7af4ac5291dd55c432f13865326aebbebd732724e5955bc444b6af95b,5c273574a6734fce,3,0,"0,2,6",9121.362550374399
train,image165,/root/autodl-tmp/datasets/sources/construction-ppe_ultralytics_2025_v1/images/train/image165.jpg,/root/autodl-tmp/datasets/sources/construction-ppe_ultralytics_2025_v1/labels/train/image165.txt,True,,640,640,RGB,8c7fc97c385a1378bcddc4e7626a56af3b31d0b313bf752d667874f77ef8a1f0,244e0d1f26378d0f,3,0,"0,2,6",18219.0619656192
train,image166,/root/autodl-tmp/datasets/sources/construction-ppe_ultralytics_2025_v1/images/train/image166.jpg,/root/autodl-tmp/datasets/sources/construction-ppe_ultralytics_2025_v1/labels/train/image166.txt,True,,640,640,RGB,8696cd92532018f811a502b93027392dfdbcf7893c6619a7f8af4e353b9f2310,4434565797567652,9,0,"0,2,6",11412.248014438403
train,image17,/root/autodl-tmp/datasets/sources/construction-ppe_ultralytics_2025_v1/images/train/image17.jpg,/root/autodl-tmp/datasets/sources/construction-ppe_ultralytics_2025_v1/labels/train/image17.txt,True,,640,640,RGB,6a0513798a9c7f1f8bb0486f54e72c74c7de0b142c80050c05b21055ce405f00,0b1b091d180b0606,5,0,"0,1,2,6",11241.7604087808
train,image170,/root/autodl-tmp/datasets/sources/construction-ppe_ultralytics_2025_v1/images/train/image170.jpg,/root/autodl-tmp/datasets/sources/construction-ppe_ultralytics_2025_v1/labels/train/image170.txt,True,,640,640,RGB,732e67a844c449c0e4d4371f37e5da833e07fc3d57b1850f042cd6ee9119e25b,2244660627270707,3,0,"0,2,6",18579.2628736
train,image172,/root/autodl-tmp/datasets/sources/construction-ppe_ultralytics_2025_v1/images/train/image172.jpg,/root/autodl-tmp/datasets/sources/construction-ppe_ultralytics_2025_v1/labels/train/image172.txt,True,,640,640,RGB,658467a8b33b599cf80d62eaf207a551bc916762fa32ddaf4ca2600690a4340f,071b1b1a8e0f0e1e,5,0,"0,1,2,6",2340.7788417024
train,image173,/root/autodl-tmp/datasets/sources/construction-ppe_ultralytics_2025_v1/images/train/image173.jpg,/root/autodl-tmp/datasets/sources/construction-ppe_ultralytics_2025_v1/labels/train/image173.txt,True,,640,640,RGB,792d498e20120e37cb686b1714027c545340fd23aea71604c35b704088f027fc,134ccc2e33332f0f,5,0,"0,1,2,6",15923.310388838398
train,image174,/root/autodl-tmp/datasets/sources/construction-ppe_ultralytics_2025_v1/images/train/image174.jpg,/root/autodl-tmp/datasets/sources/construction-ppe_ultralytics_2025_v1/labels/train/image174.txt,True,,640,640,RGB,34eb948f08915bff7d4b516cc72fe12a1a49349c6dac41f405a8a627a738e6c1,260636068c9e02c3,3,0,"0,2,6",1491.1480193024
train,image175,/root/autodl-tmp/datasets/sources/construction-ppe_ultralytics_2025_v1/images/train/image175.jpg,/root/autodl-tmp/datasets/sources/construction-ppe_ultralytics_2025_v1/labels/train/image175.txt,True,,640,640,RGB,d88d34089ab53d888a9b34035ea3578f6bc1886abab93e0cdbd8fc373f8534cc,d8971f189b9aadad,8,0,"0,1,2,3,6",2836.7577935872
train,image177,/root/autodl-tmp/datasets/sources/construction-ppe_ultralytics_2025_v1/images/train/image177.jpg,/root/autodl-tmp/datasets/sources/construction-ppe_ultralytics_2025_v1/labels/train/image177.txt,True,,640,640,RGB,0e4cf0e19e0f071db776af2a2e24d360e0e6ba2cf2439eb75d565e1e704a20bd,5c4cd1a92decccc4,10,0,"0,2,4,6",2254.0894375936
train,image178,/root/autodl-tmp/datasets/sources/construction-ppe_ultralytics_2025_v1/images/train/image178.jpg,/root/autodl-tmp/datasets/sources/construction-ppe_ultralytics_2025_v1/labels/train/image178.txt,True,,640,640,RGB,bdda9026feca90d9b96687ca5e2d4412c82e4d329e16d8f9af1054bc9a0fee80,961bb3d6fdf13466,14,0,"0,1,4,5,6",1585.2019040256002
train,image179,/root/autodl-tmp/datasets/sources/construction-ppe_ultralytics_2025_v1/images/train/image179.jpg,/root/autodl-tmp/datasets/sources/construction-ppe_ultralytics_2025_v1/labels/train/image179.txt,True,,640,640,RGB,5b7decce16a5138383d46aa1b2c2407aa1c9a3f5403e7c6902a5094578763f3d,b08d0769e96b6b69,4,0,"0,2,6",20923.2917168128
train,image18,/root/autodl-tmp/datasets/sources/construction-ppe_ultralytics_2025_v1/images/train/image18.jpeg,/root/autodl-tmp/datasets/sources/construction-ppe_ultralytics_2025_v1/labels/train/image18.txt,True,,640,640,RGB,d1b7bdd859946e613783a2191f8a02ffa074ae95eb13a2a433c92d0ada0a5bab,00ece6e7cecea400,15,0,"0,3,5,6",867.0546272255999
train,image181,/root/autodl-tmp/datasets/sources/construction-ppe_ultralytics_2025_v1/images/train/image181.jpg,/root/autodl-tmp/datasets/sources/construction-ppe_ultralytics_2025_v1/labels/train/image181.txt,True,,640,640,RGB,b503f41e4c70aca769362ce34a4a2f978736981c83a18ce9e7e9abce8325d042,9f9e1777662f2f2d,7,0,"0,1,2,5,6",7304.1400799232
train,image183,/root/autodl-tmp/datasets/sources/construction-ppe_ultralytics_2025_v1/images/train/image183.jpg,/root/autodl-tmp/datasets/sources/construction-ppe_ultralytics_2025_v1/labels/train/image183.txt,True,,640,640,RGB,2062f10116538c00640bffdc1206c60b4e9e76416f4cf42e2e33c7aa216abbba,619c995a5a727223,7,0,"0,2,5,6",4296.0635912192
train,image184,/root/autodl-tmp/datasets/sources/construction-ppe_ultralytics_2025_v1/images/train/image184.jpg,/root/autodl-tmp/datasets/sources/construction-ppe_ultralytics_2025_v1/labels/train/image184.txt,True,,640,640,RGB,7792e253b05160ab3b1639678cb050f31f7e0a5fe94c9c7354bb549ed0fcd0c3,b2f2a2b05979b179,17,0,"0,2,5,6",1689.0925391872001
train,image185,/root/autodl-tmp/datasets/sources/construction-ppe_ultralytics_2025_v1/images/train/image185.jpg,/root/autodl-tmp/datasets/sources/construction-ppe_ultralytics_2025_v1/labels/train/image185.txt,True,,640,640,RGB,13e79f6cc2f3427791d8fad527abe9934278eb9644b15d82b6f5a451e5b770f5,f938d9db36e5c5e5,44,0,"0,2,5,6",203.64032081919999
train,image186,/root/autodl-tmp/datasets/sources/construction-ppe_ultralytics_2025_v1/images/train/image186.jpg,/root/autodl-tmp/datasets/sources/construction-ppe_ultralytics_2025_v1/labels/train/image186.txt,True,,640,640,RGB,206d9d5c531fae9c36aa1c66a24ad0f6ca4b6f1dd0aadb40a06dce98032ed3af,b39f9b0f2f276129,7,0,"0,2,4,5,6",5646.8195352576
train,image187,/root/autodl-tmp/datasets/sources/construction-ppe_ultralytics_2025_v1/images/train/image187.jpg,/root/autodl-tmp/datasets/sources/construction-ppe_ultralytics_2025_v1/labels/train/image187.txt,True,,640,640,RGB,2d4136d36c322b5f909981f619a8d7e1e317159784a678fc4869dc596353ab82,1902126c6c411f0e,6,0,"0,2,4,6",4696.858146406399
train,image188,/root/autodl-tmp/datasets/sources/construction-ppe_ultralytics_2025_v1/images/train/image188.jpg,/root/autodl-tmp/datasets/sources/construction-ppe_ultralytics_2025_v1/labels/train/image188.txt,True,,640,640,RGB,c836d013f539c41d3183756b216711ad3f3ca8fc94591b57cfce8b3bcbfec916,880868694848098c,27,0,"0,1,2,3,4,5,6",478.7294703616
train,image189,/root/autodl-tmp/datasets/sources/construction-ppe_ultralytics_2025_v1/images/train/image189.jpg,/root/autodl-tmp/datasets/sources/construction-ppe_ultralytics_2025_v1/labels/train/image189.txt,True,,640,640,RGB,587817979d5e4a9df335ce3bd89a8b54d24a04509d1cc3d057998b0ef8c48997,2b2b6b7171633333,14,0,"0,1,2,5,6",2434.0486975487993
train,image19,/root/autodl-tmp/datasets/sources/construction-ppe_ultralytics_2025_v1/images/train/image19.jpeg,/root/autodl-tmp/datasets/sources/construction-ppe_ultralytics_2025_v1/labels/train/image19.txt,True,,640,640,RGB,672b6e1d92d48649d4613672adac3c72c94e50004b413c0381be9898136a4ba3,0084803058190900,5,0,"0,2,4,6",11806.9942816768
train,image191,/root/autodl-tmp/datasets/sources/construction-ppe_ultralytics_2025_v1/images/train/image191.jpg,/root/autodl-tmp/datasets/sources/construction-ppe_ultralytics_2025_v1/labels/train/image191.txt,True,,640,640,RGB,d3801caf5442a6d71d37b26bd56ba44449ec01a0716266118229bed9fcde26b3,d0a5c91296971a94,10,0,"0,2,3,4,5,6",758.6443952128
train,image192,/root/autodl-tmp/datasets/sources/construction-ppe_ultralytics_2025_v1/images/train/image192.jpg,/root/autodl-tmp/datasets/sources/construction-ppe_ultralytics_2025_v1/labels/train/image192.txt,True,,640,640,RGB,929cd83cdfb345206f5127f92b5f08c7c7e055759bb05fb6c4360ad93307e8c2,e6871b9f8e2bcae4,8,0,"0,1,2,3,6",2228.9551343616
train,image193,/root/autodl-tmp/datasets/sources/construction-ppe_ultralytics_2025_v1/images/train/image193.jpg,/root/autodl-tmp/datasets/sources/construction-ppe_ultralytics_2025_v1/labels/train/image193.txt,True,,640,640,RGB,2f4e9b381a61a276a4d537e7a6fc3a8cf4a3b8d1d6b5f933de5bdce0f083575a,07031716860f0e1e,8,0,"0,1,2,3,6",1857.6576512
train,image194,/root/autodl-tmp/datasets/sources/construction-ppe_ultralytics_2025_v1/images/train/image194.jpg,/root/autodl-tmp/datasets/sources/construction-ppe_ultralytics_2025_v1/labels/train/image194.txt,True,,640,640,RGB,0f5e6618bed87130ee37787b59bc88de4616ae0fba9247f4ee8514ef2b077cfb,4caf23378c2b19c4,8,0,"0,1,2,3,6",2129.8228224000004
train,image195,/root/autodl-tmp/datasets/sources/construction-ppe_ultralytics_2025_v1/images/train/image195.jpg,/root/autodl-tmp/datasets/sources/construction-ppe_ultralytics_2025_v1/labels/train/image195.txt,True,,640,640,RGB,c12534482c4f165d46d143f3e6f38578fb2d2e09aa23b365cff468dea7bafb78,c887862c6de3331e,6,0,"0,1,2,6",15307.7772288
train,image196,/root/autodl-tmp/datasets/sources/construction-ppe_ultralytics_2025_v1/images/train/image196.jpg,/root/autodl-tmp/datasets/sources/construction-ppe_ultralytics_2025_v1/labels/train/image196.txt,True,,640,640,RGB,408954b2f91d93e058738c0d508b135dddd962c81031e993559f31bedb630c92,dca48b6c646858d2,4,0,"0,2,6",38430.7543904256
train,image197,/root/autodl-tmp/datasets/sources/construction-ppe_ultralytics_2025_v1/images/train/image197.jpg,/root/autodl-tmp/datasets/sources/construction-ppe_ultralytics_2025_v1/labels/train/image197.txt,True,,640,640,RGB,a964ecc8f72134e42c24d66a2a9bb71c0beab307dbd8781d79c52da0b48ff644,de6e6e2c8f8e8f82,4,0,"0,2,6",5058.157977600001
train,image198,/root/autodl-tmp/datasets/sources/construction-ppe_ultralytics_2025_v1/images/train/image198.jpg,/root/autodl-tmp/datasets/sources/construction-ppe_ultralytics_2025_v1/labels/train/image198.txt,True,,640,640,RGB,b5216d5a07f888e4e3f50df03a898fb9fe8f9d7ce58c59c018dc96909ef2fa97,828b8b9312161e1e,6,0,"0,2,5,6",4426.067252019199
train,image2,/root/autodl-tmp/datasets/sources/construction-ppe_ultralytics_2025_v1/images/train/image2.jpg,/root/autodl-tmp/datasets/sources/construction-ppe_ultralytics_2025_v1/labels/train/image2.txt,True,,640,640,RGB,889a2d21f3668a381854354c08d862d497870617914a4f47a624196fb09ae48e,0041f6b66e283900,14,0,"0,2,4,6",2842.2673424384
train,image20,/root/autodl-tmp/datasets/sources/construction-ppe_ultralytics_2025_v1/images/train/image20.jpg,/root/autodl-tmp/datasets/sources/construction-ppe_ultralytics_2025_v1/labels/train/image20.txt,True,,640,640,RGB,7d42bb4c627c64c5f1c5748cce15e5a24ee3ceb7ba68fcf0a50cf24d39c74ccc,0703131a92070e0e,6,0,"0,1,2,4,6",1475.5422216191998
train,image200,/root/autodl-tmp/datasets/sources/construction-ppe_ultralytics_2025_v1/images/train/image200.jpg,/root/autodl-tmp/datasets/sources/construction-ppe_ultralytics_2025_v1/labels/train/image200.txt,True,,640,640,RGB,9784cd345ff8a33348ba937277b10da4c8253fc33923f4194ea843488dc8dc76,42636b3617cb0f00,4,0,"0,2,6",1838.5693183999997
train,image201,/root/autodl-tmp/datasets/sources/construction-ppe_ultralytics_2025_v1/images/train/image201.jpg,/root/autodl-tmp/datasets/sources/construction-ppe_ultralytics_2025_v1/labels/train/image201.txt,True,,640,640,RGB,2a55cd9eb6889548f74dba9ec09cebc38c0cd8c988e7b2b096216d857d4650e9,b89ad2532533a1a4,15,0,"0,2,4,5,6",3855.1373824
train,image203,/root/autodl-tmp/datasets/sources/construction-ppe_ultralytics_2025_v1/images/train/image203.jpg,/root/autodl-tmp/datasets/sources/construction-ppe_ultralytics_2025_v1/labels/train/image203.txt,True,,640,640,RGB,5acd2f22995c12c41270776cc0a97a657c3d7ec8e0520deefdd445a0888b1f89,e494cd51d40c66e6,14,0,"0,1,2,4,6",2203.0356135936
train,image204,/root/autodl-tmp/datasets/sources/construction-ppe_ultralytics_2025_v1/images/train/image204.jpg,/root/autodl-tmp/datasets/sources/construction-ppe_ultralytics_2025_v1/labels/train/image204.txt,True,,640,640,RGB,48698264c6f0e7854c3bee8a80a73b2427ec24758917c6435c9ea9d3ddcc11ef,0505060e8e0b0616,6,0,"0,1,2,4,6",1064.9253888000003
train,image205,/root/autodl-tmp/datasets/sources/construction-ppe_ultralytics_2025_v1/images/train/image205.jpg,/root/autodl-tmp/datasets/sources/construction-ppe_ultralytics_2025_v1/labels/train/image205.txt,True,,640,640,RGB,e01d2749e065a3dc4682db6d66e95efa8026dedeb3a750dfb08f20d618cf4211,d4a4bd670f3938f0,5,0,"0,2,5,6",7491.5863584768
train,image206,/root/autodl-tmp/datasets/sources/construction-ppe_ultralytics_2025_v1/images/train/image206.jpg,/root/autodl-tmp/datasets/sources/construction-ppe_ultralytics_2025_v1/labels/train/image206.txt,True,,640,640,RGB,36f1d00a1ec522847252c8a7420cc97ea7d03aac57522c5c2595adeaad9a471b,60b6a5e42d6b6aae,23,0,"0,1,2,4,6",2275.3071615999997
train,image208,/root/autodl-tmp/datasets/sources/construction-ppe_ultralytics_2025_v1/images/train/image208.jpeg,/root/autodl-tmp/datasets/sources/construction-ppe_ultralytics_2025_v1/labels/train/image208.txt,True,,640,640,RGB,7cf2ae48d3df51aeab6b4f7fb8aa2ce19bbb8ce5208029032755fb9f0e942450,c0b4ace8b0b6cccc,7,0,"0,1,2,3,6",2373.8961919999997
train,image209,/root/autodl-tmp/datasets/sources/construction-ppe_ultralytics_2025_v1/images/train/image209.jpg,/root/autodl-tmp/datasets/sources/construction-ppe_ultralytics_2025_v1/labels/train/image209.txt,True,,640,640,RGB,2e1df1c7e0c480d3f78cb6f68b656357a04c0f3ce7b1fb2ac4e3210f9fff7121,838098181b82f23e,7,0,"0,2,5,6",5794.104777523201
train,image21,/root/autodl-tmp/datasets/sources/construction-ppe_ultralytics_2025_v1/images/train/image21.jpeg,/root/autodl-tmp/datasets/sources/construction-ppe_ultralytics_2025_v1/labels/train/image21.txt,True,,640,640,RGB,e1c6add940d41cd27cf1c46fb82f23f83ada26ecebcc10991ed25c8e2bd700ce,009679474d0d4d00,19,0,"0,1,2,5,6",958.4382976
train,image210,/root/autodl-tmp/datasets/sources/construction-ppe_ultralytics_2025_v1/images/train/image210.jpg,/root/autodl-tmp/datasets/sources/construction-ppe_ultralytics_2025_v1/labels/train/image210.txt,True,,640,640,RGB,2af8806a1198512af41beb9b399c17c29b63105c88adc9a540f98a75e630220a,b175268611a520e2,7,0,"0,1,2,3,6",2352.6412320768
train,image211,/root/autodl-tmp/datasets/sources/construction-ppe_ultralytics_2025_v1/images/train/image211.jpeg,/root/autodl-tmp/datasets/sources/construction-ppe_ultralytics_2025_v1/labels/train/image211.txt,True,,640,640,RGB,4a02d16da7da2c58f5718cb265649b28fea17fe8cde96a97d072e0f9cd96fac3,f8d8d8e6c6c8e871,4,0,"0,2,5,6",9694.808063999999
train,image213,/root/autodl-tmp/datasets/sources/construction-ppe_ultralytics_2025_v1/images/train/image213.jpg,/root/autodl-tmp/datasets/sources/construction-ppe_ultralytics_2025_v1/labels/train/image213.txt,True,,640,640,RGB,1616515a874f31dc5c4e65077c7d247819b64dc6bb7f922ef6794bfc5c04e789,be8bd1132d484ada,8,0,"1,2,3,4,5,6",1300.4481191936
train,image214,/root/autodl-tmp/datasets/sources/construction-ppe_ultralytics_2025_v1/images/train/image214.jpeg,/root/autodl-tmp/datasets/sources/construction-ppe_ultralytics_2025_v1/labels/train/image214.txt,True,,640,640,RGB,fc02af499b02d77ec112933ae5e737e02f3fbdec19be0d3a30afc5975f541d5d,f29089808adbe2a0,4,0,"2,5,6",10717.192857600001
train,image215,/root/autodl-tmp/datasets/sources/construction-ppe_ultralytics_2025_v1/images/train/image215.jpeg,/root/autodl-tmp/datasets/sources/construction-ppe_ultralytics_2025_v1/labels/train/image215.txt,True,,640,640,RGB,303e8864857527bc778c37eb4074292ff3bbed55c26d509265b68fee8773b58b,00e66645d4b42900,3,0,"2,5,6",871.2794632192001
train,image216,/root/autodl-tmp/datasets/sources/construction-ppe_ultralytics_2025_v1/images/train/image216.jpg,/root/autodl-tmp/datasets/sources/construction-ppe_ultralytics_2025_v1/labels/train/image216.txt,True,,640,640,RGB,bc5367d3eac2e3c61c696a20badaea8469c3ba3c5d56044d8040cff7c39c3b4a,00003ed6f7e8fc0e,4,0,"0,2,5,6",7007.5173040128
train,image217,/root/autodl-tmp/datasets/sources/construction-ppe_ultralytics_2025_v1/images/train/image217.jpg,/root/autodl-tmp/datasets/sources/construction-ppe_ultralytics_2025_v1/labels/train/image217.txt,True,,640,640,RGB,77befcad5d99e7867439bcc947de9128c78064562cb7b601849042554b3ad878,3989887393936373,7,0,"0,1,2,3,6",2105.5551488
train,image218,/root/autodl-tmp/datasets/sources/construction-ppe_ultralytics_2025_v1/images/train/image218.jpg,/root/autodl-tmp/datasets/sources/construction-ppe_ultralytics_2025_v1/labels/train/image218.txt,True,,640,640,RGB,4f673261ffdbac3f9f094df7a21db8e4d47f56ee85f764e0fc87d89f9479d980,e2d05362b38c8fe6,6,0,"0,1,2,5,6",3123.2647176191995
train,image219,/root/autodl-tmp/datasets/sources/construction-ppe_ultralytics_2025_v1/images/train/image219.jpg,/root/autodl-tmp/datasets/sources/construction-ppe_ultralytics_2025_v1/labels/train/image219.txt,True,,640,640,RGB,7f2a62e6b246b48188cf07ee785a093d1603a54202910866ebc30d0a4093c79e,b03c2d333198baba,8,0,"0,1,2,3,5,6",2023.3158144000001
train,image22,/root/autodl-tmp/datasets/sources/construction-ppe_ultralytics_2025_v1/images/train/image22.jpg,/root/autodl-tmp/datasets/sources/construction-ppe_ultralytics_2025_v1/labels/train/image22.txt,True,,640,640,RGB,6eefd712598052e5d7c1da4fef37aa1d69b7e96b64e410a141103bc361b231e5,00dbdb0a989a5f00,17,0,"0,1,2,3,5,6",747.2081072128001
train,image220,/root/autodl-tmp/datasets/sources/construction-ppe_ultralytics_2025_v1/images/train/image220.jpg,/root/autodl-tmp/datasets/sources/construction-ppe_ultralytics_2025_v1/labels/train/image220.txt,True,,640,640,RGB,dbab91111bb0974a14b300a4f382f2780cd6544fd2a579e53f1fbe8eb3f194ed,040780ff770bc8f6,5,0,"0,1,2,6",836.0590848
train,image221,/root/autodl-tmp/datasets/sources/construction-ppe_ultralytics_2025_v1/images/train/image221.jpg,/root/autodl-tmp/datasets/sources/construction-ppe_ultralytics_2025_v1/labels/train/image221.txt,True,,640,640,RGB,3a3e4f80dc25ce14f31f54dd87f0f902b8f750b7a01d5fed247747bc86c12952,a3f37377f8672dfe,4,0,"0,1,2,6",1719.4036383744
train,image222,/root/autodl-tmp/datasets/sources/construction-ppe_ultralytics_2025_v1/images/train/image222.jpg,/root/autodl-tmp/datasets/sources/construction-ppe_ultralytics_2025_v1/labels/train/image222.txt,True,,640,640,RGB,6cc4847a2287daa148c55d0f757c0cdebfdc97bd5e3c4172cebfe524346cc8ab,aa19391a61a3a9e4,14,0,"0,1,2,3,6",2063.5757592576
train,image223,/root/autodl-tmp/datasets/sources/construction-ppe_ultralytics_2025_v1/images/train/image223.jpg,/root/autodl-tmp/datasets/sources/construction-ppe_ultralytics_2025_v1/labels/train/image223.txt,True,,640,640,RGB,e1bc70affa3f70cb5483128ac54b6a19656b1d4689f74d7dfc34af9200987a8d,46f63024d2d7e5e1,4,0,"2,5,6",7426.6522976256
train,image224,/root/autodl-tmp/datasets/sources/construction-ppe_ultralytics_2025_v1/images/train/image224.jpg,/root/autodl-tmp/datasets/sources/construction-ppe_ultralytics_2025_v1/labels/train/image224.txt,True,,640,640,RGB,9be1f070d8fafd2ecb28f07298afa55e01a23d0b9a2fff62a8c249a1651b93f4,90515a9c2e383838,5,0,"0,2,5,6",5908.1366335488
train,image226,/root/autodl-tmp/datasets/sources/construction-ppe_ultralytics_2025_v1/images/train/image226.jpg,/root/autodl-tmp/datasets/sources/construction-ppe_ultralytics_2025_v1/labels/train/image226.txt,True,,640,640,RGB,1a63729a41c4a9a2aa3c89741fc7cbe68bc4d5bccd63b321e17f61577cc943f2,008b9b9bee8f8400,16,0,"0,2,6",129.47527434239998
train,image227,/root/autodl-tmp/datasets/sources/construction-ppe_ultralytics_2025_v1/images/train/image227.jpg,/root/autodl-tmp/datasets/sources/construction-ppe_ultralytics_2025_v1/labels/train/image227.txt,True,,640,640,RGB,1948e5db9eaecd1dd4903f0bcf73a959f8946243284d917b92027c28a6a88b31,9cdc8c890c1430b0,6,0,"0,2,5,6",6171.209727999999
train,image228,/root/autodl-tmp/datasets/sources/construction-ppe_ultralytics_2025_v1/images/train/image228.jpg,/root/autodl-tmp/datasets/sources/construction-ppe_ultralytics_2025_v1/labels/train/image228.txt,True,,640,640,RGB,16cc871df43a7074b5db353058bc4b64adbf726bdb16f9565177e735c05046b9,aeaa9f0d7430b0e8,3,0,"2,5,6",6049.866345676801
train,image229,/root/autodl-tmp/datasets/sources/construction-ppe_ultralytics_2025_v1/images/train/image229.jpg,/root/autodl-tmp/datasets/sources/construction-ppe_ultralytics_2025_v1/labels/train/image229.txt,True,,640,640,RGB,22fc967f03c0beefd48739783aadc3facc7b843caa075dff8455c1a9e317b419,9cdc059434381970,5,0,"2,5,6",5412.3600904192
train,image232,/root/autodl-tmp/datasets/sources/construction-ppe_ultralytics_2025_v1/images/train/image232.jpg,/root/autodl-tmp/datasets/sources/construction-ppe_ultralytics_2025_v1/labels/train/image232.txt,True,,640,640,RGB,dea53620c0419a331fdab04688b9f947e91e83b918c8fa074c6b70e53e3c7521,28761b49b4bdb9f0,4,0,"0,2,5,6",6109.926295142401
train,image233,/root/autodl-tmp/datasets/sources/construction-ppe_ultralytics_2025_v1/images/train/image233.jpg,/root/autodl-tmp/datasets/sources/construction-ppe_ultralytics_2025_v1/labels/train/image233.txt,True,,640,640,RGB,a736f5cc3dac0769a9f17bae709e5d9d8b6aed111febc680fd45f88e28053b69,7c48f89aa4ccd8bc,5,0,"0,2,5,6",8267.6168687616
train,image234,/root/autodl-tmp/datasets/sources/construction-ppe_ultralytics_2025_v1/images/train/image234.jpg,/root/autodl-tmp/datasets/sources/construction-ppe_ultralytics_2025_v1/labels/train/image234.txt,True,,640,640,RGB,25c36ebce51f965157594e414f65fef48476819357f39fcbbbf0788014241c13,7878f29994349993,5,0,"0,2,5,6",4488.080624025601
train,image235,/root/autodl-tmp/datasets/sources/construction-ppe_ultralytics_2025_v1/images/train/image235.jpg,/root/autodl-tmp/datasets/sources/construction-ppe_ultralytics_2025_v1/labels/train/image235.txt,True,,640,640,RGB,7390896ef70b4841b08288a2b827533c331f2073260097b5d98681f7dd12f2fa,a21f1f8defe686a8,7,0,"0,1,2,3,4,6",2332.4302848
train,image236,/root/autodl-tmp/datasets/sources/construction-ppe_ultralytics_2025_v1/images/train/image236.jpg,/root/autodl-tmp/datasets/sources/construction-ppe_ultralytics_2025_v1/labels/train/image236.txt,True,,640,640,RGB,0a03504dcd0c5341cbe7248942bd3f084e59f9bf14ef3f8ca3ce2bf07507de2b,f01687044c4c0af4,7,0,"0,1,2,3,4,6",1727.5218960384
train,image237,/root/autodl-tmp/datasets/sources/construction-ppe_ultralytics_2025_v1/images/train/image237.jpg,/root/autodl-tmp/datasets/sources/construction-ppe_ultralytics_2025_v1/labels/train/image237.txt,True,,640,640,RGB,6b49156c27c0fb8628c9dbb0eeb5f4e6be904b71ee5cd445f7b0f24dffe151a7,bb83a286a4ac0cac,7,0,"0,1,2,3,4,6",1848.9029279743997
train,image239,/root/autodl-tmp/datasets/sources/construction-ppe_ultralytics_2025_v1/images/train/image239.jpg,/root/autodl-tmp/datasets/sources/construction-ppe_ultralytics_2025_v1/labels/train/image239.txt,True,,640,640,RGB,bc606c2211805b80f225257b41d67abd6877bf1f0bd1791573eddbb28e390352,fc1c9a9f4c4d4fb0,8,0,"0,1,2,3,4,6",1347.0910119935997
train,image24,/root/autodl-tmp/datasets/sources/construction-ppe_ultralytics_2025_v1/images/train/image24.jpg,/root/autodl-tmp/datasets/sources/construction-ppe_ultralytics_2025_v1/labels/train/image24.txt,True,,640,640,RGB,e2cbeb41fc44b5f234b0d3d3da7b44e570cec6b3eddde84f358a99c57460cc00,05030312920f0e0e,8,0,"0,1,2,3,4,6",1532.2018815999998
train,image240,/root/autodl-tmp/datasets/sources/construction-ppe_ultralytics_2025_v1/images/train/image240.jpg,/root/autodl-tmp/datasets/sources/construction-ppe_ultralytics_2025_v1/labels/train/image240.txt,True,,640,640,RGB,20f94dd954bbd7fbbb103f2d05e881b611768bfd75df544a73a1a1912097ca04,dacdc7cfce260798,8,0,"0,1,2,3,4,6",1863.8290944000003
train,image242,/root/autodl-tmp/datasets/sources/construction-ppe_ultralytics_2025_v1/images/train/image242.jpg,/root/autodl-tmp/datasets/sources/construction-ppe_ultralytics_2025_v1/labels/train/image242.txt,True,,640,640,RGB,6ab88cb6aa79ac7b50138d94dc5cea55951b6039744dd4170f6389d47202e434,d416160c9c9a9ee6,7,0,"0,1,2,3,4,6",5346.873412812799
train,image243,/root/autodl-tmp/datasets/sources/construction-ppe_ultralytics_2025_v1/images/train/image243.jpg,/root/autodl-tmp/datasets/sources/construction-ppe_ultralytics_2025_v1/labels/train/image243.txt,True,,640,640,RGB,7b54e59e3b140b1ae5e0c54f09c0d9befc54bba8b21043ec0dead0682f32b8d7,c02a3f5c989d9cc0,8,0,"0,1,2,3,4,6",2575.9777951744
train,image244,/root/autodl-tmp/datasets/sources/construction-ppe_ultralytics_2025_v1/images/train/image244.jpg,/root/autodl-tmp/datasets/sources/construction-ppe_ultralytics_2025_v1/labels/train/image244.txt,True,,640,640,RGB,dca444051469eec497eb1e550b5d169ab6a9cd7f95a3028176df52bf74a280ac,80f6c709068606ce,8,0,"0,1,2,3,4,6",1839.4216439808
train,image245,/root/autodl-tmp/datasets/sources/construction-ppe_ultralytics_2025_v1/images/train/image245.jpg,/root/autodl-tmp/datasets/sources/construction-ppe_ultralytics_2025_v1/labels/train/image245.txt,True,,640,640,RGB,7e8ba2c2066f7d8782cf8f533533cb1ce647f93c9ff307b5b19210ff5f150a45,b6070be6042d4d8c,8,0,"0,1,2,3,4,6",2535.0290944
train,image246,/root/autodl-tmp/datasets/sources/construction-ppe_ultralytics_2025_v1/images/train/image246.jpg,/root/autodl-tmp/datasets/sources/construction-ppe_ultralytics_2025_v1/labels/train/image246.txt,True,,640,640,RGB,8edad3036eb595a94db68ff099e8148437ab212a3ac65021c3ec4b7fbfe6cfbd,f893834686246eca,8,0,"0,1,2,3,4,6",2526.2351200256003
train,image247,/root/autodl-tmp/datasets/sources/construction-ppe_ultralytics_2025_v1/images/train/image247.jpg,/root/autodl-tmp/datasets/sources/construction-ppe_ultralytics_2025_v1/labels/train/image247.txt,True,,640,640,RGB,fa7f36434103c65f218b3fcc20c1cc5c20ddd9a1f24097ce3eb5efeb9f657c62,07030706860f1e1e,6,0,"0,1,2,3,4,6",1313.393664
train,image248,/root/autodl-tmp/datasets/sources/construction-ppe_ultralytics_2025_v1/images/train/image248.jpg,/root/autodl-tmp/datasets/sources/construction-ppe_ultralytics_2025_v1/labels/train/image248.txt,True,,640,640,RGB,d83425b0da6a50c92a8070c63f90ceb63a8167804b397772c35978c366e901a7,f07c6f0780c836b6,8,0,"0,1,2,3,4,6",718.2356127744001
train,image249,/root/autodl-tmp/datasets/sources/construction-ppe_ultralytics_2025_v1/images/train/image249.jpg,/root/autodl-tmp/datasets/sources/construction-ppe_ultralytics_2025_v1/labels/train/image249.txt,True,,640,640,RGB,0e85ea7dea70f8c8100a1a22931d79b28ede4c190f37d5eb663ebdaca867724e,c0001f1fecc5a9a8,8,0,"0,1,2,3,4,6",1535.2076959744
train,image25,/root/autodl-tmp/datasets/sources/construction-ppe_ultralytics_2025_v1/images/train/image25.jpeg,/root/autodl-tmp/datasets/sources/construction-ppe_ultralytics_2025_v1/labels/train/image25.txt,True,,640,640,RGB,d2114c65ef3d642442677e49f0d05f84d02a9b54de6d6514fb1fc13ea8f9092d,003f969899c2eb00,23,0,"0,1,2,4,5,6",693.006336
train,image250,/root/autodl-tmp/datasets/sources/construction-ppe_ultralytics_2025_v1/images/train/image250.jpg,/root/autodl-tmp/datasets/sources/construction-ppe_ultralytics_2025_v1/labels/train/image250.txt,True,,640,640,RGB,d275513d53cd97475c88aa677226720498dc580e49b7a0989997840d7ee3edae,e0000f4fe8865b8c,8,0,"0,1,2,3,4,6",1298.3563247616
train,image251,/root/autodl-tmp/datasets/sources/construction-ppe_ultralytics_2025_v1/images/train/image251.jpg,/root/autodl-tmp/datasets/sources/construction-ppe_ultralytics_2025_v1/labels/train/image251.txt,True,,640,640,RGB,73c7cd3c27d18621ffee775ec028e71e92adb455f5b5291e62c697dd2d8b5ef3,e0080cefec129388,8,0,"0,1,2,3,4,6",1690.5817423872002
train,image252,/root/autodl-tmp/datasets/sources/construction-ppe_ultralytics_2025_v1/images/train/image252.jpg,/root/autodl-tmp/datasets/sources/construction-ppe_ultralytics_2025_v1/labels/train/image252.txt,True,,640,640,RGB,dcb8481c891e73ec2d59b66f7972adbf7bc934938ae394ff00b1614a37a2089f,f0f6276dcc620efa,7,0,"0,1,2,3,6",1263.4735263743999
train,image254,/root/autodl-tmp/datasets/sources/construction-ppe_ultralytics_2025_v1/images/train/image254.jpg,/root/autodl-tmp/datasets/sources/construction-ppe_ultralytics_2025_v1/labels/train/image254.txt,True,,640,640,RGB,c38b9abc5db949a7345f5a88531e6efc8c8e5be1fe51e80ad227b258d804418c,800a1cc98c4e4ca2,8,0,"0,1,2,3,4,6",569.8031104
train,image255,/root/autodl-tmp/datasets/sources/construction-ppe_ultralytics_2025_v1/images/train/image255.jpg,/root/autodl-tmp/datasets/sources/construction-ppe_ultralytics_2025_v1/labels/train/image255.txt,True,,640,640,RGB,c16e9d584d628a470c5388677a915f0b69338696c53e701bbcc0d9197596195a,a0cf0d0c4c5a6864,8,0,"0,1,2,3,4,6",1770.8129304576
train,image256,/root/autodl-tmp/datasets/sources/construction-ppe_ultralytics_2025_v1/images/train/image256.jpg,/root/autodl-tmp/datasets/sources/construction-ppe_ultralytics_2025_v1/labels/train/image256.txt,True,,640,640,RGB,57eec2444f6d95664ec5014f8afce11b935b536cbc5609fc7cdcc7946fc0a29f,e0cf9dd8d81d9932,8,0,"0,1,2,3,4,6",1710.4765759488
train,image258,/root/autodl-tmp/datasets/sources/construction-ppe_ultralytics_2025_v1/images/train/image258.jpg,/root/autodl-tmp/datasets/sources/construction-ppe_ultralytics_2025_v1/labels/train/image258.txt,True,,640,640,RGB,59a49bdc8717b62549ccff97364f2b93029665e7d7d2d63477f5243360f82c68,ec1717151c189ee6,8,0,"0,1,2,3,4,6",3941.9034648576
train,image26,/root/autodl-tmp/datasets/sources/construction-ppe_ultralytics_2025_v1/images/train/image26.jpeg,/root/autodl-tmp/datasets/sources/construction-ppe_ultralytics_2025_v1/labels/train/image26.txt,True,,640,640,RGB,35ea1d6375a25396d1c56f268112f356af58adb7f78f00ef4b2435e50bb09dc2,00e64bf4e5e5c800,19,0,"0,2,6",12.3844624384
train,image260,/root/autodl-tmp/datasets/sources/construction-ppe_ultralytics_2025_v1/images/train/image260.jpg,/root/autodl-tmp/datasets/sources/construction-ppe_ultralytics_2025_v1/labels/train/image260.txt,True,,640,640,RGB,9b06397f019d7a0efe2543ddb66462d3927990531023addedbfceee68bac7973,d8ce8b99181c2aac,8,0,"0,1,2,3,4,6",2351.7312000000006
train,image261,/root/autodl-tmp/datasets/sources/construction-ppe_ultralytics_2025_v1/images/train/image261.jpg,/root/autodl-tmp/datasets/sources/construction-ppe_ultralytics_2025_v1/labels/train/image261.txt,True,,640,640,RGB,7e0cbb7e8eb75af4021cfbdcb4ad19761fd5e99dd6544b43cb9a6463daa4a3d4,e88786164e0706c8,7,0,"0,1,2,3,4,6",6039.4278895616
train,image262,/root/autodl-tmp/datasets/sources/construction-ppe_ultralytics_2025_v1/images/train/image262.jpg,/root/autodl-tmp/datasets/sources/construction-ppe_ultralytics_2025_v1/labels/train/image262.txt,True,,640,640,RGB,d6d970655a7e37f826f55f1e32903096fb83085fdafbf2202aaf695b05d8376f,c747160e0c0d2522,8,0,"0,1,2,3,4,6",4909.1738959872
train,image263,/root/autodl-tmp/datasets/sources/construction-ppe_ultralytics_2025_v1/images/train/image263.jpg,/root/autodl-tmp/datasets/sources/construction-ppe_ultralytics_2025_v1/labels/train/image263.txt,True,,640,640,RGB,c4505dd0fded11c9f71a085e58a7b45dc9dbe0470d90ccc71bbb90b4393e51cb,669e1e1c9a1a1cec,8,0,"0,1,2,3,4,6",2925.0325118976
train,image264,/root/autodl-tmp/datasets/sources/construction-ppe_ultralytics_2025_v1/images/train/image264.jpg,/root/autodl-tmp/datasets/sources/construction-ppe_ultralytics_2025_v1/labels/train/image264.txt,True,,640,640,RGB,c5359fdc3569725eace21d5aae5b0d1e2b6b03f24eeb4c2e38f750bcfc57e4ff,a69793964d8e0ee6,8,0,"0,1,2,3,4,6",3855.7021184
train,image265,/root/autodl-tmp/datasets/sources/construction-ppe_ultralytics_2025_v1/images/train/image265.jpg,/root/autodl-tmp/datasets/sources/construction-ppe_ultralytics_2025_v1/labels/train/image265.txt,True,,640,640,RGB,c52a84e49180160084c04249022b7f9f18a787afa7fa50e4ddd25c54e93e3413,b097131b9e8c2bcc,8,0,"0,1,2,3,4,6",5019.864678399999
train,image266,/root/autodl-tmp/datasets/sources/construction-ppe_ultralytics_2025_v1/images/train/image266.jpg,/root/autodl-tmp/datasets/sources/construction-ppe_ultralytics_2025_v1/labels/train/image266.txt,True,,640,640,RGB,23c7f7340f83263cbb3f8efa45092fe85f3833d35edbd8b8378abadf7c76fd3b,f096ae6f4d9d97da,8,0,"0,1,2,3,4,6",4704.7520894976
train,image267,/root/autodl-tmp/datasets/sources/construction-ppe_ultralytics_2025_v1/images/train/image267.jpg,/root/autodl-tmp/datasets/sources/construction-ppe_ultralytics_2025_v1/labels/train/image267.txt,True,,640,640,RGB,9d982d46df92db4076ef0dbbf5128c4a686c8defb72275f648dbeb1b39f5ec10,080e3b93cf2b4bd8,8,0,"0,1,2,3,4,6",4836.5353295872
train,image268,/root/autodl-tmp/datasets/sources/construction-ppe_ultralytics_2025_v1/images/train/image268.jpg,/root/autodl-tmp/datasets/sources/construction-ppe_ultralytics_2025_v1/labels/train/image268.txt,True,,640,640,RGB,1fce8721a4563043d0a7d248b0fd364e036b0d71d856f1241c26e752b2dcfd0b,0b0b0b0a8e0f0e1e,8,0,"0,1,2,3,4,6",1390.3483551744
train,image269,/root/autodl-tmp/datasets/sources/construction-ppe_ultralytics_2025_v1/images/train/image269.jpg,/root/autodl-tmp/datasets/sources/construction-ppe_ultralytics_2025_v1/labels/train/image269.txt,True,,640,640,RGB,d115f5df54bad5e226bd22f5c98ee104ec29087709e7f0d16fce9cb0cf6d9516,121637268e974fca,8,0,"0,1,2,3,4,6",6261.6423088127995
train,image272,/root/autodl-tmp/datasets/sources/construction-ppe_ultralytics_2025_v1/images/train/image272.jpg,/root/autodl-tmp/datasets/sources/construction-ppe_ultralytics_2025_v1/labels/train/image272.txt,True,,640,640,RGB,37162a67fe1759976a5a00f1831143d6aaa9c5a1ac1a54c7845c569cff321939,2c8f23371c381a94,8,0,"0,1,2,3,4,6",6760.518689587201
train,image273,/root/autodl-tmp/datasets/sources/construction-ppe_ultralytics_2025_v1/images/train/image273.jpg,/root/autodl-tmp/datasets/sources/construction-ppe_ultralytics_2025_v1/labels/train/image273.txt,True,,640,640,RGB,90c85216a8c019dca1a013f5449ca87b310a3b3596bd1a2bd2fcf681002ec2ce,84961b0b4e8d9eda,8,0,"0,1,2,3,4,6",6930.550679142399
train,image274,/root/autodl-tmp/datasets/sources/construction-ppe_ultralytics_2025_v1/images/train/image274.jpg,/root/autodl-tmp/datasets/sources/construction-ppe_ultralytics_2025_v1/labels/train/image274.txt,True,,640,640,RGB,7a78534811eb085ffc3e86f1db71fc05b804bcdb23231d1a1018df35e2de54d6,ce1e3eb7c7cf8fac,8,0,"0,1,2,3,4,6",2900.2319167488004
train,image275,/root/autodl-tmp/datasets/sources/construction-ppe_ultralytics_2025_v1/images/train/image275.jpg,/root/autodl-tmp/datasets/sources/construction-ppe_ultralytics_2025_v1/labels/train/image275.txt,True,,640,640,RGB,968dbf764e6bc52c21d099fd85a2bd252a1672ac1ba5db3dad5d93cef816145d,c2a301131c0c9bda,8,0,"0,1,2,3,4,6",3219.6055711744
train,image276,/root/autodl-tmp/datasets/sources/construction-ppe_ultralytics_2025_v1/images/train/image276.jpg,/root/autodl-tmp/datasets/sources/construction-ppe_ultralytics_2025_v1/labels/train/image276.txt,True,,640,640,RGB,9036eb2f21df4f1952fefab9d5d7a660ee259a08d819dd17db3a4a9eae05987e,86860f4e4e4dccce,7,0,"0,1,2,3,4,6",5030.837077606399
train,image277,/root/autodl-tmp/datasets/sources/construction-ppe_ultralytics_2025_v1/images/train/image277.jpg,/root/autodl-tmp/datasets/sources/construction-ppe_ultralytics_2025_v1/labels/train/image277.txt,True,,640,640,RGB,99bbeb71207b9b6b7a0ce225989d66dda831dee9caf17dce2efc77d647a68d6a,cdcf060d9c9b1a9a,7,0,"0,1,2,3,4,6",3567.0163808256
train,image279,/root/autodl-tmp/datasets/sources/construction-ppe_ultralytics_2025_v1/images/train/image279.jpg,/root/autodl-tmp/datasets/sources/construction-ppe_ultralytics_2025_v1/labels/train/image279.txt,True,,640,640,RGB,747876a0f835e7dc45a1d92754ac0e0eaa6e81125b6dde8856cbd3d556c9613d,07031716960f0e1e,6,0,"0,1,2,4,6",1393.431808
train,image28,/root/autodl-tmp/datasets/sources/construction-ppe_ultralytics_2025_v1/images/train/image28.jpeg,/root/autodl-tmp/datasets/sources/construction-ppe_ultralytics_2025_v1/labels/train/image28.txt,True,,640,640,RGB,df7d5e3ff937989c1d0b03c4001d1fe53c4f32f5d89d0a6a816d6fab5a397482,00f4c492caced800,6,0,"0,2,6",470.53318717440004
train,image280,/root/autodl-tmp/datasets/sources/construction-ppe_ultralytics_2025_v1/images/train/image280.jpg,/root/autodl-tmp/datasets/sources/construction-ppe_ultralytics_2025_v1/labels/train/image280.txt,True,,640,640,RGB,bd4bbf14d4df1ff62690eb76b326dbc1d21cfa2993e3223f5265256efc66a033,d89a3fa78d8c8c8f,8,0,"0,1,2,3,4,6",1744.9031663616
train,image281,/root/autodl-tmp/datasets/sources/construction-ppe_ultralytics_2025_v1/images/train/image281.jpg,/root/autodl-tmp/datasets/sources/construction-ppe_ultralytics_2025_v1/labels/train/image281.txt,True,,640,640,RGB,edf719d1c3dba96aff39d864e31693df88eeca80835463c3f29ce5ccf46addc6,c64edb17c6a763d0,8,0,"0,1,2,3,4,6",3223.1642591232
train,image282,/root/autodl-tmp/datasets/sources/construction-ppe_ultralytics_2025_v1/images/train/image282.jpg,/root/autodl-tmp/datasets/sources/construction-ppe_ultralytics_2025_v1/labels/train/image282.txt,True,,640,640,RGB,f0bc74eba96c9a49d638f6e149b648fd9ae5d29b189f43e5554783e8d591db67,473b6f4d0f9d9ec8,8,0,"0,1,2,3,4,6",2844.9228288
train,image283,/root/autodl-tmp/datasets/sources/construction-ppe_ultralytics_2025_v1/images/train/image283.jpg,/root/autodl-tmp/datasets/sources/construction-ppe_ultralytics_2025_v1/labels/train/image283.txt,True,,640,640,RGB,938b252d7212c4d17280fb1b10f7d017d4f47bd3b873038946cc322f0ddf375a,992f3d6f0d9e9d9c,8,0,"0,1,2,3,4,6",3413.6082432
train,image284,/root/autodl-tmp/datasets/sources/construction-ppe_ultralytics_2025_v1/images/train/image284.jpg,/root/autodl-tmp/datasets/sources/construction-ppe_ultralytics_2025_v1/labels/train/image284.txt,True,,640,640,RGB,5a5784c1bed581753dce02d3062e9310b546584dd06d558678a14c9cb0da86dc,8503171693cf8f8f,5,0,"0,1,2,6",2848.1396752384
train,image285,/root/autodl-tmp/datasets/sources/construction-ppe_ultralytics_2025_v1/images/train/image285.jpg,/root/autodl-tmp/datasets/sources/construction-ppe_ultralytics_2025_v1/labels/train/image285.txt,True,,640,640,RGB,389c6055aa402fd6bbec577d7b6afe93dedc9f4668be33ea5c72dcc5f00c0af9,fe3e2726978f8787,4,0,"0,2,4,6",1616.1715359744
train,image286,/root/autodl-tmp/datasets/sources/construction-ppe_ultralytics_2025_v1/images/train/image286.jpg,/root/autodl-tmp/datasets/sources/construction-ppe_ultralytics_2025_v1/labels/train/image286.txt,True,,640,640,RGB,8a6b40a0883f21a5ec1bebb2f3f3f0ba175f8175d468aaf191970b5b35eee252,820327a7260e1e3e,3,0,"0,2,6",9374.8201967616
train,image288,/root/autodl-tmp/datasets/sources/construction-ppe_ultralytics_2025_v1/images/train/image288.jpg,/root/autodl-tmp/datasets/sources/construction-ppe_ultralytics_2025_v1/labels/train/image288.txt,True,,640,640,RGB,c8c1a0f47b90443c186add1df284650661a54bd5b5210f0f814defa240803b5f,9e4b12094f860e8c,8,0,"0,1,2,3,4,6",3539.8324752383996
train,image289,/root/autodl-tmp/datasets/sources/construction-ppe_ultralytics_2025_v1/images/train/image289.jpg,/root/autodl-tmp/datasets/sources/construction-ppe_ultralytics_2025_v1/labels/train/image289.txt,True,,640,640,RGB,d0804d214d9e964d3a893864ace93faf76a9eabc3f670198825694f2dbdfa433,9357270f1d1c9d88,8,0,"0,1,2,3,4,6",2361.2841639936005
train,image29,/root/autodl-tmp/datasets/sources/construction-ppe_ultralytics_2025_v1/images/train/image29.jpeg,/root/autodl-tmp/datasets/sources/construction-ppe_ultralytics_2025_v1/labels/train/image29.txt,True,,640,640,RGB,aa13f615ec4a2e31f2bf9db5dcd655fbc157bfbbac6a9111f24862aaa150351b,00f1b1f9f06aea00,3,0,"0,2,6",10843.8877200384
train,image290,/root/autodl-tmp/datasets/sources/construction-ppe_ultralytics_2025_v1/images/train/image290.jpg,/root/autodl-tmp/datasets/sources/construction-ppe_ultralytics_2025_v1/labels/train/image290.txt,True,,640,640,RGB,b3e8422c97c39a5ef67d854bc4f6e631ae6ffd81fa0d102810dfe9ce9ff64019,07131312920f0e0e,6,0,"0,1,2,4,6",999.7378879488
train,image291,/root/autodl-tmp/datasets/sources/construction-ppe_ultralytics_2025_v1/images/train/image291.jpg,/root/autodl-tmp/datasets/sources/construction-ppe_ultralytics_2025_v1/labels/train/image291.txt,True,,640,640,RGB,d67e30b89d5fad7f6a0a83b02dcd3e8576485e137e5e593689b68d92ca9ab42e,cac69396ce0e8b92,8,0,"0,1,2,3,4,6",3136.1458495488
train,image292,/root/autodl-tmp/datasets/sources/construction-ppe_ultralytics_2025_v1/images/train/image292.jpg,/root/autodl-tmp/datasets/sources/construction-ppe_ultralytics_2025_v1/labels/train/image292.txt,True,,640,640,RGB,6a96a6d9c6446b6886a215cab27d8c2f30a69d56e26143e4380a7c7ac364d8fb,ce17129f8c2a0ae4,8,0,"0,1,2,3,4,6",3929.9595743232
train,image293,/root/autodl-tmp/datasets/sources/construction-ppe_ultralytics_2025_v1/images/train/image293.jpeg,/root/autodl-tmp/datasets/sources/construction-ppe_ultralytics_2025_v1/labels/train/image293.txt,True,,640,640,RGB,bcf7ba9a02645db9ee7d4cc0d148a99cde99fff177ef4607b6f7970e6c3a228a,efac26ceb6364c00,4,0,"1,2,6",3112.7314079743996
train,image294,/root/autodl-tmp/datasets/sources/construction-ppe_ultralytics_2025_v1/images/train/image294.jpg,/root/autodl-tmp/datasets/sources/construction-ppe_ultralytics_2025_v1/labels/train/image294.txt,True,,640,640,RGB,931aad1015c47dbe53cf93f0617c37630434f6619aaf5643e10080ec07defd3e,9ecf92138f8d0c36,8,0,"0,1,2,3,4,6",2837.6279543808
train,image295,/root/autodl-tmp/datasets/sources/construction-ppe_ultralytics_2025_v1/images/train/image295.jpg,/root/autodl-tmp/datasets/sources/construction-ppe_ultralytics_2025_v1/labels/train/image295.txt,True,,640,640,RGB,2adc817f4430ceb69a0c27525ca97f06ecdb656353db010fd9f7ad8f24e88bdf,96163706ce2b4dd8,8,0,"0,1,2,3,4,6",2687.7917528064
train,image297,/root/autodl-tmp/datasets/sources/construction-ppe_ultralytics_2025_v1/images/train/image297.jpg,/root/autodl-tmp/datasets/sources/construction-ppe_ultralytics_2025_v1/labels/train/image297.txt,True,,640,640,RGB,6e4411d218381497807e989159d029269b45658e184109ad2239d2f5144ba872,9c17129c8c8a4acc,8,0,"0,1,2,3,4,6",2947.4787831808
train,image298,/root/autodl-tmp/datasets/sources/construction-ppe_ultralytics_2025_v1/images/train/image298.jpg,/root/autodl-tmp/datasets/sources/construction-ppe_ultralytics_2025_v1/labels/train/image298.txt,True,,640,640,RGB,cdad27a05541b3fd596d1dffb33f121aef3d0bbc4831d73c0752ac999b7d958f,3d27969c8a29c5e8,8,0,"0,1,2,3,4,6",2085.2901888
train,image299,/root/autodl-tmp/datasets/sources/construction-ppe_ultralytics_2025_v1/images/train/image299.jpg,/root/autodl-tmp/datasets/sources/construction-ppe_ultralytics_2025_v1/labels/train/image299.txt,True,,640,640,RGB,29ac1640579fd7b8f98d6c01002d7c7c5b6f0f46c1eae00d520f7218ce8f2fed,c61eef4f9cde5b90,8,0,"0,1,2,3,4,6",2218.4967168000003
train,image3,/root/autodl-tmp/datasets/sources/construction-ppe_ultralytics_2025_v1/images/train/image3.jpeg,/root/autodl-tmp/datasets/sources/construction-ppe_ultralytics_2025_v1/labels/train/image3.txt,True,,640,640,RGB,6b3b30b75a9293ef09ce794d4404807e39a54483632f131787d60b4d2159d296,00f492e9ecaca500,3,0,"0,2,6",2623.5317927936
train,image30,/root/autodl-tmp/datasets/sources/construction-ppe_ultralytics_2025_v1/images/train/image30.jpeg,/root/autodl-tmp/datasets/sources/construction-ppe_ultralytics_2025_v1/labels/train/image30.txt,True,,640,640,RGB,dbb5c5eb5d42eadaeebf79c39cb622d89551fd8ae351a86b5236a40d1380e396,00bc5ecfc7f6b800,5,0,"0,2,3,6",5296.6442000383995
train,image300,/root/autodl-tmp/datasets/sources/construction-ppe_ultralytics_2025_v1/images/train/image300.jpeg,/root/autodl-tmp/datasets/sources/construction-ppe_ultralytics_2025_v1/labels/train/image300.txt,True,,640,640,RGB,c0acd2be72d274ba10e0a52226d22e7bf569434f3483c956ffb3c160c152c759,80c0e0b42d6cfe0f,6,0,"2,6",1861.7580879871998
train,image301,/root/autodl-tmp/datasets/sources/construction-ppe_ultralytics_2025_v1/images/train/image301.jpg,/root/autodl-tmp/datasets/sources/construction-ppe_ultralytics_2025_v1/labels/train/image301.txt,True,,640,640,RGB,53c1e367d10472d619f1a03ef70f3a307a216f1debc3d171bf31ceb2b62293b6,03031b1a8a070e0e,5,0,"0,1,2,4,6",1329.4715895808
train,image302,/root/autodl-tmp/datasets/sources/construction-ppe_ultralytics_2025_v1/images/train/image302.jpg,/root/autodl-tmp/datasets/sources/construction-ppe_ultralytics_2025_v1/labels/train/image302.txt,True,,640,640,RGB,842fc976c447ec673ce7560cdc337a9da058b077f102da4e8f6b0f94b8b22051,9885094e040c65f4,8,0,"0,1,2,3,4,6",1996.6162944000002
train,image303,/root/autodl-tmp/datasets/sources/construction-ppe_ultralytics_2025_v1/images/train/image303.jpg,/root/autodl-tmp/datasets/sources/construction-ppe_ultralytics_2025_v1/labels/train/image303.txt,True,,640,640,RGB,c3980b851ab8d01aac1e24099096ce5da1e5af3132f1fb4fac547cef2c7d5f67,8b931f4c8d9532f2,8,0,"0,1,2,3,4,6",2244.8843456512
train,image304,/root/autodl-tmp/datasets/sources/construction-ppe_ultralytics_2025_v1/images/train/image304.jpg,/root/autodl-tmp/datasets/sources/construction-ppe_ultralytics_2025_v1/labels/train/image304.txt,True,,640,640,RGB,7bb5f194b803fb2902751ee40929f44f1b739c0917bd49490b570fda9ac5321c,d898491158c88ccc,8,0,"2,6",5738.8326912
train,image305,/root/autodl-tmp/datasets/sources/construction-ppe_ultralytics_2025_v1/images/train/image305.jpg,/root/autodl-tmp/datasets/sources/construction-ppe_ultralytics_2025_v1/labels/train/image305.txt,True,,640,640,RGB,6ebeeda5f3594540686cede4c011d29d83b1321cda62a2090139ea9be172f514,c8cf9b99b5edcaba,13,0,"0,1,2,6",759.4354688000001
train,image306,/root/autodl-tmp/datasets/sources/construction-ppe_ultralytics_2025_v1/images/train/image306.jpg,/root/autodl-tmp/datasets/sources/construction-ppe_ultralytics_2025_v1/labels/train/image306.txt,True,,640,640,RGB,5e153c6c2a1807557998bee2118cc4c219ac093c58fa3c0b1b48cea2b1ef0610,84c0689cdcec7c9e,21,0,"0,2,6",411.66404321280004
train,image307,/root/autodl-tmp/datasets/sources/construction-ppe_ultralytics_2025_v1/images/train/image307.jpg,/root/autodl-tmp/datasets/sources/construction-ppe_ultralytics_2025_v1/labels/train/image307.txt,True,,640,640,RGB,9476fb4d706cd98a65740fbdb056bf170060e2ef2abaa5407e1644f0e8800782,c2f0b965c94c46c2,14,0,"2,5,6",13018.290275942401
train,image308,/root/autodl-tmp/datasets/sources/construction-ppe_ultralytics_2025_v1/images/train/image308.jpg,/root/autodl-tmp/datasets/sources/construction-ppe_ultralytics_2025_v1/labels/train/image308.txt,True,,640,640,RGB,6f9c1097a8fb1075c1d4c16d2e2172f52c332808b09b04f15fd028468bc4f845,06f440204c999005,17,0,"0,2,6",1517.3616992256002
train,image309,/root/autodl-tmp/datasets/sources/construction-ppe_ultralytics_2025_v1/images/train/image309.jpg,/root/autodl-tmp/datasets/sources/construction-ppe_ultralytics_2025_v1/labels/train/image309.txt,True,,640,640,RGB,91de4823d21c08b151a45dac52a1101b9cfb0e4f3283fce3a5572b93764bf237,c4c0d8dc29dd3819,16,0,"0,6",4908.4015951872
train,image310,/root/autodl-tmp/datasets/sources/construction-ppe_ultralytics_2025_v1/images/train/image310.jpg,/root/autodl-tmp/datasets/sources/construction-ppe_ultralytics_2025_v1/labels/train/image310.txt,True,,640,640,RGB,f06f7195402f52662730b1bbc54b7a1e17188e7071a6957d17a25ed999aeff75,8e8f1e73737b293b,4,0,"0,2,4,6",22550.560734412797
train,image311,/root/autodl-tmp/datasets/sources/construction-ppe_ultralytics_2025_v1/images/train/image311.jpg,/root/autodl-tmp/datasets/sources/construction-ppe_ultralytics_2025_v1/labels/train/image311.txt,True,,640,640,RGB,7e9a077121f48dbe269e62ef3544d83a2aa4c6b8fa87f8e45c32965053e5c96c,fe4e6f2ea78fc7c7,5,0,"0,1,2,6",1148.4028928000002
train,image312,/root/autodl-tmp/datasets/sources/construction-ppe_ultralytics_2025_v1/images/train/image312.jpg,/root/autodl-tmp/datasets/sources/construction-ppe_ultralytics_2025_v1/labels/train/image312.txt,True,,640,640,RGB,951eb62fc3841df549355dee706399872c95c68bca636baaf8d7d90f9740ea20,e7e7842d237332ae,5,0,"0,1,2,6",14520.989456793597
train,image313,/root/autodl-tmp/datasets/sources/construction-ppe_ultralytics_2025_v1/images/train/image313.jpg,/root/autodl-tmp/datasets/sources/construction-ppe_ultralytics_2025_v1/labels/train/image313.txt,True,,640,640,RGB,edcc4f28d89b002c9d209dbce7becdbcc81c3c56dda8f9427d531e8bb6f6a5e6,262e31be1a9d9596,5,0,"0,1,2,6",4347.1015231488
train,image314,/root/autodl-tmp/datasets/sources/construction-ppe_ultralytics_2025_v1/images/train/image314.jpg,/root/autodl-tmp/datasets/sources/construction-ppe_ultralytics_2025_v1/labels/train/image314.txt,True,,640,640,RGB,d042f44b26a9a565a30438ceb84214e697007242d4b584d8c60ce1ae90792387,8499193337270e94,3,0,"0,2,6",9914.164736
train,image315,/root/autodl-tmp/datasets/sources/construction-ppe_ultralytics_2025_v1/images/train/image315.jpg,/root/autodl-tmp/datasets/sources/construction-ppe_ultralytics_2025_v1/labels/train/image315.txt,True,,640,640,RGB,1f6d5279303f745803a055e4cb91a24d292c8f6d7c5d42a22448b0fbf8a07182,d373637172727139,10,0,"0,1,2,6",9399.7785096192
train,image316,/root/autodl-tmp/datasets/sources/construction-ppe_ultralytics_2025_v1/images/train/image316.jpg,/root/autodl-tmp/datasets/sources/construction-ppe_ultralytics_2025_v1/labels/train/image316.txt,True,,640,640,RGB,752c48bf5304ce2fe8ed3cea6d73805b23ddadad2bd8d528b962ac822e892935,c0a3db938f9614fc,6,0,"0,1,2,4,6",1213.6404639744003
train,image317,/root/autodl-tmp/datasets/sources/construction-ppe_ultralytics_2025_v1/images/train/image317.jpg,/root/autodl-tmp/datasets/sources/construction-ppe_ultralytics_2025_v1/labels/train/image317.txt,True,,640,640,RGB,2eb8e8a9d2e822ac129fb68365d8873dcaffc988ad0b8dc733e22bc307976cc1,82039787069636be,4,0,"0,1,2,6",1475.5422216191998
train,image319,/root/autodl-tmp/datasets/sources/construction-ppe_ultralytics_2025_v1/images/train/image319.jpg,/root/autodl-tmp/datasets/sources/construction-ppe_ultralytics_2025_v1/labels/train/image319.txt,True,,640,640,RGB,cdbd416909a60471ed109cd15ae9948d178971f5bbe1d4022784013515c4c86f,848b9b17272638f8,4,0,"0,2,4,6",1560.3302400000002
train,image32,/root/autodl-tmp/datasets/sources/construction-ppe_ultralytics_2025_v1/images/train/image32.jpeg,/root/autodl-tmp/datasets/sources/construction-ppe_ultralytics_2025_v1/labels/train/image32.txt,True,,640,640,RGB,bb652fe3f598ba9503e0c5cec5fa9022d82d7ea49b24bf09aab3f4a5e9e410a4,00d8d0e6c6ce4c00,6,0,"0,1,2,4,6",3638.963506380799
train,image320,/root/autodl-tmp/datasets/sources/construction-ppe_ultralytics_2025_v1/images/train/image320.jpg,/root/autodl-tmp/datasets/sources/construction-ppe_ultralytics_2025_v1/labels/train/image320.txt,True,,640,640,RGB,ee1893c97c29dd4efc59ce1d0eba626fb28916478f0d03f43fa7a31b1e691435,e01a0eecd97aab86,16,0,"0,2,4,6",594.3922016256001
train,image321,/root/autodl-tmp/datasets/sources/construction-ppe_ultralytics_2025_v1/images/train/image321.jpg,/root/autodl-tmp/datasets/sources/construction-ppe_ultralytics_2025_v1/labels/train/image321.txt,True,,640,640,RGB,42b9984f50640774822cd18b4d7d51e92af35d53bc976962195f559249e63c4e,b01d8fe5a464b6ec,18,0,"0,2,3,6",1686.4813056000003
train,image322,/root/autodl-tmp/datasets/sources/construction-ppe_ultralytics_2025_v1/images/train/image322.jpg,/root/autodl-tmp/datasets/sources/construction-ppe_ultralytics_2025_v1/labels/train/image322.txt,True,,640,640,RGB,1161168b25ddee0eea8e5f0d01f826e7976448e947639f1c146ad1abad24a7e0,80b9b080281c1616,17,0,"0,2,6",509.98384721919996
train,image323,/root/autodl-tmp/datasets/sources/construction-ppe_ultralytics_2025_v1/images/train/image323.jpg,/root/autodl-tmp/datasets/sources/construction-ppe_ultralytics_2025_v1/labels/train/image323.txt,True,,640,640,RGB,5ae91be0dec2f0af5f000d29b9ca3809fe56b832f9707e0f7b3644c093ffa3af,e0a4a496ca6b6b45,10,0,"0,2,4,6",1449.355776
train,image325,/root/autodl-tmp/datasets/sources/construction-ppe_ultralytics_2025_v1/images/train/image325.jpg,/root/autodl-tmp/datasets/sources/construction-ppe_ultralytics_2025_v1/labels/train/image325.txt,True,,640,640,RGB,c27b6f554de326a7fb7d2471efde6fa78d74087484e343bee3d279f5154be3e0,4fc568099616c4a4,4,0,"0,1,2,6",2635.0361616384
train,image326,/root/autodl-tmp/datasets/sources/construction-ppe_ultralytics_2025_v1/images/train/image326.jpg,/root/autodl-tmp/datasets/sources/construction-ppe_ultralytics_2025_v1/labels/train/image326.txt,True,,640,640,RGB,2428635f10cf809de015d41f3b874aa82472af43b490c2fdbea874f3752e0247,0d4ceb37dedfc88c,5,0,"0,1,2,6",2455.4468696064
train,image327,/root/autodl-tmp/datasets/sources/construction-ppe_ultralytics_2025_v1/images/train/image327.jpeg,/root/autodl-tmp/datasets/sources/construction-ppe_ultralytics_2025_v1/labels/train/image327.txt,True,,640,640,RGB,103b4fd13c0de0aea859abd8be2b8d028bb85a3d4c1c8144d51ec72b6fa7b04d,f4ccccd4c4c4c4d4,3,0,"0,2,6",2163.3127960576
train,image328,/root/autodl-tmp/datasets/sources/construction-ppe_ultralytics_2025_v1/images/train/image328.jpeg,/root/autodl-tmp/datasets/sources/construction-ppe_ultralytics_2025_v1/labels/train/image328.txt,True,,640,640,RGB,2d8f94aaea990e29cd194c1a1287143f023b58ade9264da91d83aff1eb649f59,eae4c6cacad4d494,3,0,"0,2,6",10518.937105612798
train,image33,/root/autodl-tmp/datasets/sources/construction-ppe_ultralytics_2025_v1/images/train/image33.jpg,/root/autodl-tmp/datasets/sources/construction-ppe_ultralytics_2025_v1/labels/train/image33.txt,True,,640,640,RGB,63a86f919d30d4c2cd591181b14b22cf70e96a4cf28143e4fcaf0fc1647e0ba1,01030b1a9a0f0e0e,5,0,"0,1,2,4,6",1568.0729247744
train,image331,/root/autodl-tmp/datasets/sources/construction-ppe_ultralytics_2025_v1/images/train/image331.jpg,/root/autodl-tmp/datasets/sources/construction-ppe_ultralytics_2025_v1/labels/train/image331.txt,True,,640,640,RGB,d88b3ae072e8d50846cbc43c53083a0beacbc6e2bab3e739caa7fd129fa84b8a,91b637cb18121292,4,0,"1,2,6",2877.1898015743996
train,image332,/root/autodl-tmp/datasets/sources/construction-ppe_ultralytics_2025_v1/images/train/image332.jpg,/root/autodl-tmp/datasets/sources/construction-ppe_ultralytics_2025_v1/labels/train/image332.txt,True,,640,640,RGB,a8b40b854dc34d404966ee2aed2064205ff0ddaeb6dd6de1ce779554cfd051ba,0703073696070e0e,5,0,"0,1,2,4,6",1750.3427072000002
train,image333,/root/autodl-tmp/datasets/sources/construction-ppe_ultralytics_2025_v1/images/train/image333.jpg,/root/autodl-tmp/datasets/sources/construction-ppe_ultralytics_2025_v1/labels/train/image333.txt,True,,640,640,RGB,a527aebf66d82f9503a0c23d77c032e9ec1ab20fc7bc858cd9c3fd1f474d682d,c6e611291d9d989e,4,0,"0,1,2,6",5220.401561599999
train,image334,/root/autodl-tmp/datasets/sources/construction-ppe_ultralytics_2025_v1/images/train/image334.jpg,/root/autodl-tmp/datasets/sources/construction-ppe_ultralytics_2025_v1/labels/train/image334.txt,True,,640,640,RGB,412caf545411a069a5c84d312221ebaefbd383b9b82934e6f8003fb156ee80ce,16067766641e9e1e,4,0,"0,1,2,6",6446.841174425599
train,image335,/root/autodl-tmp/datasets/sources/construction-ppe_ultralytics_2025_v1/images/train/image335.jpg,/root/autodl-tmp/datasets/sources/construction-ppe_ultralytics_2025_v1/labels/train/image335.txt,True,,640,640,RGB,40984434446f936162f5a0ec5f5ff3b5765c201f912ef2f959c0d9364ca2eb7f,e0b2932766ecc092,5,0,"0,1,2,6",4202.7954159616
train,image336,/root/autodl-tmp/datasets/sources/construction-ppe_ultralytics_2025_v1/images/train/image336.jpg,/root/autodl-tmp/datasets/sources/construction-ppe_ultralytics_2025_v1/labels/train/image336.txt,True,,640,640,RGB,932dfce945f5c69f10faf7fbb85ad97e21f8f3bcd6fe852fc43f6b4c23d23047,d606663212aa4cac,8,0,"0,2,4,6",5028.2422272
train,image338,/root/autodl-tmp/datasets/sources/construction-ppe_ultralytics_2025_v1/images/train/image338.jpg,/root/autodl-tmp/datasets/sources/construction-ppe_ultralytics_2025_v1/labels/train/image338.txt,True,,640,640,RGB,e868f54a18f0ce38ec8705e52c58f6a449bba2d44f8e41ba8f174791194f36a2,dada4a6ecbb3f3f3,3,0,"0,2,6",8573.373831987199
train,image339,/root/autodl-tmp/datasets/sources/construction-ppe_ultralytics_2025_v1/images/train/image339.jpg,/root/autodl-tmp/datasets/sources/construction-ppe_ultralytics_2025_v1/labels/train/image339.txt,True,,640,640,RGB,cf3e3797abfa15373a4af6b53582d0122da28a69bbd35f2bdf38f573005b134f,a4b46d292c36b0a9,3,0,"0,2,6",8771.1046815744
train,image34,/root/autodl-tmp/datasets/sources/construction-ppe_ultralytics_2025_v1/images/train/image34.jpeg,/root/autodl-tmp/datasets/sources/construction-ppe_ultralytics_2025_v1/labels/train/image34.txt,True,,640,640,RGB,ad5b1c972c512f45ec7a761d242b506bf91466c58ed20bcacdc14a8ded62e5af,d0e0e4e4e0e0e4e4,6,0,"0,2,5,6",1950.8448448512002
train,image340,/root/autodl-tmp/datasets/sources/construction-ppe_ultralytics_2025_v1/images/train/image340.jpg,/root/autodl-tmp/datasets/sources/construction-ppe_ultralytics_2025_v1/labels/train/image340.txt,True,,640,640,RGB,9564981c83fa394ef2f4782e88c59a8bfc3e1a208e13cb2b1fb8dd3cbebb3eb7,e4944b67c1d9f8fc,3,0,"0,2,6",8991.6312416256
train,image341,/root/autodl-tmp/datasets/sources/construction-ppe_ultralytics_2025_v1/images/train/image341.jpg,/root/autodl-tmp/datasets/sources/construction-ppe_ultralytics_2025_v1/labels/train/image341.txt,True,,640,640,RGB,d72f77d4e26f2b3c278af16c0e186cc593c13afbd4d5da1521c54ab60f872ba4,96f40d0934606968,3,0,"0,2,6",3797.2172959744007
train,image342,/root/autodl-tmp/datasets/sources/construction-ppe_ultralytics_2025_v1/images/train/image342.jpg,/root/autodl-tmp/datasets/sources/construction-ppe_ultralytics_2025_v1/labels/train/image342.txt,True,,640,640,RGB,1af28d08ae98906539f8501e50c23e41dcc4691d5a3cdab38fe81764c2752968,72b4c50b824c8eac,3,0,"0,2,6",14506.5179160576
train,image343,/root/autodl-tmp/datasets/sources/construction-ppe_ultralytics_2025_v1/images/train/image343.jpeg,/root/autodl-tmp/datasets/sources/construction-ppe_ultralytics_2025_v1/labels/train/image343.txt,True,,640,640,RGB,b70f96714d6d91e14ca9d5f7c74ef2ad2fb46072e3e5f21384862a2dc68fb8e5,c4d4e8ba9292d0e0,20,0,"0,1,2,6",759.126016
train,image344,/root/autodl-tmp/datasets/sources/construction-ppe_ultralytics_2025_v1/images/train/image344.jpg,/root/autodl-tmp/datasets/sources/construction-ppe_ultralytics_2025_v1/labels/train/image344.txt,True,,640,640,RGB,c2802a31ba1cc25fce0d004f81b60ed077cdbd74644cc65ed9abe4bc8e4ebe7f,3c391b4cb4cc189c,3,0,"0,2,6",11782.6535952384
train,image346,/root/autodl-tmp/datasets/sources/construction-ppe_ultralytics_2025_v1/images/train/image346.jpg,/root/autodl-tmp/datasets/sources/construction-ppe_ultralytics_2025_v1/labels/train/image346.txt,True,,640,640,RGB,783845f354c9941ecd290d3b6bf59e88f6458b944580f70f4c95f5ff10210894,315358bc769c8c9c,3,0,"0,2,6",12403.810644787201
train,image348,/root/autodl-tmp/datasets/sources/construction-ppe_ultralytics_2025_v1/images/train/image348.jpg,/root/autodl-tmp/datasets/sources/construction-ppe_ultralytics_2025_v1/labels/train/image348.txt,True,,640,640,RGB,0dfef735a0b35c14e13fbac2908510ee88271ca12b2a9f05f9d34bd3ccafc57e,cecddc0c8335c184,3,0,"0,2,6",7456.185173606401
train,image349,/root/autodl-tmp/datasets/sources/construction-ppe_ultralytics_2025_v1/images/train/image349.jpg,/root/autodl-tmp/datasets/sources/construction-ppe_ultralytics_2025_v1/labels/train/image349.txt,True,,640,640,RGB,30a815324d45fec68c76a4d6cc3d0d89457a61771ad147b5cc0e2ad51dbe63cf,7e469a9ad4466c30,10,0,"2,6",20359.5454464
train,image351,/root/autodl-tmp/datasets/sources/construction-ppe_ultralytics_2025_v1/images/train/image351.jpg,/root/autodl-tmp/datasets/sources/construction-ppe_ultralytics_2025_v1/labels/train/image351.txt,True,,640,640,RGB,a9fd3bbb5c4959ff5b5c4662c3319a419aa1133a975ceeeb10548bc8b26a57bf,fcf7030b4c8c2d86,8,0,"0,1,2,3,4,6",2851.1331504127998
train,image352,/root/autodl-tmp/datasets/sources/construction-ppe_ultralytics_2025_v1/images/train/image352.jpg,/root/autodl-tmp/datasets/sources/construction-ppe_ultralytics_2025_v1/labels/train/image352.txt,True,,640,640,RGB,501fe5476308863d1c5882882240981a459728a8f639c7f9c6daac4994b52ce9,8090969eb959969e,8,0,"0,1,2,6",4696.994067251199
train,image353,/root/autodl-tmp/datasets/sources/construction-ppe_ultralytics_2025_v1/images/train/image353.jpg,/root/autodl-tmp/datasets/sources/construction-ppe_ultralytics_2025_v1/labels/train/image353.txt,True,,640,640,RGB,070cc728df02cc3d4a1bb7f0ba7dd3928394212bbf9cb9adf25586a3e8469c7d,a03a2e1c9c1d9e88,8,0,"0,1,2,3,4,6",2148.3870879744
train,image354,/root/autodl-tmp/datasets/sources/construction-ppe_ultralytics_2025_v1/images/train/image354.jpg,/root/autodl-tmp/datasets/sources/construction-ppe_ultralytics_2025_v1/labels/train/image354.txt,True,,640,640,RGB,aab763126ac4be003e4125ad943b99ab92577a76fa78d2f75adecfa30d515ca4,00179f37a7606281,3,0,"0,2,6",5118.0089167872
train,image356,/root/autodl-tmp/datasets/sources/construction-ppe_ultralytics_2025_v1/images/train/image356.jpg,/root/autodl-tmp/datasets/sources/construction-ppe_ultralytics_2025_v1/labels/train/image356.txt,True,,640,640,RGB,e823abf8477ca7134867bf7b7f6b8830061d82addfcedf2a1317d58ab1fe5005,120d2f1e4c0d1b4c,8,0,"0,1,2,3,4,6",1340.8630104063998
train,image357,/root/autodl-tmp/datasets/sources/construction-ppe_ultralytics_2025_v1/images/train/image357.jpg,/root/autodl-tmp/datasets/sources/construction-ppe_ultralytics_2025_v1/labels/train/image357.txt,True,,640,640,RGB,fa10176dc67782d6e3b466c9c4a95a6d6766833edb3fd5835cf350937d37eefe,f0099b47e6068590,8,0,"0,1,2,3,4,6",1340.8630104063998
train,image358,/root/autodl-tmp/datasets/sources/construction-ppe_ultralytics_2025_v1/images/train/image358.jpg,/root/autodl-tmp/datasets/sources/construction-ppe_ultralytics_2025_v1/labels/train/image358.txt,True,,640,640,RGB,83a0e1bb4727c79b90e60840564a2cc682636f5cc60b856dae9d99b6f6ebe865,d0189e9e8d4d8ea0,8,0,"0,1,2,3,4,6",1340.8630104063998
train,image359,/root/autodl-tmp/datasets/sources/construction-ppe_ultralytics_2025_v1/images/train/image359.jpg,/root/autodl-tmp/datasets/sources/construction-ppe_ultralytics_2025_v1/labels/train/image359.txt,True,,640,640,RGB,0e210ce771fb048481ac96207cff0fc89616767c8ff84c0add8b15dee9e48cfa,880dcdcf4c868ca8,8,0,"0,1,2,3,4,6",1176.9068929024002
train,image36,/root/autodl-tmp/datasets/sources/construction-ppe_ultralytics_2025_v1/images/train/image36.jpg,/root/autodl-tmp/datasets/sources/construction-ppe_ultralytics_2025_v1/labels/train/image36.txt,True,,640,640,RGB,07506210f32f04b19e55313d8483d7a6eea4f80a84cc9ed41f6a788eda7074e7,05031b1a8a07061e,5,0,"0,1,2,6",1638.1153279999999
train,image362,/root/autodl-tmp/datasets/sources/construction-ppe_ultralytics_2025_v1/images/train/image362.jpg,/root/autodl-tmp/datasets/sources/construction-ppe_ultralytics_2025_v1/labels/train/image362.txt,True,,640,640,RGB,f25c9bb17a90c68e96965b589f139de3fb733187d219ec4bf5e16962bc641ac6,f8981297cccd8fac,3,0,"1,6",2658.3422951424
train,image363,/root/autodl-tmp/datasets/sources/construction-ppe_ultralytics_2025_v1/images/train/image363.jpg,/root/autodl-tmp/datasets/sources/construction-ppe_ultralytics_2025_v1/labels/train/image363.txt,True,,640,640,RGB,effa395a29947d08d127cfc7c59ef603bfa81030a1d0bfd1f8bcc7e8ab0f29b4,c80ec7ce06a68690,8,0,"0,1,2,3,4,6",2040.4207792128
train,image364,/root/autodl-tmp/datasets/sources/construction-ppe_ultralytics_2025_v1/images/train/image364.jpg,/root/autodl-tmp/datasets/sources/construction-ppe_ultralytics_2025_v1/labels/train/image364.txt,True,,640,640,RGB,d4545eb7bc51173320358510ea7f33b04a7e0999658b60f37c518079431b5265,208c9c1c1c9a9ec0,7,0,"0,1,2,3,6",2657.8929168384
train,image365,/root/autodl-tmp/datasets/sources/construction-ppe_ultralytics_2025_v1/images/train/image365.jpg,/root/autodl-tmp/datasets/sources/construction-ppe_ultralytics_2025_v1/labels/train/image365.txt,True,,640,640,RGB,90910bd09a2af85965b144f6eb04253268f9c6c974cfdcd81c1d2e1224fb842e,07030726860f0e0e,3,0,"0,2,6",5595.2582639616
train,image366,/root/autodl-tmp/datasets/sources/construction-ppe_ultralytics_2025_v1/images/train/image366.jpg,/root/autodl-tmp/datasets/sources/construction-ppe_ultralytics_2025_v1/labels/train/image366.txt,True,,640,640,RGB,009f773d3d7d4dd7252c9abea7d1da3dcacd4b5dea92dc3247b04a7c68d4a4c8,ec4c0716c6a626dc,8,0,"0,1,2,3,4,6",1341.0437455871997
train,image367,/root/autodl-tmp/datasets/sources/construction-ppe_ultralytics_2025_v1/images/train/image367.jpg,/root/autodl-tmp/datasets/sources/construction-ppe_ultralytics_2025_v1/labels/train/image367.txt,True,,640,640,RGB,62da6cbaa57722a809b2591dbb574427586e6bb915023d0670667d3c7d095217,ca1e3f2f9b9e9ca8,8,0,"0,1,2,3,4,6",1340.8630104063998
train,image368,/root/autodl-tmp/datasets/sources/construction-ppe_ultralytics_2025_v1/images/train/image368.jpg,/root/autodl-tmp/datasets/sources/construction-ppe_ultralytics_2025_v1/labels/train/image368.txt,True,,640,640,RGB,32738c3db01a2d105a848af695e77065f78f1c46e0f2533acc0137838c2a8525,cc1f2f3818343a6e,7,0,"0,1,2,3,6",2658.3422951424
train,image369,/root/autodl-tmp/datasets/sources/construction-ppe_ultralytics_2025_v1/images/train/image369.jpg,/root/autodl-tmp/datasets/sources/construction-ppe_ultralytics_2025_v1/labels/train/image369.txt,True,,640,640,RGB,e4baaf83acea01e6e57956baea124a66feaefeb0cafb1d7752c041f1fd9bcbc6,c010272f9c9d8cc4,8,0,"0,1,2,3,4,6",2040.8530087936
train,image37,/root/autodl-tmp/datasets/sources/construction-ppe_ultralytics_2025_v1/images/train/image37.jpeg,/root/autodl-tmp/datasets/sources/construction-ppe_ultralytics_2025_v1/labels/train/image37.txt,True,,640,640,RGB,a3fe6ea30d5a588a195b51e02efcb885989dcda0b56abbaa0894c9ae30a2baa0,003460e07272e600,8,0,"0,1,3,6",681.9751960576
train,image370,/root/autodl-tmp/datasets/sources/construction-ppe_ultralytics_2025_v1/images/train/image370.jpg,/root/autodl-tmp/datasets/sources/construction-ppe_ultralytics_2025_v1/labels/train/image370.txt,True,,640,640,RGB,6fb31426d12f3227dbc23687b4e1760b9bf1c46e94d8720cd178a69c1e23ffc7,a0fb6303a6464ec8,8,0,"0,1,2,3,4,6",1340.8630104063998
train,image371,/root/autodl-tmp/datasets/sources/construction-ppe_ultralytics_2025_v1/images/train/image371.jpg,/root/autodl-tmp/datasets/sources/construction-ppe_ultralytics_2025_v1/labels/train/image371.txt,True,,640,640,RGB,117d5f9e69d92964e51f89590737e3017e91a34385a5b5faafdad9becfea7a15,203b6f9a9d0ca4a6,8,0,"0,1,2,3,4,6",1341.0437455871997
train,image372,/root/autodl-tmp/datasets/sources/construction-ppe_ultralytics_2025_v1/images/train/image372.jpg,/root/autodl-tmp/datasets/sources/construction-ppe_ultralytics_2025_v1/labels/train/image372.txt,True,,640,640,RGB,c4900593a8d3fd24d902c555676624747122f0fe1aea87f6438cf168424182d9,f0405f3c3a99ccc8,8,0,"0,1,2,3,4,6",1341.0437455871997
train,image373,/root/autodl-tmp/datasets/sources/construction-ppe_ultralytics_2025_v1/images/train/image373.jpg,/root/autodl-tmp/datasets/sources/construction-ppe_ultralytics_2025_v1/labels/train/image373.txt,True,,640,640,RGB,d713c756f0b28ea50706af662bc96d29343892cb339c0368c7df61fa44afc679,f0102f981da4a4a0,8,0,"0,1,2,3,4,6",1340.8630104063998
train,image374,/root/autodl-tmp/datasets/sources/construction-ppe_ultralytics_2025_v1/images/train/image374.jpg,/root/autodl-tmp/datasets/sources/construction-ppe_ultralytics_2025_v1/labels/train/image374.txt,True,,640,640,RGB,630019dbc01deb74156ea63b67ccf13934da9e92c701df30dd47ed42c2ac2a64,c0810f0e7ce5c5c4,8,0,"0,1,2,3,4,6",649.1040575488
train,image375,/root/autodl-tmp/datasets/sources/construction-ppe_ultralytics_2025_v1/images/train/image375.jpg,/root/autodl-tmp/datasets/sources/construction-ppe_ultralytics_2025_v1/labels/train/image375.txt,True,,640,640,RGB,795f40c5f279ef0faf6111f22cacbaa01d019a6413300fbdea83bef2ca5a347c,c0000f6eec8693cc,7,0,"0,1,2,3,6",871.2794632192001
train,image376,/root/autodl-tmp/datasets/sources/construction-ppe_ultralytics_2025_v1/images/train/image376.jpg,/root/autodl-tmp/datasets/sources/construction-ppe_ultralytics_2025_v1/labels/train/image376.txt,True,,640,640,RGB,24551a5f78337a68f1a5df04628e0acb4ea8456bccafecbb077c8d80cb2e96dd,07031716920f0e1e,5,0,"0,2,3,6",1748.2068000767997
train,image377,/root/autodl-tmp/datasets/sources/construction-ppe_ultralytics_2025_v1/images/train/image377.jpg,/root/autodl-tmp/datasets/sources/construction-ppe_ultralytics_2025_v1/labels/train/image377.txt,True,,640,640,RGB,fde31c8ed24fdef3993d2f85ba284837dd5e8f82aa29d82b97afb5d6ee6b2d58,e0fe0f0d48504aea,8,0,"0,1,2,3,4,6",1110.3578791935997
train,image378,/root/autodl-tmp/datasets/sources/construction-ppe_ultralytics_2025_v1/images/train/image378.jpg,/root/autodl-tmp/datasets/sources/construction-ppe_ultralytics_2025_v1/labels/train/image378.txt,True,,640,640,RGB,abfbcf68420409a89320579048cc00c5a83995f4fe6b67f8b31c2da5b2320a68,f00c0f1bc706a6b3,8,0,"0,1,2,3,4,6",2776.6776840192
train,image379,/root/autodl-tmp/datasets/sources/construction-ppe_ultralytics_2025_v1/images/train/image379.jpg,/root/autodl-tmp/datasets/sources/construction-ppe_ultralytics_2025_v1/labels/train/image379.txt,True,,640,640,RGB,3c891bd3739627eda4bb62277c40a75d9ab7bd3b41c1a7d8bb9313050cec9e7f,904f0f26949c8c0a,8,0,"0,1,2,3,4,6",1340.8630104063998
train,image38,/root/autodl-tmp/datasets/sources/construction-ppe_ultralytics_2025_v1/images/train/image38.jpg,/root/autodl-tmp/datasets/sources/construction-ppe_ultralytics_2025_v1/labels/train/image38.txt,True,,640,640,RGB,3c6853995df2eb3d13f658793ced154c1dbc130be77c1a83ed81169d671aae40,00d8e4c519294c00,5,0,"0,1,2,6",1726.5346576383997
train,image380,/root/autodl-tmp/datasets/sources/construction-ppe_ultralytics_2025_v1/images/train/image380.jpg,/root/autodl-tmp/datasets/sources/construction-ppe_ultralytics_2025_v1/labels/train/image380.txt,True,,640,640,RGB,b6a03d45b969f69a021ab79e00ba9f9dce9c0296581986121db224e063fdb2d0,ac8f0f99182a8ef4,8,0,"0,1,2,3,4,6",1134.2289936384
train,image382,/root/autodl-tmp/datasets/sources/construction-ppe_ultralytics_2025_v1/images/train/image382.jpg,/root/autodl-tmp/datasets/sources/construction-ppe_ultralytics_2025_v1/labels/train/image382.txt,True,,640,640,RGB,c047321f6bbbb526333b17e684efd57158f65508b93aab61f51f47d02543edfd,d0103f2f9cca4e8c,8,0,"0,1,2,3,4,6",2658.3422951424
train,image383,/root/autodl-tmp/datasets/sources/construction-ppe_ultralytics_2025_v1/images/train/image383.jpg,/root/autodl-tmp/datasets/sources/construction-ppe_ultralytics_2025_v1/labels/train/image383.txt,True,,640,640,RGB,f2d96d596b175cece97bed88b7327182c2545baa5ec2dd9b07e2c61cc918b047,84070bc3d31343a3,8,0,"0,1,2,3,4,6",3707.5762335744
train,image384,/root/autodl-tmp/datasets/sources/construction-ppe_ultralytics_2025_v1/images/train/image384.jpg,/root/autodl-tmp/datasets/sources/construction-ppe_ultralytics_2025_v1/labels/train/image384.txt,True,,640,640,RGB,44578df0a0ae2ec6b5de1858555df27f342cf28bc9eca11016cfc05c3884f1f0,c013afeced6336b0,8,0,"0,1,2,3,4,6",1340.8630104063998
train,image385,/root/autodl-tmp/datasets/sources/construction-ppe_ultralytics_2025_v1/images/train/image385.jpg,/root/autodl-tmp/datasets/sources/construction-ppe_ultralytics_2025_v1/labels/train/image385.txt,True,,640,640,RGB,8cb8157894093c55279f37a088dbff370b310f8881a81540dbac26cac1a4b632,08478f6f6fe6b6ac,8,0,"0,1,2,3,4,6",829.6016920576001
train,image386,/root/autodl-tmp/datasets/sources/construction-ppe_ultralytics_2025_v1/images/train/image386.jpg,/root/autodl-tmp/datasets/sources/construction-ppe_ultralytics_2025_v1/labels/train/image386.txt,True,,640,640,RGB,01f8e6630a210fee6e90ad1f71cf54d4c563553c6f07c7fbd83c65b18ec367ca,bc2647cbc8941ae4,8,0,"0,1,2,3,4,6",1862.6555920383998
train,image387,/root/autodl-tmp/datasets/sources/construction-ppe_ultralytics_2025_v1/images/train/image387.jpg,/root/autodl-tmp/datasets/sources/construction-ppe_ultralytics_2025_v1/labels/train/image387.txt,True,,640,640,RGB,4407026f29c9654df5346d74bcb0040f38e3456e6bce54c5f95f855790e43d0d,e08a1d6ce686a6d8,8,0,"0,1,2,3,4,6",1119.3713143808002
train,image388,/root/autodl-tmp/datasets/sources/construction-ppe_ultralytics_2025_v1/images/train/image388.jpg,/root/autodl-tmp/datasets/sources/construction-ppe_ultralytics_2025_v1/labels/train/image388.txt,True,,640,640,RGB,a262397b2b3c916da21d902d857058bd124eca8335ff3a4ca59b4ffbc3f94224,eecd1a4ccc8cda4c,8,0,"0,1,2,3,4,6",1340.8630104063998
train,image39,/root/autodl-tmp/datasets/sources/construction-ppe_ultralytics_2025_v1/images/train/image39.jpeg,/root/autodl-tmp/datasets/sources/construction-ppe_ultralytics_2025_v1/labels/train/image39.txt,True,,640,640,RGB,3d52a186b282f8ec83ada73553e6285e9ada0c37f885d7b4124e94c3572e6b2f,104d4c141113fc00,2,0,"2,6",3724.4372447232004
train,image390,/root/autodl-tmp/datasets/sources/construction-ppe_ultralytics_2025_v1/images/train/image390.jpg,/root/autodl-tmp/datasets/sources/construction-ppe_ultralytics_2025_v1/labels/train/image390.txt,True,,640,640,RGB,2687290bc51fe213fe2ff1f7e3761ffbe404c58e179a82b963cc38542e4a8be1,c0081f748fef873c,8,0,"0,1,2,3,4,6",1340.8630104063998
train,image394,/root/autodl-tmp/datasets/sources/construction-ppe_ultralytics_2025_v1/images/train/image394.jpg,/root/autodl-tmp/datasets/sources/construction-ppe_ultralytics_2025_v1/labels/train/image394.txt,True,,640,640,RGB,81504a4bd97ad4716210364ac383b27dc8b872bc245a815d4e43352a06077c8d,c0ab9f86171e8f94,8,0,"0,1,2,3,4,6",4227.673635225599
train,image397,/root/autodl-tmp/datasets/sources/construction-ppe_ultralytics_2025_v1/images/train/image397.jpg,/root/autodl-tmp/datasets/sources/construction-ppe_ultralytics_2025_v1/labels/train/image397.txt,True,,640,640,RGB,62ece786fd556ead37d0e8bcd5ad6cbdd1c9395730d2c0a249b085490086ef47,0303139a9a0f0e0e,4,0,"0,2,3,6",4091.1792975871995
train,image398,/root/autodl-tmp/datasets/sources/construction-ppe_ultralytics_2025_v1/images/train/image398.jpg,/root/autodl-tmp/datasets/sources/construction-ppe_ultralytics_2025_v1/labels/train/image398.txt,True,,640,640,RGB,de5eb47e1ca41d259f9999b1fe7012f34408ae90a84db370e0e4203938cea169,b687230c0f4c82ca,7,0,"0,1,2,3,6",1374.8448927743998
train,image399,/root/autodl-tmp/datasets/sources/construction-ppe_ultralytics_2025_v1/images/train/image399.jpg,/root/autodl-tmp/datasets/sources/construction-ppe_ultralytics_2025_v1/labels/train/image399.txt,True,,640,640,RGB,363a10b54d9dbd130f862f2f76ed963876149f47da8f3ff9731429891cb17bed,c68c1d8dcc8fafca,8,0,"0,1,2,3,4,6",1340.8630104063998
train,image4,/root/autodl-tmp/datasets/sources/construction-ppe_ultralytics_2025_v1/images/train/image4.jpg,/root/autodl-tmp/datasets/sources/construction-ppe_ultralytics_2025_v1/labels/train/image4.txt,True,,640,640,RGB,1a9c7c8484602e63aaca92aeae34349fe454fd32cbe2619c7923b7e64708dab0,00b4e6dc9298cc00,7,0,"0,1,5,6",1075.6918255616
train,image400,/root/autodl-tmp/datasets/sources/construction-ppe_ultralytics_2025_v1/images/train/image400.jpg,/root/autodl-tmp/datasets/sources/construction-ppe_ultralytics_2025_v1/labels/train/image400.txt,True,,640,640,RGB,77bc3f334f46fd292d18b5a802055ab412380fa76e26c27a55fbdd6812bb6a66,c40e3d8f4dcf8fa4,8,0,"0,1,2,3,4,6",2412.1657503744
train,image402,/root/autodl-tmp/datasets/sources/construction-ppe_ultralytics_2025_v1/images/train/image402.jpg,/root/autodl-tmp/datasets/sources/construction-ppe_ultralytics_2025_v1/labels/train/image402.txt,True,,640,640,RGB,6831b8098d94d3e3d32ee6acc7470fab78ab5d47cd7cdbd245db54c88d401ac0,f6a32303c60616e2,8,0,"0,1,2,3,4,6",2040.3888480256
train,image403,/root/autodl-tmp/datasets/sources/construction-ppe_ultralytics_2025_v1/images/train/image403.jpg,/root/autodl-tmp/datasets/sources/construction-ppe_ultralytics_2025_v1/labels/train/image403.txt,True,,640,640,RGB,ec2139add760f555e0f1fb910c753df994237d457924279897895f858b9f12d7,e4c7c726c783a7a6,8,0,"0,1,2,3,4,6",2040.4207792128
train,image404,/root/autodl-tmp/datasets/sources/construction-ppe_ultralytics_2025_v1/images/train/image404.jpg,/root/autodl-tmp/datasets/sources/construction-ppe_ultralytics_2025_v1/labels/train/image404.txt,True,,640,640,RGB,7066a36010f7e03ad523b970e62664a44ec572527c9b77ec9509279727784955,ba93910d67460dea,8,0,"0,1,2,3,4,6",3527.2017088512002
train,image405,/root/autodl-tmp/datasets/sources/construction-ppe_ultralytics_2025_v1/images/train/image405.jpg,/root/autodl-tmp/datasets/sources/construction-ppe_ultralytics_2025_v1/labels/train/image405.txt,True,,640,640,RGB,2b71e8246098c7145bead4544e60b8ca63766890a0eb38c9e52353bab819860a,9cbc261f889a0ef2,8,0,"0,1,2,3,4,6",3143.1925567487997
train,image406,/root/autodl-tmp/datasets/sources/construction-ppe_ultralytics_2025_v1/images/train/image406.jpg,/root/autodl-tmp/datasets/sources/construction-ppe_ultralytics_2025_v1/labels/train/image406.txt,True,,640,640,RGB,38f1950a6bf786f911e0165d9f3f4cbd70ccce755cec4f135eb6781490bb5cc7,dc3c2c3e2c2a0ee6,8,0,"0,1,2,3,4,6",2156.5365223424
train,image408,/root/autodl-tmp/datasets/sources/construction-ppe_ultralytics_2025_v1/images/train/image408.jpg,/root/autodl-tmp/datasets/sources/construction-ppe_ultralytics_2025_v1/labels/train/image408.txt,True,,640,640,RGB,a2b20a3cb7885251cd8f7b44c677748982b2a16561e97e9d37686de56feda47c,0303139e8a0f0e0e,6,0,"0,2,3,5,6",2016.1735688192
train,image409,/root/autodl-tmp/datasets/sources/construction-ppe_ultralytics_2025_v1/images/train/image409.jpg,/root/autodl-tmp/datasets/sources/construction-ppe_ultralytics_2025_v1/labels/train/image409.txt,True,,640,640,RGB,219cf37bcc5ee179ae70db9499adf51506de8398b3c4996f707f187c676e8608,2c170b9f8c1a5dec,8,0,"0,1,2,3,4,6",6107.357523148799
train,image41,/root/autodl-tmp/datasets/sources/construction-ppe_ultralytics_2025_v1/images/train/image41.jpeg,/root/autodl-tmp/datasets/sources/construction-ppe_ultralytics_2025_v1/labels/train/image41.txt,True,,640,640,RGB,65ea0d048ee4321029d101bb7fb32bed06d385bbcea8b572fa83a0d4afae47c1,00108cb8141c1200,5,0,"2,3,5,6",894.2031015936
train,image410,/root/autodl-tmp/datasets/sources/construction-ppe_ultralytics_2025_v1/images/train/image410.jpg,/root/autodl-tmp/datasets/sources/construction-ppe_ultralytics_2025_v1/labels/train/image410.txt,True,,640,640,RGB,2ed68056d433aaf7ec53eb42b4e3d1fa31b4394d7e34a08edaccb63211785c12,923b134bcd2d4e90,7,0,"1,2,3,4,6",1234.6954416128
train,image412,/root/autodl-tmp/datasets/sources/construction-ppe_ultralytics_2025_v1/images/train/image412.jpg,/root/autodl-tmp/datasets/sources/construction-ppe_ultralytics_2025_v1/labels/train/image412.txt,True,,640,640,RGB,be6ee84995ac5a4286e5a20f7ba789c9f636f88b40c3982b67adff67bb07de2d,931737a78f8f8f9a,8,0,"0,1,2,3,4,6",3677.8046455808003
train,image413,/root/autodl-tmp/datasets/sources/construction-ppe_ultralytics_2025_v1/images/train/image413.jpg,/root/autodl-tmp/datasets/sources/construction-ppe_ultralytics_2025_v1/labels/train/image413.txt,True,,640,640,RGB,e389df68e977bcf676436b723672c05d11459dc8ca407cfe5f407d3e94982d39,921637b6c68eaf84,8,0,"0,1,2,3,4,6",3535.3280512000006
train,image414,/root/autodl-tmp/datasets/sources/construction-ppe_ultralytics_2025_v1/images/train/image414.jpg,/root/autodl-tmp/datasets/sources/construction-ppe_ultralytics_2025_v1/labels/train/image414.txt,True,,640,640,RGB,c0d8fc49736d19fc4eb4d8849e7efa49f29dd0018c62ef19d1a7b0ce1d8dca1a,b69712129c8c0a9a,8,0,"0,1,2,3,4,6",3850.5793536
train,image415,/root/autodl-tmp/datasets/sources/construction-ppe_ultralytics_2025_v1/images/train/image415.jpg,/root/autodl-tmp/datasets/sources/construction-ppe_ultralytics_2025_v1/labels/train/image415.txt,True,,640,640,RGB,3ab36963587bfed011b84ee16993476544c03db3f6d49dc78800893f345c179b,cf8f23271c9f1adc,8,0,"0,1,2,3,4,6",3225.2341248000002
train,image416,/root/autodl-tmp/datasets/sources/construction-ppe_ultralytics_2025_v1/images/train/image416.jpg,/root/autodl-tmp/datasets/sources/construction-ppe_ultralytics_2025_v1/labels/train/image416.txt,True,,640,640,RGB,8c625c47abf56a2bbe8a1a50dd45c12285c9906c0408de39eed6d765574e1e7d,b41715139c8e1a8c,8,0,"0,1,2,3,4,6",3863.9037825023997
train,image417,/root/autodl-tmp/datasets/sources/construction-ppe_ultralytics_2025_v1/images/train/image417.jpg,/root/autodl-tmp/datasets/sources/construction-ppe_ultralytics_2025_v1/labels/train/image417.txt,True,,640,640,RGB,729c805f4271b58d51a72a5529146b55e0c3b732316b84770c69e7bbae5f3518,868703131c0d0dda,8,0,"0,1,2,3,4,6",3188.6916440064006
train,image418,/root/autodl-tmp/datasets/sources/construction-ppe_ultralytics_2025_v1/images/train/image418.jpg,/root/autodl-tmp/datasets/sources/construction-ppe_ultralytics_2025_v1/labels/train/image418.txt,True,,640,640,RGB,2ec689031423094f051a0b35c18f0f29749e0fc4ee631000a7ab70a01076b1e2,8f0e1f17c60687a4,8,0,"0,1,2,3,4,6",3577.8491736064
train,image42,/root/autodl-tmp/datasets/sources/construction-ppe_ultralytics_2025_v1/images/train/image42.jpg,/root/autodl-tmp/datasets/sources/construction-ppe_ultralytics_2025_v1/labels/train/image42.txt,True,,640,640,RGB,0ecc2e1d63914baaa9e97d5b96afa625ea907220b3e9161acb3c21b92d05a501,05031712820f0e1e,7,0,"0,1,2,3,6",1222.4697679872
train,image420,/root/autodl-tmp/datasets/sources/construction-ppe_ultralytics_2025_v1/images/train/image420.jpg,/root/autodl-tmp/datasets/sources/construction-ppe_ultralytics_2025_v1/labels/train/image420.txt,True,,640,640,RGB,8332e17c713eb0f10cbdbf8d04388a401ec807924732f91a47925d49307d82b3,9c189d16c626a7a6,8,0,"0,1,2,3,4,6",3396.5910024191994
train,image421,/root/autodl-tmp/datasets/sources/construction-ppe_ultralytics_2025_v1/images/train/image421.jpg,/root/autodl-tmp/datasets/sources/construction-ppe_ultralytics_2025_v1/labels/train/image421.txt,True,,640,640,RGB,afb1e061879b04001f7e41290827131c3ea9b934247834d04b21fa6e2a9af592,fc3a9b37c7c62786,8,0,"0,1,2,3,4,6",3439.7693927423998
train,image422,/root/autodl-tmp/datasets/sources/construction-ppe_ultralytics_2025_v1/images/train/image422.jpg,/root/autodl-tmp/datasets/sources/construction-ppe_ultralytics_2025_v1/labels/train/image422.txt,True,,640,640,RGB,f645f5cc817d0fd32c1a88dac0d7bdb12edc9e5541318df149c05f8644f2941b,b68726064c4c1aea,8,0,"0,1,2,3,4,6",1228.8546815999998
train,image424,/root/autodl-tmp/datasets/sources/construction-ppe_ultralytics_2025_v1/images/train/image424.jpg,/root/autodl-tmp/datasets/sources/construction-ppe_ultralytics_2025_v1/labels/train/image424.txt,True,,640,640,RGB,0ee8f9edf3ce31b57b683a83caf68ac0ebd4e25919bccd64154931045d31fb27,d01e2d874ec62684,8,0,"0,1,2,3,4,6",2040.8530087936
train,image425,/root/autodl-tmp/datasets/sources/construction-ppe_ultralytics_2025_v1/images/train/image425.jpg,/root/autodl-tmp/datasets/sources/construction-ppe_ultralytics_2025_v1/labels/train/image425.txt,True,,640,640,RGB,5e26ed29d1c17380fea75274b921e36996925ed6f0df3b2661e71f2c90d9551f,e00e06c726e6b386,8,0,"0,1,2,3,4,6",2039.9257792512
train,image426,/root/autodl-tmp/datasets/sources/construction-ppe_ultralytics_2025_v1/images/train/image426.jpg,/root/autodl-tmp/datasets/sources/construction-ppe_ultralytics_2025_v1/labels/train/image426.txt,True,,640,640,RGB,e6f31246c4492626436509951e448b84043eff820965f6abed66c8d5a9d44fd8,0a0f4607c6264690,8,0,"0,1,2,3,4,6",3055.3157799936002
train,image427,/root/autodl-tmp/datasets/sources/construction-ppe_ultralytics_2025_v1/images/train/image427.jpg,/root/autodl-tmp/datasets/sources/construction-ppe_ultralytics_2025_v1/labels/train/image427.txt,True,,640,640,RGB,398d640765fc24bfdcc29656c65a7a50ebb680a2ceca9a32dde2bb0e823b817c,42470b0be6a667c2,8,0,"0,1,2,3,4,6",2040.3888480256
train,image428,/root/autodl-tmp/datasets/sources/construction-ppe_ultralytics_2025_v1/images/train/image428.jpg,/root/autodl-tmp/datasets/sources/construction-ppe_ultralytics_2025_v1/labels/train/image428.txt,True,,640,640,RGB,8b2e16bb3f0a7496693969ebc384561591497d72ffe979aa73766b66c01942f4,8c9f371c3930fef4,8,0,"0,1,2,3,4,6",2658.3422951424
train,image429,/root/autodl-tmp/datasets/sources/construction-ppe_ultralytics_2025_v1/images/train/image429.jpg,/root/autodl-tmp/datasets/sources/construction-ppe_ultralytics_2025_v1/labels/train/image429.txt,True,,640,640,RGB,84236947d3d0c89abee767aab45258d2daafbe37506385201e2422c13638c8ad,07030b96960f0e1e,7,0,"0,2,3,5,6",1282.2557024256002
train,image43,/root/autodl-tmp/datasets/sources/construction-ppe_ultralytics_2025_v1/images/train/image43.jpeg,/root/autodl-tmp/datasets/sources/construction-ppe_ultralytics_2025_v1/labels/train/image43.txt,True,,640,640,RGB,897718c6ebfac3f44939082f2779a4e4599482275423c6d3741786bfaa4401f1,006268280b4c0800,7,0,"0,2,3,5,6",812.2990977024001
train,image432,/root/autodl-tmp/datasets/sources/construction-ppe_ultralytics_2025_v1/images/train/image432.jpg,/root/autodl-tmp/datasets/sources/construction-ppe_ultralytics_2025_v1/labels/train/image432.txt,True,,640,640,RGB,3253ffd422e2cb47b948a77ae402078beb898a77d668400ea491ba52bcafa042,aa9f141e9d1a9ae4,8,0,"0,1,2,3,4,6",2450.8376223744
train,image433,/root/autodl-tmp/datasets/sources/construction-ppe_ultralytics_2025_v1/images/train/image433.jpg,/root/autodl-tmp/datasets/sources/construction-ppe_ultralytics_2025_v1/labels/train/image433.txt,True,,640,640,RGB,a33787ff144dd264251a99b5616591232ab3cc499e52b7da0fd27f7979f3997c,c617178667f797c8,8,0,"0,1,2,3,4,6",3228.1948504064003
train,image434,/root/autodl-tmp/datasets/sources/construction-ppe_ultralytics_2025_v1/images/train/image434.jpg,/root/autodl-tmp/datasets/sources/construction-ppe_ultralytics_2025_v1/labels/train/image434.txt,True,,640,640,RGB,776e3ec91cf118928341098cbb386ae47fc233e55590ba81f9d94bd3dba79d2d,ce4b9343c72765b0,8,0,"0,1,2,3,4,6",2658.3422951424
train,image435,/root/autodl-tmp/datasets/sources/construction-ppe_ultralytics_2025_v1/images/train/image435.jpg,/root/autodl-tmp/datasets/sources/construction-ppe_ultralytics_2025_v1/labels/train/image435.txt,True,,640,640,RGB,565da504c7fdf7e9bd07a8b92559aea165ce77a6c198c4b94e3234f12454d080,1c956d2e1e9b0c9d,8,0,"0,1,2,3,4,6",2658.3422951424
train,image436,/root/autodl-tmp/datasets/sources/construction-ppe_ultralytics_2025_v1/images/train/image436.jpg,/root/autodl-tmp/datasets/sources/construction-ppe_ultralytics_2025_v1/labels/train/image436.txt,True,,640,640,RGB,76effb4b55d91be4f6275bd61e2e4793616a624bca49f2c5556e5d3eb9561de5,062e2e24838f8b0b,7,0,"0,1,2,3,6",2619.4824687616
train,image437,/root/autodl-tmp/datasets/sources/construction-ppe_ultralytics_2025_v1/images/train/image437.jpg,/root/autodl-tmp/datasets/sources/construction-ppe_ultralytics_2025_v1/labels/train/image437.txt,True,,640,640,RGB,5fe7cb834672aa0722c8a6ca9789a84d78de46f1afc4f304bc42e3c6f8c9e3ce,aa9f9bd3b61e1f1f,7,0,"0,1,2,3,6",2040.8530087936
train,image438,/root/autodl-tmp/datasets/sources/construction-ppe_ultralytics_2025_v1/images/train/image438.jpg,/root/autodl-tmp/datasets/sources/construction-ppe_ultralytics_2025_v1/labels/train/image438.txt,True,,640,640,RGB,a2b5827dfb77679dd191a59a88590af90fd280c38625dfe17193f8de6ffc3163,838b5bd3ce0a9e96,7,0,"0,1,2,3,6",1917.5679999999998
train,image44,/root/autodl-tmp/datasets/sources/construction-ppe_ultralytics_2025_v1/images/train/image44.jpeg,/root/autodl-tmp/datasets/sources/construction-ppe_ultralytics_2025_v1/labels/train/image44.txt,True,,640,640,RGB,8cb3724335d65b8d3593ab728ff6da8be5fe9e47f37a080a919f10724070aa2b,e4d8c4ece4e4eae8,15,0,"0,1,2,5,6",77.64505600000001
train,image440,/root/autodl-tmp/datasets/sources/construction-ppe_ultralytics_2025_v1/images/train/image440.jpg,/root/autodl-tmp/datasets/sources/construction-ppe_ultralytics_2025_v1/labels/train/image440.txt,True,,640,640,RGB,8c1e3a8bcf9b830553bc867980436e6e18dab28dba539e2391748b129fa409ff,82039396161a1ebe,6,0,"0,3,5,6",3044.1388031999995
train,image442,/root/autodl-tmp/datasets/sources/construction-ppe_ultralytics_2025_v1/images/train/image442.jpg,/root/autodl-tmp/datasets/sources/construction-ppe_ultralytics_2025_v1/labels/train/image442.txt,True,,640,640,RGB,5328bba4cee58cc2e40c9abbd7e32c189007b34b12ff61db9a134175c383d0cd,8c97120ec69524e6,8,0,"0,1,2,3,4,6",2658.3422951424
train,image443,/root/autodl-tmp/datasets/sources/construction-ppe_ultralytics_2025_v1/images/train/image443.jpg,/root/autodl-tmp/datasets/sources/construction-ppe_ultralytics_2025_v1/labels/train/image443.txt,True,,640,640,RGB,51ea99ca3481ba34bd733c068bc80e37ce8cf9fab6b7345063b6cc3527240851,808293d78e8a1af6,6,0,"0,1,2,3,6",2117.7266159616
train,image445,/root/autodl-tmp/datasets/sources/construction-ppe_ultralytics_2025_v1/images/train/image445.jpg,/root/autodl-tmp/datasets/sources/construction-ppe_ultralytics_2025_v1/labels/train/image445.txt,True,,640,640,RGB,c914e693f22b803da8b4018cfb330a542cf84e9db841db2536018d16f7f10b5d,8c9e0b0e468526e6,8,0,"0,1,2,3,4,6",2040.8530087936
train,image447,/root/autodl-tmp/datasets/sources/construction-ppe_ultralytics_2025_v1/images/train/image447.jpg,/root/autodl-tmp/datasets/sources/construction-ppe_ultralytics_2025_v1/labels/train/image447.txt,True,,640,640,RGB,0f407772b39f84feed99bc6c58f5abf217fdcb89d93d9e1630e7f51e7cbc450c,c8f3f2d658796d67,4,0,"2,5,6",9412.7232688128
train,image448,/root/autodl-tmp/datasets/sources/construction-ppe_ultralytics_2025_v1/images/train/image448.jpg,/root/autodl-tmp/datasets/sources/construction-ppe_ultralytics_2025_v1/labels/train/image448.txt,True,,640,640,RGB,27262be5cfdaa7cac69f13c647ceb340a106543b7720a7cec30ac7941a88e2ea,a16b09796373272c,7,0,"0,2,5,6",3046.6678624256
train,image449,/root/autodl-tmp/datasets/sources/construction-ppe_ultralytics_2025_v1/images/train/image449.jpg,/root/autodl-tmp/datasets/sources/construction-ppe_ultralytics_2025_v1/labels/train/image449.txt,True,,640,640,RGB,63d3434a8e759c1029d94ea8cebc7dae52ff3f42535af9261b39aa8375003a2f,3a1e17d7260e5d1c,6,0,"0,1,2,3,6",1388.975616
train,image45,/root/autodl-tmp/datasets/sources/construction-ppe_ultralytics_2025_v1/images/train/image45.jpg,/root/autodl-tmp/datasets/sources/construction-ppe_ultralytics_2025_v1/labels/train/image45.txt,True,,640,640,RGB,6e28d7d855eb4b677ca50cf8af2aadfb15c4ef3600b59494ef10cf01159931e2,05030b088807060e,6,0,"0,1,2,3,6",2290.2420992
train,image451,/root/autodl-tmp/datasets/sources/construction-ppe_ultralytics_2025_v1/images/train/image451.jpg,/root/autodl-tmp/datasets/sources/construction-ppe_ultralytics_2025_v1/labels/train/image451.txt,True,,640,640,RGB,bc63d8f21c2a19178e4009f5c2307a46f844a76bea668937616032849985c099,12130b0c8a870706,6,0,"0,1,2,3,6",808.5593726976
train,image452,/root/autodl-tmp/datasets/sources/construction-ppe_ultralytics_2025_v1/images/train/image452.jpg,/root/autodl-tmp/datasets/sources/construction-ppe_ultralytics_2025_v1/labels/train/image452.txt,True,,640,640,RGB,d4ec1054dc5a58ed42e97ea5a8232bd2d564340cc38ae09d051e98f84e18ffa7,c0891b92171332f6,8,0,"0,1,2,3,6",3414.1779329024
train,image453,/root/autodl-tmp/datasets/sources/construction-ppe_ultralytics_2025_v1/images/train/image453.jpg,/root/autodl-tmp/datasets/sources/construction-ppe_ultralytics_2025_v1/labels/train/image453.txt,True,,640,640,RGB,e9ba9cc163447654c30dbead7b4712dbb6420e8a213d24c237a8a9538d8a752e,e0e7c62e2d63333e,5,0,"0,1,2,6",17980.3674624
train,image454,/root/autodl-tmp/datasets/sources/construction-ppe_ultralytics_2025_v1/images/train/image454.jpg,/root/autodl-tmp/datasets/sources/construction-ppe_ultralytics_2025_v1/labels/train/image454.txt,True,,640,640,RGB,76105b62536052cbe6c2666b9b1030f7fb5c98d64c85c66ca211e985ac719c53,ca9b9393969606de,4,0,"0,3,6",6233.204837580799
train,image455,/root/autodl-tmp/datasets/sources/construction-ppe_ultralytics_2025_v1/images/train/image455.jpg,/root/autodl-tmp/datasets/sources/construction-ppe_ultralytics_2025_v1/labels/train/image455.txt,True,,640,640,RGB,9c3adbd78077d7ecd141993222969796f7fe8af8970e7ea0b22735b49d89e14f,d81a0ad9c9e96da4,3,0,"2,4,6",1340.8630104063998
train,image456,/root/autodl-tmp/datasets/sources/construction-ppe_ultralytics_2025_v1/images/train/image456.jpg,/root/autodl-tmp/datasets/sources/construction-ppe_ultralytics_2025_v1/labels/train/image456.txt,True,,640,640,RGB,a60de3e1f2d649bc4fe390791091d45dda5459573051bcc46bc1f73c982698b8,84030784868f9a9a,5,0,"0,1,2,3,6",1587.0929919999996
train,image457,/root/autodl-tmp/datasets/sources/construction-ppe_ultralytics_2025_v1/images/train/image457.jpg,/root/autodl-tmp/datasets/sources/construction-ppe_ultralytics_2025_v1/labels/train/image457.txt,True,,640,640,RGB,b3a0c9b02d684659d4c787f6b39a919e35900931a97e746b2e3c9d1765132bdb,b693121a87878784,7,0,"0,1,2,3,6",1423.8239551488002
train,image458,/root/autodl-tmp/datasets/sources/construction-ppe_ultralytics_2025_v1/images/train/image458.jpg,/root/autodl-tmp/datasets/sources/construction-ppe_ultralytics_2025_v1/labels/train/image458.txt,True,,640,640,RGB,bf6212790449237a4512400dc2917cfd5052534657f01329f5380e638de12050,2e6f32b31b9f8793,6,0,"0,1,2,3,5,6",4663.3702367232
train,image461,/root/autodl-tmp/datasets/sources/construction-ppe_ultralytics_2025_v1/images/train/image461.jpg,/root/autodl-tmp/datasets/sources/construction-ppe_ultralytics_2025_v1/labels/train/image461.txt,True,,640,640,RGB,f81c808a3042d5f5c08f13b8bc2f27f63d604d1e7d3cae2fc318938ca152bdbd,98cced4ce41810d8,5,0,"0,1,2,6",4862.6480807936005
train,image463,/root/autodl-tmp/datasets/sources/construction-ppe_ultralytics_2025_v1/images/train/image463.jpg,/root/autodl-tmp/datasets/sources/construction-ppe_ultralytics_2025_v1/labels/train/image463.txt,True,,640,640,RGB,8439ea0189a08aa8dd406bdd58f6ba6c24f58d3686f4bfb54d09f3a95654b834,ea4893a2cc5cbeb8,29,0,"0,1,2,3,4,6",1185.5360856064
train,image465,/root/autodl-tmp/datasets/sources/construction-ppe_ultralytics_2025_v1/images/train/image465.jpg,/root/autodl-tmp/datasets/sources/construction-ppe_ultralytics_2025_v1/labels/train/image465.txt,True,,640,640,RGB,3d8a3801fc35a758bf2065792ff2266120c818a84eabacb55198a2565ffd6712,00f9f3ebcfdfbb7c,29,0,"0,1,2,3,6",269.806592
train,image466,/root/autodl-tmp/datasets/sources/construction-ppe_ultralytics_2025_v1/images/train/image466.jpg,/root/autodl-tmp/datasets/sources/construction-ppe_ultralytics_2025_v1/labels/train/image466.txt,True,,640,640,RGB,9e5b6a073647ee3b3c2602fe3db2bf707d4333ae46442aaae05071dd51e6d8ba,b63766eeb6dc8cbc,24,0,"0,1,2,3,4,6",1340.8630104063998
train,image467,/root/autodl-tmp/datasets/sources/construction-ppe_ultralytics_2025_v1/images/train/image467.jpg,/root/autodl-tmp/datasets/sources/construction-ppe_ultralytics_2025_v1/labels/train/image467.txt,True,,640,640,RGB,6b3e1857fcbb22cde38b55ed27510b4fb6fc40b25565df09cb40bf2af2b25e95,9c8ca89a125056d6,8,0,"0,2,4,6",2591.1299063807996
train,image468,/root/autodl-tmp/datasets/sources/construction-ppe_ultralytics_2025_v1/images/train/image468.jpg,/root/autodl-tmp/datasets/sources/construction-ppe_ultralytics_2025_v1/labels/train/image468.txt,True,,640,640,RGB,ff82f3dd5a964d7e663a37b68ca0eace83f0bd38039e95ce039c788d5f5f928b,f0a435b0d35969aa,16,0,"0,1,2,4,6",2155.5510607872
train,image469,/root/autodl-tmp/datasets/sources/construction-ppe_ultralytics_2025_v1/images/train/image469.jpg,/root/autodl-tmp/datasets/sources/construction-ppe_ultralytics_2025_v1/labels/train/image469.txt,True,,640,640,RGB,89c5c5e9936e80fe03d143905c72d193f9b88d5ec133c9f2b397fc69c71e003e,406c262de4b9719e,19,0,"0,5,6",2142.6514432
train,image47,/root/autodl-tmp/datasets/sources/construction-ppe_ultralytics_2025_v1/images/train/image47.jpg,/root/autodl-tmp/datasets/sources/construction-ppe_ultralytics_2025_v1/labels/train/image47.txt,True,,640,640,RGB,5f766eaf0a4ef45ff28dae18c4d230afc6c579318ea521322b341aa83f30b3da,05030b1a88070e0e,7,0,"0,1,2,3,6",2886.4920399872003
train,image471,/root/autodl-tmp/datasets/sources/construction-ppe_ultralytics_2025_v1/images/train/image471.jpg,/root/autodl-tmp/datasets/sources/construction-ppe_ultralytics_2025_v1/labels/train/image471.txt,True,,640,640,RGB,a3c3af0ed17a866e81b9af38b11d99cc7b57158dec4abe45ac072c7242a899fd,78799936f6d27332,7,0,"0,1,2,3,6",1400.4770144256
train,image472,/root/autodl-tmp/datasets/sources/construction-ppe_ultralytics_2025_v1/images/train/image472.jpg,/root/autodl-tmp/datasets/sources/construction-ppe_ultralytics_2025_v1/labels/train/image472.txt,True,,640,640,RGB,153bf5ed9b00a730b2edbc0e1ba7d00913301ef3148d5e4c7ba1074b144e768b,1c584b67cbcee486,6,0,"0,1,2,3",2311.0225919999993
train,image473,/root/autodl-tmp/datasets/sources/construction-ppe_ultralytics_2025_v1/images/train/image473.jpg,/root/autodl-tmp/datasets/sources/construction-ppe_ultralytics_2025_v1/labels/train/image473.txt,True,,640,640,RGB,2d6aa1dd1fe8dcc125d890cf1b291d05be4ae90186ab1c474ef809414026a90a,38b8899f7656f2b2,7,0,"0,1,2,3,6",2752.5661863936
train,image474,/root/autodl-tmp/datasets/sources/construction-ppe_ultralytics_2025_v1/images/train/image474.jpeg,/root/autodl-tmp/datasets/sources/construction-ppe_ultralytics_2025_v1/labels/train/image474.txt,True,,640,640,RGB,e6590711c7a64cd991c7327dfdaa616016db1c7bd6f420ceb4df6e3fff7aeaaf,8080c40f8814ee0e,5,0,"0,1,2,6",2040.8530087936
train,image475,/root/autodl-tmp/datasets/sources/construction-ppe_ultralytics_2025_v1/images/train/image475.jpg,/root/autodl-tmp/datasets/sources/construction-ppe_ultralytics_2025_v1/labels/train/image475.txt,True,,640,640,RGB,c463c3df24270989e7e48fa083d42726865eb558b049952520e1e4a8569cd564,c6e729090c9190b6,6,0,"2,3,5",3872.2113024
train,image476,/root/autodl-tmp/datasets/sources/construction-ppe_ultralytics_2025_v1/images/train/image476.jpg,/root/autodl-tmp/datasets/sources/construction-ppe_ultralytics_2025_v1/labels/train/image476.txt,True,,640,640,RGB,b8f9f5b09327d21ca4c4f7b861b84917f89cfdc6e57c5a16b1590ae88b09b3ac,60ccf2f466e2d0fc,9,0,"0,2,5,6",1179.3301008384
train,image477,/root/autodl-tmp/datasets/sources/construction-ppe_ultralytics_2025_v1/images/train/image477.jpg,/root/autodl-tmp/datasets/sources/construction-ppe_ultralytics_2025_v1/labels/train/image477.txt,True,,640,640,RGB,683599a591bc6405eb3769a632a2818d792b3fd9ce262d6e5a84ffc4d25e794f,ce0a3373d38f4e26,4,0,"0,1,2,6",6978.178763161601
train,image478,/root/autodl-tmp/datasets/sources/construction-ppe_ultralytics_2025_v1/images/train/image478.jpg,/root/autodl-tmp/datasets/sources/construction-ppe_ultralytics_2025_v1/labels/train/image478.txt,True,,640,640,RGB,a1a0a33e23e9432d54fbba5569dacbb6a28c13ea2799921fefc9c6b997e43350,a0ede973d19c8bcf,7,0,"0,1,2,3,6",3548.2242048
train,image479,/root/autodl-tmp/datasets/sources/construction-ppe_ultralytics_2025_v1/images/train/image479.jpg,/root/autodl-tmp/datasets/sources/construction-ppe_ultralytics_2025_v1/labels/train/image479.txt,True,,640,640,RGB,5a0965675d7934a0face2596d665dc040d9fb70c8803d97296c7bb61f2626101,b868e83039ecbca8,2,0,"2,5",72667.0921039872
train,image48,/root/autodl-tmp/datasets/sources/construction-ppe_ultralytics_2025_v1/images/train/image48.jpeg,/root/autodl-tmp/datasets/sources/construction-ppe_ultralytics_2025_v1/labels/train/image48.txt,True,,640,640,RGB,c7fd84c36207bb74def620088547ff98d7c6a37de55bfd474fe98070ffc5f94b,0036d4ef8c247100,5,0,"0,1,2,6",954.0221951999999
train,image480,/root/autodl-tmp/datasets/sources/construction-ppe_ultralytics_2025_v1/images/train/image480.jpg,/root/autodl-tmp/datasets/sources/construction-ppe_ultralytics_2025_v1/labels/train/image480.txt,True,,640,640,RGB,4bca4bf7f46fdac19fc48f8f7b3660433e0c7ae8bce0502ac6f9ae962801e78e,b2ab68f0e16966e0,1,0,6,278031.46229596157
train,image482,/root/autodl-tmp/datasets/sources/construction-ppe_ultralytics_2025_v1/images/train/image482.jpg,/root/autodl-tmp/datasets/sources/construction-ppe_ultralytics_2025_v1/labels/train/image482.txt,True,,640,640,RGB,1f07a30b10a7d983f97fa5fd3bbfeaa5d3fbd07279c39c8df713f7c9ffd97dc5,f222e2f63c6c9494,1,0,5,80593.2610224128
train,image483,/root/autodl-tmp/datasets/sources/construction-ppe_ultralytics_2025_v1/images/train/image483.jpg,/root/autodl-tmp/datasets/sources/construction-ppe_ultralytics_2025_v1/labels/train/image483.txt,True,,640,640,RGB,fe31226af260fe64552a97a261f151528ea0fcb681b12058e413916416be33ea,a4bc6ca83c30b8b0,5,0,"0,2,5,6",4581.5517057024
train,image485,/root/autodl-tmp/datasets/sources/construction-ppe_ultralytics_2025_v1/images/train/image485.jpg,/root/autodl-tmp/datasets/sources/construction-ppe_ultralytics_2025_v1/labels/train/image485.txt,True,,640,640,RGB,5d0640243cdf56fc5d15eff5b288e41cb72f8bb55a8f2d56ba3d4b8df88eb591,d868489c1e323498,5,0,"0,2,5,6",6544.259072
train,image486,/root/autodl-tmp/datasets/sources/construction-ppe_ultralytics_2025_v1/images/train/image486.jpg,/root/autodl-tmp/datasets/sources/construction-ppe_ultralytics_2025_v1/labels/train/image486.txt,True,,640,640,RGB,0f2b5c4eeac1b48dab63136dc44d9bbf91b4f8d643aa462fa2fb8e5c24db55ad,90945d292c343030,5,0,"0,2,5,6",4581.591308697599
train,image488,/root/autodl-tmp/datasets/sources/construction-ppe_ultralytics_2025_v1/images/train/image488.jpg,/root/autodl-tmp/datasets/sources/construction-ppe_ultralytics_2025_v1/labels/train/image488.txt,True,,640,640,RGB,df10a6fed17d69f8ab88c83c50946514ff5a7c7333449d4b5c8398497023b165,38390b8cb298199c,3,0,"0,2,6",12660.594431999998
train,image489,/root/autodl-tmp/datasets/sources/construction-ppe_ultralytics_2025_v1/images/train/image489.jpg,/root/autodl-tmp/datasets/sources/construction-ppe_ultralytics_2025_v1/labels/train/image489.txt,True,,640,640,RGB,42dcb7f33eabf5bec12e44657853fa21468c089fb912f3356c0c80dda0697175,cccc47dfcea3e3f3,3,0,"0,2,6",8866.0704264192
train,image49,/root/autodl-tmp/datasets/sources/construction-ppe_ultralytics_2025_v1/images/train/image49.jpg,/root/autodl-tmp/datasets/sources/construction-ppe_ultralytics_2025_v1/labels/train/image49.txt,True,,640,640,RGB,17d99c985d321074b742602d18c471d08e22b98e39e2fe9a13bc00897f30ab43,05030d4c8c060616,7,0,"0,1,2,3,6",1012.6876639231999
train,image490,/root/autodl-tmp/datasets/sources/construction-ppe_ultralytics_2025_v1/images/train/image490.jpg,/root/autodl-tmp/datasets/sources/construction-ppe_ultralytics_2025_v1/labels/train/image490.txt,True,,640,640,RGB,14a97057a9e0f2a404121467aaeb3bd63926f6c8d2afc9c783a727036aac9199,e8bc973b6a7266e4,3,0,"0,2,6",17157.853696000002
train,image491,/root/autodl-tmp/datasets/sources/construction-ppe_ultralytics_2025_v1/images/train/image491.jpg,/root/autodl-tmp/datasets/sources/construction-ppe_ultralytics_2025_v1/labels/train/image491.txt,True,,640,640,RGB,ce4e2a2d24419569d98e7deedd12f035709a261850a1e63412fb51502fc208bf,c8184c4bcd4c0fdc,8,0,"0,1,2,3,4,6",746.2299471872
train,image492,/root/autodl-tmp/datasets/sources/construction-ppe_ultralytics_2025_v1/images/train/image492.jpg,/root/autodl-tmp/datasets/sources/construction-ppe_ultralytics_2025_v1/labels/train/image492.txt,True,,640,640,RGB,dfe2988c160f918b65ff1f0ddd9e0de6e53063b013aa238d940d0d878c2a3f96,0703078686071e1e,3,0,"0,2,6",4678.5467215871995
train,image493,/root/autodl-tmp/datasets/sources/construction-ppe_ultralytics_2025_v1/images/train/image493.jpg,/root/autodl-tmp/datasets/sources/construction-ppe_ultralytics_2025_v1/labels/train/image493.txt,True,,640,640,RGB,f9bf89c667373df10bdffa0b9b3f13f380ab7c5e50bda959c1cdf759f87c3001,8c0ca4cda6a68698,8,0,"0,1,2,3,4,6",1322.1377728512
train,image494,/root/autodl-tmp/datasets/sources/construction-ppe_ultralytics_2025_v1/images/train/image494.jpg,/root/autodl-tmp/datasets/sources/construction-ppe_ultralytics_2025_v1/labels/train/image494.txt,True,,640,640,RGB,6c084fe994e35bd831365bc712643b86573970321bd10195a6d9b80b3b4f9fdf,1e1e6e6f9a9a9ed8,8,0,"0,1,2,3,4,6",2040.3888480256
train,image495,/root/autodl-tmp/datasets/sources/construction-ppe_ultralytics_2025_v1/images/train/image495.jpg,/root/autodl-tmp/datasets/sources/construction-ppe_ultralytics_2025_v1/labels/train/image495.txt,True,,640,640,RGB,702b8fa6bbb32ff11d5f31a72197dc6e1f20e5d53b2089415f1e696ccad31dcb,f49703cb4c8c8af4,7,0,"0,1,2,3,6",2657.8929168384
train,image496,/root/autodl-tmp/datasets/sources/construction-ppe_ultralytics_2025_v1/images/train/image496.jpg,/root/autodl-tmp/datasets/sources/construction-ppe_ultralytics_2025_v1/labels/train/image496.txt,True,,640,640,RGB,74327a54fda9cc3f3051d15f6abb587c958de92a316ee5bea28fca3312c05989,b6079bce4c8dacf2,5,0,"1,3,6",2620.4988592128
train,image497,/root/autodl-tmp/datasets/sources/construction-ppe_ultralytics_2025_v1/images/train/image497.jpg,/root/autodl-tmp/datasets/sources/construction-ppe_ultralytics_2025_v1/labels/train/image497.txt,True,,640,640,RGB,43157b28050b932619600461faa6d8e5d5cd0334b74489c9d3ef00585f78cd69,b0ef0f271c9c9b8e,8,0,"0,1,2,3,4,6",2040.4207792128
train,image498,/root/autodl-tmp/datasets/sources/construction-ppe_ultralytics_2025_v1/images/train/image498.jpg,/root/autodl-tmp/datasets/sources/construction-ppe_ultralytics_2025_v1/labels/train/image498.txt,True,,640,640,RGB,21d2111a35cd5049883049123f8468a5a5cdee90f23fb8380a7c7fe5829c5ac1,000020e5994fc708,16,0,"0,2,5,6",1186.8267528192
train,image499,/root/autodl-tmp/datasets/sources/construction-ppe_ultralytics_2025_v1/images/train/image499.jpg,/root/autodl-tmp/datasets/sources/construction-ppe_ultralytics_2025_v1/labels/train/image499.txt,True,,640,640,RGB,bad1fb64d977857b2f80b5f0bbe4cdc598c536ae0efac93f3420b1c1c68a25c7,10182eded9cd89db,7,0,"0,1,2,3,4,6",998.816
train,image5,/root/autodl-tmp/datasets/sources/construction-ppe_ultralytics_2025_v1/images/train/image5.jpeg,/root/autodl-tmp/datasets/sources/construction-ppe_ultralytics_2025_v1/labels/train/image5.txt,True,,640,640,RGB,874da94f8c57b4d86acc8863a191836d0c2cb45bf819b0de4aefd1f3d6a710b4,ccccccccccc4d4c4,11,0,"0,2,3,6",61.0318671872
train,image50,/root/autodl-tmp/datasets/sources/construction-ppe_ultralytics_2025_v1/images/train/image50.jpeg,/root/autodl-tmp/datasets/sources/construction-ppe_ultralytics_2025_v1/labels/train/image50.txt,True,,640,640,RGB,ea45842d9dc7e846010b77875ad800ac5c9901bea8cd87d348cafbfffb277ee6,00c1e686a7a31700,9,0,"0,2,3,6",536.9648136192
train,image500,/root/autodl-tmp/datasets/sources/construction-ppe_ultralytics_2025_v1/images/train/image500.jpg,/root/autodl-tmp/datasets/sources/construction-ppe_ultralytics_2025_v1/labels/train/image500.txt,True,,640,640,RGB,537e9e29631d0d1e1a16b5fa82870334d7981355eff545ff12bb0fd6b177283b,ef0f0f4ccc9c5ae8,8,0,"0,1,2,3,4,6",860.7774720000001
train,image501,/root/autodl-tmp/datasets/sources/construction-ppe_ultralytics_2025_v1/images/train/image501.jpg,/root/autodl-tmp/datasets/sources/construction-ppe_ultralytics_2025_v1/labels/train/image501.txt,True,,640,640,RGB,550e4f6bb28fe2087e0cf273eb8f2431c12e48ac200b29c008a78c8477b3a60e,e0b307060e1c9be6,7,0,"0,1,2,3,4",1340.8630104063998
train,image503,/root/autodl-tmp/datasets/sources/construction-ppe_ultralytics_2025_v1/images/train/image503.jpg,/root/autodl-tmp/datasets/sources/construction-ppe_ultralytics_2025_v1/labels/train/image503.txt,True,,640,640,RGB,2f00e33f0b3a23f7b83405ab3f59102550e5da67f39be009ff10947767c395e8,07031b9a8e0f0e16,6,0,"0,2,3,5,6",1373.5324336127999
train,image504,/root/autodl-tmp/datasets/sources/construction-ppe_ultralytics_2025_v1/images/train/image504.jpg,/root/autodl-tmp/datasets/sources/construction-ppe_ultralytics_2025_v1/labels/train/image504.txt,True,,640,640,RGB,711f010c8130cfdc42993316f1a0ef1012a313f68212606e2b519db694a86cb9,c48b8b1bcb4a0e93,8,0,"0,1,2,3,4,6",2868.1112735744005
train,image506,/root/autodl-tmp/datasets/sources/construction-ppe_ultralytics_2025_v1/images/train/image506.jpg,/root/autodl-tmp/datasets/sources/construction-ppe_ultralytics_2025_v1/labels/train/image506.txt,True,,640,640,RGB,4628d04f7573d55e6bc1285defb5bf92283caa60e2e3c56e66e9543b4979697d,4707b3978e4e4f9d,8,0,"0,1,2,3,4,6",3158.3150936064
train,image507,/root/autodl-tmp/datasets/sources/construction-ppe_ultralytics_2025_v1/images/train/image507.jpg,/root/autodl-tmp/datasets/sources/construction-ppe_ultralytics_2025_v1/labels/train/image507.txt,True,,640,640,RGB,eb815bdbcfbbfd49e4126b34afea077a29cd6d0a44510b3b9b6a5003f5ecae10,8104199b4383a38d,8,0,"0,1,2,3,4,6",1914.0693520384002
train,image509,/root/autodl-tmp/datasets/sources/construction-ppe_ultralytics_2025_v1/images/train/image509.jpg,/root/autodl-tmp/datasets/sources/construction-ppe_ultralytics_2025_v1/labels/train/image509.txt,True,,640,640,RGB,9d844079fb1569d9aa39059fe5e021710b71a8854e01fbd506262242da466b64,0c2e36160d4d9eac,8,0,"0,1,2,3,4,6",2506.9632520192004
train,image51,/root/autodl-tmp/datasets/sources/construction-ppe_ultralytics_2025_v1/images/train/image51.jpeg,/root/autodl-tmp/datasets/sources/construction-ppe_ultralytics_2025_v1/labels/train/image51.txt,True,,640,640,RGB,58885fcad76056e9e6012de0c9a99e47c084e5497fe1d35a2a7d2de8992ea679,0034e9955fbb9a00,4,0,"0,2,5,6",1239.7011615744
train,image510,/root/autodl-tmp/datasets/sources/construction-ppe_ultralytics_2025_v1/images/train/image510.jpg,/root/autodl-tmp/datasets/sources/construction-ppe_ultralytics_2025_v1/labels/train/image510.txt,True,,640,640,RGB,348c849b865501b7a67d73b8680036c19c26e44e8795d628401fc867e0c57640,181f26278f1d579a,8,0,"0,1,2,3,4,6",2657.8929168384
train,image511,/root/autodl-tmp/datasets/sources/construction-ppe_ultralytics_2025_v1/images/train/image511.jpg,/root/autodl-tmp/datasets/sources/construction-ppe_ultralytics_2025_v1/labels/train/image511.txt,True,,640,640,RGB,d61a0c134e0d394b1de662bfd74a4f9f2781cc1893b34e958c0759fcbc066f09,8a0f26af0d4d0ca8,8,0,"0,1,2,3,4,6",2040.8530087936
train,image512,/root/autodl-tmp/datasets/sources/construction-ppe_ultralytics_2025_v1/images/train/image512.jpg,/root/autodl-tmp/datasets/sources/construction-ppe_ultralytics_2025_v1/labels/train/image512.txt,True,,640,640,RGB,38965dfbffc572b3100ed1fe0804d3b47849f152d089bb66d9fa6fce8fd76850,cc8e97174e4d4eca,8,0,"0,1,2,3,4,6",2039.9257792512
train,image513,/root/autodl-tmp/datasets/sources/construction-ppe_ultralytics_2025_v1/images/train/image513.jpg,/root/autodl-tmp/datasets/sources/construction-ppe_ultralytics_2025_v1/labels/train/image513.txt,True,,640,640,RGB,0486d2c5c5457851f023c84dfd0b566f30490056ce9a05b03d475298ccbff033,0d0d9317c60687a7,8,0,"0,1,2,3,4,6",2203.7765464063996
train,image514,/root/autodl-tmp/datasets/sources/construction-ppe_ultralytics_2025_v1/images/train/image514.jpg,/root/autodl-tmp/datasets/sources/construction-ppe_ultralytics_2025_v1/labels/train/image514.txt,True,,640,640,RGB,d07edb1e6e5f80c811217e3a4641e89d26ea88d8cae92c942130e66113417ce4,9a85276f8d4e4f94,8,0,"0,1,2,3,4,6",3575.4603024384005
train,image515,/root/autodl-tmp/datasets/sources/construction-ppe_ultralytics_2025_v1/images/train/image515.jpg,/root/autodl-tmp/datasets/sources/construction-ppe_ultralytics_2025_v1/labels/train/image515.txt,True,,640,640,RGB,839be9daf4868295a8da2d187eccee444e74361e74244e9438a9d6975076e7d8,4c0c1ecf864c8ea6,8,0,"0,1,2,3,4,6",1620.0234831872
train,image516,/root/autodl-tmp/datasets/sources/construction-ppe_ultralytics_2025_v1/images/train/image516.jpg,/root/autodl-tmp/datasets/sources/construction-ppe_ultralytics_2025_v1/labels/train/image516.txt,True,,640,640,RGB,53bb3aaaee4c10a206a60938de43c80f88d97a5912e87fdfdac09f1bebc26717,fcc90d9fc686a6a6,8,0,"0,1,2,3,4,6",1167.9383560192
train,image518,/root/autodl-tmp/datasets/sources/construction-ppe_ultralytics_2025_v1/images/train/image518.jpg,/root/autodl-tmp/datasets/sources/construction-ppe_ultralytics_2025_v1/labels/train/image518.txt,True,,640,640,RGB,8bafe54fb58582edd4ae53d1b1bfb74d9b088ea2ca1c0346764294788a735419,bc0d2d2f9c9a19be,8,0,"0,1,2,3,4,6",1956.8990879744001
train,image519,/root/autodl-tmp/datasets/sources/construction-ppe_ultralytics_2025_v1/images/train/image519.jpg,/root/autodl-tmp/datasets/sources/construction-ppe_ultralytics_2025_v1/labels/train/image519.txt,True,,640,640,RGB,f2275761047ec3c811de9d014227d0b9daf34cf9b45ae6126c2e42683bb75321,ec899fb78fcd8eae,8,0,"0,1,2,3,4,6",1870.0728328192
train,image52,/root/autodl-tmp/datasets/sources/construction-ppe_ultralytics_2025_v1/images/train/image52.jpg,/root/autodl-tmp/datasets/sources/construction-ppe_ultralytics_2025_v1/labels/train/image52.txt,True,,640,640,RGB,67fc44bbf9327331548378456e7280772933bd492d889ce9e21c65ee4f9ba9ba,05030b0a8a070e1e,7,0,"0,1,2,3,4,6",1340.8630104063998
train,image520,/root/autodl-tmp/datasets/sources/construction-ppe_ultralytics_2025_v1/images/train/image520.jpg,/root/autodl-tmp/datasets/sources/construction-ppe_ultralytics_2025_v1/labels/train/image520.txt,True,,640,640,RGB,6bcca737e84fddc108c1d406d3f8fb9c0be738d66580db32cdfeffa5819add87,25cb934fc627c360,8,0,"0,1,2,3,4,6",2630.5047232511997
train,image521,/root/autodl-tmp/datasets/sources/construction-ppe_ultralytics_2025_v1/images/train/image521.jpeg,/root/autodl-tmp/datasets/sources/construction-ppe_ultralytics_2025_v1/labels/train/image521.txt,True,,640,640,RGB,8e48b2cfa98aa260d38c0d94cafaa1ff9474be58e04daafd06fa45e8853b8bd8,e6c4ccccacbca8b8,11,0,"0,2,3,6",127.00994641919998
train,image522,/root/autodl-tmp/datasets/sources/construction-ppe_ultralytics_2025_v1/images/train/image522.jpeg,/root/autodl-tmp/datasets/sources/construction-ppe_ultralytics_2025_v1/labels/train/image522.txt,True,,640,640,RGB,7f09a9315d1ac73a4a7b7189696d46d838a52dcefc3c724afd8a3a3e603498cf,cc8c8c9c9cd8c8c8,7,0,"0,1,2,3,5,6",556.7909359616001
train,image523,/root/autodl-tmp/datasets/sources/construction-ppe_ultralytics_2025_v1/images/train/image523.jpg,/root/autodl-tmp/datasets/sources/construction-ppe_ultralytics_2025_v1/labels/train/image523.txt,True,,640,640,RGB,2bde43f0fba9aac5da860f9cb3f0e1aca21fe2d3e5b935a9ca29818bd5e9be4d,8083139b9b1a2e0e,5,0,"0,1,2,6",1386.3000080384002
train,image525,/root/autodl-tmp/datasets/sources/construction-ppe_ultralytics_2025_v1/images/train/image525.jpeg,/root/autodl-tmp/datasets/sources/construction-ppe_ultralytics_2025_v1/labels/train/image525.txt,True,,640,640,RGB,ba81e5849b2ee6639796ae2de08d30cb2107fadcbff6f3cfe5408ef8a7358acd,bc7d7be7ce9e3820,7,0,"0,1,2,3,6",558.5062912
train,image526,/root/autodl-tmp/datasets/sources/construction-ppe_ultralytics_2025_v1/images/train/image526.jpg,/root/autodl-tmp/datasets/sources/construction-ppe_ultralytics_2025_v1/labels/train/image526.txt,True,,640,640,RGB,d39ef8e12351692c9d61fb25ed8edd7df4d659185595787abd6a8f87d1914bff,fafa6f6c269747c7,2,0,1,2040.3579039744002
train,image527,/root/autodl-tmp/datasets/sources/construction-ppe_ultralytics_2025_v1/images/train/image527.jpg,/root/autodl-tmp/datasets/sources/construction-ppe_ultralytics_2025_v1/labels/train/image527.txt,True,,640,640,RGB,1707c19d365af9ad4f2ab74439dbede428665aa9f3151ee46a9ceee172d17853,9f9696e6261e1d0d,7,0,"0,1,2,3,6",2624.2764288
train,image528,/root/autodl-tmp/datasets/sources/construction-ppe_ultralytics_2025_v1/images/train/image528.jpg,/root/autodl-tmp/datasets/sources/construction-ppe_ultralytics_2025_v1/labels/train/image528.txt,True,,640,640,RGB,3dc7dd9950c69780bab96b2098861cd461324b60ecba75671610ab101fbfe081,9c8fcb5a321e1c9a,5,0,"0,2,3,6",2405.6405487615993
train,image529,/root/autodl-tmp/datasets/sources/construction-ppe_ultralytics_2025_v1/images/train/image529.jpg,/root/autodl-tmp/datasets/sources/construction-ppe_ultralytics_2025_v1/labels/train/image529.txt,True,,640,640,RGB,22ef360922c2f18d712a2bcbda77088ace94e3f0e52a51a9cd9097bc3ac47f38,8387262413c787e6,5,0,"0,2,3,6",2575.5375624191997
train,image53,/root/autodl-tmp/datasets/sources/construction-ppe_ultralytics_2025_v1/images/train/image53.jpeg,/root/autodl-tmp/datasets/sources/construction-ppe_ultralytics_2025_v1/labels/train/image53.txt,True,,640,640,RGB,9d0e9fb40ed833e5ac7a341a156ce7c33da2aecfda5352d3ede3897811734c78,003163cd3e1b8500,6,0,"0,1,2,3,5,6",1229.6728543232
train,image530,/root/autodl-tmp/datasets/sources/construction-ppe_ultralytics_2025_v1/images/train/image530.jpg,/root/autodl-tmp/datasets/sources/construction-ppe_ultralytics_2025_v1/labels/train/image530.txt,True,,640,640,RGB,6fcd969fbdbd26eea708beae62feeb4ccf438c7aee3e395f8d84dadae74b84f4,3e361d9b360e0e4e,7,0,"0,2,3,5,6",3276.4174327808
train,image531,/root/autodl-tmp/datasets/sources/construction-ppe_ultralytics_2025_v1/images/train/image531.jpg,/root/autodl-tmp/datasets/sources/construction-ppe_ultralytics_2025_v1/labels/train/image531.txt,True,,640,640,RGB,7d92ca4884d7aa8f1d3ae336b9b2eea5c2784dee4acbe830bda0a97d4ecacb29,f4da6eb3b31bd3c1,6,0,"0,2,5,6",2931.5647504384
train,image534,/root/autodl-tmp/datasets/sources/construction-ppe_ultralytics_2025_v1/images/train/image534.jpg,/root/autodl-tmp/datasets/sources/construction-ppe_ultralytics_2025_v1/labels/train/image534.txt,True,,640,640,RGB,7f850453a72087a4deaf6211a03037a58a1a15d111834ffd931374e4a369865b,1f3717b736360e0e,5,0,"0,2,5,6",3717.7476784128
train,image539,/root/autodl-tmp/datasets/sources/construction-ppe_ultralytics_2025_v1/images/train/image539.jpg,/root/autodl-tmp/datasets/sources/construction-ppe_ultralytics_2025_v1/labels/train/image539.txt,True,,640,640,RGB,e23b94b9b2d98c5c9b6c5b2d7e58e3ab911eb8ef8847b9f444a20076b01a4bc8,e0b0bc6369383cc8,20,0,"0,2,3",501.30135285760014
train,image54,/root/autodl-tmp/datasets/sources/construction-ppe_ultralytics_2025_v1/images/train/image54.jpg,/root/autodl-tmp/datasets/sources/construction-ppe_ultralytics_2025_v1/labels/train/image54.txt,True,,640,640,RGB,0c88bd96c0a224a8c3798ec9c0fb862ecebedb54ee4e94f2e03bd9d154fcf82f,07031316860f0e1e,5,0,"0,1,2,6",1777.3601759232
train,image540,/root/autodl-tmp/datasets/sources/construction-ppe_ultralytics_2025_v1/images/train/image540.jpg,/root/autodl-tmp/datasets/sources/construction-ppe_ultralytics_2025_v1/labels/train/image540.txt,True,,640,640,RGB,ea76de8ae13a0a3952ec0262ba7ec934dd356c6f24a826f1c9ca7e61fd49b7c8,f0f239bcec66b2d2,2,0,"2,6",94736.2453512192
train,image542,/root/autodl-tmp/datasets/sources/construction-ppe_ultralytics_2025_v1/images/train/image542.jpg,/root/autodl-tmp/datasets/sources/construction-ppe_ultralytics_2025_v1/labels/train/image542.txt,True,,640,640,RGB,fbf371bf94061a95065acd8e57775b7077cc33ddb088afdfc27407c576c45b7a,d8f396d6de5e3696,10,0,"0,2,4,6",2441.5941279744
train,image543,/root/autodl-tmp/datasets/sources/construction-ppe_ultralytics_2025_v1/images/train/image543.jpg,/root/autodl-tmp/datasets/sources/construction-ppe_ultralytics_2025_v1/labels/train/image543.txt,True,,640,640,RGB,dfa163e205aa61aee4b982a37b28a3f97aaeccff87341178bd0774c2051036ae,a00bd39316161c3c,3,0,"0,2,6",7429.074636799999
train,image544,/root/autodl-tmp/datasets/sources/construction-ppe_ultralytics_2025_v1/images/train/image544.jpg,/root/autodl-tmp/datasets/sources/construction-ppe_ultralytics_2025_v1/labels/train/image544.txt,True,,640,640,RGB,d74abeeacd10770afad5c68e9ccbf292566d1d49c286f7460bd0c6c96535128f,3f1f9bdb1e0e0e0e,3,0,"0,2,6",6543.3132384256
train,image545,/root/autodl-tmp/datasets/sources/construction-ppe_ultralytics_2025_v1/images/train/image545.jpg,/root/autodl-tmp/datasets/sources/construction-ppe_ultralytics_2025_v1/labels/train/image545.txt,True,,640,640,RGB,50a17c1e20bad34e1e0092d49c8ddf6b97ac755ffa7578de6e5e29fdb1a44c4e,5a3e1f9b521e0f1c,3,0,"0,2,6",7443.264923238401
train,image546,/root/autodl-tmp/datasets/sources/construction-ppe_ultralytics_2025_v1/images/train/image546.jpg,/root/autodl-tmp/datasets/sources/construction-ppe_ultralytics_2025_v1/labels/train/image546.txt,True,,640,640,RGB,dc4cf9bab52bcc49cc2d6adf4c0a65dec7558b6f2f68011bb0845bfb990205e9,5e3f17b7b6370f0f,3,0,"0,2,6",10529.7766735872
train,image549,/root/autodl-tmp/datasets/sources/construction-ppe_ultralytics_2025_v1/images/train/image549.jpg,/root/autodl-tmp/datasets/sources/construction-ppe_ultralytics_2025_v1/labels/train/image549.txt,True,,640,640,RGB,ba33f3e754ddd6315db849730e74391b93e486fd85a19ad638a54141a752d187,fc6a69e785d558e6,14,0,"0,1,2,6",1358.0514656256003
train,image55,/root/autodl-tmp/datasets/sources/construction-ppe_ultralytics_2025_v1/images/train/image55.jpeg,/root/autodl-tmp/datasets/sources/construction-ppe_ultralytics_2025_v1/labels/train/image55.txt,True,,640,640,RGB,d24e2163c2e1cbadb968dd10ce5eae275db3c7d145cd0a141e9927bfc80daa5a,00313a3a1a5c6700,7,0,"2,6",17064.524596838397
train,image551,/root/autodl-tmp/datasets/sources/construction-ppe_ultralytics_2025_v1/images/train/image551.jpg,/root/autodl-tmp/datasets/sources/construction-ppe_ultralytics_2025_v1/labels/train/image551.txt,True,,640,640,RGB,00db4cc0281479e4dca492a684aaa8b3418718f00c1a4b59f0f618ebebc5a6f7,c8a2a3171fa3f63c,3,0,"0,2,6",20922.0534272
train,image552,/root/autodl-tmp/datasets/sources/construction-ppe_ultralytics_2025_v1/images/train/image552.jpg,/root/autodl-tmp/datasets/sources/construction-ppe_ultralytics_2025_v1/labels/train/image552.txt,True,,640,640,RGB,37d7626d70090449890066a686ea71f27aece41f92fc5c6d1a47bb83facd76d0,a09b9c9b2e1b2b38,3,0,"0,2,6",29467.190392012802
train,image553,/root/autodl-tmp/datasets/sources/construction-ppe_ultralytics_2025_v1/images/train/image553.jpg,/root/autodl-tmp/datasets/sources/construction-ppe_ultralytics_2025_v1/labels/train/image553.txt,True,,640,640,RGB,c022a275c7061385f53991a027d61c1bfea1abca0b2fb14ffb064a5728bdb4cf,c81f5f989a1b5a5a,7,0,"0,1,2,3,6",4026.9286424575994
train,image554,/root/autodl-tmp/datasets/sources/construction-ppe_ultralytics_2025_v1/images/train/image554.jpg,/root/autodl-tmp/datasets/sources/construction-ppe_ultralytics_2025_v1/labels/train/image554.txt,True,,640,640,RGB,af339ae56da49dee2886fd67e1f021f9e03f1963ef7f1a4be64caf79bdcd8148,d23235e80c2e64e0,4,0,"0,2",7484.8530432
train,image555,/root/autodl-tmp/datasets/sources/construction-ppe_ultralytics_2025_v1/images/train/image555.jpg,/root/autodl-tmp/datasets/sources/construction-ppe_ultralytics_2025_v1/labels/train/image555.txt,True,,640,640,RGB,9541a4e674fbc1a8298900a50f0a224ec1c58922b7d2c50264875e3d299deb79,880646c5c9d992b6,3,0,"0,2,6",22433.768448000003
train,image556,/root/autodl-tmp/datasets/sources/construction-ppe_ultralytics_2025_v1/images/train/image556.jpg,/root/autodl-tmp/datasets/sources/construction-ppe_ultralytics_2025_v1/labels/train/image556.txt,True,,640,640,RGB,c8637f9ec2a8242197d3b180a3556c73afb205958e751385af525402406dd752,d5d62b2dbd3b0bcb,10,0,0,1264.2345984
train,image557,/root/autodl-tmp/datasets/sources/construction-ppe_ultralytics_2025_v1/images/train/image557.jpg,/root/autodl-tmp/datasets/sources/construction-ppe_ultralytics_2025_v1/labels/train/image557.txt,True,,640,640,RGB,73d020e8894833e7c035b7abd103990dbd745faf1d7bc85fed0eb0fba9431cad,eecc2f2d4d0c8c84,3,0,"0,2,6",34273.6477360128
train,image558,/root/autodl-tmp/datasets/sources/construction-ppe_ultralytics_2025_v1/images/train/image558.jpg,/root/autodl-tmp/datasets/sources/construction-ppe_ultralytics_2025_v1/labels/train/image558.txt,True,,640,640,RGB,e77210cdea02a64aebe2df8ab7c9f7d32bb3c48aa51218bf35c3065a51632b7b,834313872697343c,5,0,"0,1,2,3,6",1595.6826783744
train,image559,/root/autodl-tmp/datasets/sources/construction-ppe_ultralytics_2025_v1/images/train/image559.jpg,/root/autodl-tmp/datasets/sources/construction-ppe_ultralytics_2025_v1/labels/train/image559.txt,True,,640,640,RGB,1f6b70a375a3707e209fba0cb0ab18074f27ecc83ecf0a0c65bf0d7a474313ad,7e6e2c26868fc7c0,4,0,"0,2,3",3839.1988760576
train,image56,/root/autodl-tmp/datasets/sources/construction-ppe_ultralytics_2025_v1/images/train/image56.jpg,/root/autodl-tmp/datasets/sources/construction-ppe_ultralytics_2025_v1/labels/train/image56.txt,True,,640,640,RGB,5417b63f112dbc951d1ee4cb4ecd88a45cb96d7788fbd58c1c78ce2cf2f593c2,07031316860f0e1e,7,0,"0,1,2,3,6",2282.5002496
train,image560,/root/autodl-tmp/datasets/sources/construction-ppe_ultralytics_2025_v1/images/train/image560.jpg,/root/autodl-tmp/datasets/sources/construction-ppe_ultralytics_2025_v1/labels/train/image560.txt,True,,640,640,RGB,577464236eb5ae93c9d9d9fdfc90adb1f2c8ca6ea069f186f856626ec2bf5dae,8f9e9e9e4c45d6d4,5,0,"0,1,2,6",3283.9461912576
train,image561,/root/autodl-tmp/datasets/sources/construction-ppe_ultralytics_2025_v1/images/train/image561.jpg,/root/autodl-tmp/datasets/sources/construction-ppe_ultralytics_2025_v1/labels/train/image561.txt,True,,640,640,RGB,0c602661ce7dc83a2a49328964de113297d65085c3de396281a129138781776d,9dcc644ea6185ad8,4,0,"0,1,2,6",7193.579418419198
train,image562,/root/autodl-tmp/datasets/sources/construction-ppe_ultralytics_2025_v1/images/train/image562.jpg,/root/autodl-tmp/datasets/sources/construction-ppe_ultralytics_2025_v1/labels/train/image562.txt,True,,640,640,RGB,b417d3a8646660c18d3576273127d3962666c727024077d9c7d406ad2bd8e98f,ecd6c6d293c711c2,12,0,"0,2",1603.8779903999998
train,image563,/root/autodl-tmp/datasets/sources/construction-ppe_ultralytics_2025_v1/images/train/image563.jpg,/root/autodl-tmp/datasets/sources/construction-ppe_ultralytics_2025_v1/labels/train/image563.txt,True,,640,640,RGB,1037fb3d5e62d036ecb90adc139f1f59786cb7c08cc747e3eeafa15df220f59a,f252c98f73db79a8,6,0,"0,1,2,3",4324.656880025601
train,image564,/root/autodl-tmp/datasets/sources/construction-ppe_ultralytics_2025_v1/images/train/image564.jpg,/root/autodl-tmp/datasets/sources/construction-ppe_ultralytics_2025_v1/labels/train/image564.txt,True,,640,640,RGB,e28f3acbcaf5301b8e0138b4cf92997246fc04097ba32c324ec9607f9f5ef0b4,0713171692130e0e,3,0,"0,2,6",9354.9470736384
train,image565,/root/autodl-tmp/datasets/sources/construction-ppe_ultralytics_2025_v1/images/train/image565.jpg,/root/autodl-tmp/datasets/sources/construction-ppe_ultralytics_2025_v1/labels/train/image565.txt,True,,640,640,RGB,05e1c4a2f611bbcc4af57993e304b799bc912fef5a3b5ab6ce3eeab3971d8fc7,72519b3677d27bba,6,0,"0,1,2,3,6",4509.435392
train,image566,/root/autodl-tmp/datasets/sources/construction-ppe_ultralytics_2025_v1/images/train/image566.jpg,/root/autodl-tmp/datasets/sources/construction-ppe_ultralytics_2025_v1/labels/train/image566.txt,True,,640,640,RGB,e5d726c85f2021ec5a3a34fbb2d1baba171eb82f393a0cbb3110ce0cf3e7d7ef,3839c36ecbece692,5,0,"1,2,3",3678.1036863488
train,image567,/root/autodl-tmp/datasets/sources/construction-ppe_ultralytics_2025_v1/images/train/image567.jpg,/root/autodl-tmp/datasets/sources/construction-ppe_ultralytics_2025_v1/labels/train/image567.txt,True,,640,640,RGB,4e0ffa3f21650c8c251e17fa0a7730b9a52fe1a0d9708d3e2199f22f0b2d7235,e26c6c9825040cec,7,0,"0,1,2,3,6",2684.8123912192
train,image568,/root/autodl-tmp/datasets/sources/construction-ppe_ultralytics_2025_v1/images/train/image568.jpg,/root/autodl-tmp/datasets/sources/construction-ppe_ultralytics_2025_v1/labels/train/image568.txt,True,,640,640,RGB,6639d8bd0a80bda0767822a7cb13c1ff7378eff83caa212fa466c570003b8f27,f838290c0e8c8dcc,3,0,"0,2,6",13406.810129612799
train,image569,/root/autodl-tmp/datasets/sources/construction-ppe_ultralytics_2025_v1/images/train/image569.jpg,/root/autodl-tmp/datasets/sources/construction-ppe_ultralytics_2025_v1/labels/train/image569.txt,True,,640,640,RGB,f99f7f0ac6fb20900b585dae28705a2153b943888e46e829a59bac53a65b01f8,cede3d0d441a185c,3,0,"0,2,6",9538.4019959808
train,image57,/root/autodl-tmp/datasets/sources/construction-ppe_ultralytics_2025_v1/images/train/image57.jpeg,/root/autodl-tmp/datasets/sources/construction-ppe_ultralytics_2025_v1/labels/train/image57.txt,True,,640,640,RGB,c48689ea05a43347a3c8f620424f24a4a32d2ba3f4dca85cdf0f03fbc50a813a,00e822ee98929200,2,0,"3,5",8598.0112871424
train,image570,/root/autodl-tmp/datasets/sources/construction-ppe_ultralytics_2025_v1/images/train/image570.jpg,/root/autodl-tmp/datasets/sources/construction-ppe_ultralytics_2025_v1/labels/train/image570.txt,True,,640,640,RGB,aab445d369e8c8bff58ca54876240b7b1255a224bb733550e73049be30a96777,c6c4455bcbd173ba,3,0,"0,2,6",10059.2615903232
train,image571,/root/autodl-tmp/datasets/sources/construction-ppe_ultralytics_2025_v1/images/train/image571.jpg,/root/autodl-tmp/datasets/sources/construction-ppe_ultralytics_2025_v1/labels/train/image571.txt,True,,640,640,RGB,d5babd20d8137aa69d97e9ad0d5ef14aac92ce9937e51b92de448cd94c7419c1,f07ce6c7c7c18cb4,3,0,"0,2,6",14931.7527543808
train,image572,/root/autodl-tmp/datasets/sources/construction-ppe_ultralytics_2025_v1/images/train/image572.jpg,/root/autodl-tmp/datasets/sources/construction-ppe_ultralytics_2025_v1/labels/train/image572.txt,True,,640,640,RGB,c5e67102b81b3ed237cb348681efd6dae5354cc9afded68af93f9a87d5a577ce,d0b6df0db57479f2,3,0,"0,2,6",21614.2524383232
train,image574,/root/autodl-tmp/datasets/sources/construction-ppe_ultralytics_2025_v1/images/train/image574.jpg,/root/autodl-tmp/datasets/sources/construction-ppe_ultralytics_2025_v1/labels/train/image574.txt,True,,640,640,RGB,cdd998822c9658e9ab993b409f10264aa3b40607580051a37607dcc8c845f56a,d00f070d0c8f8f84,8,0,"0,1,2,3,4,6",1562.1280063488002
train,image575,/root/autodl-tmp/datasets/sources/construction-ppe_ultralytics_2025_v1/images/train/image575.jpg,/root/autodl-tmp/datasets/sources/construction-ppe_ultralytics_2025_v1/labels/train/image575.txt,True,,640,640,RGB,3d20bef69b159b28baf9b8ccc5b829835c5ec2745b9faabb45d3fef87b375ee7,0e8e86865e1a31ab,5,0,"0,1,2,6",3225.9813543935998
train,image577,/root/autodl-tmp/datasets/sources/construction-ppe_ultralytics_2025_v1/images/train/image577.jpg,/root/autodl-tmp/datasets/sources/construction-ppe_ultralytics_2025_v1/labels/train/image577.txt,True,,640,640,RGB,9aee764ae901c2c526d8601c80e578b4259b3240e0a7824747d8c6e4a0e01601,c84a6dcdcf0d0fb1,5,0,"0,2,3,6",6711.7772767232
train,image578,/root/autodl-tmp/datasets/sources/construction-ppe_ultralytics_2025_v1/images/train/image578.jpg,/root/autodl-tmp/datasets/sources/construction-ppe_ultralytics_2025_v1/labels/train/image578.txt,True,,640,640,RGB,db7082956dcd078a6d150fb2e325535f08bd323b34876ed34c2f699a1dbcd6d9,d8189bcecd0d8da2,5,0,"0,2,3,6",7904.9346072576
train,image579,/root/autodl-tmp/datasets/sources/construction-ppe_ultralytics_2025_v1/images/train/image579.jpg,/root/autodl-tmp/datasets/sources/construction-ppe_ultralytics_2025_v1/labels/train/image579.txt,True,,640,640,RGB,582d710ca9f52b379dca8b78bf68e0347005eb301e784c54a299479c24906ecc,cc9e0b0ba626ccec,4,0,"0,2,3",9030.9944639488
train,image580,/root/autodl-tmp/datasets/sources/construction-ppe_ultralytics_2025_v1/images/train/image580.jpg,/root/autodl-tmp/datasets/sources/construction-ppe_ultralytics_2025_v1/labels/train/image580.txt,True,,640,640,RGB,9e8065ccd96e7a8a43724be8809f044268f4d97522d341f9b62b954c1ca1ee61,6e6e667766b2939c,6,0,"0,1,2,3,6",5327.338799923201
train,image581,/root/autodl-tmp/datasets/sources/construction-ppe_ultralytics_2025_v1/images/train/image581.jpg,/root/autodl-tmp/datasets/sources/construction-ppe_ultralytics_2025_v1/labels/train/image581.txt,True,,640,640,RGB,e951a3da3fc0dab8cf143c54ea993eb5c4d1f2bebbfb1f4ce5cd78051e24e9c4,a46447140c4e1a1a,8,0,"0,1,2,3,4,6",2212.7271247872004
train,image582,/root/autodl-tmp/datasets/sources/construction-ppe_ultralytics_2025_v1/images/train/image582.jpg,/root/autodl-tmp/datasets/sources/construction-ppe_ultralytics_2025_v1/labels/train/image582.txt,True,,640,640,RGB,c4b9851bb5f8393e4932186e693b84328f89408ae6b904510a90c59207faafc6,80c66603ce4c4d8a,7,0,"0,1,2,3,4",1893.8171392000002
train,image583,/root/autodl-tmp/datasets/sources/construction-ppe_ultralytics_2025_v1/images/train/image583.jpg,/root/autodl-tmp/datasets/sources/construction-ppe_ultralytics_2025_v1/labels/train/image583.txt,True,,640,640,RGB,10fc426e423a39204fad6392b16be4ea859bcf122da7337bdebe81f34032a444,0b1f278f9f8c8e88,7,0,"0,1,2,3,6",1893.7791488000003
train,image584,/root/autodl-tmp/datasets/sources/construction-ppe_ultralytics_2025_v1/images/train/image584.jpg,/root/autodl-tmp/datasets/sources/construction-ppe_ultralytics_2025_v1/labels/train/image584.txt,True,,640,640,RGB,ad27dbae4ab8e8b215a7cc62f5aafd9c7674604b45ab6e857de76484842855b3,490d378c9d9a1c80,8,0,"0,1,2,3,4,6",1990.5894936576
train,image586,/root/autodl-tmp/datasets/sources/construction-ppe_ultralytics_2025_v1/images/train/image586.jpg,/root/autodl-tmp/datasets/sources/construction-ppe_ultralytics_2025_v1/labels/train/image586.txt,True,,640,640,RGB,4eaac3999434ec3f2bec327ff29aca5f8e50f7ed3c6c319f83cea0bcc3643f4f,0e8e86865e1a21ab,5,0,"0,1,2,6",3204.7355551744
train,image587,/root/autodl-tmp/datasets/sources/construction-ppe_ultralytics_2025_v1/images/train/image587.jpg,/root/autodl-tmp/datasets/sources/construction-ppe_ultralytics_2025_v1/labels/train/image587.txt,True,,640,640,RGB,7c91923cd7276e3705fbf2c85158eb886bb01f20baf498ab536882430335854b,f447130c8c9a42e4,8,0,"0,1,2,3,4,6",2311.6177424384
train,image588,/root/autodl-tmp/datasets/sources/construction-ppe_ultralytics_2025_v1/images/train/image588.jpg,/root/autodl-tmp/datasets/sources/construction-ppe_ultralytics_2025_v1/labels/train/image588.txt,True,,640,640,RGB,56718a97fdc654bda7ef3c03e8dcdbbd37539966b996b62f364049da29762b25,e80e1799189eb4f4,7,0,"0,1,2,3,6",1540.3745816576
train,image589,/root/autodl-tmp/datasets/sources/construction-ppe_ultralytics_2025_v1/images/train/image589.jpg,/root/autodl-tmp/datasets/sources/construction-ppe_ultralytics_2025_v1/labels/train/image589.txt,True,,640,640,RGB,c13ec440c3627a708c3fbf1e000be220c96800e535290c0f9bc622dbc4e72e77,e0213f1c9d1cb7b2,7,0,"0,1,2,3,6",2184.6626271232
train,image59,/root/autodl-tmp/datasets/sources/construction-ppe_ultralytics_2025_v1/images/train/image59.jpg,/root/autodl-tmp/datasets/sources/construction-ppe_ultralytics_2025_v1/labels/train/image59.txt,True,,640,640,RGB,4f2a444bb8cb0e16cd9695cb58a54ae40da4612c463a5ad49201ee83b2b8d574,070313168e0f0e16,5,0,"0,1,2,6",1383.8670512127999
train,image590,/root/autodl-tmp/datasets/sources/construction-ppe_ultralytics_2025_v1/images/train/image590.jpg,/root/autodl-tmp/datasets/sources/construction-ppe_ultralytics_2025_v1/labels/train/image590.txt,True,,640,640,RGB,5175f25a8233a675c34f3a34a8ad01cde568763354862cac7f8288c372d6a3e7,a0efcc8c88ce16e4,5,0,"0,2,3,6",1456.7153688576
train,image591,/root/autodl-tmp/datasets/sources/construction-ppe_ultralytics_2025_v1/images/train/image591.jpg,/root/autodl-tmp/datasets/sources/construction-ppe_ultralytics_2025_v1/labels/train/image591.txt,True,,640,640,RGB,8952d7dfe19d2069b2261d4463bf24498481a99a64da73d95abe56e825751665,f0000d0fcccc85a4,7,0,"0,1,2,3,6",1456.7153688576
train,image592,/root/autodl-tmp/datasets/sources/construction-ppe_ultralytics_2025_v1/images/train/image592.jpg,/root/autodl-tmp/datasets/sources/construction-ppe_ultralytics_2025_v1/labels/train/image592.txt,True,,640,640,RGB,ba66846570545712beea2778a9d03869f970c197d903e44dd4f3a4f584f1fca9,c0f6070b844452ea,7,0,"0,1,2,3,6",1768.8487944192
train,image593,/root/autodl-tmp/datasets/sources/construction-ppe_ultralytics_2025_v1/images/train/image593.jpg,/root/autodl-tmp/datasets/sources/construction-ppe_ultralytics_2025_v1/labels/train/image593.txt,True,,640,640,RGB,0ae0025b4c2b3788f8dd645fd05e5bfb44f9dea2d92edef2e6020b8a2a3e8fdc,f0003f2f58ccae94,7,0,"0,1,2,3,6",2309.3124096
train,image594,/root/autodl-tmp/datasets/sources/construction-ppe_ultralytics_2025_v1/images/train/image594.jpg,/root/autodl-tmp/datasets/sources/construction-ppe_ultralytics_2025_v1/labels/train/image594.txt,True,,640,640,RGB,b4e4d99017fe51b4f8ca82d30b3afd5321874467c4c515f68244e752f79acc6e,80f4870b06e44c5a,7,0,"0,1,2,3,6",2385.9826016256
train,image595,/root/autodl-tmp/datasets/sources/construction-ppe_ultralytics_2025_v1/images/train/image595.jpg,/root/autodl-tmp/datasets/sources/construction-ppe_ultralytics_2025_v1/labels/train/image595.txt,True,,640,640,RGB,40b8a0ddb664ab28e6313730c4a1e87d233eeb95262d24fab4d33417d96b7b01,e0080b17c6c383a4,5,0,"0,2,3,6",7179.9032512512
train,image596,/root/autodl-tmp/datasets/sources/construction-ppe_ultralytics_2025_v1/images/train/image596.jpg,/root/autodl-tmp/datasets/sources/construction-ppe_ultralytics_2025_v1/labels/train/image596.txt,True,,640,640,RGB,d3d0e3098f29b5896f426c3a4737ca0d32de1c1004cdd610dda9c0eb0e4c37a3,be879f1e0e8f999c,5,0,"0,2,3,6",14154.4463327232
train,image597,/root/autodl-tmp/datasets/sources/construction-ppe_ultralytics_2025_v1/images/train/image597.jpeg,/root/autodl-tmp/datasets/sources/construction-ppe_ultralytics_2025_v1/labels/train/image597.txt,True,,640,640,RGB,545cbe66a3616d05f4c26508fcab6aafe3512aaad57548532c6e2cdd405979b7,00ede53367c6ee00,7,0,"0,1,2,3,6",1734.4215207935997
train,image598,/root/autodl-tmp/datasets/sources/construction-ppe_ultralytics_2025_v1/images/train/image598.jpg,/root/autodl-tmp/datasets/sources/construction-ppe_ultralytics_2025_v1/labels/train/image598.txt,True,,640,640,RGB,490799aa85b84c0d92023281a8581b21223873da4df92c96b9896aa210db3515,31994e4c648888ad,5,0,"0,1,2,6",6104.430320025601
train,image599,/root/autodl-tmp/datasets/sources/construction-ppe_ultralytics_2025_v1/images/train/image599.jpg,/root/autodl-tmp/datasets/sources/construction-ppe_ultralytics_2025_v1/labels/train/image599.txt,True,,640,640,RGB,bf01246ee96a0f6f354ae267977aaa9efc04e36c9571218d26787cf18d05b7c5,31994e4c648888ad,5,0,"0,1,2,6",5479.2726360064
train,image60,/root/autodl-tmp/datasets/sources/construction-ppe_ultralytics_2025_v1/images/train/image60.jpeg,/root/autodl-tmp/datasets/sources/construction-ppe_ultralytics_2025_v1/labels/train/image60.txt,True,,640,640,RGB,8e0fecd3e5fca7a72c6a8f66e5daab03565d73e5e79822bfff91c814d6b7089e,00e4e4c4869aa600,2,0,"0,6",21045.3159071744
train,image600,/root/autodl-tmp/datasets/sources/construction-ppe_ultralytics_2025_v1/images/train/image600.jpg,/root/autodl-tmp/datasets/sources/construction-ppe_ultralytics_2025_v1/labels/train/image600.txt,True,,640,640,RGB,d53a8e923101d5cbf8740f0d9b147fa4e792194b566fa496ecc9b0bd26578422,01c4c889e5331608,19,0,"0,2,3,6",500.8715616256
train,image601,/root/autodl-tmp/datasets/sources/construction-ppe_ultralytics_2025_v1/images/train/image601.jpg,/root/autodl-tmp/datasets/sources/construction-ppe_ultralytics_2025_v1/labels/train/image601.txt,True,,640,640,RGB,f765bb7b49449b0cff4eee9626543746877a9f259a45cb3303953ddd16fe2b23,91ddcdd24779fafe,25,0,"0,2,3,6",1311.0768672768
train,image602,/root/autodl-tmp/datasets/sources/construction-ppe_ultralytics_2025_v1/images/train/image602.jpg,/root/autodl-tmp/datasets/sources/construction-ppe_ultralytics_2025_v1/labels/train/image602.txt,True,,640,640,RGB,7353c1ba9edf054d860b3008024f6fa2c5430aef7dd6f49a8008eca4f0054e84,cc8fc9f4e4aa3341,31,0,"0,2,3,4,6",1120.1505615872
train,image603,/root/autodl-tmp/datasets/sources/construction-ppe_ultralytics_2025_v1/images/train/image603.jpg,/root/autodl-tmp/datasets/sources/construction-ppe_ultralytics_2025_v1/labels/train/image603.txt,True,,640,640,RGB,bf71007b0109295cb92c412cd8427f3b96a1c80ec53b71a09c0840424cf78326,603f65c4126f5909,31,0,"0,2,3,4,6",1768.9920831487998
train,image604,/root/autodl-tmp/datasets/sources/construction-ppe_ultralytics_2025_v1/images/train/image604.jpg,/root/autodl-tmp/datasets/sources/construction-ppe_ultralytics_2025_v1/labels/train/image604.txt,True,,640,640,RGB,2cd8afe3f090a6e58fcdda4216abc4507c4764c24da9c65bfd65956eea2feb99,0f5b5f164f4d4d4b,5,0,"0,1,2,6",1966.9073391616
train,image605,/root/autodl-tmp/datasets/sources/construction-ppe_ultralytics_2025_v1/images/train/image605.jpg,/root/autodl-tmp/datasets/sources/construction-ppe_ultralytics_2025_v1/labels/train/image605.txt,True,,640,640,RGB,5fed1a07a79c80d7c666309dadf287335ecb7f18d32a22920c0f9ac3688ce968,6466ebb6964f018a,5,0,"0,2,3,6",1602.0496367616
train,image606,/root/autodl-tmp/datasets/sources/construction-ppe_ultralytics_2025_v1/images/train/image606.jpg,/root/autodl-tmp/datasets/sources/construction-ppe_ultralytics_2025_v1/labels/train/image606.txt,True,,640,640,RGB,cd1431cf7bffa0b3e4da56301e0529d576a4151568ed2c9b21c5e1e4dfe87ee8,546467b6964a200a,5,0,"0,2,3,6",1775.7930848256
train,image609,/root/autodl-tmp/datasets/sources/construction-ppe_ultralytics_2025_v1/images/train/image609.jpeg,/root/autodl-tmp/datasets/sources/construction-ppe_ultralytics_2025_v1/labels/train/image609.txt,True,,640,640,RGB,cdd99cebbc425cdececa6318463ea00b1ba47de1ef22f88c159d9f3d82977a45,6ce41353ccccccc8,3,0,"0,2,6",3132.1965559808
train,image61,/root/autodl-tmp/datasets/sources/construction-ppe_ultralytics_2025_v1/images/train/image61.jpg,/root/autodl-tmp/datasets/sources/construction-ppe_ultralytics_2025_v1/labels/train/image61.txt,True,,640,640,RGB,2db6d632609218d71a0dfdfde43ea03f028989efea2c1b2083129f078e1ecb2a,070317168e0f0e16,5,0,"0,1,2,6",832.2715312128
train,image610,/root/autodl-tmp/datasets/sources/construction-ppe_ultralytics_2025_v1/images/train/image610.jpg,/root/autodl-tmp/datasets/sources/construction-ppe_ultralytics_2025_v1/labels/train/image610.txt,True,,640,640,RGB,2b6b474c8b2b296ce66cee8a8dd2209b465dec99395e86a5389be0bb66dcca24,a889cbea4b160017,18,0,"0,2,3,6",693.7871712256
train,image613,/root/autodl-tmp/datasets/sources/construction-ppe_ultralytics_2025_v1/images/train/image613.jpg,/root/autodl-tmp/datasets/sources/construction-ppe_ultralytics_2025_v1/labels/train/image613.txt,True,,640,640,RGB,e6afd2c229540ea7bd645194180cf97edfc568bfacc345d66fef73a24f3f5416,2e293e2723ad8c9a,17,0,"0,1,2,6",1460.0761024511999
train,image614,/root/autodl-tmp/datasets/sources/construction-ppe_ultralytics_2025_v1/images/train/image614.jpg,/root/autodl-tmp/datasets/sources/construction-ppe_ultralytics_2025_v1/labels/train/image614.txt,True,,640,640,RGB,96dae674aa2d12883f0892e7a2c898100f20b5323b72d3bc2408fde4af53fdb2,d0a0202804844360,26,0,"0,2,3,6",494.3983615999999
train,image617,/root/autodl-tmp/datasets/sources/construction-ppe_ultralytics_2025_v1/images/train/image617.jpg,/root/autodl-tmp/datasets/sources/construction-ppe_ultralytics_2025_v1/labels/train/image617.txt,True,,640,640,RGB,dfed36fe6b13269233ff5d86827aea6adfc1c7c35e25a4ac3731aa3e0bcebd40,f6cecd4c1e5c5c9c,4,0,"0,2,4,6",6589.737468723201
train,image618,/root/autodl-tmp/datasets/sources/construction-ppe_ultralytics_2025_v1/images/train/image618.jpg,/root/autodl-tmp/datasets/sources/construction-ppe_ultralytics_2025_v1/labels/train/image618.txt,True,,640,640,RGB,7aae3ff0301bcc4c0d45213b6b4a92164290679cb3d395691e2862250ad15b35,6521240446c9d9cd,4,0,"0,2,4,6",6172.548879974399
train,image62,/root/autodl-tmp/datasets/sources/construction-ppe_ultralytics_2025_v1/images/train/image62.jpeg,/root/autodl-tmp/datasets/sources/construction-ppe_ultralytics_2025_v1/labels/train/image62.txt,True,,640,640,RGB,7c42a63b6d9453327272cce115a85268caf62bee951637711b1d40fbfdb48523,00fac4fbfbdfc400,6,0,"0,2,5,6",983.6041408512002
train,image620,/root/autodl-tmp/datasets/sources/construction-ppe_ultralytics_2025_v1/images/train/image620.jpg,/root/autodl-tmp/datasets/sources/construction-ppe_ultralytics_2025_v1/labels/train/image620.txt,True,,640,640,RGB,306c5db753fe3777f12816b0611a5bf2477cef908bdc6d5e0dd76a7f26440ec5,c000c4c0c8dc00c0,11,0,"0,2,6",678.1840392192001
train,image621,/root/autodl-tmp/datasets/sources/construction-ppe_ultralytics_2025_v1/images/train/image621.jpg,/root/autodl-tmp/datasets/sources/construction-ppe_ultralytics_2025_v1/labels/train/image621.txt,True,,640,640,RGB,59cd8e1df014990a269fd65b58b58bed0e0e050d7c6f25f0fa0016880d0988fc,0002051592cafcda,14,0,"0,1,2,3,5,6",1021.3189279743999
train,image622,/root/autodl-tmp/datasets/sources/construction-ppe_ultralytics_2025_v1/images/train/image622.jpg,/root/autodl-tmp/datasets/sources/construction-ppe_ultralytics_2025_v1/labels/train/image622.txt,True,,640,640,RGB,c70f02ba694cb3bd43ace2b7b6e127f86c5738de4caf2923def612529a83d064,c06864983376defa,2,0,"2,6",19341.250255257597
train,image623,/root/autodl-tmp/datasets/sources/construction-ppe_ultralytics_2025_v1/images/train/image623.jpg,/root/autodl-tmp/datasets/sources/construction-ppe_ultralytics_2025_v1/labels/train/image623.txt,True,,640,640,RGB,90986d1fc6613406734330640e3be0569343b3136022ea3c29168611528431de,cdcecdc4acc6f6c6,2,0,"0,6",8816.2494496768
train,image624,/root/autodl-tmp/datasets/sources/construction-ppe_ultralytics_2025_v1/images/train/image624.jpg,/root/autodl-tmp/datasets/sources/construction-ppe_ultralytics_2025_v1/labels/train/image624.txt,True,,640,640,RGB,88aa2b2dc1b60c82dc9538dc2d3c0746149d58dbdddd05ed2ba48a0307ad1e8e,c0c666606969c9e6,2,0,"2,6",46640.1292304384
train,image625,/root/autodl-tmp/datasets/sources/construction-ppe_ultralytics_2025_v1/images/train/image625.jpg,/root/autodl-tmp/datasets/sources/construction-ppe_ultralytics_2025_v1/labels/train/image625.txt,True,,640,640,RGB,56053eecbb890aa1aba6d14206c11837e97f4e876f54f34affb1a44e447da6cd,e8e0f0b8e0f22676,6,0,"0,1,4,5,6",3183.5125080064
train,image626,/root/autodl-tmp/datasets/sources/construction-ppe_ultralytics_2025_v1/images/train/image626.jpg,/root/autodl-tmp/datasets/sources/construction-ppe_ultralytics_2025_v1/labels/train/image626.txt,True,,640,640,RGB,dc71bbcd1bd5e1eae3cad26e11a46ecf52c91864aeca17e33a15078ebf656ead,9941440403472626,5,0,"0,3,5,6",13121.4692352
train,image629,/root/autodl-tmp/datasets/sources/construction-ppe_ultralytics_2025_v1/images/train/image629.jpg,/root/autodl-tmp/datasets/sources/construction-ppe_ultralytics_2025_v1/labels/train/image629.txt,True,,640,640,RGB,4315e66f14f520ebb7a0027fa0cda522bc841bc71df7ba0082a59b07b9f6487d,606070706c163604,4,0,"0,2",5217.651657523201
train,image630,/root/autodl-tmp/datasets/sources/construction-ppe_ultralytics_2025_v1/images/train/image630.jpg,/root/autodl-tmp/datasets/sources/construction-ppe_ultralytics_2025_v1/labels/train/image630.txt,True,,640,640,RGB,7c6e37f0b47dbb3966a91af48640ab33fc6ea894e78da118bd2a7d1899437b52,d8d2d64e6a6b5b6e,9,0,"0,2,6",8255.5686752256
train,image631,/root/autodl-tmp/datasets/sources/construction-ppe_ultralytics_2025_v1/images/train/image631.jpeg,/root/autodl-tmp/datasets/sources/construction-ppe_ultralytics_2025_v1/labels/train/image631.txt,True,,640,640,RGB,c6877c407bd692755191d343684fcb50b9f5596b74a013b73248e4a17b5f1ddd,00ce5466d3119400,5,0,"0,6",1331.6290560000002
train,image632,/root/autodl-tmp/datasets/sources/construction-ppe_ultralytics_2025_v1/images/train/image632.jpg,/root/autodl-tmp/datasets/sources/construction-ppe_ultralytics_2025_v1/labels/train/image632.txt,True,,640,640,RGB,67d625a30a2b4de0a774e30d9bd307f6d4c1932ce5d6539b4efd9e66bdf188dd,278db0b933363825,7,0,"0,2,5,6",8240.904397619199
train,image634,/root/autodl-tmp/datasets/sources/construction-ppe_ultralytics_2025_v1/images/train/image634.jpg,/root/autodl-tmp/datasets/sources/construction-ppe_ultralytics_2025_v1/labels/train/image634.txt,True,,640,640,RGB,c767e81d2a914629544c2ba3d3b07f53cfb69e42c05e058c08efe2f14c00d407,b4e6e6b4b4b0b0b4,13,0,"0,1,2,6",1129.0833055744001
train,image635,/root/autodl-tmp/datasets/sources/construction-ppe_ultralytics_2025_v1/images/train/image635.jpg,/root/autodl-tmp/datasets/sources/construction-ppe_ultralytics_2025_v1/labels/train/image635.txt,True,,640,640,RGB,e07acc401880158196dcbab4f673738b9098d8b400cb142bd02cb8bd65bf8b2c,b20c0c646d9c9c4c,3,0,"0,2,6",11653.8073071616
train,image636,/root/autodl-tmp/datasets/sources/construction-ppe_ultralytics_2025_v1/images/train/image636.jpg,/root/autodl-tmp/datasets/sources/construction-ppe_ultralytics_2025_v1/labels/train/image636.txt,True,,640,640,RGB,80afa715cb08a73e5a244fbfe1c4874fa5362068e18269307c3b9ceee70f9bce,1891e0a493e925a7,3,0,"0,1,6",16656.4423008256
train,image637,/root/autodl-tmp/datasets/sources/construction-ppe_ultralytics_2025_v1/images/train/image637.jpg,/root/autodl-tmp/datasets/sources/construction-ppe_ultralytics_2025_v1/labels/train/image637.txt,True,,640,640,RGB,197bd9c187690a3dbb0ccf3c2637934bbe373ea5561414fd76ec795e101261cb,8f2e2426765e2626,28,0,"0,1,2,3,6",1220.8105488384
train,image638,/root/autodl-tmp/datasets/sources/construction-ppe_ultralytics_2025_v1/images/train/image638.jpg,/root/autodl-tmp/datasets/sources/construction-ppe_ultralytics_2025_v1/labels/train/image638.txt,True,,640,640,RGB,d58f9d206bb438388afba28c649f5f563b567f1b091429f402416fb9b3b45ab3,ffffcb5c5e187cdc,12,0,"0,6",659.0270111744
train,image639,/root/autodl-tmp/datasets/sources/construction-ppe_ultralytics_2025_v1/images/train/image639.jpg,/root/autodl-tmp/datasets/sources/construction-ppe_ultralytics_2025_v1/labels/train/image639.txt,True,,640,640,RGB,cb535b5eee4d27eb73b3ba2eb715c6cfb37e190ecfd9b012ef37f08b9726ec07,253793472f2d1d1d,24,0,"0,5,6",693.7871712256
train,image64,/root/autodl-tmp/datasets/sources/construction-ppe_ultralytics_2025_v1/images/train/image64.jpeg,/root/autodl-tmp/datasets/sources/construction-ppe_ultralytics_2025_v1/labels/train/image64.txt,True,,640,640,RGB,7b149123ee50633ec790daafbc51842c398b96f7fe59d120e80509fda2dca2cc,00fefa81e9997000,8,0,"0,1,2,5,6",1517.2759519231997
train,image641,/root/autodl-tmp/datasets/sources/construction-ppe_ultralytics_2025_v1/images/train/image641.jpg,/root/autodl-tmp/datasets/sources/construction-ppe_ultralytics_2025_v1/labels/train/image641.txt,True,,640,640,RGB,db3250b6b2385cddb50cbbbfa99b96bbd8164a59542c0920028a6e895064355a,da5d6ce263272435,5,0,"0,2,6",2164.3186176
train,image642,/root/autodl-tmp/datasets/sources/construction-ppe_ultralytics_2025_v1/images/train/image642.jpeg,/root/autodl-tmp/datasets/sources/construction-ppe_ultralytics_2025_v1/labels/train/image642.txt,True,,640,640,RGB,0cf4ebebd52843a60423933946dc572bff1cfc8a8634ac48cbdd2d73b918f0b2,00f0e0e0f4f0c800,5,0,"0,6",618.8096335872
train,image643,/root/autodl-tmp/datasets/sources/construction-ppe_ultralytics_2025_v1/images/train/image643.jpg,/root/autodl-tmp/datasets/sources/construction-ppe_ultralytics_2025_v1/labels/train/image643.txt,True,,640,640,RGB,daeac3929ccae17b52748538dc2244f828977c926c184541206636123421d553,00a0c2f89e96aa00,8,0,"0,2,5,6",1907.3980735487999
train,image645,/root/autodl-tmp/datasets/sources/construction-ppe_ultralytics_2025_v1/images/train/image645.jpg,/root/autodl-tmp/datasets/sources/construction-ppe_ultralytics_2025_v1/labels/train/image645.txt,True,,640,640,RGB,c9568e7829d53abd2b910bc2d813cce58a5a9284acca545295460f7eb07b1e33,a9cd32b3391c7566,21,0,"0,2,6",2504.0015998976
train,image646,/root/autodl-tmp/datasets/sources/construction-ppe_ultralytics_2025_v1/images/train/image646.jpg,/root/autodl-tmp/datasets/sources/construction-ppe_ultralytics_2025_v1/labels/train/image646.txt,True,,640,640,RGB,73fce1589ea6e2c8c76c29130f468c947454f40a7b7976b9a004f1d9186f59be,e4cc98d9d8ccc346,23,0,"0,6",520.1515905023999
train,image647,/root/autodl-tmp/datasets/sources/construction-ppe_ultralytics_2025_v1/images/train/image647.jpg,/root/autodl-tmp/datasets/sources/construction-ppe_ultralytics_2025_v1/labels/train/image647.txt,True,,640,640,RGB,f4a1ffdd6b4c62ffd642e21b5d2fc93dcc760db74a8d85f3a22933eaeeb15bd3,7b337793e627a92b,6,0,"0,2,6",11036.231883980801
train,image648,/root/autodl-tmp/datasets/sources/construction-ppe_ultralytics_2025_v1/images/train/image648.jpg,/root/autodl-tmp/datasets/sources/construction-ppe_ultralytics_2025_v1/labels/train/image648.txt,True,,640,640,RGB,013fdcecdc23b7efa891483a8c4509663cb88c1809ce475b1c571c7d7b2f5d90,dcd9df9faeb33333,6,0,"0,1,3,5,6",5271.668278476801
train,image649,/root/autodl-tmp/datasets/sources/construction-ppe_ultralytics_2025_v1/images/train/image649.jpg,/root/autodl-tmp/datasets/sources/construction-ppe_ultralytics_2025_v1/labels/train/image649.txt,True,,640,640,RGB,74266ffdae78a0bbe322f8d8236739b8a7b06a0515231a2260047429c2ab70f2,80c8a68642c6dede,3,0,"0,2,6",25220.7399583744
train,image650,/root/autodl-tmp/datasets/sources/construction-ppe_ultralytics_2025_v1/images/train/image650.jpg,/root/autodl-tmp/datasets/sources/construction-ppe_ultralytics_2025_v1/labels/train/image650.txt,True,,640,640,RGB,3533517a099a802c014b8163f4a60f79092760e137e57b0979869e81a90ba715,dedabad4cc5a3333,12,0,"0,1,2,4,6",1208.8177688576002
train,image651,/root/autodl-tmp/datasets/sources/construction-ppe_ultralytics_2025_v1/images/train/image651.jpg,/root/autodl-tmp/datasets/sources/construction-ppe_ultralytics_2025_v1/labels/train/image651.txt,True,,640,640,RGB,d18b6bc531b7003d715d88d797a8624da320c19217f4963b5a0fa7235f6d58de,ebe1ebe7ecaeefef,5,0,"0,2,3,6",825.5050776576
train,image652,/root/autodl-tmp/datasets/sources/construction-ppe_ultralytics_2025_v1/images/train/image652.jpg,/root/autodl-tmp/datasets/sources/construction-ppe_ultralytics_2025_v1/labels/train/image652.txt,True,,640,640,RGB,89ec5bbe7f9ac4c40986d04ad64191020a2444bef8b963778ce074eb70528ca6,c5cc978789973312,9,0,"0,2,6",10050.0350287872
train,image653,/root/autodl-tmp/datasets/sources/construction-ppe_ultralytics_2025_v1/images/train/image653.jpeg,/root/autodl-tmp/datasets/sources/construction-ppe_ultralytics_2025_v1/labels/train/image653.txt,True,,640,640,RGB,932b254d2c54da1eda6e6827807c42eff8f9bd3c06104445a27921827dbfdb51,00c0c49ef8ced800,4,0,0,291.20116162560004
train,image655,/root/autodl-tmp/datasets/sources/construction-ppe_ultralytics_2025_v1/images/train/image655.jpg,/root/autodl-tmp/datasets/sources/construction-ppe_ultralytics_2025_v1/labels/train/image655.txt,True,,640,640,RGB,19ba9c72148003f5b852823457173e244afeac3f87d7bf8339939e1154afa6a8,66c4d44ccec8cecc,11,0,"0,2,4,6",2580.9735671808
train,image657,/root/autodl-tmp/datasets/sources/construction-ppe_ultralytics_2025_v1/images/train/image657.jpg,/root/autodl-tmp/datasets/sources/construction-ppe_ultralytics_2025_v1/labels/train/image657.txt,True,,640,640,RGB,807e615f752b6132015ea61f497b8f8de6e576c91feb18b723184cc3a5f1134f,f7cfb7bfe776a7e6,6,0,"0,2,6",1505.0177040383999
train,image658,/root/autodl-tmp/datasets/sources/construction-ppe_ultralytics_2025_v1/images/train/image658.jpg,/root/autodl-tmp/datasets/sources/construction-ppe_ultralytics_2025_v1/labels/train/image658.txt,True,,640,640,RGB,0af9da3dc6773178f7790dd1cb5f23a9dfe9a2a40579fd552a794e1272ce91bc,1a5a26274cd89c98,3,0,"0,2,6",14503.8950912
train,image659,/root/autodl-tmp/datasets/sources/construction-ppe_ultralytics_2025_v1/images/train/image659.jpg,/root/autodl-tmp/datasets/sources/construction-ppe_ultralytics_2025_v1/labels/train/image659.txt,True,,640,640,RGB,83460fb7cd4fa7de6350563c20a01ba39b0033485d08b3943e98d9125c0f78af,314f46820862034b,19,0,"0,2,6",953.9876855807998
train,image66,/root/autodl-tmp/datasets/sources/construction-ppe_ultralytics_2025_v1/images/train/image66.jpg,/root/autodl-tmp/datasets/sources/construction-ppe_ultralytics_2025_v1/labels/train/image66.txt,True,,640,640,RGB,c4b1338747ad2eb4f44052bcb3b1a1e328821deb7441f44ae7f4b725d7c64dcb,01031b188a070e0e,3,0,"0,2,6",5229.812121600001
train,image661,/root/autodl-tmp/datasets/sources/construction-ppe_ultralytics_2025_v1/images/train/image661.jpg,/root/autodl-tmp/datasets/sources/construction-ppe_ultralytics_2025_v1/labels/train/image661.txt,True,,640,640,RGB,53deec82149d126b468bae90494eeaa106a41adc3edfa327309eb7f9182c115c,5c48da585155062b,16,0,"0,2,4,6",1539.8755840000001
train,image662,/root/autodl-tmp/datasets/sources/construction-ppe_ultralytics_2025_v1/images/train/image662.jpg,/root/autodl-tmp/datasets/sources/construction-ppe_ultralytics_2025_v1/labels/train/image662.txt,True,,640,640,RGB,9b91abca7f44f5d768f7cf2abc72e4947eb4a0a600359e3fd80157f69735da19,0646060f4b134303,3,0,"0,2,6",19249.369295257602
train,image663,/root/autodl-tmp/datasets/sources/construction-ppe_ultralytics_2025_v1/images/train/image663.jpg,/root/autodl-tmp/datasets/sources/construction-ppe_ultralytics_2025_v1/labels/train/image663.txt,True,,640,640,RGB,7d0b69c7030dd9d7fc9d57d42f5297655b0532c862db99fcd85146ecd8f33cb8,ecdcdaf2d2dab9d2,6,0,"0,2,6",901.5474175999999
train,image664,/root/autodl-tmp/datasets/sources/construction-ppe_ultralytics_2025_v1/images/train/image664.jpeg,/root/autodl-tmp/datasets/sources/construction-ppe_ultralytics_2025_v1/labels/train/image664.txt,True,,640,640,RGB,1f439a3bf60d0ef1100bca6ad6aa23dbe73f4aa7f31ef70e9c20713c941ddada,f0c8f0b0f0e0e4d2,2,0,"0,6",22398.5646911488
train,image665,/root/autodl-tmp/datasets/sources/construction-ppe_ultralytics_2025_v1/images/train/image665.jpg,/root/autodl-tmp/datasets/sources/construction-ppe_ultralytics_2025_v1/labels/train/image665.txt,True,,640,640,RGB,bb3db2b7afde7c08afcdd055a99d8e853721ebdc12a3b9dfbfa32a4ed3af4344,99996064d898f2ea,6,0,"0,2,6",724.8400400383999
train,image667,/root/autodl-tmp/datasets/sources/construction-ppe_ultralytics_2025_v1/images/train/image667.jpg,/root/autodl-tmp/datasets/sources/construction-ppe_ultralytics_2025_v1/labels/train/image667.txt,True,,640,640,RGB,a6256430bab9c62bb51ccc98f9a76dccc7976af6819d4b5032966e5fe9890e6f,c529291aded29292,5,0,"0,2,3,6",3839.1988760576
train,image668,/root/autodl-tmp/datasets/sources/construction-ppe_ultralytics_2025_v1/images/train/image668.jpg,/root/autodl-tmp/datasets/sources/construction-ppe_ultralytics_2025_v1/labels/train/image668.txt,True,,640,640,RGB,954d9735c9838e3ab0b0761b82dda50a8324096231c248120ce37619a8dcea3e,93ae2e25c6c64fc6,4,0,"0,2,4,6",6710.6032447488005
train,image67,/root/autodl-tmp/datasets/sources/construction-ppe_ultralytics_2025_v1/images/train/image67.jpeg,/root/autodl-tmp/datasets/sources/construction-ppe_ultralytics_2025_v1/labels/train/image67.txt,True,,640,640,RGB,32d3c1915ff921d7ee666bc5776f3237672217266e8604d0766b9b15b986e3de,00d2e48cf038bc00,3,0,"0,5,6",12061.026303999999
train,image671,/root/autodl-tmp/datasets/sources/construction-ppe_ultralytics_2025_v1/images/train/image671.jpeg,/root/autodl-tmp/datasets/sources/construction-ppe_ultralytics_2025_v1/labels/train/image671.txt,True,,640,640,RGB,a3eead4ade9d6ae85234164302eb3ca3898eb0b6ca7f948dcc7cf1476657e3ee,c4c0f0f8dcd8b0f8,3,0,"0,1,6",19145.0205696
train,image672,/root/autodl-tmp/datasets/sources/construction-ppe_ultralytics_2025_v1/images/train/image672.jpg,/root/autodl-tmp/datasets/sources/construction-ppe_ultralytics_2025_v1/labels/train/image672.txt,True,,640,640,RGB,86411ff0197912896f3a60600efe60a95b585ffbcb20fcab3385760239b5397c,005c6ded32191900,19,0,"0,2,6",1315.9778623488
train,image673,/root/autodl-tmp/datasets/sources/construction-ppe_ultralytics_2025_v1/images/train/image673.jpg,/root/autodl-tmp/datasets/sources/construction-ppe_ultralytics_2025_v1/labels/train/image673.txt,True,,640,640,RGB,6c21b127265efe386aa83afb71e84e65f7af7d9a1ac932597bafdb9d38b75d75,866d6c5395971118,6,0,"0,1,2,3,6",1300.3326271488
train,image675,/root/autodl-tmp/datasets/sources/construction-ppe_ultralytics_2025_v1/images/train/image675.jpg,/root/autodl-tmp/datasets/sources/construction-ppe_ultralytics_2025_v1/labels/train/image675.txt,True,,640,640,RGB,cf4b5493bcec1b0738912ebc5c9dc5afe05d8fd6063de9d7a20fe10679b1f8bd,82ad2d315bd12191,2,0,"2,6",24580.843791974403
train,image676,/root/autodl-tmp/datasets/sources/construction-ppe_ultralytics_2025_v1/images/train/image676.jpg,/root/autodl-tmp/datasets/sources/construction-ppe_ultralytics_2025_v1/labels/train/image676.txt,True,,640,640,RGB,32a85d38d3d53066aa37d4c7880b5990a243eb7de0f03349e114fb4e9fc4a4bc,83a62e2d4ecaad8c,4,0,"2,3,6",2384.3750559744003
train,image677,/root/autodl-tmp/datasets/sources/construction-ppe_ultralytics_2025_v1/images/train/image677.jpeg,/root/autodl-tmp/datasets/sources/construction-ppe_ultralytics_2025_v1/labels/train/image677.txt,True,,640,640,RGB,ca8281a77641f981cf98585c7aefa51d1708f6636f3bb6aa93367e5e2ffbb0f6,c0d0d4d8ccccf8d4,4,0,"0,1,6",1774.4687439872
train,image678,/root/autodl-tmp/datasets/sources/construction-ppe_ultralytics_2025_v1/images/train/image678.jpg,/root/autodl-tmp/datasets/sources/construction-ppe_ultralytics_2025_v1/labels/train/image678.txt,True,,640,640,RGB,8eef8d7b576e3b477874ced04546ca58b0e1a637b0db64791e429f83b3636254,660495a793a33c8d,10,0,"0,3,6",442.1923864576001
train,image679,/root/autodl-tmp/datasets/sources/construction-ppe_ultralytics_2025_v1/images/train/image679.jpeg,/root/autodl-tmp/datasets/sources/construction-ppe_ultralytics_2025_v1/labels/train/image679.txt,True,,640,640,RGB,752a0ed84ac23f49af21f5233a636d357e45cf9588694b0d5a6552361cab066d,f0d0f4e8f0d4ccdc,5,0,"0,1,3,6",2246.4562671616
train,image68,/root/autodl-tmp/datasets/sources/construction-ppe_ultralytics_2025_v1/images/train/image68.jpg,/root/autodl-tmp/datasets/sources/construction-ppe_ultralytics_2025_v1/labels/train/image68.txt,True,,640,640,RGB,92f02597c6ae43a7356cd2e7fe9e40c6542f4fe57fab2dfd233e10a1d2a71608,07030736960f0e0e,4,0,"0,1,2,6",2652.8433856512
train,image681,/root/autodl-tmp/datasets/sources/construction-ppe_ultralytics_2025_v1/images/train/image681.jpg,/root/autodl-tmp/datasets/sources/construction-ppe_ultralytics_2025_v1/labels/train/image681.txt,True,,640,640,RGB,71e1fefc767bf9a1b2dbd7868ab31de3fe4332a88f9e3cebaaa4107fc6664a6b,832626214aca4948,7,0,"0,1,2,3,6",2767.7341024255998
train,image682,/root/autodl-tmp/datasets/sources/construction-ppe_ultralytics_2025_v1/images/train/image682.jpeg,/root/autodl-tmp/datasets/sources/construction-ppe_ultralytics_2025_v1/labels/train/image682.txt,True,,640,640,RGB,9dbc03749db15de51a2d893375966eec4523639246427e3eb9205317068faa65,d4ccccd4ccccdcc4,3,0,"0,2,6",3433.5241887744
train,image683,/root/autodl-tmp/datasets/sources/construction-ppe_ultralytics_2025_v1/images/train/image683.jpg,/root/autodl-tmp/datasets/sources/construction-ppe_ultralytics_2025_v1/labels/train/image683.txt,True,,640,640,RGB,821b96ea21263be5f3b983f44ec489e0e59f747b93c62d7102e53d58456cd7c6,00d6e2a2a6be9600,3,0,"0,2,6",28717.579315199997
train,image684,/root/autodl-tmp/datasets/sources/construction-ppe_ultralytics_2025_v1/images/train/image684.jpg,/root/autodl-tmp/datasets/sources/construction-ppe_ultralytics_2025_v1/labels/train/image684.txt,True,,640,640,RGB,1442645ace262074e87f17ed1b3c12f8672c2800170e048c74cc01051f541ebc,864d6c6395971918,7,0,"0,1,2,3,6",1498.153472
train,image685,/root/autodl-tmp/datasets/sources/construction-ppe_ultralytics_2025_v1/images/train/image685.jpg,/root/autodl-tmp/datasets/sources/construction-ppe_ultralytics_2025_v1/labels/train/image685.txt,True,,640,640,RGB,0ff4968ad5b9c9dddeb61ad392ce7b55281ff09ac6bcfdf07e6611115d77a813,866d6c6395971918,7,0,"0,1,2,3,6",2154.1997248512002
train,image687,/root/autodl-tmp/datasets/sources/construction-ppe_ultralytics_2025_v1/images/train/image687.jpg,/root/autodl-tmp/datasets/sources/construction-ppe_ultralytics_2025_v1/labels/train/image687.txt,True,,640,640,RGB,a2c3e9c017b9786faf1676148cde251b329b2baaed5aa83c1085ce8b5e50b5f8,0298eaccccd4d800,3,0,"0,2,6",1473.8114400256
train,image688,/root/autodl-tmp/datasets/sources/construction-ppe_ultralytics_2025_v1/images/train/image688.jpeg,/root/autodl-tmp/datasets/sources/construction-ppe_ultralytics_2025_v1/labels/train/image688.txt,True,,640,640,RGB,6bfc54a054bdedc188d7e07e5a95d2ec6636ae6ede9e7261b5224a06758fae28,d4ccccccccd4d4c4,3,0,"0,2,6",12225.547913625602
train,image689,/root/autodl-tmp/datasets/sources/construction-ppe_ultralytics_2025_v1/images/train/image689.jpg,/root/autodl-tmp/datasets/sources/construction-ppe_ultralytics_2025_v1/labels/train/image689.txt,True,,640,640,RGB,30febf2373263289996291fd51ce1ae0d5bf22117ef0d06c3aa45c2ccb87726e,00eeecbedee6ae00,3,0,"0,2,6",19746.9620240384
train,image69,/root/autodl-tmp/datasets/sources/construction-ppe_ultralytics_2025_v1/images/train/image69.jpeg,/root/autodl-tmp/datasets/sources/construction-ppe_ultralytics_2025_v1/labels/train/image69.txt,True,,640,640,RGB,65bea229d90dbfe058606174b484c63899c77e76fe46716c2b287e7e8906b52f,00f8ebeaeef6d900,5,0,"0,1,2,6",3337.8478063616
train,image690,/root/autodl-tmp/datasets/sources/construction-ppe_ultralytics_2025_v1/images/train/image690.jpg,/root/autodl-tmp/datasets/sources/construction-ppe_ultralytics_2025_v1/labels/train/image690.txt,True,,640,640,RGB,aa9226d8351bf475c4a972c98f84b87317963a8e3385a3c4cdf68b0e8752e7aa,83a626254aca4948,7,0,"0,1,2,3,6",2567.0934495232
train,image691,/root/autodl-tmp/datasets/sources/construction-ppe_ultralytics_2025_v1/images/train/image691.jpeg,/root/autodl-tmp/datasets/sources/construction-ppe_ultralytics_2025_v1/labels/train/image691.txt,True,,640,640,RGB,b03018839a4be0ac8351edd437f90b7442025210b0efabed2f5f63fa7f16aeeb,001c2c2c24341c00,3,0,"0,2,6",19942.504976793603
train,image692,/root/autodl-tmp/datasets/sources/construction-ppe_ultralytics_2025_v1/images/train/image692.jpg,/root/autodl-tmp/datasets/sources/construction-ppe_ultralytics_2025_v1/labels/train/image692.txt,True,,640,640,RGB,ef3a35e96e76850ab755b2b7fac1ccd2430cafd4dae5bae96202db85c2b8fb19,00a68686838bce00,4,0,"0,1,6",2829.9173879808004
train,image693,/root/autodl-tmp/datasets/sources/construction-ppe_ultralytics_2025_v1/images/train/image693.jpg,/root/autodl-tmp/datasets/sources/construction-ppe_ultralytics_2025_v1/labels/train/image693.txt,True,,640,640,RGB,a8d1d60792ae85d13d54494abf8bf41325068b9ef9783271863d80d63aedb928,866d6c639ddb5958,7,0,"0,1,2,3,6",2441.5941279744
train,image695,/root/autodl-tmp/datasets/sources/construction-ppe_ultralytics_2025_v1/images/train/image695.jpg,/root/autodl-tmp/datasets/sources/construction-ppe_ultralytics_2025_v1/labels/train/image695.txt,True,,640,640,RGB,faf178a01fe5e03d330662ca0afb355e1951801cfba4657460393af8490816d1,c4c4ccccccccc4c4,7,0,"0,1,3,5,6",780.3082776576001
train,image697,/root/autodl-tmp/datasets/sources/construction-ppe_ultralytics_2025_v1/images/train/image697.jpeg,/root/autodl-tmp/datasets/sources/construction-ppe_ultralytics_2025_v1/labels/train/image697.txt,True,,640,640,RGB,ca8429910d3bff311d1e86a16516a4d53550e3e890c8c2f64e99cde1729cb6fe,d0f0e4e4ece4f4dc,3,0,"0,2,6",40101.294745600004
train,image699,/root/autodl-tmp/datasets/sources/construction-ppe_ultralytics_2025_v1/images/train/image699.jpg,/root/autodl-tmp/datasets/sources/construction-ppe_ultralytics_2025_v1/labels/train/image699.txt,True,,640,640,RGB,a1b69b6c906c76c0f3ef6f1436cbc0c4eb72c8709493965a2585920d4af7083d,866d6c6395961918,7,0,"0,1,2,3,6",1436.0426840064001
train,image7,/root/autodl-tmp/datasets/sources/construction-ppe_ultralytics_2025_v1/images/train/image7.jpg,/root/autodl-tmp/datasets/sources/construction-ppe_ultralytics_2025_v1/labels/train/image7.txt,True,,640,640,RGB,1525085a807ce18f44408afab88681eead6c2ad535f795826e000c4f0a29717d,050307168e8b1e16,5,0,"0,1,2,6",1664.5430624256
train,image701,/root/autodl-tmp/datasets/sources/construction-ppe_ultralytics_2025_v1/images/train/image701.jpg,/root/autodl-tmp/datasets/sources/construction-ppe_ultralytics_2025_v1/labels/train/image701.txt,True,,640,640,RGB,0d9574a857804c4eeef6451159b452d9466f3f2ac4572458f8c47ef3a9b30858,214bcb9318ccc432,9,0,"0,2,6",2718.2475952128
train,image702,/root/autodl-tmp/datasets/sources/construction-ppe_ultralytics_2025_v1/images/train/image702.jpg,/root/autodl-tmp/datasets/sources/construction-ppe_ultralytics_2025_v1/labels/train/image702.txt,True,,640,640,RGB,7b37296212f3a148ba924aa3678de02872f264375b249284d352d8969a605af1,866d6c6395971918,7,0,"0,1,2,3,6",2746.2168592384
train,image703,/root/autodl-tmp/datasets/sources/construction-ppe_ultralytics_2025_v1/images/train/image703.jpeg,/root/autodl-tmp/datasets/sources/construction-ppe_ultralytics_2025_v1/labels/train/image703.txt,True,,640,640,RGB,90a6d18d0f0feb84e693d834d42c3ed6e4d3fa11a84928d0d7e956328eff95fb,00f8c5c94c15a400,3,0,"0,1,6",9885.0676703232
train,image704,/root/autodl-tmp/datasets/sources/construction-ppe_ultralytics_2025_v1/images/train/image704.jpg,/root/autodl-tmp/datasets/sources/construction-ppe_ultralytics_2025_v1/labels/train/image704.txt,True,,640,640,RGB,829e01e72991e3d36e0f6ccfb416808c1e5dc849fd4aa71f539f62f965e00a30,008292b2b8fa8e00,8,0,"0,6",2497.0842791935997
train,image706,/root/autodl-tmp/datasets/sources/construction-ppe_ultralytics_2025_v1/images/train/image706.jpeg,/root/autodl-tmp/datasets/sources/construction-ppe_ultralytics_2025_v1/labels/train/image706.txt,True,,640,640,RGB,d34b7d47c53f131fb46225e94f4b8359139996a32892d5aeafb1ef5ffa540c53,f0d0d8ccdcdcdcdc,4,0,"0,1,6",3015.9106551808
train,image707,/root/autodl-tmp/datasets/sources/construction-ppe_ultralytics_2025_v1/images/train/image707.jpg,/root/autodl-tmp/datasets/sources/construction-ppe_ultralytics_2025_v1/labels/train/image707.txt,True,,640,640,RGB,7819190ea773e267887a4f2a0737573aa9ad12795e62570c7859acf6471370c0,84383494bceae611,9,0,"0,2,6",692.0616288256
train,image71,/root/autodl-tmp/datasets/sources/construction-ppe_ultralytics_2025_v1/images/train/image71.jpg,/root/autodl-tmp/datasets/sources/construction-ppe_ultralytics_2025_v1/labels/train/image71.txt,True,,640,640,RGB,4a05c3561c4de1d9ed3d15dd137bf6f63e1164c169cc61abfe65c710167fe082,0703131a9a0f0e0e,3,0,"0,2,6",3589.9710111744002
train,image710,/root/autodl-tmp/datasets/sources/construction-ppe_ultralytics_2025_v1/images/train/image710.jpeg,/root/autodl-tmp/datasets/sources/construction-ppe_ultralytics_2025_v1/labels/train/image710.txt,True,,640,640,RGB,3aa4642a967aadf93f62e3490f7cb931cb8244a7dd732f246ea1bf62200de735,d4ccccd0d4d8d8d8,6,0,"0,1,3,6",3496.1634312192004
train,image711,/root/autodl-tmp/datasets/sources/construction-ppe_ultralytics_2025_v1/images/train/image711.jpg,/root/autodl-tmp/datasets/sources/construction-ppe_ultralytics_2025_v1/labels/train/image711.txt,True,,640,640,RGB,328d3176c8cb9f86590843a5c7f8552dacbc06ba084e31decad44fa430c5de97,00acbccada96a400,5,0,"0,2,6",7324.8093536256
train,image712,/root/autodl-tmp/datasets/sources/construction-ppe_ultralytics_2025_v1/images/train/image712.jpg,/root/autodl-tmp/datasets/sources/construction-ppe_ultralytics_2025_v1/labels/train/image712.txt,True,,640,640,RGB,d77dc2195a33bee5e7c87492df113b8cc3017425804208f4162ea453de50d4b6,866d6c6395971918,7,0,"0,1,2,3,6",2028.7172608
train,image713,/root/autodl-tmp/datasets/sources/construction-ppe_ultralytics_2025_v1/images/train/image713.jpg,/root/autodl-tmp/datasets/sources/construction-ppe_ultralytics_2025_v1/labels/train/image713.txt,True,,640,640,RGB,9e81a656e760613bc06c82d5ed0ab37da4405a5174503cb4549f31f5848d27ba,83ae6e255aca4948,6,0,"1,2,3,6",2330.5463783424
train,image715,/root/autodl-tmp/datasets/sources/construction-ppe_ultralytics_2025_v1/images/train/image715.jpg,/root/autodl-tmp/datasets/sources/construction-ppe_ultralytics_2025_v1/labels/train/image715.txt,True,,640,640,RGB,cbf6f3d1ef6898e89ed5d86e67254e8b5f91af9299c0dd545097cd26e1936cf6,00bad6c6c68e8600,6,0,"0,2,5,6",7162.358819225599
train,image716,/root/autodl-tmp/datasets/sources/construction-ppe_ultralytics_2025_v1/images/train/image716.jpg,/root/autodl-tmp/datasets/sources/construction-ppe_ultralytics_2025_v1/labels/train/image716.txt,True,,640,640,RGB,2c90f9782fff5f25d17a37c60cb05e7973bf8ad129aab5dc269e5b7243be21b8,c539797b6f27672d,5,0,"0,2,5,6",3554.6857984000003
train,image717,/root/autodl-tmp/datasets/sources/construction-ppe_ultralytics_2025_v1/images/train/image717.jpeg,/root/autodl-tmp/datasets/sources/construction-ppe_ultralytics_2025_v1/labels/train/image717.txt,True,,640,640,RGB,b0cd24412962be9e77a26379b3c3608fad1665b51c5d7f50c5fd09a2c2f57a33,00cc3a1ce4c9fa00,3,0,"0,2,6",8254.7120463872
train,image72,/root/autodl-tmp/datasets/sources/construction-ppe_ultralytics_2025_v1/images/train/image72.jpeg,/root/autodl-tmp/datasets/sources/construction-ppe_ultralytics_2025_v1/labels/train/image72.txt,True,,640,640,RGB,6b21974ba886f365e66cc7d79712e9df0724936a484a907e7ee22bab16abab58,00fef9d1f1f0f600,5,0,"0,2,5,6",2275.56864
train,image720,/root/autodl-tmp/datasets/sources/construction-ppe_ultralytics_2025_v1/images/train/image720.jpeg,/root/autodl-tmp/datasets/sources/construction-ppe_ultralytics_2025_v1/labels/train/image720.txt,True,,640,640,RGB,918334ff19781af586dcd3906f3a0bb3ff4fe3b623e4f26a7fb4c8587f841bf1,003c96833126a600,1,0,1,171253.4347792384
train,image721,/root/autodl-tmp/datasets/sources/construction-ppe_ultralytics_2025_v1/images/train/image721.jpg,/root/autodl-tmp/datasets/sources/construction-ppe_ultralytics_2025_v1/labels/train/image721.txt,True,,640,640,RGB,93a340ae7075fc746a98298496b8567982b2435aa96eb2f3d6afe081d92abf84,00dcdc94c2a0b000,12,0,"0,2,6",1662.1402103808
train,image723,/root/autodl-tmp/datasets/sources/construction-ppe_ultralytics_2025_v1/images/train/image723.jpg,/root/autodl-tmp/datasets/sources/construction-ppe_ultralytics_2025_v1/labels/train/image723.txt,True,,640,640,RGB,b3115b57f14d973066e6cde1db581c2b0a7daf7a6e0ab7e469e12fdae6ead4b7,dcc8dcdcdcdcd0dc,2,0,"0,6",25648.848794419206
train,image724,/root/autodl-tmp/datasets/sources/construction-ppe_ultralytics_2025_v1/images/train/image724.jpg,/root/autodl-tmp/datasets/sources/construction-ppe_ultralytics_2025_v1/labels/train/image724.txt,True,,640,640,RGB,a59cbd856c0ece585d06865286d4cf625e9b596101c02d0f595904d525303968,864d6c6395979198,7,0,"0,1,2,3,6",3042.9949935616
train,image725,/root/autodl-tmp/datasets/sources/construction-ppe_ultralytics_2025_v1/images/train/image725.jpg,/root/autodl-tmp/datasets/sources/construction-ppe_ultralytics_2025_v1/labels/train/image725.txt,True,,640,640,RGB,7ca7445d6fb3f21e8f8834686c54244d07eaa25e8beb90549da8d26a5ef0c17e,864d6c6b95979198,7,0,"0,1,2,3,6",2439.7907103744005
train,image726,/root/autodl-tmp/datasets/sources/construction-ppe_ultralytics_2025_v1/images/train/image726.jpeg,/root/autodl-tmp/datasets/sources/construction-ppe_ultralytics_2025_v1/labels/train/image726.txt,True,,640,640,RGB,708cf9fc1c07b5d9e0e2cdfaaa3cc2df113476e508de67e5b78dfa56cb1f58c3,dcccccc4d0dcc0d0,9,0,"0,2,6",1977.0557472768003
train,image727,/root/autodl-tmp/datasets/sources/construction-ppe_ultralytics_2025_v1/images/train/image727.jpg,/root/autodl-tmp/datasets/sources/construction-ppe_ultralytics_2025_v1/labels/train/image727.txt,True,,640,640,RGB,d827ea7b091ec4d06e54c99a8e4d6825a66a1030dd9fa6c7df9d38d42b3b00f6,00e09038b0b4a000,6,0,"0,2,5,6",5160.504220876801
train,image728,/root/autodl-tmp/datasets/sources/construction-ppe_ultralytics_2025_v1/images/train/image728.jpeg,/root/autodl-tmp/datasets/sources/construction-ppe_ultralytics_2025_v1/labels/train/image728.txt,True,,640,640,RGB,26ce7373707681b16d494c9bffd7c798b12d98718e530308628eb4111370dd41,001c60ee74e6e700,4,0,"0,1,6",5571.3299632128
train,image729,/root/autodl-tmp/datasets/sources/construction-ppe_ultralytics_2025_v1/images/train/image729.jpg,/root/autodl-tmp/datasets/sources/construction-ppe_ultralytics_2025_v1/labels/train/image729.txt,True,,640,640,RGB,b8f40fa38c247b413993a54fb799e410c294fdfddc202368b3526f78a76a7cd6,00f2d699b8828a00,11,0,"0,2,5,6",4135.7713072128
train,image73,/root/autodl-tmp/datasets/sources/construction-ppe_ultralytics_2025_v1/images/train/image73.jpg,/root/autodl-tmp/datasets/sources/construction-ppe_ultralytics_2025_v1/labels/train/image73.txt,True,,640,640,RGB,131ffd5bcaa2ceffb543b827fc67c53092df83288cd800fbecd37b9c346e430f,07031312920f0e0e,3,0,"0,2,6",4626.3646224384
train,image730,/root/autodl-tmp/datasets/sources/construction-ppe_ultralytics_2025_v1/images/train/image730.jpg,/root/autodl-tmp/datasets/sources/construction-ppe_ultralytics_2025_v1/labels/train/image730.txt,True,,640,640,RGB,90efb030aecdd7e0b8a0b142deb54dd98f8831da09c2d5d4150ce81d471e3d94,866d6c6395971918,6,0,"0,1,2,3,6",3080.2501656576005
train,image731,/root/autodl-tmp/datasets/sources/construction-ppe_ultralytics_2025_v1/images/train/image731.jpg,/root/autodl-tmp/datasets/sources/construction-ppe_ultralytics_2025_v1/labels/train/image731.txt,True,,640,640,RGB,c6222c26b5f0640526d47812e5765715b4b7dabc1babf7f63c1a9bced4347263,864d6c1bcdcb4948,6,0,"1,2,3,6",2372.3772256256
train,image732,/root/autodl-tmp/datasets/sources/construction-ppe_ultralytics_2025_v1/images/train/image732.jpg,/root/autodl-tmp/datasets/sources/construction-ppe_ultralytics_2025_v1/labels/train/image732.txt,True,,640,640,RGB,19327e3a32a2d2f2ca6ce14989b00b4f682e7c369ba8f4f6ca2ec62894f2cbd0,83a62e2dceee2dac,4,0,"2,3,6",4070.5699839999993
train,image733,/root/autodl-tmp/datasets/sources/construction-ppe_ultralytics_2025_v1/images/train/image733.jpg,/root/autodl-tmp/datasets/sources/construction-ppe_ultralytics_2025_v1/labels/train/image733.txt,True,,640,640,RGB,bfc90defee68750835fd32efb59ef867b9f15f3714addf73e25218b50809c21d,864d6c6b96d716a7,7,0,"0,1,2,3,6",1373.4767607808
train,image734,/root/autodl-tmp/datasets/sources/construction-ppe_ultralytics_2025_v1/images/train/image734.jpeg,/root/autodl-tmp/datasets/sources/construction-ppe_ultralytics_2025_v1/labels/train/image734.txt,True,,640,640,RGB,9442ac07ed150f050aa0f23608ac6587a060b7ffbedadfdca15807fdd5e8f8cf,00622c4c369c3400,3,0,"1,2",6590.5734656
train,image735,/root/autodl-tmp/datasets/sources/construction-ppe_ultralytics_2025_v1/images/train/image735.jpg,/root/autodl-tmp/datasets/sources/construction-ppe_ultralytics_2025_v1/labels/train/image735.txt,True,,640,640,RGB,7337d4ddcb34e726224f650791f2131d7e4dfcb2196cd51127bed7e6db0aa543,c8c0d4ccccc4ccc4,3,0,"0,2,6",13417.829614387201
train,image736,/root/autodl-tmp/datasets/sources/construction-ppe_ultralytics_2025_v1/images/train/image736.jpg,/root/autodl-tmp/datasets/sources/construction-ppe_ultralytics_2025_v1/labels/train/image736.txt,True,,640,640,RGB,c66ca23a2f59ba6fb71a1368c9e463db23ed44f908ab00ed85133d708d4e6ea4,864c6c6591f109b1,6,0,"0,1,2,3,6",2816.5092343808005
train,image737,/root/autodl-tmp/datasets/sources/construction-ppe_ultralytics_2025_v1/images/train/image737.jpg,/root/autodl-tmp/datasets/sources/construction-ppe_ultralytics_2025_v1/labels/train/image737.txt,True,,640,640,RGB,b860738bd29ae0ab76b424545b68f0973dad4c774aff708c0f188682ae2f85ac,82ad2c35d9d10188,4,0,"2,3,6",3871.0161752063996
train,image738,/root/autodl-tmp/datasets/sources/construction-ppe_ultralytics_2025_v1/images/train/image738.jpg,/root/autodl-tmp/datasets/sources/construction-ppe_ultralytics_2025_v1/labels/train/image738.txt,True,,640,640,RGB,81429a165c98452892860858c9a0b1a004fdbd1351540791ccd2900ebf3d3244,83a62e31dad20090,3,0,"2,3,6",4507.140096000001
train,image740,/root/autodl-tmp/datasets/sources/construction-ppe_ultralytics_2025_v1/images/train/image740.jpg,/root/autodl-tmp/datasets/sources/construction-ppe_ultralytics_2025_v1/labels/train/image740.txt,True,,640,640,RGB,b18d3ef6bbeba9c6b724f0d1cb4341c7e82e06cd9d4f3efa270d1f35b4332c24,f0dcccccd0c0c0d0,3,0,"0,2,6",29001.6633880576
train,image741,/root/autodl-tmp/datasets/sources/construction-ppe_ultralytics_2025_v1/images/train/image741.jpg,/root/autodl-tmp/datasets/sources/construction-ppe_ultralytics_2025_v1/labels/train/image741.txt,True,,640,640,RGB,14a99fe5f517264dd3adcd1061811b9a5fe6735bc99adc992231194aeeebe769,864d6c6595f50181,5,0,"1,2,3,6",3067.8182920192
train,image743,/root/autodl-tmp/datasets/sources/construction-ppe_ultralytics_2025_v1/images/train/image743.jpg,/root/autodl-tmp/datasets/sources/construction-ppe_ultralytics_2025_v1/labels/train/image743.txt,True,,640,640,RGB,40361c95d964bec4ba4389c930d3d7c54197a373b9506b386c9ef1fa226aba06,00ace8d988ba9a00,3,0,"0,2,6",10061.134336000001
train,image744,/root/autodl-tmp/datasets/sources/construction-ppe_ultralytics_2025_v1/images/train/image744.jpg,/root/autodl-tmp/datasets/sources/construction-ppe_ultralytics_2025_v1/labels/train/image744.txt,True,,640,640,RGB,5fc7fe9ef111225e98c38f6897bc52af48396204bb7994ef8e286dd7e56a1fb8,864c6c6294f600a0,3,0,"2,3,6",5134.387763199999
train,image745,/root/autodl-tmp/datasets/sources/construction-ppe_ultralytics_2025_v1/images/train/image745.jpg,/root/autodl-tmp/datasets/sources/construction-ppe_ultralytics_2025_v1/labels/train/image745.txt,True,,640,640,RGB,2ab4973c78b301cde0ea2bff2c08b8f52e36e21d292cb072a0c00384f17f70d8,864d6a6d93f30321,4,0,"1,3,6",2060.0668135424
train,image746,/root/autodl-tmp/datasets/sources/construction-ppe_ultralytics_2025_v1/images/train/image746.jpg,/root/autodl-tmp/datasets/sources/construction-ppe_ultralytics_2025_v1/labels/train/image746.txt,True,,640,640,RGB,ad4c2ce3d9aea91bfda67927f33ae6f7e0343e3da154bccc44b3163ed66da65e,169bcee7cb6b7246,3,0,"0,2,6",28405.646438400003
train,image747,/root/autodl-tmp/datasets/sources/construction-ppe_ultralytics_2025_v1/images/train/image747.jpg,/root/autodl-tmp/datasets/sources/construction-ppe_ultralytics_2025_v1/labels/train/image747.txt,True,,640,640,RGB,e483426845d9b39dd3d7d00092cddf088506547e9210ac560845cccf7f470800,184c96969d4c4c04,5,0,"0,2,3,6",4462.7637223424
train,image748,/root/autodl-tmp/datasets/sources/construction-ppe_ultralytics_2025_v1/images/train/image748.jpeg,/root/autodl-tmp/datasets/sources/construction-ppe_ultralytics_2025_v1/labels/train/image748.txt,True,,640,640,RGB,3dd4ea2fcc83a182cfabcfa381cfd6191fb5b8ca30b577a1fddcb07964aab2f7,ccccd0ccccccc4d0,4,0,"0,1,6",2059.9825088512002
train,image75,/root/autodl-tmp/datasets/sources/construction-ppe_ultralytics_2025_v1/images/train/image75.jpg,/root/autodl-tmp/datasets/sources/construction-ppe_ultralytics_2025_v1/labels/train/image75.txt,True,,640,640,RGB,8de936d4a22d47bc71a6cb7e2cb98022e6ffd787ae6ee75f51c0c126e75e732a,10734e8d9d9919a2,10,0,"0,2,3,6",2219.5255984128
train,image750,/root/autodl-tmp/datasets/sources/construction-ppe_ultralytics_2025_v1/images/train/image750.jpg,/root/autodl-tmp/datasets/sources/construction-ppe_ultralytics_2025_v1/labels/train/image750.txt,True,,640,640,RGB,4d8a177b5c8b718a3b946919a684264699c75db425731341fc7a82dbfd128ecb,a6c62e6afa8f6949,4,0,"0,1,2,6",15784.007576780801
train,image751,/root/autodl-tmp/datasets/sources/construction-ppe_ultralytics_2025_v1/images/train/image751.jpg,/root/autodl-tmp/datasets/sources/construction-ppe_ultralytics_2025_v1/labels/train/image751.txt,True,,640,640,RGB,da195c795425a9993c53b7597fc14429169e71d442a7411e3172ed9f7d4995da,0405111311110110,4,0,"0,1,6",11618.9982695424
train,image752,/root/autodl-tmp/datasets/sources/construction-ppe_ultralytics_2025_v1/images/train/image752.jpg,/root/autodl-tmp/datasets/sources/construction-ppe_ultralytics_2025_v1/labels/train/image752.txt,True,,640,640,RGB,db885fc767098cf9566304e7c5730ca1e49062b7ba96a8a7a67a0a511aea3332,9b8286868723c3c6,6,0,"0,1,2,6",14421.819494399997
train,image753,/root/autodl-tmp/datasets/sources/construction-ppe_ultralytics_2025_v1/images/train/image753.jpg,/root/autodl-tmp/datasets/sources/construction-ppe_ultralytics_2025_v1/labels/train/image753.txt,True,,640,640,RGB,32302ca7761f8c04e48b67a448d833330fccf0b2355366c6c6dd3a69c3da740c,32b269e9870d6703,5,0,"0,1,4,6",5171.5013296128
train,image754,/root/autodl-tmp/datasets/sources/construction-ppe_ultralytics_2025_v1/images/train/image754.jpg,/root/autodl-tmp/datasets/sources/construction-ppe_ultralytics_2025_v1/labels/train/image754.txt,True,,640,640,RGB,00fb5d176d7ce4fb39172315b1ee82dbd94e09198700bd6cf2aa8b253bf33be2,989892929aad9993,5,0,"0,1,2,6",9499.257838387199
train,image755,/root/autodl-tmp/datasets/sources/construction-ppe_ultralytics_2025_v1/images/train/image755.jpg,/root/autodl-tmp/datasets/sources/construction-ppe_ultralytics_2025_v1/labels/train/image755.txt,True,,640,640,RGB,e3999ae92cf0760ce83602e9bf55487a1b72a7164e7738dcbbbc4759ec7c1152,8c8c9061639a9a86,3,0,"0,2,6",10014.912956006401
train,image756,/root/autodl-tmp/datasets/sources/construction-ppe_ultralytics_2025_v1/images/train/image756.jpeg,/root/autodl-tmp/datasets/sources/construction-ppe_ultralytics_2025_v1/labels/train/image756.txt,True,,640,640,RGB,879592c99fd06d3e5e78fc1de7782ba79c9ba87ca342d07098374fd3e614a983,f4f4ecececfcf4d4,5,0,"0,1,6",7185.996289638401
train,image757,/root/autodl-tmp/datasets/sources/construction-ppe_ultralytics_2025_v1/images/train/image757.jpg,/root/autodl-tmp/datasets/sources/construction-ppe_ultralytics_2025_v1/labels/train/image757.txt,True,,640,640,RGB,00af9a1a7fa45675cbb602835f0e75ebb179dfbaca1c159af8d4a4171ff53596,d4c4ccccccccc8c0,4,0,"0,2,6",19310.7507535872
train,image76,/root/autodl-tmp/datasets/sources/construction-ppe_ultralytics_2025_v1/images/train/image76.jpg,/root/autodl-tmp/datasets/sources/construction-ppe_ultralytics_2025_v1/labels/train/image76.txt,True,,640,640,RGB,744a02aa0a3114cfd3dc544862ccb107b3166a2719e4ea20855f579580826759,03031312920f0e0e,3,0,"0,2,6",6984.5912063999995
train,image760,/root/autodl-tmp/datasets/sources/construction-ppe_ultralytics_2025_v1/images/train/image760.jpg,/root/autodl-tmp/datasets/sources/construction-ppe_ultralytics_2025_v1/labels/train/image760.txt,True,,640,640,RGB,53d382edfaed04d0702fbf84421fbf2eea02ce7f19497b66142b8ee6a03286b7,ec4c28b24a4dcd25,4,0,"0,1,2,6",5896.8942600191995
train,image761,/root/autodl-tmp/datasets/sources/construction-ppe_ultralytics_2025_v1/images/train/image761.jpg,/root/autodl-tmp/datasets/sources/construction-ppe_ultralytics_2025_v1/labels/train/image761.txt,True,,640,640,RGB,91d15b0ac63acc0335b3e123b282fe4852765b8f02b471289a2a5a77d6905d2d,0d4c3871f30fcf86,5,0,"0,1,2,6",4425.642973593601
train,image764,/root/autodl-tmp/datasets/sources/construction-ppe_ultralytics_2025_v1/images/train/image764.jpg,/root/autodl-tmp/datasets/sources/construction-ppe_ultralytics_2025_v1/labels/train/image764.txt,True,,640,640,RGB,1bcd5b778906861ce659598348ac035d767aa04610bac1fb8e4ec0090f945a02,278a8323009c94d4,7,0,"0,1,2,3,6",2670.4796663808
train,image765,/root/autodl-tmp/datasets/sources/construction-ppe_ultralytics_2025_v1/images/train/image765.jpg,/root/autodl-tmp/datasets/sources/construction-ppe_ultralytics_2025_v1/labels/train/image765.txt,True,,640,640,RGB,45d1f0f1783ec491710c170ce93e2c6c7c1af21a980395e6dc1b958da491a383,f36a0a3a12a7a786,7,0,"0,1,2,3,6",2711.7247991808
train,image766,/root/autodl-tmp/datasets/sources/construction-ppe_ultralytics_2025_v1/images/train/image766.jpeg,/root/autodl-tmp/datasets/sources/construction-ppe_ultralytics_2025_v1/labels/train/image766.txt,True,,640,640,RGB,0f0bac3baa093b261158980bdf5e09819f6a0a04c461ed3639e41f1c826422cb,c4e4ccccdcd4cccc,6,0,"0,1,3,6",704.2128543744
train,image768,/root/autodl-tmp/datasets/sources/construction-ppe_ultralytics_2025_v1/images/train/image768.jpg,/root/autodl-tmp/datasets/sources/construction-ppe_ultralytics_2025_v1/labels/train/image768.txt,True,,640,640,RGB,2257ae1b085ac2d6c7706c5bc86afe07190598ac3b8ed32d27d72d5d5bcc6d62,1a24041909062684,7,0,"0,1,2,3,6",2719.3011535872
train,image769,/root/autodl-tmp/datasets/sources/construction-ppe_ultralytics_2025_v1/images/train/image769.jpg,/root/autodl-tmp/datasets/sources/construction-ppe_ultralytics_2025_v1/labels/train/image769.txt,True,,640,640,RGB,5f528ff756952ce0e2b59e61ac08e3b9bf8ae9bcf455c28a796cc07a1b0daea6,90d491b3d4d4d0d4,7,0,"0,1,2,3,6",3464.4675071999995
train,image77,/root/autodl-tmp/datasets/sources/construction-ppe_ultralytics_2025_v1/images/train/image77.jpg,/root/autodl-tmp/datasets/sources/construction-ppe_ultralytics_2025_v1/labels/train/image77.txt,True,,640,640,RGB,61d750407cc055db69bd480b4db1176a9286b77de15efb96d8a2b41f2500838a,05030726960f0e1e,3,0,"0,2,6",7812.290388787201
train,image770,/root/autodl-tmp/datasets/sources/construction-ppe_ultralytics_2025_v1/images/train/image770.jpg,/root/autodl-tmp/datasets/sources/construction-ppe_ultralytics_2025_v1/labels/train/image770.txt,True,,640,640,RGB,7bb459c15eb79a0fffff5d8f78b2da801c857aad6b07de1a983bc7f628ddd190,7c2c2d31b8cd0d0f,7,0,"0,1,2,3,6",2517.9448840192003
train,image773,/root/autodl-tmp/datasets/sources/construction-ppe_ultralytics_2025_v1/images/train/image773.jpg,/root/autodl-tmp/datasets/sources/construction-ppe_ultralytics_2025_v1/labels/train/image773.txt,True,,640,640,RGB,2b898c8c978f023c27d2a62b5fe1223c846d37e8e8c39a590c348786eda21a43,130c2d310e2d4d0f,13,0,"0,1,2,3,6",912.2640887808
train,image774,/root/autodl-tmp/datasets/sources/construction-ppe_ultralytics_2025_v1/images/train/image774.jpeg,/root/autodl-tmp/datasets/sources/construction-ppe_ultralytics_2025_v1/labels/train/image774.txt,True,,640,640,RGB,9d4e10c58c364ec683e091fe6db005780c075f73b26e2fdd4313d700f3f4574c,00d88c9a930c8800,25,0,"0,1,2,3,6",728.1689112576
train,image775,/root/autodl-tmp/datasets/sources/construction-ppe_ultralytics_2025_v1/images/train/image775.jpg,/root/autodl-tmp/datasets/sources/construction-ppe_ultralytics_2025_v1/labels/train/image775.txt,True,,640,640,RGB,cf39dfa4afc05fd1c49d2ae6448a2891349aeb3042be240613e2957171aa1905,b2b2b89ce4d4dedc,5,0,"0,2,6",30233.602252799996
train,image776,/root/autodl-tmp/datasets/sources/construction-ppe_ultralytics_2025_v1/images/train/image776.jpg,/root/autodl-tmp/datasets/sources/construction-ppe_ultralytics_2025_v1/labels/train/image776.txt,True,,640,640,RGB,6004d000af584c791bf74770143249a28bbeaccd5ed62dd37f6e4e59c01e34d5,c696d6a393d0d1d2,13,0,"0,1,2,3,6",478.59042877440004
train,image777,/root/autodl-tmp/datasets/sources/construction-ppe_ultralytics_2025_v1/images/train/image777.jpg,/root/autodl-tmp/datasets/sources/construction-ppe_ultralytics_2025_v1/labels/train/image777.txt,True,,640,640,RGB,ab7195932fedaa4d06e3d7216184cc67f41025c411787d9b52d21009b789265f,cad81193c3ccceca,13,0,"0,1,2,3,6",1886.6115919872
train,image778,/root/autodl-tmp/datasets/sources/construction-ppe_ultralytics_2025_v1/images/train/image778.jpg,/root/autodl-tmp/datasets/sources/construction-ppe_ultralytics_2025_v1/labels/train/image778.txt,True,,640,640,RGB,75dae7c7605035210118c2b1ad9a59fef9a8cafb3d6b0f50890bc2a6493d7c8e,1c0f2f57bba5e57b,13,0,"0,1,2,3,6",874.0500992000001
train,image78,/root/autodl-tmp/datasets/sources/construction-ppe_ultralytics_2025_v1/images/train/image78.jpg,/root/autodl-tmp/datasets/sources/construction-ppe_ultralytics_2025_v1/labels/train/image78.txt,True,,640,640,RGB,79a038b4595bcdfcdd70281595154c2a15d9c9dcf3ec28d722cb22cfcb8563f5,07031316960f0e1e,11,0,"0,1,2,3,6",2428.1792000000005
train,image780,/root/autodl-tmp/datasets/sources/construction-ppe_ultralytics_2025_v1/images/train/image780.jpg,/root/autodl-tmp/datasets/sources/construction-ppe_ultralytics_2025_v1/labels/train/image780.txt,True,,640,640,RGB,8b75b42e03e20ab699b97541a0e88578140579ea13d8adf1d400d89ba66717a4,e4e4e6e2e4e7c6c5,6,0,"0,1,2,3,6",737.0637344768
train,image781,/root/autodl-tmp/datasets/sources/construction-ppe_ultralytics_2025_v1/images/train/image781.jpg,/root/autodl-tmp/datasets/sources/construction-ppe_ultralytics_2025_v1/labels/train/image781.txt,True,,640,640,RGB,33b66441f1b30b7ce2ffaf27d1cd94e5f352f91dc15502f93e288e6f9ecd1522,999991c1ebc3c3c9,6,0,"0,1,2,3,6",1632.5554184191997
train,image782,/root/autodl-tmp/datasets/sources/construction-ppe_ultralytics_2025_v1/images/train/image782.jpg,/root/autodl-tmp/datasets/sources/construction-ppe_ultralytics_2025_v1/labels/train/image782.txt,True,,640,640,RGB,28941894f74e9c2ec6de78364ca4cf0d62c8bea6b9a902b2b4bcc9e8f5812786,d89891d1a1399908,5,0,"0,2,3,6",1383.6108447743998
train,image783,/root/autodl-tmp/datasets/sources/construction-ppe_ultralytics_2025_v1/images/train/image783.jpeg,/root/autodl-tmp/datasets/sources/construction-ppe_ultralytics_2025_v1/labels/train/image783.txt,True,,640,640,RGB,386fe0f6eb66b05e564741ce2ebf78374539804161f2a09e92b181c75fcb39c6,a510d0b3e2e45c6d,14,0,"1,2,3,5,6",659.0270111744
train,image784,/root/autodl-tmp/datasets/sources/construction-ppe_ultralytics_2025_v1/images/train/image784.jpg,/root/autodl-tmp/datasets/sources/construction-ppe_ultralytics_2025_v1/labels/train/image784.txt,True,,640,640,RGB,39a263dd6931e7ca70b85348cdd35c3fed9ca5c938c391023d438b24fbe8910e,c0cf5256eb69b894,30,0,"0,2,3,6",339.8447775744
train,image785,/root/autodl-tmp/datasets/sources/construction-ppe_ultralytics_2025_v1/images/train/image785.jpeg,/root/autodl-tmp/datasets/sources/construction-ppe_ultralytics_2025_v1/labels/train/image785.txt,True,,640,640,RGB,3fef31c769cdaa0041f5d01a94f91cc8b36818c9881b1c39edf60f802597e482,0099606286e6c600,5,0,"0,1,4,6",1196.7474696192
train,image786,/root/autodl-tmp/datasets/sources/construction-ppe_ultralytics_2025_v1/images/train/image786.jpg,/root/autodl-tmp/datasets/sources/construction-ppe_ultralytics_2025_v1/labels/train/image786.txt,True,,640,640,RGB,7ed30eedc4ee399e5a81d166b7f2324684b66cf4aa5e41efe25d9be3131f8d9a,ccccccccc4ccccdc,3,0,"0,2,6",11706.2425247744
train,image788,/root/autodl-tmp/datasets/sources/construction-ppe_ultralytics_2025_v1/images/train/image788.jpg,/root/autodl-tmp/datasets/sources/construction-ppe_ultralytics_2025_v1/labels/train/image788.txt,True,,640,640,RGB,e65976a8f16240e082055419a3b0a5ed839319a490432b0faea86de20d18c2f9,80848c03b3899192,5,0,"0,1,2,3,6",2833.7713119231994
train,image789,/root/autodl-tmp/datasets/sources/construction-ppe_ultralytics_2025_v1/images/train/image789.jpg,/root/autodl-tmp/datasets/sources/construction-ppe_ultralytics_2025_v1/labels/train/image789.txt,True,,640,640,RGB,aedd1c55cd476b60fc6b9c252d04c81b60338bbc5d80bbf361560c7e4edbc4b3,039119f923655753,18,0,"0,2,3,6",1336.1976655872002
train,image79,/root/autodl-tmp/datasets/sources/construction-ppe_ultralytics_2025_v1/images/train/image79.jpg,/root/autodl-tmp/datasets/sources/construction-ppe_ultralytics_2025_v1/labels/train/image79.txt,True,,640,640,RGB,96e3b7befe19aab580afeea3c780d4626264e5db361d0ce145cead95968c585e,05030796860f0e1e,5,0,"0,1,2,6",2099.8569136128003
train,image790,/root/autodl-tmp/datasets/sources/construction-ppe_ultralytics_2025_v1/images/train/image790.jpg,/root/autodl-tmp/datasets/sources/construction-ppe_ultralytics_2025_v1/labels/train/image790.txt,True,,640,640,RGB,94088f946bdf1c5ebde2b4aafc04ae511c3f4e75b6b5c5f513650d840bf49eae,cbd171f3b0287070,2,0,"2,6",100398.48618885122
train,image791,/root/autodl-tmp/datasets/sources/construction-ppe_ultralytics_2025_v1/images/train/image791.jpg,/root/autodl-tmp/datasets/sources/construction-ppe_ultralytics_2025_v1/labels/train/image791.txt,True,,640,640,RGB,0cfe1c8dc836851d02f7acd1c0e03b70a54dcccdaa5b9f086dcbadfe0178e01e,cfd171f3b0303070,2,0,"2,6",105770.13760000003
train,image792,/root/autodl-tmp/datasets/sources/construction-ppe_ultralytics_2025_v1/images/train/image792.jpg,/root/autodl-tmp/datasets/sources/construction-ppe_ultralytics_2025_v1/labels/train/image792.txt,True,,640,640,RGB,6e0a1a12a55417ec669186e661b34613fe752248c37299819eb217784a1b3e20,cdc571f3c0c86170,2,0,"2,6",103161.75085117441
train,image793,/root/autodl-tmp/datasets/sources/construction-ppe_ultralytics_2025_v1/images/train/image793.jpg,/root/autodl-tmp/datasets/sources/construction-ppe_ultralytics_2025_v1/labels/train/image793.txt,True,,640,640,RGB,df440f737d739a7ebb537b70fa3f352f2202f55aa8af99f9402b028a2ffeb2c5,cdd171f3a0a8c060,2,0,"2,6",99815.76506081282
train,image794,/root/autodl-tmp/datasets/sources/construction-ppe_ultralytics_2025_v1/images/train/image794.jpg,/root/autodl-tmp/datasets/sources/construction-ppe_ultralytics_2025_v1/labels/train/image794.txt,True,,640,640,RGB,500c47100231ce489b143df7f5542297c49a70da57b19f474c503a53b28f1457,006375a4a2262400,3,0,"0,2,6",9128.6519808
train,image795,/root/autodl-tmp/datasets/sources/construction-ppe_ultralytics_2025_v1/images/train/image795.jpeg,/root/autodl-tmp/datasets/sources/construction-ppe_ultralytics_2025_v1/labels/train/image795.txt,True,,640,640,RGB,ab61106c4a09483b4bec8c970757186d1bfd26c6df721cbab7474765deb74cd2,dcd4e4ccd0d4c4d4,8,0,"0,1,2,6",966.3383568384
train,image797,/root/autodl-tmp/datasets/sources/construction-ppe_ultralytics_2025_v1/images/train/image797.jpg,/root/autodl-tmp/datasets/sources/construction-ppe_ultralytics_2025_v1/labels/train/image797.txt,True,,640,640,RGB,10ec9d6411a7503b03fc0b36ace3b018a04476dfc488c74a192accfcdcf20fd6,6c1a1396965466e7,8,0,"0,2,4,6",5401.346304000001
train,image799,/root/autodl-tmp/datasets/sources/construction-ppe_ultralytics_2025_v1/images/train/image799.jpg,/root/autodl-tmp/datasets/sources/construction-ppe_ultralytics_2025_v1/labels/train/image799.txt,True,,640,640,RGB,500c683c1b4f5bc0f373ac125c481436b68edda4341dfb45c272b6671a062ec8,1828464e2434361e,17,0,"0,1,2,3,6",2879.2471584768
train,image8,/root/autodl-tmp/datasets/sources/construction-ppe_ultralytics_2025_v1/images/train/image8.jpeg,/root/autodl-tmp/datasets/sources/construction-ppe_ultralytics_2025_v1/labels/train/image8.txt,True,,640,640,RGB,1f197788647224c9cdb0385bc43e83233c2ba54a88fd125bb8f1510f09df2e2a,ccccccccc4cccccc,6,0,"0,1,2,3,6",1345.9461111808
train,image80,/root/autodl-tmp/datasets/sources/construction-ppe_ultralytics_2025_v1/images/train/image80.jpg,/root/autodl-tmp/datasets/sources/construction-ppe_ultralytics_2025_v1/labels/train/image80.txt,True,,640,640,RGB,96a5228fcb3531de2d442ccac7d1a9f7bb55642efe3a9ef57e778dba8677d03c,07032726860f0e0e,5,0,"0,1,2,6",1842.3789600767998
train,image800,/root/autodl-tmp/datasets/sources/construction-ppe_ultralytics_2025_v1/images/train/image800.jpg,/root/autodl-tmp/datasets/sources/construction-ppe_ultralytics_2025_v1/labels/train/image800.txt,True,,640,640,RGB,4a662cdbd41ef1c38954069c3fc2c2d9f62aad9347b001494aac4745bd995cc1,c6dab2d6dcd830b0,6,0,"0,1,2,4,6",6012.026761625601
train,image801,/root/autodl-tmp/datasets/sources/construction-ppe_ultralytics_2025_v1/images/train/image801.jpg,/root/autodl-tmp/datasets/sources/construction-ppe_ultralytics_2025_v1/labels/train/image801.txt,True,,640,640,RGB,7414a9fb626195da5a4837e5293b94c34bc9e94d3bd8e716dffe4e756ab51058,5089a9195264d1ac,35,0,"0,1,2,3,4,6",829.2583247872001
train,image802,/root/autodl-tmp/datasets/sources/construction-ppe_ultralytics_2025_v1/images/train/image802.jpg,/root/autodl-tmp/datasets/sources/construction-ppe_ultralytics_2025_v1/labels/train/image802.txt,True,,640,640,RGB,b3e22aebf87990b7be3ae4ecb07aaccbdf05b76ae7432dec5c57984fdce61d87,58e871d8acab3ba0,8,0,"0,1,2,3,4,6",2577.3207552000003
train,image803,/root/autodl-tmp/datasets/sources/construction-ppe_ultralytics_2025_v1/images/train/image803.jpg,/root/autodl-tmp/datasets/sources/construction-ppe_ultralytics_2025_v1/labels/train/image803.txt,True,,640,640,RGB,8bb7391fcb6e315f47be020eb6a3f15e24db0744e21547ac4d5ac3efe1211e05,8d9d63d193969716,14,0,"0,1,2,3,6",1224.3889152
train,image806,/root/autodl-tmp/datasets/sources/construction-ppe_ultralytics_2025_v1/images/train/image806.jpg,/root/autodl-tmp/datasets/sources/construction-ppe_ultralytics_2025_v1/labels/train/image806.txt,True,,640,640,RGB,750a27d55229df5df338a1567321d86a90cb6d863daf3c1df7388c79510ecc0e,b3cbf997923b3bc4,5,0,"0,2,3",2247.1618904064003
train,image807,/root/autodl-tmp/datasets/sources/construction-ppe_ultralytics_2025_v1/images/train/image807.jpeg,/root/autodl-tmp/datasets/sources/construction-ppe_ultralytics_2025_v1/labels/train/image807.txt,True,,640,640,RGB,09fce1e85606fea117c44e522e44f8a67122319d05f9d012867b8e74bfca530a,00488d844ecc0c00,2,0,"0,2",5106.288177561601
train,image809,/root/autodl-tmp/datasets/sources/construction-ppe_ultralytics_2025_v1/images/train/image809.jpg,/root/autodl-tmp/datasets/sources/construction-ppe_ultralytics_2025_v1/labels/train/image809.txt,True,,640,640,RGB,748f6f52667f6cb9201960419c584c99ceefb1f8b1052c75de03df8efb67183a,e6e149521195a3a3,10,0,"0,1,2,3,4",1665.2781248512001
train,image81,/root/autodl-tmp/datasets/sources/construction-ppe_ultralytics_2025_v1/images/train/image81.jpg,/root/autodl-tmp/datasets/sources/construction-ppe_ultralytics_2025_v1/labels/train/image81.txt,True,,640,640,RGB,254df9eb995f8c69983657be3188983d6986779ae73be5cfad922422cbfc3102,050327a4860f0e0e,3,0,"0,1,2",2506.4061247488
train,image811,/root/autodl-tmp/datasets/sources/construction-ppe_ultralytics_2025_v1/images/train/image811.jpg,/root/autodl-tmp/datasets/sources/construction-ppe_ultralytics_2025_v1/labels/train/image811.txt,True,,640,640,RGB,4eca3b49e8b513129c874de2da279c245957db05db34f1d139ab9d8fcaee2253,8e4d4d1a3b3196a9,8,0,"0,1,2",4014.1332135936004
train,image812,/root/autodl-tmp/datasets/sources/construction-ppe_ultralytics_2025_v1/images/train/image812.jpg,/root/autodl-tmp/datasets/sources/construction-ppe_ultralytics_2025_v1/labels/train/image812.txt,True,,640,640,RGB,5f45651e9daa325adb39ff81a7957a1b509d660ec7c69a27356a48c00b7a7aa0,dbf9b131f9919f95,8,0,"0,1,2",1933.3458911232
train,image813,/root/autodl-tmp/datasets/sources/construction-ppe_ultralytics_2025_v1/images/train/image813.jpg,/root/autodl-tmp/datasets/sources/construction-ppe_ultralytics_2025_v1/labels/train/image813.txt,True,,640,640,RGB,45fe88b557c7c6f38f77eded84185b0c9ae188affe35ea330b48cc0856c617e0,58ec4cdcbe685bc9,4,0,"0,1,2",8751.627369676802
train,image814,/root/autodl-tmp/datasets/sources/construction-ppe_ultralytics_2025_v1/images/train/image814.jpg,/root/autodl-tmp/datasets/sources/construction-ppe_ultralytics_2025_v1/labels/train/image814.txt,True,,640,640,RGB,4a664c6237311e3952e494ea813c6336f1d2e3910506984010e298cf68e68677,ece96eeccaf3f3e7,2,0,"0,2",4300.992
train,image815,/root/autodl-tmp/datasets/sources/construction-ppe_ultralytics_2025_v1/images/train/image815.jpg,/root/autodl-tmp/datasets/sources/construction-ppe_ultralytics_2025_v1/labels/train/image815.txt,True,,640,640,RGB,654f1512c805fea8ac18b7ba7ddabab22f13f45de62f48673531c7ed6519b474,edeb6aecc2f3f3d3,2,0,"0,2",6136.7955968
train,image816,/root/autodl-tmp/datasets/sources/construction-ppe_ultralytics_2025_v1/images/train/image816.jpg,/root/autodl-tmp/datasets/sources/construction-ppe_ultralytics_2025_v1/labels/train/image816.txt,True,,640,640,RGB,129cd35635199930372cbfc4ed75d1a7ca930d1a37e330692b2936270a457e07,ede96beec2f3f3e7,2,0,"0,2",6111.467844812801
train,image817,/root/autodl-tmp/datasets/sources/construction-ppe_ultralytics_2025_v1/images/train/image817.jpg,/root/autodl-tmp/datasets/sources/construction-ppe_ultralytics_2025_v1/labels/train/image817.txt,True,,640,640,RGB,e60e12d6faa0c75504b81625569c7e2a7d0a0040fcce01a642c550a1e17bf68c,edeb6befc2f3f3f5,2,0,"0,2",6438.1371744256
train,image818,/root/autodl-tmp/datasets/sources/construction-ppe_ultralytics_2025_v1/images/train/image818.jpeg,/root/autodl-tmp/datasets/sources/construction-ppe_ultralytics_2025_v1/labels/train/image818.txt,True,,640,640,RGB,634cb0f4c13ae601d39fddbc3c440894a118283d69e7d05fac845e37c8466a47,0012834041c13000,2,0,1,21557.6681807872
train,image819,/root/autodl-tmp/datasets/sources/construction-ppe_ultralytics_2025_v1/images/train/image819.jpg,/root/autodl-tmp/datasets/sources/construction-ppe_ultralytics_2025_v1/labels/train/image819.txt,True,,640,640,RGB,19d5db2a73a4c62715393d21080d04ff651478e3a54917176c9eeb2070ea8959,8484ba3a763cf8f8,3,0,"0,2,4",1489.5561727999998
train,image82,/root/autodl-tmp/datasets/sources/construction-ppe_ultralytics_2025_v1/images/train/image82.jpg,/root/autodl-tmp/datasets/sources/construction-ppe_ultralytics_2025_v1/labels/train/image82.txt,True,,640,640,RGB,48f7856d22e47caf36cd367f07a2ef533b85e7804c8352ae4230795c975b7baa,070b1716860f0e0e,5,0,"0,1,2,3",2200.0216584192003
train,image820,/root/autodl-tmp/datasets/sources/construction-ppe_ultralytics_2025_v1/images/train/image820.jpg,/root/autodl-tmp/datasets/sources/construction-ppe_ultralytics_2025_v1/labels/train/image820.txt,True,,640,640,RGB,ce2ed3cb56e73327f4b894264be4742c07920ba13383c38214d587f15d9aa59e,e3e36ae7c6f3e3f2,2,0,"0,2",8372.4510208
train,image821,/root/autodl-tmp/datasets/sources/construction-ppe_ultralytics_2025_v1/images/train/image821.jpg,/root/autodl-tmp/datasets/sources/construction-ppe_ultralytics_2025_v1/labels/train/image821.txt,True,,640,640,RGB,6a43ee723546c98974770bff899b6bd3fd5a0473225c778f1c44ccd48b349332,ebeb6ee6c6f3f2f6,2,0,"0,2",6739.9243272192
train,image822,/root/autodl-tmp/datasets/sources/construction-ppe_ultralytics_2025_v1/images/train/image822.jpg,/root/autodl-tmp/datasets/sources/construction-ppe_ultralytics_2025_v1/labels/train/image822.txt,True,,640,640,RGB,59926417f40d471b791810242a0347186838345f1333b78ed38feb0fa876a655,e7e666efc6e6e6e4,2,0,"0,2",8300.644351180801
train,image823,/root/autodl-tmp/datasets/sources/construction-ppe_ultralytics_2025_v1/images/train/image823.jpg,/root/autodl-tmp/datasets/sources/construction-ppe_ultralytics_2025_v1/labels/train/image823.txt,True,,640,640,RGB,638c0e58b6670e88558f7d0b8769e43687d851b63a0ea603c622f9d323e38771,e3e262cec6e3e3e7,2,0,"0,2",9679.6237824
train,image827,/root/autodl-tmp/datasets/sources/construction-ppe_ultralytics_2025_v1/images/train/image827.jpg,/root/autodl-tmp/datasets/sources/construction-ppe_ultralytics_2025_v1/labels/train/image827.txt,True,,640,640,RGB,c0319abf324767765c0504432e352c4d1c4addb221bf54200372b18ed41599b1,ebe362e9c6e7e7e6,2,0,"0,2",14670.6294272
train,image828,/root/autodl-tmp/datasets/sources/construction-ppe_ultralytics_2025_v1/images/train/image828.jpg,/root/autodl-tmp/datasets/sources/construction-ppe_ultralytics_2025_v1/labels/train/image828.txt,True,,640,640,RGB,8e6b834e7eae9f3440c6aade2c3c20efef7490b2deea6f27b2338c86380268ac,e3e362eecee7e6e6,2,0,"0,2",5602.3643136
train,image829,/root/autodl-tmp/datasets/sources/construction-ppe_ultralytics_2025_v1/images/train/image829.jpg,/root/autodl-tmp/datasets/sources/construction-ppe_ultralytics_2025_v1/labels/train/image829.txt,True,,640,640,RGB,8c5d8e56d8cab2d68288c17e6164cdcf664418301c39f2e789a362f512c3e374,e7e666cddee7e6e6,2,0,"0,2",6786.607001599999
train,image83,/root/autodl-tmp/datasets/sources/construction-ppe_ultralytics_2025_v1/images/train/image83.jpg,/root/autodl-tmp/datasets/sources/construction-ppe_ultralytics_2025_v1/labels/train/image83.txt,True,,640,640,RGB,7b84a013c515e5f01cc44c4903f0b6090390fd79b0a05b6d9673e0c20eaf0ea6,07030724a6170e0e,3,0,"0,1,2",2865.1864449024006
train,image830,/root/autodl-tmp/datasets/sources/construction-ppe_ultralytics_2025_v1/images/train/image830.jpeg,/root/autodl-tmp/datasets/sources/construction-ppe_ultralytics_2025_v1/labels/train/image830.txt,True,,640,640,RGB,04b4c1c0a78aab7125df87622c99bc9de40567b26109ba39a8c33a71ea4bf1d4,009198c6e3929300,2,0,"0,2",13713.629591961599
train,image831,/root/autodl-tmp/datasets/sources/construction-ppe_ultralytics_2025_v1/images/train/image831.jpg,/root/autodl-tmp/datasets/sources/construction-ppe_ultralytics_2025_v1/labels/train/image831.txt,True,,640,640,RGB,7f1d1ca349f33d640289ab3c03ba508fd00f3b5459002c622746db3c4d30b828,00d692ccec8c9c00,7,0,"0,2",506.3674871807999
train,image832,/root/autodl-tmp/datasets/sources/construction-ppe_ultralytics_2025_v1/images/train/image832.jpg,/root/autodl-tmp/datasets/sources/construction-ppe_ultralytics_2025_v1/labels/train/image832.txt,True,,640,640,RGB,e8c77c10b5d65742cc45341d751cedf30f85ac24b7e14789414fda6f3ada4d2b,e6e666ced26766e6,2,0,"0,2",5670.292753612801
train,image833,/root/autodl-tmp/datasets/sources/construction-ppe_ultralytics_2025_v1/images/train/image833.jpg,/root/autodl-tmp/datasets/sources/construction-ppe_ultralytics_2025_v1/labels/train/image833.txt,True,,640,640,RGB,dfa64f021748205611756f5c9f1ffeb905096919c2031d400182c619d0cfbba8,e6c369e6d6e7e762,2,0,"0,2",7422.099881574401
train,image835,/root/autodl-tmp/datasets/sources/construction-ppe_ultralytics_2025_v1/images/train/image835.jpg,/root/autodl-tmp/datasets/sources/construction-ppe_ultralytics_2025_v1/labels/train/image835.txt,True,,640,640,RGB,9c2783ac791a09a705eab923e1bdb167308fe89ca0f5df90a327ddfba8027167,e6e666cbcee7e6e6,2,0,"0,2",6497.778278399999
train,image836,/root/autodl-tmp/datasets/sources/construction-ppe_ultralytics_2025_v1/images/train/image836.jpg,/root/autodl-tmp/datasets/sources/construction-ppe_ultralytics_2025_v1/labels/train/image836.txt,True,,640,640,RGB,443e4956e7577461dfbe4cf127748b4b97af1caef0c3d38f3b0a58888fb6e3ae,6349b3e640626464,2,0,"0,2",12752.5954895872
train,image837,/root/autodl-tmp/datasets/sources/construction-ppe_ultralytics_2025_v1/images/train/image837.jpg,/root/autodl-tmp/datasets/sources/construction-ppe_ultralytics_2025_v1/labels/train/image837.txt,True,,640,640,RGB,23f070b39af0933b61a74fee7429d2c9c39accdb13fd2053a1399b2dc46c3f84,6349a3e6d0626464,2,0,"0,2",10431.0734512128
train,image838,/root/autodl-tmp/datasets/sources/construction-ppe_ultralytics_2025_v1/images/train/image838.jpg,/root/autodl-tmp/datasets/sources/construction-ppe_ultralytics_2025_v1/labels/train/image838.txt,True,,640,640,RGB,3f5b72f74bb5a406b164bb354da1c31714980cb66715fcf642dd0e37603c8f11,6b4db3e650626464,2,0,"0,2",12499.7322063872
train,image839,/root/autodl-tmp/datasets/sources/construction-ppe_ultralytics_2025_v1/images/train/image839.jpg,/root/autodl-tmp/datasets/sources/construction-ppe_ultralytics_2025_v1/labels/train/image839.txt,True,,640,640,RGB,f0307ef8d9658435ad762f5171b1d690f02c0f7f8469eaba4e342dc014f3d208,3564d1b268b0b232,2,0,"0,2",13278.3698087936
train,image84,/root/autodl-tmp/datasets/sources/construction-ppe_ultralytics_2025_v1/images/train/image84.jpg,/root/autodl-tmp/datasets/sources/construction-ppe_ultralytics_2025_v1/labels/train/image84.txt,True,,640,640,RGB,d7681a71b64a633e0f48a2f05f9fcc0eed5681f0360b247dd065790cf8d5302d,070b071292130e0e,3,0,"0,1,2",2465.2210143232
train,image840,/root/autodl-tmp/datasets/sources/construction-ppe_ultralytics_2025_v1/images/train/image840.jpeg,/root/autodl-tmp/datasets/sources/construction-ppe_ultralytics_2025_v1/labels/train/image840.txt,True,,640,640,RGB,0ad235e72149877fd77109a2274fdf21a918daadd7f0a9b3e3398c6d9e9ed608,00feb39e5b9e9c00,6,0,"0,1,2,3",2697.488128
train,image841,/root/autodl-tmp/datasets/sources/construction-ppe_ultralytics_2025_v1/images/train/image841.jpg,/root/autodl-tmp/datasets/sources/construction-ppe_ultralytics_2025_v1/labels/train/image841.txt,True,,640,640,RGB,786a4988bb1a4cde0fb5545c068361faadb38a8bf19fef6362269873d9270892,606848486868ccdc,2,0,"0,2",18549.4518448128
train,image842,/root/autodl-tmp/datasets/sources/construction-ppe_ultralytics_2025_v1/images/train/image842.jpg,/root/autodl-tmp/datasets/sources/construction-ppe_ultralytics_2025_v1/labels/train/image842.txt,True,,640,640,RGB,ab8b1e45873d3468c282bc8c4e89eeb22c2e86a71e5d28cbc8581111f5ba2720,7564d1b26830b232,2,0,"0,2",12238.5934319616
train,image843,/root/autodl-tmp/datasets/sources/construction-ppe_ultralytics_2025_v1/images/train/image843.jpg,/root/autodl-tmp/datasets/sources/construction-ppe_ultralytics_2025_v1/labels/train/image843.txt,True,,640,640,RGB,b9829bf826b9696b28e08f17c9247c3a485b239aa66607379760bd47f29d7b6b,6149cb8998db83ce,2,0,"0,2",13855.075567206402
train,image844,/root/autodl-tmp/datasets/sources/construction-ppe_ultralytics_2025_v1/images/train/image844.jpg,/root/autodl-tmp/datasets/sources/construction-ppe_ultralytics_2025_v1/labels/train/image844.txt,True,,640,640,RGB,8631bd31aa838a7665b0bb1c413457aa289a76ad6236c258a010b1247c2908cc,7971f559d4d9894b,2,0,"0,2",11502.719609651202
train,image845,/root/autodl-tmp/datasets/sources/construction-ppe_ultralytics_2025_v1/images/train/image845.jpg,/root/autodl-tmp/datasets/sources/construction-ppe_ultralytics_2025_v1/labels/train/image845.txt,True,,640,640,RGB,13aa8c3aebc1471fc2677b02292bedd1a1a49be439bf7a2189e9a7c5b4e641b5,7970f559dcd9894b,2,0,"0,2",15183.9198560256
train,image847,/root/autodl-tmp/datasets/sources/construction-ppe_ultralytics_2025_v1/images/train/image847.jpeg,/root/autodl-tmp/datasets/sources/construction-ppe_ultralytics_2025_v1/labels/train/image847.txt,True,,640,640,RGB,cd12bc23c27b08fc2ea81d74d353deb4bffe611f7b3dfbe741a51a496231fd1a,001081800c4e3c00,6,0,"0,1,2",1842.3789600767998
train,image848,/root/autodl-tmp/datasets/sources/construction-ppe_ultralytics_2025_v1/images/train/image848.jpg,/root/autodl-tmp/datasets/sources/construction-ppe_ultralytics_2025_v1/labels/train/image848.txt,True,,640,640,RGB,0bccd21195c71a87d1531188f7d0b150265ddffcd7805104263f05bb3f0ce380,b098f89ad2d4dcda,4,0,"0,2",1097.8847232
train,image849,/root/autodl-tmp/datasets/sources/construction-ppe_ultralytics_2025_v1/images/train/image849.jpg,/root/autodl-tmp/datasets/sources/construction-ppe_ultralytics_2025_v1/labels/train/image849.txt,True,,640,640,RGB,93df5742c070da6edd068338e8efbdf5009c030ef86739b9fe20a29ebc550e54,828b9eaecdd9d9e0,5,0,2,11635.7877080064
train,image85,/root/autodl-tmp/datasets/sources/construction-ppe_ultralytics_2025_v1/images/train/image85.jpg,/root/autodl-tmp/datasets/sources/construction-ppe_ultralytics_2025_v1/labels/train/image85.txt,True,,640,640,RGB,9e507d79479994827f72b1b2caa15ef1fac09dc19a6a5fea8905598226c40a37,9e849b4b0606c666,7,0,"0,1,2,3,4",2588.5741056
train,image850,/root/autodl-tmp/datasets/sources/construction-ppe_ultralytics_2025_v1/images/train/image850.jpg,/root/autodl-tmp/datasets/sources/construction-ppe_ultralytics_2025_v1/labels/train/image850.txt,True,,640,640,RGB,846ffc71131c623d411997a82750ef84b5c2b091395333da1e764e912871f741,7f0c974e4c4d969f,8,0,"0,1,2,3,4,6",1937.3060775936003
train,image851,/root/autodl-tmp/datasets/sources/construction-ppe_ultralytics_2025_v1/images/train/image851.jpg,/root/autodl-tmp/datasets/sources/construction-ppe_ultralytics_2025_v1/labels/train/image851.txt,True,,640,640,RGB,5be550531bb5bb894df339e39b105eb858c4efb4fae27d340dfe38feaeac9884,5f4b168e4c4d969f,8,0,"0,1,2,3,4,6",1754.5678856191998
train,image853,/root/autodl-tmp/datasets/sources/construction-ppe_ultralytics_2025_v1/images/train/image853.jpg,/root/autodl-tmp/datasets/sources/construction-ppe_ultralytics_2025_v1/labels/train/image853.txt,True,,640,640,RGB,3e67c50919e601cc1365b93c9e35cff35a6ba52c559819d012815b5aeb6b6ded,0065168662e5b700,8,0,"0,1,2,6",5407.6992671744
train,image854,/root/autodl-tmp/datasets/sources/construction-ppe_ultralytics_2025_v1/images/train/image854.jpg,/root/autodl-tmp/datasets/sources/construction-ppe_ultralytics_2025_v1/labels/train/image854.txt,True,,640,640,RGB,c1d72fe3d896a3e983833adca731c6142f1a7561adca2407df39fdeeae84b21e,ff982c9c9a9db69b,8,0,"0,1,2,3,4,6",1856.2135375872
train,image855,/root/autodl-tmp/datasets/sources/construction-ppe_ultralytics_2025_v1/images/train/image855.jpg,/root/autodl-tmp/datasets/sources/construction-ppe_ultralytics_2025_v1/labels/train/image855.txt,True,,640,640,RGB,37b6e2532d97ed9f0de1d5338c2aa948c7b79fd2858dee04bfb8bed55619d41b,ffd8bc9c8c8d969b,8,0,"0,1,2,3,4,6",2269.4200320000004
train,image856,/root/autodl-tmp/datasets/sources/construction-ppe_ultralytics_2025_v1/images/train/image856.jpg,/root/autodl-tmp/datasets/sources/construction-ppe_ultralytics_2025_v1/labels/train/image856.txt,True,,640,640,RGB,b0ba8bf1f3e2522f617ee0c7a6bc2056a4f988e4a4c61093bcc49d12d9850d3f,5bcc94cccc4cdbcd,8,0,"0,1,2,3,4,6",2974.1534208000003
train,image857,/root/autodl-tmp/datasets/sources/construction-ppe_ultralytics_2025_v1/images/train/image857.jpg,/root/autodl-tmp/datasets/sources/construction-ppe_ultralytics_2025_v1/labels/train/image857.txt,True,,640,640,RGB,dae26b36061fc4567f6d7409460b5f4ddb4e9d1daddadc51464093fd51033b62,ec8d1f4c4c4e26c4,8,0,"0,1,2,3,4,6",2128.6895616
train,image858,/root/autodl-tmp/datasets/sources/construction-ppe_ultralytics_2025_v1/images/train/image858.jpeg,/root/autodl-tmp/datasets/sources/construction-ppe_ultralytics_2025_v1/labels/train/image858.txt,True,,640,640,RGB,1b5891b7814843faec89adae1d8d3611b57732e18db3d794fd5446783aae9350,00cf8764f7367600,11,0,"0,1,2,4,6",4443.5864576
train,image859,/root/autodl-tmp/datasets/sources/construction-ppe_ultralytics_2025_v1/images/train/image859.jpg,/root/autodl-tmp/datasets/sources/construction-ppe_ultralytics_2025_v1/labels/train/image859.txt,True,,640,640,RGB,aacd7682cd8040a7c8734342307f9c066a99fd28118d9cb57d000dcc57340841,0048eef6ee993300,12,0,"0,2,6",505.0220544
train,image86,/root/autodl-tmp/datasets/sources/construction-ppe_ultralytics_2025_v1/images/train/image86.jpg,/root/autodl-tmp/datasets/sources/construction-ppe_ultralytics_2025_v1/labels/train/image86.txt,True,,640,640,RGB,d4a243a61969a70694098a5b80af318a64c79fb267d2c48cf5a19b3f13f00a2b,34051347074e8666,8,0,"0,1,2,3,4,6",2425.1700215808
train,image861,/root/autodl-tmp/datasets/sources/construction-ppe_ultralytics_2025_v1/images/train/image861.jpg,/root/autodl-tmp/datasets/sources/construction-ppe_ultralytics_2025_v1/labels/train/image861.txt,True,,640,640,RGB,6f3b975ba7c0455f20fdb8883c080c3abcc30531b021cfda761f30b068421cb3,cd2c5fcfcd4ea3e6,8,0,"0,1,2,3,4,6",3337.5367151616006
train,image862,/root/autodl-tmp/datasets/sources/construction-ppe_ultralytics_2025_v1/images/train/image862.jpg,/root/autodl-tmp/datasets/sources/construction-ppe_ultralytics_2025_v1/labels/train/image862.txt,True,,640,640,RGB,d48a87cc5325e7a6e06745997b1cd4594d5cada557631a69f574b34eea78b4dc,0b4c5fcfcc0f83e6,8,0,"0,1,2,3,4,6",2057.900032
train,image863,/root/autodl-tmp/datasets/sources/construction-ppe_ultralytics_2025_v1/images/train/image863.jpg,/root/autodl-tmp/datasets/sources/construction-ppe_ultralytics_2025_v1/labels/train/image863.txt,True,,640,640,RGB,ab381b82ca79c3eba82aa9abc95dc61789282193e210a736dbf8441b637da24a,4e0c5ece4d4f090b,8,0,"0,1,2,3,4,6",2740.2797727744
train,image864,/root/autodl-tmp/datasets/sources/construction-ppe_ultralytics_2025_v1/images/train/image864.jpg,/root/autodl-tmp/datasets/sources/construction-ppe_ultralytics_2025_v1/labels/train/image864.txt,True,,640,640,RGB,00aa43208ca73c5fe7d827d0f68a228dd703f7786d295426f1a7e7595a9eddde,c8495ece4d4f0d8b,8,0,"0,1,2,3,4,6",2940.6441295872005
train,image865,/root/autodl-tmp/datasets/sources/construction-ppe_ultralytics_2025_v1/images/train/image865.jpeg,/root/autodl-tmp/datasets/sources/construction-ppe_ultralytics_2025_v1/labels/train/image865.txt,True,,640,640,RGB,8635c8875af67932911b375e51508c43dd485589b75c9e250ca863c103f96c3b,d4d4d4dcdcd4d4d4,5,0,"0,1,2,6",5699.6825759744
train,image866,/root/autodl-tmp/datasets/sources/construction-ppe_ultralytics_2025_v1/images/train/image866.jpg,/root/autodl-tmp/datasets/sources/construction-ppe_ultralytics_2025_v1/labels/train/image866.txt,True,,640,640,RGB,8ed8125d68de3d164f05a3fc585c0e0c66889f6434e4e7e3bda0d2a5b4a82b9d,0e96e883e76b4b9c,25,0,"0,2,3,6",856.4893184000001
train,image869,/root/autodl-tmp/datasets/sources/construction-ppe_ultralytics_2025_v1/images/train/image869.jpg,/root/autodl-tmp/datasets/sources/construction-ppe_ultralytics_2025_v1/labels/train/image869.txt,True,,640,640,RGB,2026f042f7117b37454e1f658a6008c2be2e0a3c5ee578aed7e669ef8bb99121,ca0a5d4d4d4d8e26,8,0,"0,1,2,3,4,6",1289.5631351808
train,image87,/root/autodl-tmp/datasets/sources/construction-ppe_ultralytics_2025_v1/images/train/image87.jpg,/root/autodl-tmp/datasets/sources/construction-ppe_ultralytics_2025_v1/labels/train/image87.txt,True,,640,640,RGB,e9c26488d83fd7fbd48a3f9a47c9d448352c55c07ac83d7940afacb7f4770717,696313860e4e8666,8,0,"0,1,2,3,4,6",4068.2051919871997
train,image870,/root/autodl-tmp/datasets/sources/construction-ppe_ultralytics_2025_v1/images/train/image870.jpg,/root/autodl-tmp/datasets/sources/construction-ppe_ultralytics_2025_v1/labels/train/image870.txt,True,,640,640,RGB,fd776830705400170c9bf5645ce7cdde652b0d4826a26841140ac33eb3b1e4f3,dbcfdbcc494e8ea6,8,0,"0,1,2,3,4,6",2022.4884064256
train,image871,/root/autodl-tmp/datasets/sources/construction-ppe_ultralytics_2025_v1/images/train/image871.jpg,/root/autodl-tmp/datasets/sources/construction-ppe_ultralytics_2025_v1/labels/train/image871.txt,True,,640,640,RGB,c68c4493bd3fc9fae8968fdc118991ec3fff0e24ca978321160d2f375244b8bb,dacadbcc4a4acea7,8,0,"0,1,2,3,4,6",1657.6974176255999
train,image872,/root/autodl-tmp/datasets/sources/construction-ppe_ultralytics_2025_v1/images/train/image872.jpg,/root/autodl-tmp/datasets/sources/construction-ppe_ultralytics_2025_v1/labels/train/image872.txt,True,,640,640,RGB,b8bf00d1d1e3e05cf8eb0e2dd752105bbb7141e3474fec369bab57d80c8800ab,dc18dfce4a4acea7,8,0,"0,1,2,3,4,6",1481.4286495744
train,image873,/root/autodl-tmp/datasets/sources/construction-ppe_ultralytics_2025_v1/images/train/image873.jpeg,/root/autodl-tmp/datasets/sources/construction-ppe_ultralytics_2025_v1/labels/train/image873.txt,True,,640,640,RGB,d22380fa8adf2d20ae88a81ab89b50d057bcedd3031b2316412de6e6b4783ee6,fcd46464646060cc,3,0,"0,2,6",25723.989812838397
train,image874,/root/autodl-tmp/datasets/sources/construction-ppe_ultralytics_2025_v1/images/train/image874.jpeg,/root/autodl-tmp/datasets/sources/construction-ppe_ultralytics_2025_v1/labels/train/image874.txt,True,,640,640,RGB,ef469027413b976a8154b3bbb26ff1930f55d2ec942c183482e2cea16809ea12,d4d4d4d4f4d4e4d4,8,0,"0,1,2,6",4566.0863832064
train,image875,/root/autodl-tmp/datasets/sources/construction-ppe_ultralytics_2025_v1/images/train/image875.jpg,/root/autodl-tmp/datasets/sources/construction-ppe_ultralytics_2025_v1/labels/train/image875.txt,True,,640,640,RGB,8abf9cc8251951705d021ce8c16de78dfc6ebee94e5722c992e05342541d7d53,d4e4ec8c98d88cec,18,0,"0,2,6",636.2918240255999
train,image877,/root/autodl-tmp/datasets/sources/construction-ppe_ultralytics_2025_v1/images/train/image877.jpg,/root/autodl-tmp/datasets/sources/construction-ppe_ultralytics_2025_v1/labels/train/image877.txt,True,,640,640,RGB,83f599489a479967e27a6ac02b7309774eacac965ccb0f0136ea6425dfae12e4,3f37363627268697,8,0,"0,1,2,3,4,6",1342.3711776767998
train,image878,/root/autodl-tmp/datasets/sources/construction-ppe_ultralytics_2025_v1/images/train/image878.jpg,/root/autodl-tmp/datasets/sources/construction-ppe_ultralytics_2025_v1/labels/train/image878.txt,True,,640,640,RGB,625442c9720658b36b4e76ee93ec060a6b6be118276f7fa23f538ed0212da62a,fecee687cd4d0d99,8,0,"0,1,2,3,4,6",2081.7480703999995
train,image879,/root/autodl-tmp/datasets/sources/construction-ppe_ultralytics_2025_v1/images/train/image879.jpg,/root/autodl-tmp/datasets/sources/construction-ppe_ultralytics_2025_v1/labels/train/image879.txt,True,,640,640,RGB,c513cceba5586e4ba9ca62ca87c43c03da3c97889d27473fd5cfbc171e8105b1,f98de4478d4d0d98,8,0,"0,1,2,3,4,6",2181.9101503488
train,image88,/root/autodl-tmp/datasets/sources/construction-ppe_ultralytics_2025_v1/images/train/image88.jpg,/root/autodl-tmp/datasets/sources/construction-ppe_ultralytics_2025_v1/labels/train/image88.txt,True,,640,640,RGB,e5175366f52ba7ee1f6ce276c5155f5b61f3d1028d2a011995b7c94742f5a9a3,c3c616870d4d8666,8,0,"0,1,2,3,4,6",3119.0619488255998
train,image880,/root/autodl-tmp/datasets/sources/construction-ppe_ultralytics_2025_v1/images/train/image880.jpg,/root/autodl-tmp/datasets/sources/construction-ppe_ultralytics_2025_v1/labels/train/image880.txt,True,,640,640,RGB,06f7d03c6d883b247ce182133ff54e6332848860c8de9d1d84f0c0359596eca0,d98d464f8d0d8dca,8,0,"0,1,2,3,4,6",2207.1916023808
train,image881,/root/autodl-tmp/datasets/sources/construction-ppe_ultralytics_2025_v1/images/train/image881.jpg,/root/autodl-tmp/datasets/sources/construction-ppe_ultralytics_2025_v1/labels/train/image881.txt,True,,640,640,RGB,109dfcc0e5ab3fc151eb9f9669e2e0232ee083309fc01cab2582ea61011e7941,d98f464f8f258fce,8,0,"0,1,2,3,4,6",3361.1964416
train,image882,/root/autodl-tmp/datasets/sources/construction-ppe_ultralytics_2025_v1/images/train/image882.jpg,/root/autodl-tmp/datasets/sources/construction-ppe_ultralytics_2025_v1/labels/train/image882.txt,True,,640,640,RGB,b1d1d7b03f9dc4b4e4cdb5211d60706bf86e8b48d8c09cff388d1d1ad655a7d0,dbcfc6c70f2787cc,8,0,"0,1,2,3,4,6",2292.512
train,image883,/root/autodl-tmp/datasets/sources/construction-ppe_ultralytics_2025_v1/images/train/image883.jpg,/root/autodl-tmp/datasets/sources/construction-ppe_ultralytics_2025_v1/labels/train/image883.txt,True,,640,640,RGB,c2d5c603657e6342d06b6cd2133ec451c13f03b351691ed96687f17f73895c36,d3c7c6c607a787ed,8,0,"0,1,2,3,4,6",2993.4102016000006
train,image886,/root/autodl-tmp/datasets/sources/construction-ppe_ultralytics_2025_v1/images/train/image886.jpeg,/root/autodl-tmp/datasets/sources/construction-ppe_ultralytics_2025_v1/labels/train/image886.txt,True,,640,640,RGB,2a34dc95abf186b79b15e31d4c02123a12f3da6021fd6425df1028b02145f0fb,00892763e7a31300,7,0,"0,2,5,6",16986.376088780802
train,image887,/root/autodl-tmp/datasets/sources/construction-ppe_ultralytics_2025_v1/images/train/image887.jpg,/root/autodl-tmp/datasets/sources/construction-ppe_ultralytics_2025_v1/labels/train/image887.txt,True,,640,640,RGB,88bc5a2e7a066ab7bec5d5634681b992c42d12667165b15b5941a2a577751fdf,0010007070002000,6,0,"0,2,6",2897.356032
train,image888,/root/autodl-tmp/datasets/sources/construction-ppe_ultralytics_2025_v1/images/train/image888.jpg,/root/autodl-tmp/datasets/sources/construction-ppe_ultralytics_2025_v1/labels/train/image888.txt,True,,640,640,RGB,cf9be88579cdf0d1ff922cdd328ee731be155eecc89261c5fa6fe987cf2e3703,0ea4838ea6a6c677,8,0,"0,1,2,3,4,6",3070.7412639744
train,image889,/root/autodl-tmp/datasets/sources/construction-ppe_ultralytics_2025_v1/images/train/image889.jpg,/root/autodl-tmp/datasets/sources/construction-ppe_ultralytics_2025_v1/labels/train/image889.txt,True,,640,640,RGB,3ea4b838e56836bbaaf8c4b45557b626993450731bd57627cdead7bd424349e7,0d05038ea6a6c676,8,0,"0,1,2,3,4,6",3375.2221360128
train,image89,/root/autodl-tmp/datasets/sources/construction-ppe_ultralytics_2025_v1/images/train/image89.jpeg,/root/autodl-tmp/datasets/sources/construction-ppe_ultralytics_2025_v1/labels/train/image89.txt,True,,640,640,RGB,5a0a67dd0d0f568202fdb08be92cc4913dfb1a8c1e8afe7dc9a405c8fe22c97d,0097164616384c00,4,0,"1,2,6",4981.4190088192
train,image890,/root/autodl-tmp/datasets/sources/construction-ppe_ultralytics_2025_v1/images/train/image890.jpg,/root/autodl-tmp/datasets/sources/construction-ppe_ultralytics_2025_v1/labels/train/image890.txt,True,,640,640,RGB,b5c29407bb373b3593c019d358018b8315eb96c547f3a444cb1175df631339ca,5d45030ea6a66676,8,0,"0,1,2,3,4,6",3135.7605888
train,image891,/root/autodl-tmp/datasets/sources/construction-ppe_ultralytics_2025_v1/images/train/image891.jpg,/root/autodl-tmp/datasets/sources/construction-ppe_ultralytics_2025_v1/labels/train/image891.txt,True,,640,640,RGB,2f4e32768cf90017a46ab76b970033f5b766c4b3cce855fe7f5f6eb858ccfdda,bfa7124ea6a66666,8,0,"0,1,2,3,4,6",1839.7423583231998
train,image892,/root/autodl-tmp/datasets/sources/construction-ppe_ultralytics_2025_v1/images/train/image892.jpg,/root/autodl-tmp/datasets/sources/construction-ppe_ultralytics_2025_v1/labels/train/image892.txt,True,,640,640,RGB,392756db47a18eead96c758c4da540b4ac5749f960cf9bd363b9a7baab9428e3,b6a7124e26a66666,8,0,"0,1,2,3,4,6",2909.0119344128
train,image893,/root/autodl-tmp/datasets/sources/construction-ppe_ultralytics_2025_v1/images/train/image893.jpg,/root/autodl-tmp/datasets/sources/construction-ppe_ultralytics_2025_v1/labels/train/image893.txt,True,,640,640,RGB,5f716a582049290c06f109cc9add9bdcc0a3da6d0f3d74b30b4355f3636500f9,6c6d13ce6626c62e,8,0,"0,1,2,3,4,6",2620.9099776000003
train,image894,/root/autodl-tmp/datasets/sources/construction-ppe_ultralytics_2025_v1/images/train/image894.jpg,/root/autodl-tmp/datasets/sources/construction-ppe_ultralytics_2025_v1/labels/train/image894.txt,True,,640,640,RGB,518a1250da047a8e4ca7e7817f48de6791591bebfff4b02a0250786d9e2b4e92,cbcc16ce4f46cc2b,8,0,"0,1,2,3,4,6",3127.7882015744003
train,image895,/root/autodl-tmp/datasets/sources/construction-ppe_ultralytics_2025_v1/images/train/image895.jpg,/root/autodl-tmp/datasets/sources/construction-ppe_ultralytics_2025_v1/labels/train/image895.txt,True,,640,640,RGB,c835864d2ad9c9dd05398d956e647c68822bcddeadff7da3997bca4128089a19,cb8c16cccd4ecd23,8,0,"0,1,2,3,4,6",3336.8699912192
train,image898,/root/autodl-tmp/datasets/sources/construction-ppe_ultralytics_2025_v1/images/train/image898.jpg,/root/autodl-tmp/datasets/sources/construction-ppe_ultralytics_2025_v1/labels/train/image898.txt,True,,640,640,RGB,7b516828360042eea9a872ef80e867309992862fcf931fc9dba97ace068ed47a,004d70979e4ead00,7,0,"0,2,3,5,6",2565.9293679615994
train,image899,/root/autodl-tmp/datasets/sources/construction-ppe_ultralytics_2025_v1/images/train/image899.jpg,/root/autodl-tmp/datasets/sources/construction-ppe_ultralytics_2025_v1/labels/train/image899.txt,True,,640,640,RGB,51b8573b53d0d3c45b5eadcecd168f3860d0e142ed8904710008bfe2c41dbfc8,8a0f97cccccc4d9a,8,0,"0,1,2,3,4,6",1500.6069759999998
train,image90,/root/autodl-tmp/datasets/sources/construction-ppe_ultralytics_2025_v1/images/train/image90.jpg,/root/autodl-tmp/datasets/sources/construction-ppe_ultralytics_2025_v1/labels/train/image90.txt,True,,640,640,RGB,aef90e0ca313288a0ab542f7347547f288a335a73348367ed4add6ef7381a2dc,0103131a8a8f0e16,7,0,"0,1,2,3,6",1485.7038815232004
train,image900,/root/autodl-tmp/datasets/sources/construction-ppe_ultralytics_2025_v1/images/train/image900.jpg,/root/autodl-tmp/datasets/sources/construction-ppe_ultralytics_2025_v1/labels/train/image900.txt,True,,640,640,RGB,57b17a7f1f65675dc79914242fc732dbd8b86b9ec60dd6b5cb28017b30452899,8a0fd7cece864dc9,8,0,"0,1,2,3,4,6",1500.6069759999998
train,image901,/root/autodl-tmp/datasets/sources/construction-ppe_ultralytics_2025_v1/images/train/image901.jpg,/root/autodl-tmp/datasets/sources/construction-ppe_ultralytics_2025_v1/labels/train/image901.txt,True,,640,640,RGB,003796a3accd298a1cdfe887bfaaee2301c07fcfdf78475f10301ed2e7fb17c1,0c064bc6e6e62666,8,0,"0,1,2,3,4,6",1500.2460159999998
train,image902,/root/autodl-tmp/datasets/sources/construction-ppe_ultralytics_2025_v1/images/train/image902.jpg,/root/autodl-tmp/datasets/sources/construction-ppe_ultralytics_2025_v1/labels/train/image902.txt,True,,640,640,RGB,d5cfcfc840f62c19f7215b9830d3e9c1dc48a2976399ce401a8f0fafde916d90,04064bc7e6e7b666,8,0,"0,1,2,3,4,6",1500.2460159999998
train,image903,/root/autodl-tmp/datasets/sources/construction-ppe_ultralytics_2025_v1/images/train/image903.jpg,/root/autodl-tmp/datasets/sources/construction-ppe_ultralytics_2025_v1/labels/train/image903.txt,True,,640,640,RGB,5b403299944fed96f38520498c7c8408c4bad6eefddd6cebbab5490d827fe2c0,0c06cbe7e6e79626,8,0,"0,1,2,3,4,6",1500.2460159999998
train,image904,/root/autodl-tmp/datasets/sources/construction-ppe_ultralytics_2025_v1/images/train/image904.jpg,/root/autodl-tmp/datasets/sources/construction-ppe_ultralytics_2025_v1/labels/train/image904.txt,True,,640,640,RGB,055ee52c99ea9008e95fb1ba0a3f88d9a6404721c341a8c808a81c8f85d9ef6c,1d24cbcfe6e69626,8,0,"0,1,2,3,4,6",1500.2460159999998
train,image906,/root/autodl-tmp/datasets/sources/construction-ppe_ultralytics_2025_v1/images/train/image906.jpg,/root/autodl-tmp/datasets/sources/construction-ppe_ultralytics_2025_v1/labels/train/image906.txt,True,,640,640,RGB,1bc3aefc5a15dae2e2f4e1b9eaddf6eb35d1ad3ea002c203f07e3ee9c548ce7c,ce972919981a5a99,8,0,"0,1,2,3,4,6",1500.2460159999998
train,image907,/root/autodl-tmp/datasets/sources/construction-ppe_ultralytics_2025_v1/images/train/image907.jpeg,/root/autodl-tmp/datasets/sources/construction-ppe_ultralytics_2025_v1/labels/train/image907.txt,True,,640,640,RGB,e75e0605cdaf125ba16fb475fa56ff50e7ddf409d6e3125137b6051bdd97fcab,dcc4dcd4dcdcf4d4,11,0,"0,2,3,5,6",527.3901568
train,image908,/root/autodl-tmp/datasets/sources/construction-ppe_ultralytics_2025_v1/images/train/image908.jpg,/root/autodl-tmp/datasets/sources/construction-ppe_ultralytics_2025_v1/labels/train/image908.txt,True,,640,640,RGB,85fc9fc6dd20b17ba6e11f0fd3750b555b7af6edd9d07dcab36fc6f3960d0390,00b63385d4ab9700,21,0,"0,2,3,5,6",449.2473856
train,image909,/root/autodl-tmp/datasets/sources/construction-ppe_ultralytics_2025_v1/images/train/image909.jpg,/root/autodl-tmp/datasets/sources/construction-ppe_ultralytics_2025_v1/labels/train/image909.txt,True,,640,640,RGB,8d99abaf8d67b806e52fdc6dbe4ce9244a44661250a08e72c88c53ccbb60c75c,c6172d99981a5b99,8,0,"0,1,2,3,4,6",1464.7533223935998
train,image91,/root/autodl-tmp/datasets/sources/construction-ppe_ultralytics_2025_v1/images/train/image91.jpg,/root/autodl-tmp/datasets/sources/construction-ppe_ultralytics_2025_v1/labels/train/image91.txt,True,,640,640,RGB,b1f58f75a4b220b12355af56c50ba36125e1c0305bda2001f3656cb047110a8f,838e96170d4d8666,8,0,"0,1,2,3,4,6",2303.5661824000003
train,image911,/root/autodl-tmp/datasets/sources/construction-ppe_ultralytics_2025_v1/images/train/image911.jpg,/root/autodl-tmp/datasets/sources/construction-ppe_ultralytics_2025_v1/labels/train/image911.txt,True,,640,640,RGB,e0c85b8aedaf67f6056b07f8fd81d27f058182e5952db280c13cab3616bba1e6,de1f2d999a0f49c9,8,0,"0,1,2,3,4,6",1060.7950352383998
train,image912,/root/autodl-tmp/datasets/sources/construction-ppe_ultralytics_2025_v1/images/train/image912.jpg,/root/autodl-tmp/datasets/sources/construction-ppe_ultralytics_2025_v1/labels/train/image912.txt,True,,640,640,RGB,1082de576e95509dbfd6ce053bc8401c5dbd822d907adde7643df9784d9d4069,989eab9b9c2d2d6c,8,0,"0,1,2,3,4,6",1284.9402527743996
train,image914,/root/autodl-tmp/datasets/sources/construction-ppe_ultralytics_2025_v1/images/train/image914.jpeg,/root/autodl-tmp/datasets/sources/construction-ppe_ultralytics_2025_v1/labels/train/image914.txt,True,,640,640,RGB,c9bdd40763d6aa476c7da1b299d7b2a51633693de2f1c0cbfee0a2c78831d41c,00c0f0ccced6b400,10,0,"0,2,3,6",657.8944999424
train,image915,/root/autodl-tmp/datasets/sources/construction-ppe_ultralytics_2025_v1/images/train/image915.jpg,/root/autodl-tmp/datasets/sources/construction-ppe_ultralytics_2025_v1/labels/train/image915.txt,True,,640,640,RGB,86ff2ad032df84de6eb40465af262abfd7378b909d272db7bc16979097542ef2,3000787171700030,4,0,"0,2,4,6",2823.1647240192005
train,image916,/root/autodl-tmp/datasets/sources/construction-ppe_ultralytics_2025_v1/images/train/image916.jpg,/root/autodl-tmp/datasets/sources/construction-ppe_ultralytics_2025_v1/labels/train/image916.txt,True,,640,640,RGB,7dca87ec1f92323fceb8bc8e59b4137a9b59e9a36e18467ff0012560caf6abc4,90983b9a9a0a4949,8,0,"0,1,2,3,4,6",1208.9127264256
train,image917,/root/autodl-tmp/datasets/sources/construction-ppe_ultralytics_2025_v1/images/train/image917.jpg,/root/autodl-tmp/datasets/sources/construction-ppe_ultralytics_2025_v1/labels/train/image917.txt,True,,640,640,RGB,7302b6569f8ccda0fa613cbe2ca1b83972315de48ceb41c190fae625dc13a4bd,2835363634949293,8,0,"0,1,2,3,4,6",1255.2904703999998
train,image918,/root/autodl-tmp/datasets/sources/construction-ppe_ultralytics_2025_v1/images/train/image918.jpg,/root/autodl-tmp/datasets/sources/construction-ppe_ultralytics_2025_v1/labels/train/image918.txt,True,,640,640,RGB,64c3896e800eacd04743d089fb5d98df79458329c14ca78e21fb6f5e11c05ed0,d89e9b9b9a0a49c9,8,0,"0,1,2,3,4,6",1084.4966879232
train,image919,/root/autodl-tmp/datasets/sources/construction-ppe_ultralytics_2025_v1/images/train/image919.jpeg,/root/autodl-tmp/datasets/sources/construction-ppe_ultralytics_2025_v1/labels/train/image919.txt,True,,640,640,RGB,46421cd9aad18395041cd92bbe6a8a72d3816f20b6eb64b2bd878fdc428ca480,00edf2d82cece400,8,0,"0,2,3,6",290.953728
train,image92,/root/autodl-tmp/datasets/sources/construction-ppe_ultralytics_2025_v1/images/train/image92.jpg,/root/autodl-tmp/datasets/sources/construction-ppe_ultralytics_2025_v1/labels/train/image92.txt,True,,640,640,RGB,39c693ca1d068328bbf0dbea879f99a9b558ca5fc91420a1abc8f01fbdfade4d,868c96160f4d8626,8,0,"0,1,2,3,4,6",1500.6069759999998
train,image920,/root/autodl-tmp/datasets/sources/construction-ppe_ultralytics_2025_v1/images/train/image920.jpg,/root/autodl-tmp/datasets/sources/construction-ppe_ultralytics_2025_v1/labels/train/image920.txt,True,,640,640,RGB,32b131a740021f7f286370547524ad52447a94820097ab27ec905119fd334d25,491f9796d78f4f55,18,0,"0,2,5,6",1269.8858016768
train,image924,/root/autodl-tmp/datasets/sources/construction-ppe_ultralytics_2025_v1/images/train/image924.jpeg,/root/autodl-tmp/datasets/sources/construction-ppe_ultralytics_2025_v1/labels/train/image924.txt,True,,640,640,RGB,d7bfb370acdb317de606a2451e64504def3f22038cedeb080f475152aa313c75,00c2c29820707000,13,0,"0,3,5,6",3365.4366191616
train,image925,/root/autodl-tmp/datasets/sources/construction-ppe_ultralytics_2025_v1/images/train/image925.jpg,/root/autodl-tmp/datasets/sources/construction-ppe_ultralytics_2025_v1/labels/train/image925.txt,True,,640,640,RGB,5b4a89c8788fc3056b588b38dc48ca481f6c1638ae7cb80619589960f7ed65ac,feef4ccc8ecc96db,7,0,"0,1,2,3,6",645.0150064128
train,image926,/root/autodl-tmp/datasets/sources/construction-ppe_ultralytics_2025_v1/images/train/image926.jpg,/root/autodl-tmp/datasets/sources/construction-ppe_ultralytics_2025_v1/labels/train/image926.txt,True,,640,640,RGB,ba5a7d2ee3d6680204f1c5e3c188ff02fa72de5005e7c318858b5f424cdbde17,ffef4ccc8ecc949a,7,0,"0,1,2,3,6",528.6620159999999
train,image928,/root/autodl-tmp/datasets/sources/construction-ppe_ultralytics_2025_v1/images/train/image928.jpg,/root/autodl-tmp/datasets/sources/construction-ppe_ultralytics_2025_v1/labels/train/image928.txt,True,,640,640,RGB,877d6ed7c39697ad7dd4ade2acc7ae32bb22b0c588348ccd1c923b7512b99d14,deef4ccc8cacb49a,7,0,"0,1,2,3,6",528.9333424127999
train,image929,/root/autodl-tmp/datasets/sources/construction-ppe_ultralytics_2025_v1/images/train/image929.jpg,/root/autodl-tmp/datasets/sources/construction-ppe_ultralytics_2025_v1/labels/train/image929.txt,True,,640,640,RGB,071b2ecebf54a3a2a5eb8e1e5b6945d22b6d79e4b75bbcdf901d8651f6dbea70,deefcccc8cacac92,7,0,"0,1,2,3,6",574.6508824575999
train,image93,/root/autodl-tmp/datasets/sources/construction-ppe_ultralytics_2025_v1/images/train/image93.jpg,/root/autodl-tmp/datasets/sources/construction-ppe_ultralytics_2025_v1/labels/train/image93.txt,True,,640,640,RGB,35ee36e89229a18ee504211060cd419eb8eafb6b0aa1ba7855ff8d54edcfce96,058c1206064ec293,8,0,"0,1,2,3,4,6",1500.2460159999998
train,image930,/root/autodl-tmp/datasets/sources/construction-ppe_ultralytics_2025_v1/images/train/image930.jpeg,/root/autodl-tmp/datasets/sources/construction-ppe_ultralytics_2025_v1/labels/train/image930.txt,True,,640,640,RGB,7bd6606c277bbde80870dda1b085ad1439d8f7e704a5f96ff66f036ddd9fa930,0099919bc3e32300,12,0,"0,1,3,5,6",996.3284144127999
train,image931,/root/autodl-tmp/datasets/sources/construction-ppe_ultralytics_2025_v1/images/train/image931.jpg,/root/autodl-tmp/datasets/sources/construction-ppe_ultralytics_2025_v1/labels/train/image931.txt,True,,640,640,RGB,350de93c04d61710fecf6ccf1710887d1d97d1fd9d75fb84931f5d9dc8e79187,0081c3e4c4e16300,6,0,"0,1,2,5,6",1500.2460159999998
train,image932,/root/autodl-tmp/datasets/sources/construction-ppe_ultralytics_2025_v1/images/train/image932.jpg,/root/autodl-tmp/datasets/sources/construction-ppe_ultralytics_2025_v1/labels/train/image932.txt,True,,640,640,RGB,7ad275bc7635ec9b5b3fc6348b6ef2c577671eeb53c10a31c48de868e2d88540,dee6cccc84062ca4,8,0,"0,1,2,3,4,6",635.1378415616
train,image936,/root/autodl-tmp/datasets/sources/construction-ppe_ultralytics_2025_v1/images/train/image936.jpg,/root/autodl-tmp/datasets/sources/construction-ppe_ultralytics_2025_v1/labels/train/image936.txt,True,,640,640,RGB,4454e679a3b7b2b1f2c32dd95e8e5f7a7ca0060562783a74956493758f6c904e,d2adce8ec42c4e64,8,0,"0,1,2,3,4,6",1439.2714592256
train,image937,/root/autodl-tmp/datasets/sources/construction-ppe_ultralytics_2025_v1/images/train/image937.jpg,/root/autodl-tmp/datasets/sources/construction-ppe_ultralytics_2025_v1/labels/train/image937.txt,True,,640,640,RGB,b4de11b1620e70ab27228648e2d93834ba006a08dbbf3cb5776e2a73928141a4,d2ad8c9ec6464664,8,0,"0,1,2,3,4,6",1316.1984
train,image938,/root/autodl-tmp/datasets/sources/construction-ppe_ultralytics_2025_v1/images/train/image938.jpg,/root/autodl-tmp/datasets/sources/construction-ppe_ultralytics_2025_v1/labels/train/image938.txt,True,,640,640,RGB,a27da03c94af0585eceb3c4377a09c7420301fb557c3da5b52ad122983f3ec38,daa5860ac6864665,8,0,"0,1,2,3,4,6",1162.2249136128
train,image939,/root/autodl-tmp/datasets/sources/construction-ppe_ultralytics_2025_v1/images/train/image939.jpeg,/root/autodl-tmp/datasets/sources/construction-ppe_ultralytics_2025_v1/labels/train/image939.txt,True,,640,640,RGB,51d5b13eada2daf588506ed46f15eb94befcb5c4d40cf89800f18984c0a89820,00d4cc49d1536300,11,0,"0,1,4,5,6",2536.5783552
train,image94,/root/autodl-tmp/datasets/sources/construction-ppe_ultralytics_2025_v1/images/train/image94.jpg,/root/autodl-tmp/datasets/sources/construction-ppe_ultralytics_2025_v1/labels/train/image94.txt,True,,640,640,RGB,970fb3f3923db4b0b7393d9adfb68e73b22208c0dc57eaa6df3fb4c5f9c6fb91,0d1f12460f4fc2b3,8,0,"0,1,2,3,4,6",2536.5783552
train,image940,/root/autodl-tmp/datasets/sources/construction-ppe_ultralytics_2025_v1/images/train/image940.jpg,/root/autodl-tmp/datasets/sources/construction-ppe_ultralytics_2025_v1/labels/train/image940.txt,True,,640,640,RGB,f14df74d97ffb078a3f36ec45ba93c01302a91c2926aee3afba0495af0ce0d32,cccd8d33d8c81a01,23,0,"0,2,5,6",747.0511607807999
train,image941,/root/autodl-tmp/datasets/sources/construction-ppe_ultralytics_2025_v1/images/train/image941.jpg,/root/autodl-tmp/datasets/sources/construction-ppe_ultralytics_2025_v1/labels/train/image941.txt,True,,640,640,RGB,da12e68132aa7abe57245f79ff4d30cd53174499c2462821837cd4d13be9d081,f9a5060bc786c76d,7,0,"0,1,2,3,6",1500.6545936383998
train,image944,/root/autodl-tmp/datasets/sources/construction-ppe_ultralytics_2025_v1/images/train/image944.jpg,/root/autodl-tmp/datasets/sources/construction-ppe_ultralytics_2025_v1/labels/train/image944.txt,True,,640,640,RGB,ccc90c5d90aff51dce92d1b1997660a0a4eaad0a891bf2b18dd688dfe59ed2b8,d2cd0f938e4d4b8f,8,0,"0,1,2,3,4,6",2647.1164919807998
train,image945,/root/autodl-tmp/datasets/sources/construction-ppe_ultralytics_2025_v1/images/train/image945.jpg,/root/autodl-tmp/datasets/sources/construction-ppe_ultralytics_2025_v1/labels/train/image945.txt,True,,640,640,RGB,41ce46766126ee46b24141c6899383d56e1d72cb14901cc2b448f1cc86fe8ead,f6ad8d9786ce490f,8,0,"0,1,2,3,4,6",2238.1166592
train,image946,/root/autodl-tmp/datasets/sources/construction-ppe_ultralytics_2025_v1/images/train/image946.jpg,/root/autodl-tmp/datasets/sources/construction-ppe_ultralytics_2025_v1/labels/train/image946.txt,True,,640,640,RGB,694c4a84e904add1721d3c447176a8434d6f1d8a029893137e3796c0f1586fc0,e464474744672793,7,0,"0,1,2,3,4,6",2647.1164919807998
train,image947,/root/autodl-tmp/datasets/sources/construction-ppe_ultralytics_2025_v1/images/train/image947.jpg,/root/autodl-tmp/datasets/sources/construction-ppe_ultralytics_2025_v1/labels/train/image947.txt,True,,640,640,RGB,8625da3e73bdaf2389b5fdd380ed497df3026dc9eb7c844237b25b6c2f69eb0f,f6e66767c64e92c9,7,0,"0,1,2,3,4,6",2647.1164919807998
train,image948,/root/autodl-tmp/datasets/sources/construction-ppe_ultralytics_2025_v1/images/train/image948.jpg,/root/autodl-tmp/datasets/sources/construction-ppe_ultralytics_2025_v1/labels/train/image948.txt,True,,640,640,RGB,cc6c81cb6b94301b74ceb5c6ba260dd978205fc8e20a2adc4cc651baa084b43a,f7a427274f4a92cd,7,0,"0,1,2,3,4,6",2647.1164919807998
train,image949,/root/autodl-tmp/datasets/sources/construction-ppe_ultralytics_2025_v1/images/train/image949.jpg,/root/autodl-tmp/datasets/sources/construction-ppe_ultralytics_2025_v1/labels/train/image949.txt,True,,640,640,RGB,2ded7d499598a16631e4d54b5e3245e5dac7f62107bb4fc59760b655cd1cea08,edac27074d8e8b4c,7,0,"0,1,2,3,4,6",2647.1164919807998
train,image95,/root/autodl-tmp/datasets/sources/construction-ppe_ultralytics_2025_v1/images/train/image95.jpg,/root/autodl-tmp/datasets/sources/construction-ppe_ultralytics_2025_v1/labels/train/image95.txt,True,,640,640,RGB,6a155ec82f5690f711a821d078f4784aa2ec16a42674b170736e86792e3e5696,9b3f37464f4f96b3,8,0,"0,1,2,3,4,6",2536.5783552
train,image950,/root/autodl-tmp/datasets/sources/construction-ppe_ultralytics_2025_v1/images/train/image950.jpeg,/root/autodl-tmp/datasets/sources/construction-ppe_ultralytics_2025_v1/labels/train/image950.txt,True,,640,640,RGB,acc7651830f5dab3a352503bd10a85759309d966acdd0f7f1d3dacccccfb0023,0031d9f706b2b300,11,0,"0,1,4,5,6",441.6979632128
train,image951,/root/autodl-tmp/datasets/sources/construction-ppe_ultralytics_2025_v1/images/train/image951.jpg,/root/autodl-tmp/datasets/sources/construction-ppe_ultralytics_2025_v1/labels/train/image951.txt,True,,640,640,RGB,13a9477532f3e9fd0ec3b67a4a87668918c6d5c9662f483fee550bd4531e5500,0040a4255a266600,19,0,"0,2,5,6",1884.7783231488
train,image952,/root/autodl-tmp/datasets/sources/construction-ppe_ultralytics_2025_v1/images/train/image952.jpg,/root/autodl-tmp/datasets/sources/construction-ppe_ultralytics_2025_v1/labels/train/image952.txt,True,,640,640,RGB,931f53ad4701b0fd95d8d9c43f7c40a939e3e824fa87c9963b2bfa4955eb4abe,eded26074d86cb6c,8,0,"0,1,2,3,4,6",1500.2460159999998
train,image953,/root/autodl-tmp/datasets/sources/construction-ppe_ultralytics_2025_v1/images/train/image953.jpg,/root/autodl-tmp/datasets/sources/construction-ppe_ultralytics_2025_v1/labels/train/image953.txt,True,,640,640,RGB,55699e8ecf0db39edbb66a0c2641adf7f17a6d0ff943bca99801a76b5b7ac0bd,aceca60605a44764,8,0,"0,1,2,3,4,6",2389.2267024384
train,image954,/root/autodl-tmp/datasets/sources/construction-ppe_ultralytics_2025_v1/images/train/image954.jpg,/root/autodl-tmp/datasets/sources/construction-ppe_ultralytics_2025_v1/labels/train/image954.txt,True,,640,640,RGB,90f5f34eae4ba25309edcf1c2c15b1d514e895ab952be03e64fbd1995aa0dde8,a6e6838306466624,8,0,"0,1,2,3,4,6",2157.2970496000003
train,image957,/root/autodl-tmp/datasets/sources/construction-ppe_ultralytics_2025_v1/images/train/image957.jpg,/root/autodl-tmp/datasets/sources/construction-ppe_ultralytics_2025_v1/labels/train/image957.txt,True,,640,640,RGB,7474dd849b5ff01758edf1a88abe92a2ffafc78edb51e1019029cd7d4f6b6491,eec85d4b4ba9da4c,8,0,"0,1,2,3,4,6",948.2087415808
train,image958,/root/autodl-tmp/datasets/sources/construction-ppe_ultralytics_2025_v1/images/train/image958.jpg,/root/autodl-tmp/datasets/sources/construction-ppe_ultralytics_2025_v1/labels/train/image958.txt,True,,640,640,RGB,a3b602745638a2b58421be9d0abc1a443f3c8af9901ea8d611fa9d6f081e4b91,ee8c1d4b4b89db4c,8,0,"0,1,2,3,4,6",999.2601575424001
train,image959,/root/autodl-tmp/datasets/sources/construction-ppe_ultralytics_2025_v1/images/train/image959.jpg,/root/autodl-tmp/datasets/sources/construction-ppe_ultralytics_2025_v1/labels/train/image959.txt,True,,640,640,RGB,b10e192b40dca59122bea48fe12183b0927457e37d53b40b1bc02db3336ad429,ea8c1d4b4989db4c,8,0,"0,1,2,3,4,6",839.4938351616001
train,image96,/root/autodl-tmp/datasets/sources/construction-ppe_ultralytics_2025_v1/images/train/image96.jpg,/root/autodl-tmp/datasets/sources/construction-ppe_ultralytics_2025_v1/labels/train/image96.txt,True,,640,640,RGB,44f1e0491a93549e8e1ac5fbb6cea804fda2c5fcf126f82838fb8be9189a3562,9b2f370e4dcf9633,8,0,"0,1,2,3,4,6",2246.2645080064
train,image960,/root/autodl-tmp/datasets/sources/construction-ppe_ultralytics_2025_v1/images/train/image960.jpg,/root/autodl-tmp/datasets/sources/construction-ppe_ultralytics_2025_v1/labels/train/image960.txt,True,,640,640,RGB,be88cbaa32e1cbfdcebdf2ed5bd99f407f44b168f706df745ad5f33eb43488ca,ea891d490999d96c,8,0,"0,1,2,3,4,6",873.3576192
train,image962,/root/autodl-tmp/datasets/sources/construction-ppe_ultralytics_2025_v1/images/train/image962.jpg,/root/autodl-tmp/datasets/sources/construction-ppe_ultralytics_2025_v1/labels/train/image962.txt,True,,640,640,RGB,aac376e4e38fc831087a352ad3353b0d4751c5d3f33bf550d5e4fd371dd8d295,00c0c0e0e8ecd400,15,0,"0,2,3,5,6",426.2457679872
train,image963,/root/autodl-tmp/datasets/sources/construction-ppe_ultralytics_2025_v1/images/train/image963.jpeg,/root/autodl-tmp/datasets/sources/construction-ppe_ultralytics_2025_v1/labels/train/image963.txt,True,,640,640,RGB,ba0790cdd91354c68910a7164d2f347dbacff13b3afa66c0e422e193c76e0fc8,00616446c3434300,5,0,"0,5,6",6066.475248025601
train,image964,/root/autodl-tmp/datasets/sources/construction-ppe_ultralytics_2025_v1/images/train/image964.jpg,/root/autodl-tmp/datasets/sources/construction-ppe_ultralytics_2025_v1/labels/train/image964.txt,True,,640,640,RGB,3857212354c519e136911ec99d99948b8e5d317a7eb20157d040f27ff828b7d0,00da9890b28e8600,27,0,"0,2,3,5,6",631.3882624000001
train,image966,/root/autodl-tmp/datasets/sources/construction-ppe_ultralytics_2025_v1/images/train/image966.jpg,/root/autodl-tmp/datasets/sources/construction-ppe_ultralytics_2025_v1/labels/train/image966.txt,True,,640,640,RGB,8defd3192af89fbd4a249d818c9609406b5bebfd3aac675828e498c29c6b244e,aacc0c4989dc4964,8,0,"0,1,2,3,4,6",980.7305760768
train,image967,/root/autodl-tmp/datasets/sources/construction-ppe_ultralytics_2025_v1/images/train/image967.jpg,/root/autodl-tmp/datasets/sources/construction-ppe_ultralytics_2025_v1/labels/train/image967.txt,True,,640,640,RGB,aecf1902695b1c18f94e59ab0f7d49fafca2d1eb8efb2d29b09943cdd6ac9535,afcc8c8ccc4c6c36,8,0,"0,1,2,3,4,6",715.7742592000001
train,image968,/root/autodl-tmp/datasets/sources/construction-ppe_ultralytics_2025_v1/images/train/image968.jpg,/root/autodl-tmp/datasets/sources/construction-ppe_ultralytics_2025_v1/labels/train/image968.txt,True,,640,640,RGB,e1d7ece201f2a0a4836c18d824a293b0f3534440bb190ea5a26043802e2a0b51,afcc8c8c4c4c2c36,8,0,"0,1,2,3,4,6",741.605376
train,image969,/root/autodl-tmp/datasets/sources/construction-ppe_ultralytics_2025_v1/images/train/image969.jpg,/root/autodl-tmp/datasets/sources/construction-ppe_ultralytics_2025_v1/labels/train/image969.txt,True,,640,640,RGB,4e568da73317fcc682eac20d2f24cd057e8c76a18be8955d2826983acf7121eb,b7ccc8c8cc4a2cb6,8,0,"0,1,2,3,4,6",584.2364960768
train,image97,/root/autodl-tmp/datasets/sources/construction-ppe_ultralytics_2025_v1/images/train/image97.jpg,/root/autodl-tmp/datasets/sources/construction-ppe_ultralytics_2025_v1/labels/train/image97.txt,True,,640,640,RGB,683d5c5b1dbe75d7ce89c9928bfc4e96f16329a2bb3eec39612a0b04e65ec3c9,1b2f270c1f8d2466,8,0,"0,1,2,3,4,6",2357.5944032255998
train,image970,/root/autodl-tmp/datasets/sources/construction-ppe_ultralytics_2025_v1/images/train/image970.jpeg,/root/autodl-tmp/datasets/sources/construction-ppe_ultralytics_2025_v1/labels/train/image970.txt,True,,640,640,RGB,1bc3158b4b80a0e34dbb7bb89a2890e474a4623ee724d524fd9d74c5c96a9f1f,dcc4d4d8c8c8c8c0,6,0,"3,5,6",912.7441752064
train,image971,/root/autodl-tmp/datasets/sources/construction-ppe_ultralytics_2025_v1/images/train/image971.jpg,/root/autodl-tmp/datasets/sources/construction-ppe_ultralytics_2025_v1/labels/train/image971.txt,True,,640,640,RGB,df7bf784d76e438943689801c803f00f7dbf40f90799d43ee0307d61a989b261,80f8ecb0302c4d05,6,0,"0,2,3,4,6",1843.4913959935996
train,image972,/root/autodl-tmp/datasets/sources/construction-ppe_ultralytics_2025_v1/images/train/image972.jpg,/root/autodl-tmp/datasets/sources/construction-ppe_ultralytics_2025_v1/labels/train/image972.txt,True,,640,640,RGB,c6e929ee85eed4ab77c02e9b3539c91aec7d6e1d0cc1ab97be24c00d8cb41a4a,bfcccdcc4c4a2cb6,8,0,"0,1,2,3,4,6",744.1115992064
train,image973,/root/autodl-tmp/datasets/sources/construction-ppe_ultralytics_2025_v1/images/train/image973.jpg,/root/autodl-tmp/datasets/sources/construction-ppe_ultralytics_2025_v1/labels/train/image973.txt,True,,640,640,RGB,889e52a9ac8ceb683c0afb407779e9c56c6cbf50eb4b7a0989d06f9d58bc7bf0,ffe4878c846e24b2,8,0,"0,1,2,3,4,6",940.9678688256
train,image974,/root/autodl-tmp/datasets/sources/construction-ppe_ultralytics_2025_v1/images/train/image974.jpg,/root/autodl-tmp/datasets/sources/construction-ppe_ultralytics_2025_v1/labels/train/image974.txt,True,,640,640,RGB,c6f87fa50762ee3055c77e585f72aa83b2be5217136e81b170a611e65bb4d335,fde487ac0c4e24b2,8,0,"0,1,2,3,4,6",699.9550984192
train,image975,/root/autodl-tmp/datasets/sources/construction-ppe_ultralytics_2025_v1/images/train/image975.jpg,/root/autodl-tmp/datasets/sources/construction-ppe_ultralytics_2025_v1/labels/train/image975.txt,True,,640,640,RGB,988377327e4c6dec26528748f2c94a2749d10ccdf9b755cb25408b557f7cb157,efcccdcc0c4e2cb6,8,0,"0,1,2,3,4,6",966.8012703744
train,image976,/root/autodl-tmp/datasets/sources/construction-ppe_ultralytics_2025_v1/images/train/image976.jpeg,/root/autodl-tmp/datasets/sources/construction-ppe_ultralytics_2025_v1/labels/train/image976.txt,True,,640,640,RGB,c869d7e9d283fd3118e0b27af7f7ba54df16e54f289b9983c7bcf3dbe9d41f9b,e0e0c8c4e4c4c4c4,7,0,"0,3,5,6",2451.1024799744
train,image977,/root/autodl-tmp/datasets/sources/construction-ppe_ultralytics_2025_v1/images/train/image977.jpg,/root/autodl-tmp/datasets/sources/construction-ppe_ultralytics_2025_v1/labels/train/image977.txt,True,,640,640,RGB,12598aa2464c68d9141887be65344f55fac5adea46c5bf0584b9a5753b39d25d,afcc8c8c0c4e2cb6,8,0,"0,1,2,3,4,6",939.59424
train,image978,/root/autodl-tmp/datasets/sources/construction-ppe_ultralytics_2025_v1/images/train/image978.jpg,/root/autodl-tmp/datasets/sources/construction-ppe_ultralytics_2025_v1/labels/train/image978.txt,True,,640,640,RGB,894faf7701b6374cd7311b36c519e45cadf829523a0d245839f66cdb00bcc883,a5c48ecc044e2c36,8,0,"0,1,2,3,4,6",880.5393383424
train,image980,/root/autodl-tmp/datasets/sources/construction-ppe_ultralytics_2025_v1/images/train/image980.jpg,/root/autodl-tmp/datasets/sources/construction-ppe_ultralytics_2025_v1/labels/train/image980.txt,True,,640,640,RGB,1efa19df377f575cb8a50e3db483665e070de8763f28ccd2c92f29ae25bebf19,e0cc4dcdcc4f45da,7,0,"0,1,2,3,6",1295.2766447616002
train,image982,/root/autodl-tmp/datasets/sources/construction-ppe_ultralytics_2025_v1/images/train/image982.jpg,/root/autodl-tmp/datasets/sources/construction-ppe_ultralytics_2025_v1/labels/train/image982.txt,True,,640,640,RGB,18dd6356874c220e200917d58839b3b3c1e4423b1515b3f3fc1187374e4ee4d5,8e868e92c7cecec6,6,0,"0,2,3,5,6",2373.6535056384
train,image983,/root/autodl-tmp/datasets/sources/construction-ppe_ultralytics_2025_v1/images/train/image983.jpg,/root/autodl-tmp/datasets/sources/construction-ppe_ultralytics_2025_v1/labels/train/image983.txt,True,,640,640,RGB,a967e9262dc6881d588fcc112336f951f311c0dd065ed551c858e34be274997e,e00ccdc78e4e8d96,8,0,"0,1,2,3,4,6",1500.2460159999998
train,image984,/root/autodl-tmp/datasets/sources/construction-ppe_ultralytics_2025_v1/images/train/image984.jpg,/root/autodl-tmp/datasets/sources/construction-ppe_ultralytics_2025_v1/labels/train/image984.txt,True,,640,640,RGB,dc0764076ac39cae9eb6380f50d6092d1d0652ce349ff081a1c7dd0dcd9d1c74,e08ccdd58e4e8d96,8,0,"0,1,2,3,4,6",1500.6069759999998
train,image985,/root/autodl-tmp/datasets/sources/construction-ppe_ultralytics_2025_v1/images/train/image985.jpg,/root/autodl-tmp/datasets/sources/construction-ppe_ultralytics_2025_v1/labels/train/image985.txt,True,,640,640,RGB,a3d025db23007208c2f620d7c7818ce2ab04068d2c07ed0c1c69ad825e337b6f,e08ccf9d8c4d8f96,8,0,"0,1,2,3,4,6",1231.6612960256002
train,image986,/root/autodl-tmp/datasets/sources/construction-ppe_ultralytics_2025_v1/images/train/image986.jpg,/root/autodl-tmp/datasets/sources/construction-ppe_ultralytics_2025_v1/labels/train/image986.txt,True,,640,640,RGB,7b4d3fc822d506ea3aad16a4e1ff1f20c7487adb421ab3feaed3799317a823a5,c08ccb9d8ccd8d86,8,0,"0,1,2,3,4,6",2046.560256
train,image988,/root/autodl-tmp/datasets/sources/construction-ppe_ultralytics_2025_v1/images/train/image988.jpeg,/root/autodl-tmp/datasets/sources/construction-ppe_ultralytics_2025_v1/labels/train/image988.txt,True,,640,640,RGB,8486b3500039bba2e318ad925e5ded563027342003d88c18dd52a2d604d80130,ccccccc4c2d0c0c4,15,0,"3,4,5,6",1495.9202303999998
train,image99,/root/autodl-tmp/datasets/sources/construction-ppe_ultralytics_2025_v1/images/train/image99.jpeg,/root/autodl-tmp/datasets/sources/construction-ppe_ultralytics_2025_v1/labels/train/image99.txt,True,,640,640,RGB,c10827f7b7fa338d73fab5b420fab15c757d3091134a4b93084cf8e86315890c,00c080a92f2cf000,13,0,"2,3,5,6",584.2705383424002
train,image990,/root/autodl-tmp/datasets/sources/construction-ppe_ultralytics_2025_v1/images/train/image990.jpg,/root/autodl-tmp/datasets/sources/construction-ppe_ultralytics_2025_v1/labels/train/image990.txt,True,,640,640,RGB,5fdc90e04d2bae047579a740e59fd1ced7745189ae7de535230bfd880e7d292a,c09ccf968fcd8d06,8,0,"0,1,2,3,4,6",1879.4476191743997
train,image991,/root/autodl-tmp/datasets/sources/construction-ppe_ultralytics_2025_v1/images/train/image991.jpg,/root/autodl-tmp/datasets/sources/construction-ppe_ultralytics_2025_v1/labels/train/image991.txt,True,,640,640,RGB,746a4bfa29acb34f52eb1f7badf14493c342bdaee2abde31e9a7d5a16f5c01d8,c09ccf968fcf4d1e,8,0,"0,1,2,3,4,6",2522.2487048191997
train,image992,/root/autodl-tmp/datasets/sources/construction-ppe_ultralytics_2025_v1/images/train/image992.jpg,/root/autodl-tmp/datasets/sources/construction-ppe_ultralytics_2025_v1/labels/train/image992.txt,True,,640,640,RGB,0778def5881c9301c49072e2497ddc1e20edec83dbd897485e020d7be5c8ec4b,809c8b968e8f5d1e,8,0,"0,1,2,3,4,6",2536.5783552
train,image993,/root/autodl-tmp/datasets/sources/construction-ppe_ultralytics_2025_v1/images/train/image993.jpg,/root/autodl-tmp/datasets/sources/construction-ppe_ultralytics_2025_v1/labels/train/image993.txt,True,,640,640,RGB,8c4533b13040ede0593ede46824f46fdcd58a1593200264426cc6566b60f3687,98988f368e9f4506,8,0,"0,1,2,3,4,6",2536.5783552
train,image994,/root/autodl-tmp/datasets/sources/construction-ppe_ultralytics_2025_v1/images/train/image994.jpg,/root/autodl-tmp/datasets/sources/construction-ppe_ultralytics_2025_v1/labels/train/image994.txt,True,,640,640,RGB,6f4c1b902710e5241cc60ada65bcd8097ca0691c3f1791396b54e44fe414af01,989c8f9696960506,8,0,"0,1,2,3,4,6",2536.0047120384
train,image995,/root/autodl-tmp/datasets/sources/construction-ppe_ultralytics_2025_v1/images/train/image995.jpg,/root/autodl-tmp/datasets/sources/construction-ppe_ultralytics_2025_v1/labels/train/image995.txt,True,,640,640,RGB,3ac0aeb60bec34d7a09013790b348169f2462e786faf090cee2a67d8ea198300,181c87169f8f0d86,8,0,"0,1,2,3,4,6",2645.9770896384002
train,image996,/root/autodl-tmp/datasets/sources/construction-ppe_ultralytics_2025_v1/images/train/image996.jpg,/root/autodl-tmp/datasets/sources/construction-ppe_ultralytics_2025_v1/labels/train/image996.txt,True,,640,640,RGB,7be5e015388dd664262cf2806ca7167e0746a7b4483777d6b7024a280f99dd2b,1c1c8716870d0c86,8,0,"0,1,2,3,4,6",2647.1164919807998
train,image998,/root/autodl-tmp/datasets/sources/construction-ppe_ultralytics_2025_v1/images/train/image998.jpg,/root/autodl-tmp/datasets/sources/construction-ppe_ultralytics_2025_v1/labels/train/image998.txt,True,,640,640,RGB,b985e7b640b335e319bab38c8a4542d76f5f775deb822bc4a0dc4f14397e538e,3c2c97969e0f4d0c,8,0,"0,1,2,3,4,6",2647.1164919807998
val,image1010,/root/autodl-tmp/datasets/sources/construction-ppe_ultralytics_2025_v1/images/val/image1010.jpg,/root/autodl-tmp/datasets/sources/construction-ppe_ultralytics_2025_v1/labels/val/image1010.txt,True,,640,640,RGB,3dedf259abe74f2659fb7861650a911c2bab608091954f089961e36465be5c34,8c8cc78e4c8d8492,8,0,"0,1,2,3,4,6",1265.6747999232
val,image1046,/root/autodl-tmp/datasets/sources/construction-ppe_ultralytics_2025_v1/images/val/image1046.jpeg,/root/autodl-tmp/datasets/sources/construction-ppe_ultralytics_2025_v1/labels/val/image1046.txt,True,,640,640,RGB,ebf0c4d057c3a301ae090c1c2b1a2c9f4e5c381d730ec4727fe6b93b0dd04d82,00939b9b87a76c00,3,0,"0,2,6",5211.257752780799
val,image1049,/root/autodl-tmp/datasets/sources/construction-ppe_ultralytics_2025_v1/images/val/image1049.jpg,/root/autodl-tmp/datasets/sources/construction-ppe_ultralytics_2025_v1/labels/val/image1049.txt,True,,640,640,RGB,af76cd3cf97e1a5acd1ae30ab841059f97af8a33627fdbc9b31ebb5469f21c63,4d1d16164f4d86a6,8,0,"0,1,2,3,4,6",3047.8307328
val,image1055,/root/autodl-tmp/datasets/sources/construction-ppe_ultralytics_2025_v1/images/val/image1055.jpg,/root/autodl-tmp/datasets/sources/construction-ppe_ultralytics_2025_v1/labels/val/image1055.txt,True,,640,640,RGB,7c648118b2b46a059da86f08015a16c0ae06630edc1f58d7469ab21c659f286b,373f67a78d9d94b6,8,0,"0,1,2,3,4,6",3748.9596096512
val,image1057,/root/autodl-tmp/datasets/sources/construction-ppe_ultralytics_2025_v1/images/val/image1057.jpg,/root/autodl-tmp/datasets/sources/construction-ppe_ultralytics_2025_v1/labels/val/image1057.txt,True,,640,640,RGB,45175fe418bddf9644331d2cd0e5fd3f73ef77aaf83582cc08cefd73f26ea9de,6e4fc6249d9f9cb6,8,0,"0,1,2,3,4,6",3686.7707936768
val,image1072,/root/autodl-tmp/datasets/sources/construction-ppe_ultralytics_2025_v1/images/val/image1072.jpg,/root/autodl-tmp/datasets/sources/construction-ppe_ultralytics_2025_v1/labels/val/image1072.txt,True,,640,640,RGB,30f48b9eb06b128080d4230cbba4721c1c9add21d50e4af21752dbf004c423f1,0e0b97964e4d4fcf,8,0,"0,1,2,3,4,6",3312.1363967999996
val,image1083,/root/autodl-tmp/datasets/sources/construction-ppe_ultralytics_2025_v1/images/val/image1083.jpg,/root/autodl-tmp/datasets/sources/construction-ppe_ultralytics_2025_v1/labels/val/image1083.txt,True,,640,640,RGB,d0b25c214e9bb9624df4cb538eb4c66647fa2b8296d3e7205a26aab9741598ae,8f6d1c1fcf4d4f6f,8,0,"0,1,2,3,4,6",3586.8025184256003
val,image1085,/root/autodl-tmp/datasets/sources/construction-ppe_ultralytics_2025_v1/images/val/image1085.jpg,/root/autodl-tmp/datasets/sources/construction-ppe_ultralytics_2025_v1/labels/val/image1085.txt,True,,640,640,RGB,55f3e120b8f0101ee02ad8e138ec73f06e398225d98cdc990dd4ba7c510992c4,1ecc1ddf4f4c4fef,8,0,"0,1,2,3,4,6",2837.6257536
val,image1091,/root/autodl-tmp/datasets/sources/construction-ppe_ultralytics_2025_v1/images/val/image1091.jpg,/root/autodl-tmp/datasets/sources/construction-ppe_ultralytics_2025_v1/labels/val/image1091.txt,True,,640,640,RGB,e72c72dcaf904cfc3355d87ff3578feef5be4a8a24c4734c28e99f44b57cd781,4c0c1cdf0f4c4d4f,8,0,"0,1,2,3,4,6",2225.8297847808
val,image1096,/root/autodl-tmp/datasets/sources/construction-ppe_ultralytics_2025_v1/images/val/image1096.jpg,/root/autodl-tmp/datasets/sources/construction-ppe_ultralytics_2025_v1/labels/val/image1096.txt,True,,640,640,RGB,329262a7eb1add3f8cc3b44a669ad8ab0f0af1c936e7c325da32ed8768d4c507,c6cc46874d6d0d9b,8,0,"0,1,2,3,4,6",2780.4192079872
val,image11,/root/autodl-tmp/datasets/sources/construction-ppe_ultralytics_2025_v1/images/val/image11.jpeg,/root/autodl-tmp/datasets/sources/construction-ppe_ultralytics_2025_v1/labels/val/image11.txt,True,,640,640,RGB,4898cd62392ffd1072f4161c604d47a1c3352c299e8e56fd9df65d40bddeef74,dcdcd4d4cccccccc,10,0,"0,1,2,3,6",1046.7196256256
val,image1107,/root/autodl-tmp/datasets/sources/construction-ppe_ultralytics_2025_v1/images/val/image1107.jpg,/root/autodl-tmp/datasets/sources/construction-ppe_ultralytics_2025_v1/labels/val/image1107.txt,True,,640,640,RGB,21e5d4cb71535bdc23169000965f29fa760b9f33ba911b8135f8295feca05d37,4c2402424e0646c4,8,0,"0,1,2,3,4,6",3147.5813367808
val,image1109,/root/autodl-tmp/datasets/sources/construction-ppe_ultralytics_2025_v1/images/val/image1109.jpg,/root/autodl-tmp/datasets/sources/construction-ppe_ultralytics_2025_v1/labels/val/image1109.txt,True,,640,640,RGB,26328092a4f721133c78b3a3da33c999e2b20662137f9b87f84d164e4834e604,91d543124e0746c4,8,0,"0,1,2,3,4,6",3377.7887232
val,image1121,/root/autodl-tmp/datasets/sources/construction-ppe_ultralytics_2025_v1/images/val/image1121.jpg,/root/autodl-tmp/datasets/sources/construction-ppe_ultralytics_2025_v1/labels/val/image1121.txt,True,,1024,683,RGB,eded015b43e5cae15e4713cd111cd5b5c6c3cb482a2d58964c1a013b1182c6c9,1eadc7d71919c278,37,0,"0,2,6",576.0507375
val,image1129,/root/autodl-tmp/datasets/sources/construction-ppe_ultralytics_2025_v1/images/val/image1129.jpg,/root/autodl-tmp/datasets/sources/construction-ppe_ultralytics_2025_v1/labels/val/image1129.txt,True,,1024,683,RGB,88a08949ecb999dc4cde55a2a2a9728e3df519264f57d20b8172196c42ae4eaa,3a36262b2b71e3c3,13,0,"5,6,7,8,9",586.1025168000001
val,image1130,/root/autodl-tmp/datasets/sources/construction-ppe_ultralytics_2025_v1/images/val/image1130.jpg,/root/autodl-tmp/datasets/sources/construction-ppe_ultralytics_2025_v1/labels/val/image1130.txt,True,,768,1024,RGB,73e7b6460eb6f2789ba4eb941edcec4a4410a1af74835aa0bc190853775d5398,3316cecd4f4c1c44,7,0,"5,6,7,8,9,10",2226.9732498432
val,image1137,/root/autodl-tmp/datasets/sources/construction-ppe_ultralytics_2025_v1/images/val/image1137.jpg,/root/autodl-tmp/datasets/sources/construction-ppe_ultralytics_2025_v1/labels/val/image1137.txt,True,,1024,681,RGB,b1d9e4a673e9889ecc8063f1ccf227891eafb4e91389eb94b23a22513c1642b7,86e6a4aceae9e9d0,4,0,"5,6,7,8",4357.9343332896005
val,image1146,/root/autodl-tmp/datasets/sources/construction-ppe_ultralytics_2025_v1/images/val/image1146.jpg,/root/autodl-tmp/datasets/sources/construction-ppe_ultralytics_2025_v1/labels/val/image1146.txt,True,,1024,685,RGB,a30443ba89cc392a1720dc5189913b83ad4a1de42400bc2286f47c6127e8d8b8,031222287078e979,5,0,"5,6,7,8,9",1578.923974144
val,image115,/root/autodl-tmp/datasets/sources/construction-ppe_ultralytics_2025_v1/images/val/image115.jpg,/root/autodl-tmp/datasets/sources/construction-ppe_ultralytics_2025_v1/labels/val/image115.txt,True,,640,640,RGB,a9b7c0e0bbaeed008b0fabe5ea67457f7924838ce5e5c28e964e43a416117078,ccccccc4c4e4ccd4,5,0,"0,2,3,6",3156.5211648000004
val,image1151,/root/autodl-tmp/datasets/sources/construction-ppe_ultralytics_2025_v1/images/val/image1151.jpg,/root/autodl-tmp/datasets/sources/construction-ppe_ultralytics_2025_v1/labels/val/image1151.txt,True,,1024,685,RGB,351bccc2a555dd6fa0b1d7a9ed1b62678afb9ca93c02d7262e1532520e1c5704,1b1c303536959dd8,4,0,"5,6,7,8",3638.5462829040007
val,image117,/root/autodl-tmp/datasets/sources/construction-ppe_ultralytics_2025_v1/images/val/image117.jpg,/root/autodl-tmp/datasets/sources/construction-ppe_ultralytics_2025_v1/labels/val/image117.txt,True,,640,640,RGB,7599316f243b98c048997568b9e450fe5ef9f533c99ecf617096519d1e51c36b,00737ce4c3d2f200,29,0,"0,2,6",750.3017807872
val,image1183,/root/autodl-tmp/datasets/sources/construction-ppe_ultralytics_2025_v1/images/val/image1183.jpg,/root/autodl-tmp/datasets/sources/construction-ppe_ultralytics_2025_v1/labels/val/image1183.txt,True,,683,1024,RGB,523ae89a1cd86d3b638a60fca7445d7d7c5db4a8866c08d6ec83e1241faedd24,32d1d5f8d5cdccc6,14,0,"5,6,7,8,9",1594.0720044000002
val,image1190,/root/autodl-tmp/datasets/sources/construction-ppe_ultralytics_2025_v1/images/val/image1190.jpg,/root/autodl-tmp/datasets/sources/construction-ppe_ultralytics_2025_v1/labels/val/image1190.txt,True,,685,1024,RGB,79bad840ae5e6d8006bd8a17f3cecc53e58a01d4aa90a53bd064d48311fe4ece,8f8f8f8e9ac7662e,6,0,"4,5,6,7,9",3374.053125
val,image1193,/root/autodl-tmp/datasets/sources/construction-ppe_ultralytics_2025_v1/images/val/image1193.jpg,/root/autodl-tmp/datasets/sources/construction-ppe_ultralytics_2025_v1/labels/val/image1193.txt,True,,1024,768,RGB,61b7a2f325d0912de8878792697dc9b9561a9ac0635330bda99aac12d5921ae1,676765eb6c7d6767,12,0,"5,6,7,8,9",2797.5338496
val,image12,/root/autodl-tmp/datasets/sources/construction-ppe_ultralytics_2025_v1/images/val/image12.jpg,/root/autodl-tmp/datasets/sources/construction-ppe_ultralytics_2025_v1/labels/val/image12.txt,True,,640,640,RGB,1c13a8d744324e680ba4508d7c95818cf6deb2eab1cd9476ebe130dd0e43f912,05032716868b1e1e,5,0,"0,1,2,6",1899.4799632384002
val,image1203,/root/autodl-tmp/datasets/sources/construction-ppe_ultralytics_2025_v1/images/val/image1203.jpg,/root/autodl-tmp/datasets/sources/construction-ppe_ultralytics_2025_v1/labels/val/image1203.txt,True,,1024,685,RGB,0387c52edb7955a1aedc563def8698cb554e63fca8ee2b7afe52bc513a289e77,9094745672666462,10,0,"5,6,7,8,9",1667.4224452979995
val,image1211,/root/autodl-tmp/datasets/sources/construction-ppe_ultralytics_2025_v1/images/val/image1211.jpg,/root/autodl-tmp/datasets/sources/construction-ppe_ultralytics_2025_v1/labels/val/image1211.txt,True,,792,1024,RGB,c284f6faa7450e0c97cda71bbb0598590b4c61faf620801370e645c0730a00e4,b898b2b696b6b6b6,15,0,"3,5,6,7,8,9",1163.7492391008002
val,image1215,/root/autodl-tmp/datasets/sources/construction-ppe_ultralytics_2025_v1/images/val/image1215.jpg,/root/autodl-tmp/datasets/sources/construction-ppe_ultralytics_2025_v1/labels/val/image1215.txt,True,,1024,683,RGB,b29f28e578470c4b67bb36248eb3c44256b1f11e87395dae47538bc5cee0d4e1,6171737b2d290921,8,0,"5,6,7,8",2974.8121016928003
val,image1217,/root/autodl-tmp/datasets/sources/construction-ppe_ultralytics_2025_v1/images/val/image1217.jpg,/root/autodl-tmp/datasets/sources/construction-ppe_ultralytics_2025_v1/labels/val/image1217.txt,True,,1024,779,RGB,e74f5de6a61b713e5f2a85d84a8af5743e07d257b36459414c41dc4a6be28407,ce29697276363269,16,0,"4,5,6,7,8",2312.6807501732005
val,image1223,/root/autodl-tmp/datasets/sources/construction-ppe_ultralytics_2025_v1/images/val/image1223.jpg,/root/autodl-tmp/datasets/sources/construction-ppe_ultralytics_2025_v1/labels/val/image1223.txt,True,,638,1024,RGB,17395f70a8681d80b4bdb8f80e0568bd551da71bd188117504dad7b2d4bb9fe8,623a3252725b7b77,6,0,"5,6,7,8,9",4820.714890120799
val,image1234,/root/autodl-tmp/datasets/sources/construction-ppe_ultralytics_2025_v1/images/val/image1234.jpg,/root/autodl-tmp/datasets/sources/construction-ppe_ultralytics_2025_v1/labels/val/image1234.txt,True,,1024,871,RGB,bdee9c120585d0adfca4ac1f7e7853954a92bde95080dd267a963fb1ab671234,676c4cc4cae8d8da,13,0,"5,6,7,8,9",1532.4818209999999
val,image1248,/root/autodl-tmp/datasets/sources/construction-ppe_ultralytics_2025_v1/images/val/image1248.jpg,/root/autodl-tmp/datasets/sources/construction-ppe_ultralytics_2025_v1/labels/val/image1248.txt,True,,1023,768,RGB,976a418670ad8c9971a385f5ae2d585cc045e153b4bf603d88be6bdfe6a8d050,726cbdc97322ca8c,6,0,"5,6,7,8,9",4702.301442266612
val,image1273,/root/autodl-tmp/datasets/sources/construction-ppe_ultralytics_2025_v1/images/val/image1273.jpg,/root/autodl-tmp/datasets/sources/construction-ppe_ultralytics_2025_v1/labels/val/image1273.txt,True,,980,1024,RGB,d30a5b0a73737f6fa2814f0d4ab09891cc683e9105df0932fc77b3d08ff1a766,edaccf9b95377373,6,0,"5,6,7,8,9",2932.9786269280003
val,image1290,/root/autodl-tmp/datasets/sources/construction-ppe_ultralytics_2025_v1/images/val/image1290.jpg,/root/autodl-tmp/datasets/sources/construction-ppe_ultralytics_2025_v1/labels/val/image1290.txt,True,,683,1024,RGB,04241be417d14427118e0940a9dee9c9fd997107453c8c8352d859a82f58009d,41e1871630f636c6,6,0,"5,6,7,8,9",507.7462627572
val,image130,/root/autodl-tmp/datasets/sources/construction-ppe_ultralytics_2025_v1/images/val/image130.jpg,/root/autodl-tmp/datasets/sources/construction-ppe_ultralytics_2025_v1/labels/val/image130.txt,True,,640,640,RGB,1876f973dacff4dd9b360b2d4f2d19501794bc58d4347040cf4c478eed0781fb,d4f8d8d8da9edccc,12,0,"0,2,6",3608.512
val,image1301,/root/autodl-tmp/datasets/sources/construction-ppe_ultralytics_2025_v1/images/val/image1301.jpg,/root/autodl-tmp/datasets/sources/construction-ppe_ultralytics_2025_v1/labels/val/image1301.txt,True,,1024,704,RGB,acaf2125e1445908fb0681e8a28c4994de6a42118857685394ca0be1eb29670e,c8a4a4c4d8b06696,5,0,"5,6,7,8,9",1504.8930682368002
val,image132,/root/autodl-tmp/datasets/sources/construction-ppe_ultralytics_2025_v1/images/val/image132.jpg,/root/autodl-tmp/datasets/sources/construction-ppe_ultralytics_2025_v1/labels/val/image132.txt,True,,640,640,RGB,1bbdb594dce858d35261edd956136ba9a50d21772c14d6587573f6ca8353e279,004d7e6f2775ec00,9,0,"0,2,6",698.2077448191999
val,image1333,/root/autodl-tmp/datasets/sources/construction-ppe_ultralytics_2025_v1/images/val/image1333.jpg,/root/autodl-tmp/datasets/sources/construction-ppe_ultralytics_2025_v1/labels/val/image1333.txt,True,,678,1024,RGB,3a0e1ac1dbb843a308ba743487453d657493ca5f84ae7f8a0cd1924b683b033d,e686924646c6c4cc,8,0,"3,5,6,7,8,9",765.4048445999999
val,image1341,/root/autodl-tmp/datasets/sources/construction-ppe_ultralytics_2025_v1/images/val/image1341.jpg,/root/autodl-tmp/datasets/sources/construction-ppe_ultralytics_2025_v1/labels/val/image1341.txt,True,,1024,768,RGB,aa79cd53ebc1be94623776c6ce78c58e25fd687ee32d21e5dda7509da2fc3b82,0c79d984ccd8bce4,11,0,"5,6,7,8,9",952.0258056192
val,image1342,/root/autodl-tmp/datasets/sources/construction-ppe_ultralytics_2025_v1/images/val/image1342.jpg,/root/autodl-tmp/datasets/sources/construction-ppe_ultralytics_2025_v1/labels/val/image1342.txt,True,,819,1024,RGB,a93068d703eeb4da09dcce88b2557752b759d32b0106ba344e7a3e9c75f88271,4ab4b290b42d8c8c,5,0,"5,6,7,8,9",2165.9386471632
val,image1346,/root/autodl-tmp/datasets/sources/construction-ppe_ultralytics_2025_v1/images/val/image1346.jpg,/root/autodl-tmp/datasets/sources/construction-ppe_ultralytics_2025_v1/labels/val/image1346.txt,True,,917,1024,RGB,7440bca28ed4a1b36a5185cd0e38dced4d027629ca96487a1926555d18b2c0af,37b9099eca66f606,8,0,"5,6,7,8",410.23674687240003
val,image1369,/root/autodl-tmp/datasets/sources/construction-ppe_ultralytics_2025_v1/images/val/image1369.jpg,/root/autodl-tmp/datasets/sources/construction-ppe_ultralytics_2025_v1/labels/val/image1369.txt,True,,1024,819,RGB,3cdd44c9ab5fcb826ae2372fe8912868d6c5a05b88f9ba3f998693887aa046d6,f050585a3878b2b2,31,0,"3,5,6,7,8,9,10",380.56243417919995
val,image137,/root/autodl-tmp/datasets/sources/construction-ppe_ultralytics_2025_v1/images/val/image137.jpg,/root/autodl-tmp/datasets/sources/construction-ppe_ultralytics_2025_v1/labels/val/image137.txt,True,,640,640,RGB,91c3c368c692d571705a72739f8d3e64a09550e41d10145bcef824ed8800c5bc,0000024763a41600,10,0,"0,1,2,3,6",1528.9606168576
val,image1375,/root/autodl-tmp/datasets/sources/construction-ppe_ultralytics_2025_v1/images/val/image1375.jpg,/root/autodl-tmp/datasets/sources/construction-ppe_ultralytics_2025_v1/labels/val/image1375.txt,True,,612,401,RGB,69a01ef4f0e3cd6d5b7797b145f66d288b719af4db2402ebbcee0eefc73c37be,293355541537333b,4,0,"5,6,9",8599.5349215232
val,image1377,/root/autodl-tmp/datasets/sources/construction-ppe_ultralytics_2025_v1/images/val/image1377.jpg,/root/autodl-tmp/datasets/sources/construction-ppe_ultralytics_2025_v1/labels/val/image1377.txt,True,,612,408,RGB,e6ffe36c1e29c450b299e25744a28f877f555a41d1d9fef3275bd336f4396165,eda9b1d87031b1b0,6,0,"5,6,7,8,9",1408.8339690837333
val,image1392,/root/autodl-tmp/datasets/sources/construction-ppe_ultralytics_2025_v1/images/val/image1392.jpg,/root/autodl-tmp/datasets/sources/construction-ppe_ultralytics_2025_v1/labels/val/image1392.txt,True,,612,408,RGB,2985fe1c0f6787a82c51c434b19fdba3446494afea963c932eb5088699422a38,746c2cbe8abafaf0,8,0,"3,5,6,7,8,9",589.7690794666668
val,image1397,/root/autodl-tmp/datasets/sources/construction-ppe_ultralytics_2025_v1/images/val/image1397.jpg,/root/autodl-tmp/datasets/sources/construction-ppe_ultralytics_2025_v1/labels/val/image1397.txt,True,,612,408,RGB,a6800c26147a0a3e02c7a8dc92c173ce4713e62c70e1c600adbb1f3cd3be5d56,ccdd4d2d71712313,5,0,"5,6,7,9",1729.6136303957335
val,image1402,/root/autodl-tmp/datasets/sources/construction-ppe_ultralytics_2025_v1/images/val/image1402.jpg,/root/autodl-tmp/datasets/sources/construction-ppe_ultralytics_2025_v1/labels/val/image1402.txt,True,,768,418,RGB,f6b880098055df84fb9f96d846a37d1803d0e11348c360140f83a9de4f7b306f,effbfbbb576dc6f7,15,0,"5,6,7,8,9",789.0084939498668
val,image141,/root/autodl-tmp/datasets/sources/construction-ppe_ultralytics_2025_v1/images/val/image141.jpeg,/root/autodl-tmp/datasets/sources/construction-ppe_ultralytics_2025_v1/labels/val/image141.txt,True,,640,640,RGB,b2d6c7ace56f0efebd9e292fdcc081b561d8263ce904fcfac0cc97a250e50fd6,29a9b0d81c9cbc70,10,0,"0,1,2,6",615.0471327744001
val,image144,/root/autodl-tmp/datasets/sources/construction-ppe_ultralytics_2025_v1/images/val/image144.jpg,/root/autodl-tmp/datasets/sources/construction-ppe_ultralytics_2025_v1/labels/val/image144.txt,True,,640,640,RGB,abc44b37c273f2484fef2c1d5fe11ca8399d1442f685f2e88eafa3c9eb6d7069,00d2c6ecc4cacc00,20,0,"0,2,6",2020.6694080511998
val,image151,/root/autodl-tmp/datasets/sources/construction-ppe_ultralytics_2025_v1/images/val/image151.jpg,/root/autodl-tmp/datasets/sources/construction-ppe_ultralytics_2025_v1/labels/val/image151.txt,True,,640,640,RGB,33a6fb5f0c22ba1559542d201cdc7c8dfe34568b23c6f60ecee340c95aa712f7,009a988c8c949400,11,0,"0,2,6",552.2958680063999
val,image164,/root/autodl-tmp/datasets/sources/construction-ppe_ultralytics_2025_v1/images/val/image164.jpg,/root/autodl-tmp/datasets/sources/construction-ppe_ultralytics_2025_v1/labels/val/image164.txt,True,,640,640,RGB,8b334d93ceb8e15731d692f0c31d0dc34deb7bf5feee6341bdc1e19c7066fa47,0e0d0e0b33078697,4,0,"0,2,4,6",8988.0386904064
val,image171,/root/autodl-tmp/datasets/sources/construction-ppe_ultralytics_2025_v1/images/val/image171.jpg,/root/autodl-tmp/datasets/sources/construction-ppe_ultralytics_2025_v1/labels/val/image171.txt,True,,640,640,RGB,520c77ecb5c0f9e24cfadfa8135118597d15b9bbef6c2c005e7ad79a64eb7b02,f3633b1b91f93c79,2,0,"2,6",98840.89605119999
val,image176,/root/autodl-tmp/datasets/sources/construction-ppe_ultralytics_2025_v1/images/val/image176.jpg,/root/autodl-tmp/datasets/sources/construction-ppe_ultralytics_2025_v1/labels/val/image176.txt,True,,640,640,RGB,70b8170b50dbd3385b6e842cf5db2dd788d29a433951d814b481421ac1f68309,4696b6b296d602a6,6,0,"0,2,3,6",5631.2160600064
val,image199,/root/autodl-tmp/datasets/sources/construction-ppe_ultralytics_2025_v1/images/val/image199.jpg,/root/autodl-tmp/datasets/sources/construction-ppe_ultralytics_2025_v1/labels/val/image199.txt,True,,640,640,RGB,d565554563ad44cc0a5503fb350771886aa49c95bb1d72a1f95b7d1e5ed14028,c0cf8f4fcea5a7ea,4,0,"0,2,6",31601.550285619196
val,image202,/root/autodl-tmp/datasets/sources/construction-ppe_ultralytics_2025_v1/images/val/image202.jpg,/root/autodl-tmp/datasets/sources/construction-ppe_ultralytics_2025_v1/labels/val/image202.txt,True,,640,640,RGB,f8ce3ffefb3a57cc82ac294361b1eb5f064899a94787e32cbcf41d569058bd92,80242da9a9283636,17,0,"0,2,4,5,6",2022.1507584000003
val,image212,/root/autodl-tmp/datasets/sources/construction-ppe_ultralytics_2025_v1/images/val/image212.jpg,/root/autodl-tmp/datasets/sources/construction-ppe_ultralytics_2025_v1/labels/val/image212.txt,True,,640,640,RGB,bee046863836454905411bf9623a721720fb9d9d53df68f31f4ac6cfc094e8bd,84989696bccae41e,9,0,"0,2,6",751.0987743231999
val,image23,/root/autodl-tmp/datasets/sources/construction-ppe_ultralytics_2025_v1/images/val/image23.jpeg,/root/autodl-tmp/datasets/sources/construction-ppe_ultralytics_2025_v1/labels/val/image23.txt,True,,640,640,RGB,bf766e8092d8cf03584a0eb01c5ff8a806ee92715bb3f4ccb6a03f36750f9d6b,83a3a3a3a7a69898,9,0,"0,2,5",1478.3963480063999
val,image230,/root/autodl-tmp/datasets/sources/construction-ppe_ultralytics_2025_v1/images/val/image230.jpg,/root/autodl-tmp/datasets/sources/construction-ppe_ultralytics_2025_v1/labels/val/image230.txt,True,,640,640,RGB,79a77824ed74f7237f11a72054a97c418c938e62bb2ccd3572d468a7ad407fee,e031a34f871a9cac,6,0,"0,2,5,6",4244.053078425601
val,image238,/root/autodl-tmp/datasets/sources/construction-ppe_ultralytics_2025_v1/images/val/image238.jpg,/root/autodl-tmp/datasets/sources/construction-ppe_ultralytics_2025_v1/labels/val/image238.txt,True,,640,640,RGB,733c2457decd35871b226ccc88198eab38c462c8b16e6cbfd5c576410da90fb6,c6062f2f1f99ceec,6,0,"0,2,3,4,6",3340.9835519999997
val,image253,/root/autodl-tmp/datasets/sources/construction-ppe_ultralytics_2025_v1/images/val/image253.jpg,/root/autodl-tmp/datasets/sources/construction-ppe_ultralytics_2025_v1/labels/val/image253.txt,True,,640,640,RGB,268e194263fc7327fb937b45ee13567a0994e4475feedf4c90f31ed8637dabe9,c0180dcd8cccaeb0,8,0,"0,1,2,3,4,6",1073.0046472192
val,image259,/root/autodl-tmp/datasets/sources/construction-ppe_ultralytics_2025_v1/images/val/image259.jpg,/root/autodl-tmp/datasets/sources/construction-ppe_ultralytics_2025_v1/labels/val/image259.txt,True,,640,640,RGB,26519faba73104443f3aca08803e659ea718537d832924cb823c03592d0b5886,a78703068e4c8dcd,8,0,"0,1,2,3,4,6",7323.3776959488005
val,image27,/root/autodl-tmp/datasets/sources/construction-ppe_ultralytics_2025_v1/images/val/image27.jpeg,/root/autodl-tmp/datasets/sources/construction-ppe_ultralytics_2025_v1/labels/val/image27.txt,True,,640,640,RGB,3746c24a3b12857bba34521e2924960a22987016f7029eb4fd69f71dfc344cc1,01402010ccc7f100,7,0,"0,1,2,3,6",774.1822464
val,image270,/root/autodl-tmp/datasets/sources/construction-ppe_ultralytics_2025_v1/images/val/image270.jpg,/root/autodl-tmp/datasets/sources/construction-ppe_ultralytics_2025_v1/labels/val/image270.txt,True,,640,640,RGB,0ac4b25914834e3f80ded79a4b2db146239685c56c1657bb957651cef2c25422,b697931b4e0c0ec6,8,0,"0,1,2,3,4,6",6439.8417887232
val,image278,/root/autodl-tmp/datasets/sources/construction-ppe_ultralytics_2025_v1/images/val/image278.jpg,/root/autodl-tmp/datasets/sources/construction-ppe_ultralytics_2025_v1/labels/val/image278.txt,True,,640,640,RGB,7ef585455127c26384b2af86ae2a91fbad649fcf2ba5d89f0e6de4f28bd24835,26864e0e4e4ccecd,7,0,"0,1,2,3,4,6",4984.782798438399
val,image31,/root/autodl-tmp/datasets/sources/construction-ppe_ultralytics_2025_v1/images/val/image31.jpg,/root/autodl-tmp/datasets/sources/construction-ppe_ultralytics_2025_v1/labels/val/image31.txt,True,,640,640,RGB,00e9401eda62de8029f39a1bb9db73e3d08174cd100d71f3a9da192914cbea73,05030b1a9a0f0e0e,6,0,"0,1,2,4,6",1089.7970528256003
val,image318,/root/autodl-tmp/datasets/sources/construction-ppe_ultralytics_2025_v1/images/val/image318.jpg,/root/autodl-tmp/datasets/sources/construction-ppe_ultralytics_2025_v1/labels/val/image318.txt,True,,640,640,RGB,27ad01984c3e54bb5b31ab8ff6558a161988f13e8b912fdca6d4b0a6dbdea602,948b9b77373e1c1e,3,0,"0,2,6",7194.1450760192
val,image329,/root/autodl-tmp/datasets/sources/construction-ppe_ultralytics_2025_v1/images/val/image329.jpeg,/root/autodl-tmp/datasets/sources/construction-ppe_ultralytics_2025_v1/labels/val/image329.txt,True,,640,640,RGB,c10f64176ecf1ce3749e6eed0b6736d7b1b317bcbe9b424a94346fa9d9e8bc98,d8d8c2a6e6c8e4b8,3,0,"0,2,6",40761.6372064256
val,image330,/root/autodl-tmp/datasets/sources/construction-ppe_ultralytics_2025_v1/images/val/image330.jpg,/root/autodl-tmp/datasets/sources/construction-ppe_ultralytics_2025_v1/labels/val/image330.txt,True,,640,640,RGB,4815828f5c05da8184e4c3c10b934f1869aae957726c8001fec84ce7d1b1c4d6,72d29b36d7d273b2,5,0,"0,1,2,6",3124.8813248511997
val,image337,/root/autodl-tmp/datasets/sources/construction-ppe_ultralytics_2025_v1/images/val/image337.jpg,/root/autodl-tmp/datasets/sources/construction-ppe_ultralytics_2025_v1/labels/val/image337.txt,True,,640,640,RGB,be5f170c55899a7d0e3cf148266fb935af9fb011f4b96668b2b4f3961a1c5718,cbcbeaefc3d373ea,3,0,"0,2,6",8170.938468761599
val,image347,/root/autodl-tmp/datasets/sources/construction-ppe_ultralytics_2025_v1/images/val/image347.jpg,/root/autodl-tmp/datasets/sources/construction-ppe_ultralytics_2025_v1/labels/val/image347.txt,True,,640,640,RGB,ce65644b1c74a38dee74c63b11b52225851216401ee2374dbac7c9ea2fbe4e41,d2e5e1a0949898cd,3,0,"0,2,6",16834.3764992
val,image35,/root/autodl-tmp/datasets/sources/construction-ppe_ultralytics_2025_v1/images/val/image35.jpeg,/root/autodl-tmp/datasets/sources/construction-ppe_ultralytics_2025_v1/labels/val/image35.txt,True,,640,640,RGB,8ced7c69304fc46a6e2fdfd3c06e3472292c94744aa30b89d1c1c0db07623399,0075d3d8dac84900,5,0,"0,1,5,6",3897.7366048768
val,image355,/root/autodl-tmp/datasets/sources/construction-ppe_ultralytics_2025_v1/images/val/image355.jpg,/root/autodl-tmp/datasets/sources/construction-ppe_ultralytics_2025_v1/labels/val/image355.txt,True,,640,640,RGB,af1bdcf3659152fff68b1160544c8331e79fb5c71ae4c01287d60557e66f7138,c808968fcd4c8624,8,0,"0,1,2,3,4,6",1443.4772992
val,image360,/root/autodl-tmp/datasets/sources/construction-ppe_ultralytics_2025_v1/images/val/image360.jpg,/root/autodl-tmp/datasets/sources/construction-ppe_ultralytics_2025_v1/labels/val/image360.txt,True,,640,640,RGB,8f35133ed9fbe748a0aa90bdde7c20d2a298d471b16d0534675fbe2826fd54ee,fc6ce77663f383a8,3,0,"1,6",2040.4207792128
val,image391,/root/autodl-tmp/datasets/sources/construction-ppe_ultralytics_2025_v1/images/val/image391.jpg,/root/autodl-tmp/datasets/sources/construction-ppe_ultralytics_2025_v1/labels/val/image391.txt,True,,640,640,RGB,d1b33a4bfc054c5c8ebec82ac2a4cf79474368f0327e21a20bc37d912c82e17a,200c4c148e4d8ee6,8,0,"0,1,2,3,4,6",1340.8630104063998
val,image392,/root/autodl-tmp/datasets/sources/construction-ppe_ultralytics_2025_v1/images/val/image392.jpg,/root/autodl-tmp/datasets/sources/construction-ppe_ultralytics_2025_v1/labels/val/image392.txt,True,,640,640,RGB,3ed6fbf53a2d3443215941b52dfdb14adc34d827022cf5ae5ab9bb4a478f905b,fc260f071e8e18d8,7,0,"0,1,2,3,6",2441.4110744576
val,image395,/root/autodl-tmp/datasets/sources/construction-ppe_ultralytics_2025_v1/images/val/image395.jpg,/root/autodl-tmp/datasets/sources/construction-ppe_ultralytics_2025_v1/labels/val/image395.txt,True,,640,640,RGB,860fcd03c8261cf01155bd5270923f7a5673430e49840861bf3dc6970ef73324,f6376706078424e6,7,0,"0,1,2,3,6",1386.2959968256
val,image396,/root/autodl-tmp/datasets/sources/construction-ppe_ultralytics_2025_v1/images/val/image396.jpg,/root/autodl-tmp/datasets/sources/construction-ppe_ultralytics_2025_v1/labels/val/image396.txt,True,,640,640,RGB,8eafa32397da90781d53f117100f7b8332bbb924ef83f86df2ebc8b1401f88a8,c8cf050c880e29a4,8,0,"0,1,2,3,4,6",894.5937432576
val,image407,/root/autodl-tmp/datasets/sources/construction-ppe_ultralytics_2025_v1/images/val/image407.jpg,/root/autodl-tmp/datasets/sources/construction-ppe_ultralytics_2025_v1/labels/val/image407.txt,True,,640,640,RGB,ec9682478cbc68a04498b68c6c8dd16dcfc3a1afce5ffb7308a79d850803f781,c4cb9b03cb4a1fb8,8,0,"0,1,2,3,4,6",3125.7001345024005
val,image411,/root/autodl-tmp/datasets/sources/construction-ppe_ultralytics_2025_v1/images/val/image411.jpg,/root/autodl-tmp/datasets/sources/construction-ppe_ultralytics_2025_v1/labels/val/image411.txt,True,,640,640,RGB,56438f323d6e40a02cd6c2e82f9222512d54a11846403a9f7635c51fa9b29d65,828f9b93e7d7e2d0,8,0,"0,1,2,3,4,6",2633.3688823807997
val,image419,/root/autodl-tmp/datasets/sources/construction-ppe_ultralytics_2025_v1/images/val/image419.jpg,/root/autodl-tmp/datasets/sources/construction-ppe_ultralytics_2025_v1/labels/val/image419.txt,True,,640,640,RGB,a8167b7012244a1bf0b53c9577dfba808448f561c2e9cae5798ad7ce36b2e6be,9c0c9f16c6a6a7d2,8,0,"0,1,2,3,4,6",3789.5943143423992
val,image430,/root/autodl-tmp/datasets/sources/construction-ppe_ultralytics_2025_v1/images/val/image430.jpg,/root/autodl-tmp/datasets/sources/construction-ppe_ultralytics_2025_v1/labels/val/image430.txt,True,,640,640,RGB,6e92840ec761576e423da415246eb965a1b5c421b596dc2e1be25b1b7f6ecf50,e02e3e2f0d8c8dce,8,0,"0,1,2,3,4,6",2733.8162352127997
val,image439,/root/autodl-tmp/datasets/sources/construction-ppe_ultralytics_2025_v1/images/val/image439.jpeg,/root/autodl-tmp/datasets/sources/construction-ppe_ultralytics_2025_v1/labels/val/image439.txt,True,,640,640,RGB,9e4211b5fc8fb776bd6d4b73f9edb6169f02d2647767c75a997f7458ff542d76,0080e08888c18a06,13,0,"0,1,2,5,6",889.4967103488001
val,image446,/root/autodl-tmp/datasets/sources/construction-ppe_ultralytics_2025_v1/images/val/image446.jpg,/root/autodl-tmp/datasets/sources/construction-ppe_ultralytics_2025_v1/labels/val/image446.txt,True,,640,640,RGB,1b4a59c06b29a485ea5aaf2c54a3aa3871d46bfe4029c5a06058798389cb0ea5,9b35278f4d46d390,8,0,"0,1,2,3,4,6",1340.8630104063998
val,image46,/root/autodl-tmp/datasets/sources/construction-ppe_ultralytics_2025_v1/images/val/image46.jpeg,/root/autodl-tmp/datasets/sources/construction-ppe_ultralytics_2025_v1/labels/val/image46.txt,True,,640,640,RGB,92abd57317625d12fde2f77513e044383f7619360200d120814486d9d44e3678,0024009531619000,6,0,"0,3,5,6",1066.9564424192001
val,image464,/root/autodl-tmp/datasets/sources/construction-ppe_ultralytics_2025_v1/images/val/image464.jpg,/root/autodl-tmp/datasets/sources/construction-ppe_ultralytics_2025_v1/labels/val/image464.txt,True,,640,640,RGB,c08e115ee3107f81be356bc4799dcd71a69300113b06b83acc8b4bf26e75e753,a4f4ffd36dc98a24,21,0,"0,1,2,3,6",1285.6695808000002
val,image487,/root/autodl-tmp/datasets/sources/construction-ppe_ultralytics_2025_v1/images/val/image487.jpg,/root/autodl-tmp/datasets/sources/construction-ppe_ultralytics_2025_v1/labels/val/image487.txt,True,,640,640,RGB,b9455e1ea0bc634603b9efb562c6789ac8d6fd946f7898a23c082e6fe5b2123e,b4bca929ac723031,4,0,"0,2,5,6",6653.325583974401
val,image505,/root/autodl-tmp/datasets/sources/construction-ppe_ultralytics_2025_v1/images/val/image505.jpg,/root/autodl-tmp/datasets/sources/construction-ppe_ultralytics_2025_v1/labels/val/image505.txt,True,,640,640,RGB,51d8a4b7e474ec36c7a82376dfc6730cfc146b29f255a37c8e7fde5663f206b5,de079f0f4f4edf98,8,0,"0,1,2,3,4,6",2633.7920671744
val,image508,/root/autodl-tmp/datasets/sources/construction-ppe_ultralytics_2025_v1/images/val/image508.jpg,/root/autodl-tmp/datasets/sources/construction-ppe_ultralytics_2025_v1/labels/val/image508.txt,True,,640,640,RGB,b45c200a815984e46b2dcaf76ef994bf9af0506bb87810bd457fc4947247e448,8c4c36360c9d9f2e,8,0,"0,1,2,3,4,6",2040.8530087936
val,image524,/root/autodl-tmp/datasets/sources/construction-ppe_ultralytics_2025_v1/images/val/image524.jpeg,/root/autodl-tmp/datasets/sources/construction-ppe_ultralytics_2025_v1/labels/val/image524.txt,True,,640,640,RGB,ec9e573c28e4ccf64d6c21f6bb6a64af2ccb887f2c898d42cc5d1de00332e8e0,c03fcb909d80f93b,22,0,"0,1,2,5,6",1406.2455287808002
val,image532,/root/autodl-tmp/datasets/sources/construction-ppe_ultralytics_2025_v1/images/val/image532.jpeg,/root/autodl-tmp/datasets/sources/construction-ppe_ultralytics_2025_v1/labels/val/image532.txt,True,,640,640,RGB,13ae7cf723941140e9b7d9c279d1d173fbe945227cdf27c230f229070b26aa5e,90989a1bd9b3f37b,4,0,"1,2,6",2657.8929168384
val,image547,/root/autodl-tmp/datasets/sources/construction-ppe_ultralytics_2025_v1/images/val/image547.jpg,/root/autodl-tmp/datasets/sources/construction-ppe_ultralytics_2025_v1/labels/val/image547.txt,True,,640,640,RGB,140decc71c7bf0c7d89a6b66e6269514e2cbca9a21e92b26af54fc5fd582413e,40b6dbdfea4e4f00,11,0,"0,2,5,6",4785.611896012801
val,image573,/root/autodl-tmp/datasets/sources/construction-ppe_ultralytics_2025_v1/images/val/image573.jpg,/root/autodl-tmp/datasets/sources/construction-ppe_ultralytics_2025_v1/labels/val/image573.txt,True,,640,640,RGB,ca5f57a5c4ccad2cd75e1f1f704f02c03700329065c4b348d944f184ffa014f3,ac2c5cdac4e5c2b8,3,0,"0,2,6",16262.688512
val,image576,/root/autodl-tmp/datasets/sources/construction-ppe_ultralytics_2025_v1/images/val/image576.jpg,/root/autodl-tmp/datasets/sources/construction-ppe_ultralytics_2025_v1/labels/val/image576.txt,True,,640,640,RGB,2ac6eb4693acac690ba1fca0f548b57a60291011c1e7ac844d318cdbbc4ec709,080f17efcd868583,8,0,"0,1,2,3,4,6",1914.6398232575998
val,image607,/root/autodl-tmp/datasets/sources/construction-ppe_ultralytics_2025_v1/images/val/image607.jpeg,/root/autodl-tmp/datasets/sources/construction-ppe_ultralytics_2025_v1/labels/val/image607.txt,True,,640,640,RGB,ad382def98d5052c96993e348c08b4003a700f858a95bc36c7cc133b219362d6,006463995cdc8b00,7,0,"0,1,2,5,6",4855.052134400001
val,image608,/root/autodl-tmp/datasets/sources/construction-ppe_ultralytics_2025_v1/images/val/image608.jpg,/root/autodl-tmp/datasets/sources/construction-ppe_ultralytics_2025_v1/labels/val/image608.txt,True,,640,640,RGB,6cf7283933660187488c9e022405ba8baac23b4ca42f519da19391b4ce979f92,00325149cd693200,16,0,"0,2,6",2306.3408607232
val,image615,/root/autodl-tmp/datasets/sources/construction-ppe_ultralytics_2025_v1/images/val/image615.jpg,/root/autodl-tmp/datasets/sources/construction-ppe_ultralytics_2025_v1/labels/val/image615.txt,True,,640,640,RGB,ee660d9bc3c941c5826534a6a4b5d460cb436126e9de57fd691b22554056b020,06f0000828161712,23,0,"0,2,3,6",626.0084064255999
val,image627,/root/autodl-tmp/datasets/sources/construction-ppe_ultralytics_2025_v1/images/val/image627.jpg,/root/autodl-tmp/datasets/sources/construction-ppe_ultralytics_2025_v1/labels/val/image627.txt,True,,640,640,RGB,237e707a75bd9c3bab9cee1e2e2bfea394179a8b472df4fd1ddaf4fd84760825,1c4e5e65399632b2,6,0,"0,2,6",12228.744481587202
val,image628,/root/autodl-tmp/datasets/sources/construction-ppe_ultralytics_2025_v1/images/val/image628.jpg,/root/autodl-tmp/datasets/sources/construction-ppe_ultralytics_2025_v1/labels/val/image628.txt,True,,640,640,RGB,33af5e52c01b3f91ec0cbde2454134cb44c916fc9e226881040008a58667e275,2d6d6b7363634b6e,8,0,"0,2,4,6",2982.7681472512
val,image640,/root/autodl-tmp/datasets/sources/construction-ppe_ultralytics_2025_v1/images/val/image640.jpg,/root/autodl-tmp/datasets/sources/construction-ppe_ultralytics_2025_v1/labels/val/image640.txt,True,,640,640,RGB,bd205ac51b81fd46af970eda8b51bf42dd2cc017f1bfafebbd90ea395174b451,226127243c296942,4,0,"0,1,2,6",12228.744481587202
val,image644,/root/autodl-tmp/datasets/sources/construction-ppe_ultralytics_2025_v1/images/val/image644.jpg,/root/autodl-tmp/datasets/sources/construction-ppe_ultralytics_2025_v1/labels/val/image644.txt,True,,640,640,RGB,4ca2a54c396200c799495e482642b3b00e7e95f2598121a38b567e38cc11ad12,8747525564642767,13,0,"0,2,5,6",957.1614720000001
val,image65,/root/autodl-tmp/datasets/sources/construction-ppe_ultralytics_2025_v1/images/val/image65.jpeg,/root/autodl-tmp/datasets/sources/construction-ppe_ultralytics_2025_v1/labels/val/image65.txt,True,,640,640,RGB,53d75e14f7e1d19eb2251496c72cf11940319d11c351af4d0edb947f3832baaa,00e6f0deec7cbc00,5,0,"0,2,6",3338.3197704192
val,image654,/root/autodl-tmp/datasets/sources/construction-ppe_ultralytics_2025_v1/images/val/image654.jpg,/root/autodl-tmp/datasets/sources/construction-ppe_ultralytics_2025_v1/labels/val/image654.txt,True,,640,640,RGB,07baf23f2e3aacca2805dbe6b4a7d8ad4a895c15a8c5fac9bb87494fc7a9d8ce,00d0dce8e0f0e800,7,0,"0,6",1827.9189663744
val,image656,/root/autodl-tmp/datasets/sources/construction-ppe_ultralytics_2025_v1/images/val/image656.jpg,/root/autodl-tmp/datasets/sources/construction-ppe_ultralytics_2025_v1/labels/val/image656.txt,True,,640,640,RGB,305b8962aaacf5311af7a1e66e237ca97ab1561eb71329506f6b0326992162ae,b0e48e69292e0fdb,2,0,"2,6",91734.5528446976
val,image660,/root/autodl-tmp/datasets/sources/construction-ppe_ultralytics_2025_v1/images/val/image660.jpg,/root/autodl-tmp/datasets/sources/construction-ppe_ultralytics_2025_v1/labels/val/image660.txt,True,,640,640,RGB,25b3d9ea057fdb286c2ae7d165f9c3eda4b3c9cac896ea620a2b7dc93b0b3caf,7ef4e4b5f4642c3d,4,0,"0,2,4,6",6635.882752
val,image666,/root/autodl-tmp/datasets/sources/construction-ppe_ultralytics_2025_v1/images/val/image666.jpg,/root/autodl-tmp/datasets/sources/construction-ppe_ultralytics_2025_v1/labels/val/image666.txt,True,,640,640,RGB,d8b86f11f8c1ddc4abfbe77a73120819ac269ea9fe036d3f87aaf6b098fe48d5,20495b1e1d181898,3,0,"0,2,6",14878.983782399999
val,image669,/root/autodl-tmp/datasets/sources/construction-ppe_ultralytics_2025_v1/images/val/image669.jpg,/root/autodl-tmp/datasets/sources/construction-ppe_ultralytics_2025_v1/labels/val/image669.txt,True,,640,640,RGB,9542dc7eb744083d0a22da4a150fb6371d6610f017ede9ef22988f89a8db07a2,83a62611dada1998,7,0,"0,1,2,3,6",1602.0496367616
val,image670,/root/autodl-tmp/datasets/sources/construction-ppe_ultralytics_2025_v1/images/val/image670.jpg,/root/autodl-tmp/datasets/sources/construction-ppe_ultralytics_2025_v1/labels/val/image670.txt,True,,640,640,RGB,7475975988f9326403cf24f078b7c091f4f2eab39774d23575b0e01fe678e89c,86756c1bcdcf4948,7,0,"0,1,2,3,6",2076.1671839744
val,image674,/root/autodl-tmp/datasets/sources/construction-ppe_ultralytics_2025_v1/images/val/image674.jpg,/root/autodl-tmp/datasets/sources/construction-ppe_ultralytics_2025_v1/labels/val/image674.txt,True,,640,640,RGB,0eac08089d914d8f83b8c6f772b6b7cedb214fd9335f0fb8d63731bd71ab0fbd,86656c139ddb1998,7,0,"0,1,2,3,6",2107.3102528512004
val,image680,/root/autodl-tmp/datasets/sources/construction-ppe_ultralytics_2025_v1/images/val/image680.jpg,/root/autodl-tmp/datasets/sources/construction-ppe_ultralytics_2025_v1/labels/val/image680.txt,True,,640,640,RGB,b24aa39a42350cfd0762bb5d4d4153fab054203517ee82a5a32ebd7ddb3712b6,c0c0c294cccc9cd0,3,0,"0,2,6",24150.751096012802
val,image686,/root/autodl-tmp/datasets/sources/construction-ppe_ultralytics_2025_v1/images/val/image686.jpeg,/root/autodl-tmp/datasets/sources/construction-ppe_ultralytics_2025_v1/labels/val/image686.txt,True,,640,640,RGB,e6f8ec5e8b376c5e27ed05c69ed854d2ebb62d04019c71cb25d8d4188be2b359,00e8c0f0fdf9f100,3,0,"0,5,6",2996.5766639616
val,image698,/root/autodl-tmp/datasets/sources/construction-ppe_ultralytics_2025_v1/images/val/image698.jpg,/root/autodl-tmp/datasets/sources/construction-ppe_ultralytics_2025_v1/labels/val/image698.txt,True,,640,640,RGB,b6b5d960751c073c5793aa22b72e8957b365209770d20bb5a9bad9b4dc9645bd,e4d0ccccccdcdcdc,8,0,"0,1,2,5,6",1237.8847064063998
val,image705,/root/autodl-tmp/datasets/sources/construction-ppe_ultralytics_2025_v1/images/val/image705.jpg,/root/autodl-tmp/datasets/sources/construction-ppe_ultralytics_2025_v1/labels/val/image705.txt,True,,640,640,RGB,0b72cfc1a70c64910a80c302eba558ba1a4a70e8a29e7b1cf0051cad48ce6beb,83ae6e0d4ecb498c,4,0,"2,3,6",2514.4104255488
val,image709,/root/autodl-tmp/datasets/sources/construction-ppe_ultralytics_2025_v1/images/val/image709.jpg,/root/autodl-tmp/datasets/sources/construction-ppe_ultralytics_2025_v1/labels/val/image709.txt,True,,640,640,RGB,acd89659a7228b8e5a43485c93e5445e2f863411fe4e924a172a8922020b0914,8625cc4b9dcb4948,7,0,"0,1,2,3,6",2435.1268864000003
val,image719,/root/autodl-tmp/datasets/sources/construction-ppe_ultralytics_2025_v1/images/val/image719.jpg,/root/autodl-tmp/datasets/sources/construction-ppe_ultralytics_2025_v1/labels/val/image719.txt,True,,640,640,RGB,b6b6706eefef6dcefd9b05dc8a08af9e90739175863f4ee747df08cb20be5e7c,83a6263556f667a6,4,0,"2,3,6",5202.5410719744
val,image74,/root/autodl-tmp/datasets/sources/construction-ppe_ultralytics_2025_v1/images/val/image74.jpeg,/root/autodl-tmp/datasets/sources/construction-ppe_ultralytics_2025_v1/labels/val/image74.txt,True,,640,640,RGB,311eaf1b84b37f5b659aea1286431a7f4a0d3aa685f92cc22c0fcbecc91e995a,007159ddd8d8c800,2,0,"2,6",54118.70528962559
val,image742,/root/autodl-tmp/datasets/sources/construction-ppe_ultralytics_2025_v1/images/val/image742.jpeg,/root/autodl-tmp/datasets/sources/construction-ppe_ultralytics_2025_v1/labels/val/image742.txt,True,,640,640,RGB,4f2e0401cdeae3c697ae0b5fec77282ea0d5fbabf4862cc577b516117416411d,d4f0ccd4d4d4c0cc,5,0,"0,1,2,6",1775.7930848256
val,image749,/root/autodl-tmp/datasets/sources/construction-ppe_ultralytics_2025_v1/images/val/image749.jpg,/root/autodl-tmp/datasets/sources/construction-ppe_ultralytics_2025_v1/labels/val/image749.txt,True,,640,640,RGB,ac5dafafcf18a42e44cb11740beb6897b8d9b1ba588916838debb9b54d976cb7,dcdcc0d8d8f8f4d4,6,0,"0,2,5,6",8614.953112780799
val,image759,/root/autodl-tmp/datasets/sources/construction-ppe_ultralytics_2025_v1/images/val/image759.jpg,/root/autodl-tmp/datasets/sources/construction-ppe_ultralytics_2025_v1/labels/val/image759.txt,True,,640,640,RGB,84a33600169562a763fe9e04ed1c4b030244007b3c9c7ec6aa651a0e094651fa,30808061639a9a9a,4,0,"0,1,2,6",3950.9427695616
val,image762,/root/autodl-tmp/datasets/sources/construction-ppe_ultralytics_2025_v1/images/val/image762.jpg,/root/autodl-tmp/datasets/sources/construction-ppe_ultralytics_2025_v1/labels/val/image762.txt,True,,640,640,RGB,66d4c6ac0b7abeb1626af0f1aee5959c9bc502ba1ac91a91873a1771f31316c5,438b1bd999078547,6,0,"0,1,2,3,6",2618.5457664
val,image763,/root/autodl-tmp/datasets/sources/construction-ppe_ultralytics_2025_v1/images/val/image763.jpg,/root/autodl-tmp/datasets/sources/construction-ppe_ultralytics_2025_v1/labels/val/image763.txt,True,,640,640,RGB,af8a767fb0a3b429f3e534f27239f6189745ddb7a9d477d6a739a4daaeaa9d5f,4c4e63732e26c4cc,6,0,"0,1,2,3,6",2232.0973824
val,image767,/root/autodl-tmp/datasets/sources/construction-ppe_ultralytics_2025_v1/images/val/image767.jpg,/root/autodl-tmp/datasets/sources/construction-ppe_ultralytics_2025_v1/labels/val/image767.txt,True,,640,640,RGB,09f764882f4fd752c63c760296a00346e28e0c83e7aac742deede0e70c0ab8fd,629294962ecb9e3e,3,0,"0,2,6",14428.736
val,image771,/root/autodl-tmp/datasets/sources/construction-ppe_ultralytics_2025_v1/images/val/image771.jpg,/root/autodl-tmp/datasets/sources/construction-ppe_ultralytics_2025_v1/labels/val/image771.txt,True,,640,640,RGB,cd67373f96e51b6bda28c5001079555760514fb452e52a1e5f2bc541b66972b9,8d8c82b392cc0c2c,13,0,"0,1,2,3,6",2622.2464679936
val,image798,/root/autodl-tmp/datasets/sources/construction-ppe_ultralytics_2025_v1/images/val/image798.jpg,/root/autodl-tmp/datasets/sources/construction-ppe_ultralytics_2025_v1/labels/val/image798.txt,True,,640,640,RGB,76adf700356a62b2d5ebb8a7edc19822b92b0f2cfe4288259a269bd7f948c2b7,0416078726264a4a,7,0,"0,1,2,3,6",3864.8372224
val,image804,/root/autodl-tmp/datasets/sources/construction-ppe_ultralytics_2025_v1/images/val/image804.jpg,/root/autodl-tmp/datasets/sources/construction-ppe_ultralytics_2025_v1/labels/val/image804.txt,True,,640,640,RGB,1a79b5ed521359a40a3f587a620a346581d1a740caace17999f93628f833346b,89448a88a0aaa281,31,0,"0,1,2,3,6",1684.1730576384002
val,image808,/root/autodl-tmp/datasets/sources/construction-ppe_ultralytics_2025_v1/images/val/image808.jpg,/root/autodl-tmp/datasets/sources/construction-ppe_ultralytics_2025_v1/labels/val/image808.txt,True,,640,640,RGB,9b926cbbec6d35fd7ee05c42b7dbf371eebe5c003d3df0abad6f9a6243395ed0,4400d4d4dcc40044,8,0,"0,2,3",339.8615744512
val,image824,/root/autodl-tmp/datasets/sources/construction-ppe_ultralytics_2025_v1/images/val/image824.jpg,/root/autodl-tmp/datasets/sources/construction-ppe_ultralytics_2025_v1/labels/val/image824.txt,True,,640,640,RGB,d29a9c05b2d3c6a06ccb26bed9eb8e4808d1e51463b59ada064a8adae4e86805,e7e266cddbe7e7e2,2,0,"0,2",7599.341395148799
val,image826,/root/autodl-tmp/datasets/sources/construction-ppe_ultralytics_2025_v1/images/val/image826.jpg,/root/autodl-tmp/datasets/sources/construction-ppe_ultralytics_2025_v1/labels/val/image826.txt,True,,640,640,RGB,64b77518d5c65fc26ab0a78df1859d00f5a66508dff8d84936091fc510be7f29,e7c76fe6d6e6e6e6,2,0,"0,2",7424.684918374401
val,image852,/root/autodl-tmp/datasets/sources/construction-ppe_ultralytics_2025_v1/images/val/image852.jpeg,/root/autodl-tmp/datasets/sources/construction-ppe_ultralytics_2025_v1/labels/val/image852.txt,True,,640,640,RGB,33e7d14d10b85d60135d393faa3f39651918aebc7203c64cc821e05255479248,d4ccccccdccccccc,5,0,"0,1,2,6",4448.110284800001
val,image867,/root/autodl-tmp/datasets/sources/construction-ppe_ultralytics_2025_v1/images/val/image867.jpg,/root/autodl-tmp/datasets/sources/construction-ppe_ultralytics_2025_v1/labels/val/image867.txt,True,,640,640,RGB,6d7539ee777383a27c859f7ce06bd54a36f971efaadded03849a774aca0dafae,4eccd88d0c4f0dcd,8,0,"0,1,2,3,4,6",2456.7889936384
val,image868,/root/autodl-tmp/datasets/sources/construction-ppe_ultralytics_2025_v1/images/val/image868.jpg,/root/autodl-tmp/datasets/sources/construction-ppe_ultralytics_2025_v1/labels/val/image868.txt,True,,640,640,RGB,4d5441865a8b04c1391bfc35957555e28cb68530ff8fac503e0e4d8e9653addd,cd8b480d0c4d0e26,8,0,"0,1,2,3,4,6",1722.0553728000004
val,image876,/root/autodl-tmp/datasets/sources/construction-ppe_ultralytics_2025_v1/images/val/image876.jpg,/root/autodl-tmp/datasets/sources/construction-ppe_ultralytics_2025_v1/labels/val/image876.txt,True,,640,640,RGB,880b18e2afb46aee1bcc358b7d08a20e3174fbb85be4b596b62e6da99dfcb875,1f3fb71626368697,7,0,"0,1,2,3,4,6",4589.7739255808
val,image885,/root/autodl-tmp/datasets/sources/construction-ppe_ultralytics_2025_v1/images/val/image885.jpg,/root/autodl-tmp/datasets/sources/construction-ppe_ultralytics_2025_v1/labels/val/image885.txt,True,,640,640,RGB,11e217fbd3326aa7ef0ab0a04f1b9f18f071a1005d8890fdf03a4c7967cdd4c8,8ea4838ea626c667,8,0,"0,1,2,3,4,6",3819.5479560192
val,image896,/root/autodl-tmp/datasets/sources/construction-ppe_ultralytics_2025_v1/images/val/image896.jpg,/root/autodl-tmp/datasets/sources/construction-ppe_ultralytics_2025_v1/labels/val/image896.txt,True,,640,640,RGB,afb47775f2793f24459fb9e2de7392dfcd954e5a59001d30bd66e7a958490a73,cb4c378dcd4ccf26,8,0,"0,1,2,3,4,6",1500.2460159999998
val,image897,/root/autodl-tmp/datasets/sources/construction-ppe_ultralytics_2025_v1/images/val/image897.jpeg,/root/autodl-tmp/datasets/sources/construction-ppe_ultralytics_2025_v1/labels/val/image897.txt,True,,640,640,RGB,290be0fa63c6a7a2c93b4bb6bb4a632477082e961ee7f6b35d4932cd2ad8b36a,d4d4ccccd4dcdcc4,6,0,"0,2,6",537.4505975807999
val,image9,/root/autodl-tmp/datasets/sources/construction-ppe_ultralytics_2025_v1/images/val/image9.jpg,/root/autodl-tmp/datasets/sources/construction-ppe_ultralytics_2025_v1/labels/val/image9.txt,True,,640,640,RGB,b4112b2f221f41acc9dc345f70aad53bd23428583e2a68cb27e38882ba25af33,0503171a9a8b160e,6,0,"0,1,2,3,6",866.3039999999999
val,image933,/root/autodl-tmp/datasets/sources/construction-ppe_ultralytics_2025_v1/images/val/image933.jpg,/root/autodl-tmp/datasets/sources/construction-ppe_ultralytics_2025_v1/labels/val/image933.txt,True,,640,640,RGB,87abcf35986cf155ab90fc57fe5dc73b49a07baf0e0d3a20c99390c05ec0c805,dae4c6cea4466c24,8,0,"0,1,2,3,4,6",1500.2460159999998
val,image942,/root/autodl-tmp/datasets/sources/construction-ppe_ultralytics_2025_v1/images/val/image942.jpg,/root/autodl-tmp/datasets/sources/construction-ppe_ultralytics_2025_v1/labels/val/image942.txt,True,,640,640,RGB,be57e4ca67e646e120ca1c3511238ee542c4a25e7023e2c10c3e2386ed152817,fba5070b478d854d,8,0,"0,1,2,3,4,6",2237.7448447999996
val,image955,/root/autodl-tmp/datasets/sources/construction-ppe_ultralytics_2025_v1/images/val/image955.jpg,/root/autodl-tmp/datasets/sources/construction-ppe_ultralytics_2025_v1/labels/val/image955.txt,True,,640,640,RGB,ad591fd1beefa8aa1df88007994d6579ed4f042300b1759c6ea5205ce847b802,d6e6838346562626,8,0,"0,1,2,3,4,6",2251.6979871743997
val,image961,/root/autodl-tmp/datasets/sources/construction-ppe_ultralytics_2025_v1/images/val/image961.jpeg,/root/autodl-tmp/datasets/sources/construction-ppe_ultralytics_2025_v1/labels/val/image961.txt,True,,640,640,RGB,c429a3a349cfc31ad92ecce974957f7447bfc02136b1b4da656409c46758dd6e,d0d8f8dce4e4ecc8,4,0,"0,1,2,6",2336.4669440000002
val,image981,/root/autodl-tmp/datasets/sources/construction-ppe_ultralytics_2025_v1/images/val/image981.jpeg,/root/autodl-tmp/datasets/sources/construction-ppe_ultralytics_2025_v1/labels/val/image981.txt,True,,640,640,RGB,7f511a022cd162fa1e6307f4bdcdca85467ed8f060c69eb64b4ace8f55e78a67,00c6062646464600,8,0,"1,4,5,6",2536.0047120384
val,image989,/root/autodl-tmp/datasets/sources/construction-ppe_ultralytics_2025_v1/images/val/image989.jpg,/root/autodl-tmp/datasets/sources/construction-ppe_ultralytics_2025_v1/labels/val/image989.txt,True,,640,640,RGB,e01bf75987316ec54c6bfe103f502f7f1d067d54df6f803ac9e11136d7c90024,f0e8cc3230084c0c,5,0,"0,2,3,6",5551.1797592063995
val,image997,/root/autodl-tmp/datasets/sources/construction-ppe_ultralytics_2025_v1/images/val/image997.jpg,/root/autodl-tmp/datasets/sources/construction-ppe_ultralytics_2025_v1/labels/val/image997.txt,True,,640,640,RGB,9f1b5b8ab1876eba4647db201fa4a341832f94f53646c698f658a8e78fcf8880,1c0c9716970d0c9e,8,0,"0,1,2,3,4,6",2647.1164919807998
test,image1,/root/autodl-tmp/datasets/sources/construction-ppe_ultralytics_2025_v1/images/test/image1.jpeg,/root/autodl-tmp/datasets/sources/construction-ppe_ultralytics_2025_v1/labels/test/image1.txt,True,,640,640,RGB,fc1c0ef16712655f3eda7f709141d980b7e1deab06c18b4a4cea51eff7a403db,00f0fbfeff5f3e00,5,0,"0,1,2,6",3246.3560703999997
test,image10,/root/autodl-tmp/datasets/sources/construction-ppe_ultralytics_2025_v1/images/test/image10.jpeg,/root/autodl-tmp/datasets/sources/construction-ppe_ultralytics_2025_v1/labels/test/image10.txt,True,,640,640,RGB,ae293c38ac2c443941b7c35f3821204c496da86cdd27a0ee7a3373b862f7ef9d,dcfcfcf4ecfcfcdc,6,0,"2,6",2701.6648671231997
test,image1003,/root/autodl-tmp/datasets/sources/construction-ppe_ultralytics_2025_v1/images/test/image1003.jpg,/root/autodl-tmp/datasets/sources/construction-ppe_ultralytics_2025_v1/labels/test/image1003.txt,True,,640,640,RGB,132e642eeaa562bab24041d09be4826644b2a3b3e09d47a72e45596a0bdc6fd1,9c9a9b9a9f899492,7,0,"0,1,2,3,6",1243.5363680256003
test,image1007,/root/autodl-tmp/datasets/sources/construction-ppe_ultralytics_2025_v1/images/test/image1007.jpg,/root/autodl-tmp/datasets/sources/construction-ppe_ultralytics_2025_v1/labels/test/image1007.txt,True,,640,640,RGB,ae8c8e6d469d0d97b0ed1cbb23f877c678255ef115f6d8a54bd563ffafef51e7,8c8ecbcc4e8d8492,8,0,"0,1,2,3,4,6",969.4902272000002
test,image1009,/root/autodl-tmp/datasets/sources/construction-ppe_ultralytics_2025_v1/images/test/image1009.jpg,/root/autodl-tmp/datasets/sources/construction-ppe_ultralytics_2025_v1/labels/test/image1009.txt,True,,640,640,RGB,6e18fcd07f54e1957cd224f0b50620fc5854c158e2cdc036ea1f457ead1e2949,090b0b0a8e87061e,5,0,"0,1,2,6",1842.9089775616
test,image1014,/root/autodl-tmp/datasets/sources/construction-ppe_ultralytics_2025_v1/images/test/image1014.jpg,/root/autodl-tmp/datasets/sources/construction-ppe_ultralytics_2025_v1/labels/test/image1014.txt,True,,640,640,RGB,78d9ba7fc58a93e0bbbfc6bb6277071654809fa960960951b9b32327290b672b,62681d9ecc4d0486,8,0,"0,1,2,3,4,6",2380.4406808576
test,image1019,/root/autodl-tmp/datasets/sources/construction-ppe_ultralytics_2025_v1/images/test/image1019.jpg,/root/autodl-tmp/datasets/sources/construction-ppe_ultralytics_2025_v1/labels/test/image1019.txt,True,,640,640,RGB,8e8d10e08fd6294ebd35112209d2c26981f96019766eada244a2ccd4517fbc66,89c99c9e4d1a5826,7,0,"0,1,2,3,6",2982.1402464256
test,image1023,/root/autodl-tmp/datasets/sources/construction-ppe_ultralytics_2025_v1/images/test/image1023.jpg,/root/autodl-tmp/datasets/sources/construction-ppe_ultralytics_2025_v1/labels/test/image1023.txt,True,,640,640,RGB,3eecfcad3555403ef85b9ace3e28796d5c216804986950e9777d4de6e9647fc8,4cc7c40da78726b3,8,0,"0,1,2,3,4,6",1445.4924447744002
test,image1037,/root/autodl-tmp/datasets/sources/construction-ppe_ultralytics_2025_v1/images/test/image1037.jpeg,/root/autodl-tmp/datasets/sources/construction-ppe_ultralytics_2025_v1/labels/test/image1037.txt,True,,640,640,RGB,6c450b2f0d7642b79f95f1568c6699242e5541a3ef666bd2569a609178f5c070,009133eecb8b8b00,25,0,"0,1,2,3,6",820.8443056128
test,image1065,/root/autodl-tmp/datasets/sources/construction-ppe_ultralytics_2025_v1/images/test/image1065.jpg,/root/autodl-tmp/datasets/sources/construction-ppe_ultralytics_2025_v1/labels/test/image1065.txt,True,,640,640,RGB,e53bbc1f867306c241162d24e3f402c17664187b57b60c84f27e1f417b54d110,ce4997964f0f8fc9,8,0,"0,1,2,3,4,6",2801.2075327487996
test,image1074,/root/autodl-tmp/datasets/sources/construction-ppe_ultralytics_2025_v1/images/test/image1074.jpg,/root/autodl-tmp/datasets/sources/construction-ppe_ultralytics_2025_v1/labels/test/image1074.txt,True,,640,640,RGB,93f57c0b653474740b82638024f0ae8b0ecbb68f2eb89d09fdbf68cc7298abc6,4c8e97174e4d8fce,8,0,"0,1,2,3,4,6",2248.8765775872002
test,image1076,/root/autodl-tmp/datasets/sources/construction-ppe_ultralytics_2025_v1/images/test/image1076.jpg,/root/autodl-tmp/datasets/sources/construction-ppe_ultralytics_2025_v1/labels/test/image1076.txt,True,,640,640,RGB,2ecb59ad18c49a4f7bc8c35ef79006351121588e8af792847d217b2b53fec72e,090d17174f4d4fc7,8,0,"0,1,2,3,4,6",3736.835683123201
test,image1088,/root/autodl-tmp/datasets/sources/construction-ppe_ultralytics_2025_v1/images/test/image1088.jpg,/root/autodl-tmp/datasets/sources/construction-ppe_ultralytics_2025_v1/labels/test/image1088.txt,True,,640,640,RGB,14a41d47a6791fc5a39a6c930d64a77609ff539d54c3612f2cb05920ca2b060a,2e8c9ecf070c4f67,8,0,"0,1,2,3,4,6",2114.9727768576
test,image1089,/root/autodl-tmp/datasets/sources/construction-ppe_ultralytics_2025_v1/images/test/image1089.jpg,/root/autodl-tmp/datasets/sources/construction-ppe_ultralytics_2025_v1/labels/test/image1089.txt,True,,640,640,RGB,be5fa8295614f473d62005a25d5ac93c668ad02d99173741b594a332ff691640,4c0c1ccf0f0c4d67,8,0,"0,1,2,3,4,6",2394.7124719615995
test,image110,/root/autodl-tmp/datasets/sources/construction-ppe_ultralytics_2025_v1/images/test/image110.jpg,/root/autodl-tmp/datasets/sources/construction-ppe_ultralytics_2025_v1/labels/test/image110.txt,True,,640,640,RGB,ae0ec0d11b3a028cb284aea9af2f9bdbe3abf8eaacecfd8d6fdbb4beb09f1663,0000f0e0e0d80c20,10,0,"0,1,2,6",929.0304
test,image1111,/root/autodl-tmp/datasets/sources/construction-ppe_ultralytics_2025_v1/images/test/image1111.jpg,/root/autodl-tmp/datasets/sources/construction-ppe_ultralytics_2025_v1/labels/test/image1111.txt,True,,640,640,RGB,4cf4cea617e7badd64c68c03a6c20df67f1c33800d8531feed3f74f52c53cb27,b3974b0b46264644,8,0,"0,1,2,3,4,6",2418.2121480192
test,image1114,/root/autodl-tmp/datasets/sources/construction-ppe_ultralytics_2025_v1/images/test/image1114.jpg,/root/autodl-tmp/datasets/sources/construction-ppe_ultralytics_2025_v1/labels/test/image1114.txt,True,,640,640,RGB,50b781de0ab7e6a48a253a32e71092a15fad19e50f3b1721a9d088bdf2c996e2,66674b0b87264366,8,0,"0,1,2,3,4,6",4144.9909231616
test,image1120,/root/autodl-tmp/datasets/sources/construction-ppe_ultralytics_2025_v1/images/test/image1120.jpg,/root/autodl-tmp/datasets/sources/construction-ppe_ultralytics_2025_v1/labels/test/image1120.txt,True,,820,1024,RGB,62da23924d7de45be49cf4eecfc8b8aa3a51901e3794320a63e95b13f17b2482,cf96decf9b323232,4,0,"5,6,7,8",8432.690253312001
test,image1125,/root/autodl-tmp/datasets/sources/construction-ppe_ultralytics_2025_v1/images/test/image1125.jpg,/root/autodl-tmp/datasets/sources/construction-ppe_ultralytics_2025_v1/labels/test/image1125.txt,True,,1024,767,RGB,ee1a3255b9c4facffddfd09b37d1b837bf383fccb46215685bbf447d83318314,4d97272ccc8bc747,11,0,"3,5,6",2828.9807104000006
test,image1132,/root/autodl-tmp/datasets/sources/construction-ppe_ultralytics_2025_v1/images/test/image1132.jpg,/root/autodl-tmp/datasets/sources/construction-ppe_ultralytics_2025_v1/labels/test/image1132.txt,True,,1024,1024,RGB,eba55f595c70a0f4eb5d5ad8eb24309526a3478961bde04cdffd42013cb3d49c,8ce4e5a66f06b783,8,0,"3,5,6,7,8,9",2067.2780640256
test,image1133,/root/autodl-tmp/datasets/sources/construction-ppe_ultralytics_2025_v1/images/test/image1133.jpg,/root/autodl-tmp/datasets/sources/construction-ppe_ultralytics_2025_v1/labels/test/image1133.txt,True,,683,1024,RGB,060258f5709aa420d2997e52dd74e39d10c0b7e557fec102c265189122cc5470,187c4ece96d6d686,5,0,"5,6,7,8,9",2238.6867913391998
test,image1139,/root/autodl-tmp/datasets/sources/construction-ppe_ultralytics_2025_v1/images/test/image1139.jpg,/root/autodl-tmp/datasets/sources/construction-ppe_ultralytics_2025_v1/labels/test/image1139.txt,True,,682,1024,RGB,37c3d6d3e7fc3eca2315f1734efc5eef32142a1ed9644515f35b6c8fbe45c94b,e6cecc4e166ad95d,6,0,"5,6,7,8,9",3306.6950410823997
test,image1145,/root/autodl-tmp/datasets/sources/construction-ppe_ultralytics_2025_v1/images/test/image1145.jpg,/root/autodl-tmp/datasets/sources/construction-ppe_ultralytics_2025_v1/labels/test/image1145.txt,True,,1024,683,RGB,9d0817c5664de792b7597489828da731fbeff4efeaf800c99a31529dfeca4b98,c180e0b0a6bc90da,37,0,"3,5,6,7,9,10",183.15057094880004
test,image1152,/root/autodl-tmp/datasets/sources/construction-ppe_ultralytics_2025_v1/images/test/image1152.jpg,/root/autodl-tmp/datasets/sources/construction-ppe_ultralytics_2025_v1/labels/test/image1152.txt,True,,1024,768,RGB,47dbd51995e1a4e015772599c2e8621fb7ac16ba27671cfc2ca4d16b0841d0be,9c7251199fdb662e,6,0,"5,6,7,8,9",1977.1548672000001
test,image116,/root/autodl-tmp/datasets/sources/construction-ppe_ultralytics_2025_v1/images/test/image116.jpg,/root/autodl-tmp/datasets/sources/construction-ppe_ultralytics_2025_v1/labels/test/image116.txt,True,,640,640,RGB,4c51d70924d06f97109d2f18dca18b5bf671b44b2e7657929e86960ea0ad90a7,868eb6b6f2caace4,18,0,"0,1,2,6",1015.0494048255999
test,image1178,/root/autodl-tmp/datasets/sources/construction-ppe_ultralytics_2025_v1/images/test/image1178.jpg,/root/autodl-tmp/datasets/sources/construction-ppe_ultralytics_2025_v1/labels/test/image1178.txt,True,,681,1024,RGB,3bc28965fa683bc4690d79b31d3622da7cf658096b40df6a8565ab55aca7a077,100d8e8e8e16d40f,8,0,"5,6,7,8,9,10",1016.0270669555999
test,image1205,/root/autodl-tmp/datasets/sources/construction-ppe_ultralytics_2025_v1/images/test/image1205.jpg,/root/autodl-tmp/datasets/sources/construction-ppe_ultralytics_2025_v1/labels/test/image1205.txt,True,,1024,680,RGB,2575f828d948ccea69838fa7b0b7c9411e1f14cace4a93b6f3b4243b6190fc7c,32adeced88d9fbc6,11,0,"5,6,7,8,9",1902.2895046080002
test,image122,/root/autodl-tmp/datasets/sources/construction-ppe_ultralytics_2025_v1/images/test/image122.jpeg,/root/autodl-tmp/datasets/sources/construction-ppe_ultralytics_2025_v1/labels/test/image122.txt,True,,640,640,RGB,b26f6bfa9fa36605c1dd87a6a637e31e5af3abd91e6ceff99b7ca1f0805a0f8a,cccce4e0d898f0f0,4,0,"0,2,4,6",5090.8479320064
test,image1229,/root/autodl-tmp/datasets/sources/construction-ppe_ultralytics_2025_v1/images/test/image1229.jpg,/root/autodl-tmp/datasets/sources/construction-ppe_ultralytics_2025_v1/labels/test/image1229.txt,True,,768,1024,RGB,961267191ce57b3075124016aaea9158b26ae2364a78a7bed725695f5b1f739f,380810184b4b0d74,7,0,"5,6,7,8,9,10",2252.2134918144
test,image1231,/root/autodl-tmp/datasets/sources/construction-ppe_ultralytics_2025_v1/images/test/image1231.jpg,/root/autodl-tmp/datasets/sources/construction-ppe_ultralytics_2025_v1/labels/test/image1231.txt,True,,1024,749,RGB,df1126344001803e77ccceacfd6fa13ce06454b01803e71aa63a10790fda0bbc,6664696264a8b161,11,0,"5,6,7,8,9",3087.5272774975992
test,image1235,/root/autodl-tmp/datasets/sources/construction-ppe_ultralytics_2025_v1/images/test/image1235.jpg,/root/autodl-tmp/datasets/sources/construction-ppe_ultralytics_2025_v1/labels/test/image1235.txt,True,,755,1024,RGB,f5b127f1c78c8be9b116ad7446edaeb7d7cc8e39150dc27252c698f3fcb377e8,8e381858c0545580,15,0,"3,5,6,7,8,9,10",1884.377130042
test,image1239,/root/autodl-tmp/datasets/sources/construction-ppe_ultralytics_2025_v1/images/test/image1239.jpg,/root/autodl-tmp/datasets/sources/construction-ppe_ultralytics_2025_v1/labels/test/image1239.txt,True,,1024,683,RGB,fccc8b72fa6dab487cf92349fbcf36154690f0abbba61c4981496714fb318a41,e0c36327f6b6d2c0,21,0,"5,6,7,9,10",432.67166635120003
test,image1252,/root/autodl-tmp/datasets/sources/construction-ppe_ultralytics_2025_v1/images/test/image1252.jpg,/root/autodl-tmp/datasets/sources/construction-ppe_ultralytics_2025_v1/labels/test/image1252.txt,True,,1024,765,RGB,f047d86f95a0cfd403261fab3e404ded260eb44fd7743db23ea9f9071816ae57,3c300834114a460d,5,0,"5,6,7,8,9",7575.408304434
test,image1256,/root/autodl-tmp/datasets/sources/construction-ppe_ultralytics_2025_v1/images/test/image1256.jpg,/root/autodl-tmp/datasets/sources/construction-ppe_ultralytics_2025_v1/labels/test/image1256.txt,True,,768,1024,RGB,f8a3ef82ced85b2d2871ee9bb61091aaa953479b16e8cd6c0a7e2b017b275c6f,7976d2d2512d2d6d,22,0,"3,4,5,6,7,8,9",1143.3881862143999
test,image1264,/root/autodl-tmp/datasets/sources/construction-ppe_ultralytics_2025_v1/images/test/image1264.jpg,/root/autodl-tmp/datasets/sources/construction-ppe_ultralytics_2025_v1/labels/test/image1264.txt,True,,1024,962,RGB,0032ffc707c407bda80b804124b1f4e782320da56e4c8e2e81b1c477abf9f244,941b333b3b3e3830,32,0,"3,5,6,7,8,9,10",697.5957760928
test,image1270,/root/autodl-tmp/datasets/sources/construction-ppe_ultralytics_2025_v1/images/test/image1270.jpg,/root/autodl-tmp/datasets/sources/construction-ppe_ultralytics_2025_v1/labels/test/image1270.txt,True,,1024,1024,RGB,aa31be89e67425278e467066c0098a5e116d06efdb5cd02aec87103172fdbf58,a4ce062c0f07069e,14,0,"4,5,6,7,8,9",640.64
test,image1276,/root/autodl-tmp/datasets/sources/construction-ppe_ultralytics_2025_v1/images/test/image1276.jpg,/root/autodl-tmp/datasets/sources/construction-ppe_ultralytics_2025_v1/labels/test/image1276.txt,True,,685,1024,RGB,56ea183ba10900f34a9d63bee84ef590096b09a2b914bb841337f700e0856d31,9ed6c467694986c0,6,0,"5,6,7,8,9",3577.014516096
test,image1292,/root/autodl-tmp/datasets/sources/construction-ppe_ultralytics_2025_v1/images/test/image1292.jpg,/root/autodl-tmp/datasets/sources/construction-ppe_ultralytics_2025_v1/labels/test/image1292.txt,True,,768,960,RGB,c5254b380ad09b4264ab73a5b04d36732fd30a59a992c7aa182401bcc8c062cb,cccc9c9ecececeec,6,0,"3,5,6,7,8,9",975.1492608
test,image1293,/root/autodl-tmp/datasets/sources/construction-ppe_ultralytics_2025_v1/images/test/image1293.jpg,/root/autodl-tmp/datasets/sources/construction-ppe_ultralytics_2025_v1/labels/test/image1293.txt,True,,1024,683,RGB,1f77c61e13720d60903df26b7a85d8c3a0d7aac020ebb0796eae359ea5b7d58a,fff33b395cfe6c6c,5,0,"5,6,7,8,9",3806.2756062464005
test,image1306,/root/autodl-tmp/datasets/sources/construction-ppe_ultralytics_2025_v1/images/test/image1306.jpg,/root/autodl-tmp/datasets/sources/construction-ppe_ultralytics_2025_v1/labels/test/image1306.txt,True,,768,1024,RGB,c721d70e91cb39cc23addd34bf59df64a27df9b20d7cd58eae12fe884b568832,fffef3c34d2f9b00,9,0,"5,6,7,8,9",1714.4250719232
test,image1330,/root/autodl-tmp/datasets/sources/construction-ppe_ultralytics_2025_v1/images/test/image1330.jpg,/root/autodl-tmp/datasets/sources/construction-ppe_ultralytics_2025_v1/labels/test/image1330.txt,True,,1024,1024,RGB,3e396ea9d7f889ff0067fcf3b63dd6530d1812563ca20704558d6ff5a342747e,ccb2b23168f0b832,6,0,"5,6,7,8,9",3807.1891992576
test,image1331,/root/autodl-tmp/datasets/sources/construction-ppe_ultralytics_2025_v1/images/test/image1331.jpg,/root/autodl-tmp/datasets/sources/construction-ppe_ultralytics_2025_v1/labels/test/image1331.txt,True,,1024,685,RGB,a7731ba2d930e24b9c07ee2507ed89c5804bf6952c4faf077ed47d2a6a62ebf0,2830b2b262e89081,5,0,"5,6,7,8,9",2120.8128477500004
test,image1332,/root/autodl-tmp/datasets/sources/construction-ppe_ultralytics_2025_v1/images/test/image1332.jpg,/root/autodl-tmp/datasets/sources/construction-ppe_ultralytics_2025_v1/labels/test/image1332.txt,True,,680,1024,RGB,14bbccfc5d146b3f6ee06c644852adaa0eae0e354708a97bf775effcaca8843c,f31f47330f170f36,6,0,"5,6,7,8,9",2237.034047088
test,image1344,/root/autodl-tmp/datasets/sources/construction-ppe_ultralytics_2025_v1/images/test/image1344.jpg,/root/autodl-tmp/datasets/sources/construction-ppe_ultralytics_2025_v1/labels/test/image1344.txt,True,,768,1024,RGB,671c488acdff1e89af2873edaba15c02d299a012cbddbe3a43a839eabef44139,9b0c8713293d2707,4,0,"5,6,7,8",2894.6422536191994
test,image1354,/root/autodl-tmp/datasets/sources/construction-ppe_ultralytics_2025_v1/images/test/image1354.jpg,/root/autodl-tmp/datasets/sources/construction-ppe_ultralytics_2025_v1/labels/test/image1354.txt,True,,1024,681,RGB,747dfa68bd8dc81d91fb76a0b38711d85cce47871f12b5fb8b8cc7b8f9ba192e,6249dddcd4ddcc93,13,0,"0,1,2,5,6,8",1034.8433671764
test,image140,/root/autodl-tmp/datasets/sources/construction-ppe_ultralytics_2025_v1/images/test/image140.jpg,/root/autodl-tmp/datasets/sources/construction-ppe_ultralytics_2025_v1/labels/test/image140.txt,True,,640,640,RGB,4b1cb3bd2ae77ebaa914039eb0a8722535954247f18cabe2aa3303851112b0d2,300030b2b2300030,6,0,"0,2,6",996.6459912192
test,image1406,/root/autodl-tmp/datasets/sources/construction-ppe_ultralytics_2025_v1/images/test/image1406.jpg,/root/autodl-tmp/datasets/sources/construction-ppe_ultralytics_2025_v1/labels/test/image1406.txt,True,,612,425,RGB,722fe3b3eec76a2cae402895d44a96c0d4758c4735942e0c27cc95fc271ef8d8,4e3626e2e2f0f266,5,0,"5,6,8,9",2575.6230510933337
test,image149,/root/autodl-tmp/datasets/sources/construction-ppe_ultralytics_2025_v1/images/test/image149.jpg,/root/autodl-tmp/datasets/sources/construction-ppe_ultralytics_2025_v1/labels/test/image149.txt,True,,640,640,RGB,a805f719d008fa6baf35f8229e1ad35c77d431b996149ba63330651a4fa37aef,fccceed0d49496d6,15,0,"0,2,3,6",827.8200320000001
test,image150,/root/autodl-tmp/datasets/sources/construction-ppe_ultralytics_2025_v1/images/test/image150.jpg,/root/autodl-tmp/datasets/sources/construction-ppe_ultralytics_2025_v1/labels/test/image150.txt,True,,640,640,RGB,f3e512ff521ceeceb27fd43816e35b9c49f736835e7b7a66f9e37769ab523c47,00fcd683b3f65200,8,0,"0,1,2,6",3391.3130495999994
test,image160,/root/autodl-tmp/datasets/sources/construction-ppe_ultralytics_2025_v1/images/test/image160.jpg,/root/autodl-tmp/datasets/sources/construction-ppe_ultralytics_2025_v1/labels/test/image160.txt,True,,640,640,RGB,08c5a64df7439897ae585bc16676de65d586143280883c990b19d851bea66bf4,01031312928b0e0e,5,0,"0,1,2,6",2362.6304159744
test,image161,/root/autodl-tmp/datasets/sources/construction-ppe_ultralytics_2025_v1/images/test/image161.jpg,/root/autodl-tmp/datasets/sources/construction-ppe_ultralytics_2025_v1/labels/test/image161.txt,True,,640,640,RGB,94ef6560070c057240bd39565a53c4acbe11946ad85d01b7843f80862276b461,cdcf8c1733393d8b,4,0,"0,2,4,6",18115.2805183488
test,image167,/root/autodl-tmp/datasets/sources/construction-ppe_ultralytics_2025_v1/images/test/image167.jpg,/root/autodl-tmp/datasets/sources/construction-ppe_ultralytics_2025_v1/labels/test/image167.txt,True,,640,640,RGB,6be703e91675f34ecf6a0620010773b972430fcdf23c0d8ffbbce6b53da3efc9,a2b23a7262645492,21,0,"0,2,3,4,6",1410.5665568768
test,image168,/root/autodl-tmp/datasets/sources/construction-ppe_ultralytics_2025_v1/images/test/image168.jpg,/root/autodl-tmp/datasets/sources/construction-ppe_ultralytics_2025_v1/labels/test/image168.txt,True,,640,640,RGB,35e830fec2c16d7fb1c81c9edcc6ca886c70dab9639f242d3b1fe0b46064d769,0e4c8f9b9b9f8f93,3,0,"0,2,6",12862.7716096
test,image169,/root/autodl-tmp/datasets/sources/construction-ppe_ultralytics_2025_v1/images/test/image169.jpg,/root/autodl-tmp/datasets/sources/construction-ppe_ultralytics_2025_v1/labels/test/image169.txt,True,,640,640,RGB,9d87ea34191722dfe5760d9ebdeea0c6bd6dc931813aef0ce0507a15082dae85,e6f93beec6733bdb,4,0,"0,1,2,6",54026.872934399995
test,image180,/root/autodl-tmp/datasets/sources/construction-ppe_ultralytics_2025_v1/images/test/image180.jpg,/root/autodl-tmp/datasets/sources/construction-ppe_ultralytics_2025_v1/labels/test/image180.txt,True,,640,640,RGB,3ba0b07055376f71e0a3b15e2c1fd2e02ceadbc664d20313f178ebd73918057f,0e4e8e2b0b1f9e16,8,0,"0,1,2,4,6",20.8282959872
test,image182,/root/autodl-tmp/datasets/sources/construction-ppe_ultralytics_2025_v1/images/test/image182.jpg,/root/autodl-tmp/datasets/sources/construction-ppe_ultralytics_2025_v1/labels/test/image182.txt,True,,640,640,RGB,d2ae0fc65098c16b950c03c1b96eef5988520dc2e27b437a5b6f726c007310eb,2c5638cb4a6a4a40,42,0,"0,2,3,6",71.8189232128
test,image190,/root/autodl-tmp/datasets/sources/construction-ppe_ultralytics_2025_v1/images/test/image190.jpg,/root/autodl-tmp/datasets/sources/construction-ppe_ultralytics_2025_v1/labels/test/image190.txt,True,,640,640,RGB,21c717b3164c3b0efe9f31f9b8cecdc7a38fa7047e4d133bbde035ccd9a447e9,f4de6e679697d3c8,8,0,"0,2,3,5,6",3421.0131623936
test,image207,/root/autodl-tmp/datasets/sources/construction-ppe_ultralytics_2025_v1/images/test/image207.jpg,/root/autodl-tmp/datasets/sources/construction-ppe_ultralytics_2025_v1/labels/test/image207.txt,True,,640,640,RGB,79c93d7f1268ff9c73efdc4c9fb3206a40a6bcc5eae8e46d734d389b65683f07,e7643c4916c484ee,7,0,"0,1,2,3,6",1516.9247576064
test,image225,/root/autodl-tmp/datasets/sources/construction-ppe_ultralytics_2025_v1/images/test/image225.jpg,/root/autodl-tmp/datasets/sources/construction-ppe_ultralytics_2025_v1/labels/test/image225.txt,True,,640,640,RGB,7a2994e48f0567402b6b1941a9c3ca5f43e991914f49453e07caeaf0960f6797,50515a1c1a1818b8,5,0,"0,2,5,6",4304.649181593601
test,image231,/root/autodl-tmp/datasets/sources/construction-ppe_ultralytics_2025_v1/images/test/image231.jpg,/root/autodl-tmp/datasets/sources/construction-ppe_ultralytics_2025_v1/labels/test/image231.txt,True,,640,640,RGB,b0f3010eead0c97684e5c74ea7a25a802813fa643aee68d3c6679124bbe187bd,f292044ad0c362e0,4,0,"0,2,5,6",7761.220249599999
test,image241,/root/autodl-tmp/datasets/sources/construction-ppe_ultralytics_2025_v1/images/test/image241.jpg,/root/autodl-tmp/datasets/sources/construction-ppe_ultralytics_2025_v1/labels/test/image241.txt,True,,640,640,RGB,7ff8a9fe6423124551f96a2f8230aceace49d2198609a031169075ebea0ed722,585a3d9d1c9a9b1a,8,0,"0,1,2,3,4,6",1430.7148640256
test,image257,/root/autodl-tmp/datasets/sources/construction-ppe_ultralytics_2025_v1/images/test/image257.jpg,/root/autodl-tmp/datasets/sources/construction-ppe_ultralytics_2025_v1/labels/test/image257.txt,True,,640,640,RGB,84aba63c6f77747e84a12b250127eee7838e76aec251f5dde884c1b78960fbdf,cdee87840fc81ee2,8,0,"0,1,2,3,4,6",2515.9561215999997
test,image271,/root/autodl-tmp/datasets/sources/construction-ppe_ultralytics_2025_v1/images/test/image271.jpg,/root/autodl-tmp/datasets/sources/construction-ppe_ultralytics_2025_v1/labels/test/image271.txt,True,,640,640,RGB,6625588378f513b56fb2c561ae5b5deb596481311d289d575016c9a07e3d3176,f81e3f3746ceaba5,8,0,"0,1,2,3,4,6",8091.1912992768
test,image287,/root/autodl-tmp/datasets/sources/construction-ppe_ultralytics_2025_v1/images/test/image287.jpg,/root/autodl-tmp/datasets/sources/construction-ppe_ultralytics_2025_v1/labels/test/image287.txt,True,,640,640,RGB,28d04a3266f299f683e5877aed4b4460b97bac4a6445a8eff334d053d5ec3eef,a3a39397069a1eb6,3,0,"0,2,6",6485.8437615616
test,image296,/root/autodl-tmp/datasets/sources/construction-ppe_ultralytics_2025_v1/images/test/image296.jpg,/root/autodl-tmp/datasets/sources/construction-ppe_ultralytics_2025_v1/labels/test/image296.txt,True,,640,640,RGB,322b63f69a10a00e4b4592d106c83a61b758d43cebca40c90144f92ca7b258bd,9e03194e061525c6,8,0,"0,1,2,3,4,6",3062.9705216
test,image324,/root/autodl-tmp/datasets/sources/construction-ppe_ultralytics_2025_v1/images/test/image324.jpg,/root/autodl-tmp/datasets/sources/construction-ppe_ultralytics_2025_v1/labels/test/image324.txt,True,,640,640,RGB,1fa2528fa5a2be45290397ff1cc81e1b9292cd0f04254393aaf28c8ddc30e65a,3f4c6d4656966622,20,0,"0,1,2,6",1186.4845320191998
test,image345,/root/autodl-tmp/datasets/sources/construction-ppe_ultralytics_2025_v1/images/test/image345.jpg,/root/autodl-tmp/datasets/sources/construction-ppe_ultralytics_2025_v1/labels/test/image345.txt,True,,640,640,RGB,39dfef8b8a4c895ad7be63812e8807ca094cbcae442801f29800eb2e8a19fae7,f07191c782c3cec6,3,0,"0,2,6",15814.668732825596
test,image350,/root/autodl-tmp/datasets/sources/construction-ppe_ultralytics_2025_v1/images/test/image350.jpg,/root/autodl-tmp/datasets/sources/construction-ppe_ultralytics_2025_v1/labels/test/image350.txt,True,,640,640,RGB,c5c6f43a821cfc8984aa18e97bd1db79a42eb1f8f7b3fafbb676078cce054239,f8af1716cc8f2dee,8,0,"0,1,2,3,4,6",1899.8540623872
test,image361,/root/autodl-tmp/datasets/sources/construction-ppe_ultralytics_2025_v1/images/test/image361.jpg,/root/autodl-tmp/datasets/sources/construction-ppe_ultralytics_2025_v1/labels/test/image361.txt,True,,640,640,RGB,1bc33eff291c3a32c919b29cb3c4e45b6882bb30e0d63f13d83591af955a34a6,87b3373f991b9f8e,6,0,"1,3,4,6",1340.8630104063998
test,image381,/root/autodl-tmp/datasets/sources/construction-ppe_ultralytics_2025_v1/images/test/image381.jpg,/root/autodl-tmp/datasets/sources/construction-ppe_ultralytics_2025_v1/labels/test/image381.txt,True,,640,640,RGB,44104eaa459d34614c1bf107b4574089c0d6a063d1dbb893df2496059a2c22ec,e0920f0767e585c8,7,0,"0,1,2,3,4,6",3614.2929928191998
test,image389,/root/autodl-tmp/datasets/sources/construction-ppe_ultralytics_2025_v1/images/test/image389.jpg,/root/autodl-tmp/datasets/sources/construction-ppe_ultralytics_2025_v1/labels/test/image389.txt,True,,640,640,RGB,c14c88cd2309ecb17d24f55c7fe14bd90e66cd62966eed82ab44d866f1cca69c,8c0c54c4cd8c5e90,8,0,"0,1,2,3,4,6",1341.0437455871997
test,image393,/root/autodl-tmp/datasets/sources/construction-ppe_ultralytics_2025_v1/images/test/image393.jpg,/root/autodl-tmp/datasets/sources/construction-ppe_ultralytics_2025_v1/labels/test/image393.txt,True,,640,640,RGB,e31010f18d73bb947a30003a2bf18e20819013afb626bda06ecf252c114a2d54,c60c173707060bae,8,0,"0,1,2,3,4,6",4083.0600511488005
test,image40,/root/autodl-tmp/datasets/sources/construction-ppe_ultralytics_2025_v1/images/test/image40.jpg,/root/autodl-tmp/datasets/sources/construction-ppe_ultralytics_2025_v1/labels/test/image40.txt,True,,640,640,RGB,9829e94cd701d2de33d3f3817c72a4937ceccb0298d31e85a93ff164afb3f0fc,05031716920f0e1e,7,0,"0,1,2,3,6",896.4198408192
test,image401,/root/autodl-tmp/datasets/sources/construction-ppe_ultralytics_2025_v1/images/test/image401.jpg,/root/autodl-tmp/datasets/sources/construction-ppe_ultralytics_2025_v1/labels/test/image401.txt,True,,640,640,RGB,9bf120a9e1d18aaaa736151a896633607942e399d0e842c2b987dbedba3e65e0,30498b968e4e0edd,8,0,"0,1,2,3,4,6",2039.9257792512
test,image423,/root/autodl-tmp/datasets/sources/construction-ppe_ultralytics_2025_v1/images/test/image423.jpg,/root/autodl-tmp/datasets/sources/construction-ppe_ultralytics_2025_v1/labels/test/image423.txt,True,,640,640,RGB,a9f89253b5087733a87b7f242d8183c26f331cab59f7b94744d86876d54da327,f7a7820646650dce,8,0,"0,1,2,3,4,6",1296.8259616768
test,image431,/root/autodl-tmp/datasets/sources/construction-ppe_ultralytics_2025_v1/images/test/image431.jpg,/root/autodl-tmp/datasets/sources/construction-ppe_ultralytics_2025_v1/labels/test/image431.txt,True,,640,640,RGB,b489dcdab81b5c9753b233a2a16243cc4a906446cee46ada7d2fd88ea2ed143e,908657d746e7a784,8,0,"0,1,2,3,4,6",3096.1267183616
test,image441,/root/autodl-tmp/datasets/sources/construction-ppe_ultralytics_2025_v1/images/test/image441.jpg,/root/autodl-tmp/datasets/sources/construction-ppe_ultralytics_2025_v1/labels/test/image441.txt,True,,640,640,RGB,cadb00858d36ca39dd0d70081768cc25b5fb82d75315d26ca5d89889ea4fa91e,182737474e0e4bd9,8,0,"0,1,2,3,4,6",3075.7568512
test,image444,/root/autodl-tmp/datasets/sources/construction-ppe_ultralytics_2025_v1/images/test/image444.jpg,/root/autodl-tmp/datasets/sources/construction-ppe_ultralytics_2025_v1/labels/test/image444.txt,True,,640,640,RGB,21db04b8dbc87a9987f72a45d2320427363207a5544eaf6a20dcd599cb0be3e4,4f17b78d4d9e9b19,8,0,"0,1,2,3,4,6",1340.8630104063998
test,image450,/root/autodl-tmp/datasets/sources/construction-ppe_ultralytics_2025_v1/images/test/image450.jpg,/root/autodl-tmp/datasets/sources/construction-ppe_ultralytics_2025_v1/labels/test/image450.txt,True,,640,640,RGB,ce1f9ecdbe95834edb4ec2f960413d1b13643421a817286b2291f3b03becca6b,708c90d0c8f47609,8,0,"0,6",3534.0797952
test,image459,/root/autodl-tmp/datasets/sources/construction-ppe_ultralytics_2025_v1/images/test/image459.jpg,/root/autodl-tmp/datasets/sources/construction-ppe_ultralytics_2025_v1/labels/test/image459.txt,True,,640,640,RGB,7e4557a2239a15d72a85233b5bbd4bdc0cb79e2ac70ba5c327acba2882d1956e,a0834b939616343c,7,0,"0,2,3,5,6",1460.6956191744002
test,image460,/root/autodl-tmp/datasets/sources/construction-ppe_ultralytics_2025_v1/images/test/image460.jpg,/root/autodl-tmp/datasets/sources/construction-ppe_ultralytics_2025_v1/labels/test/image460.txt,True,,640,640,RGB,7b277480250befa84404541bc82447dc18ad7b811b5266e3b8473b11e0c354b3,88cc4d4ca61850d8,5,0,"0,1,2,6",6854.4646655999995
test,image462,/root/autodl-tmp/datasets/sources/construction-ppe_ultralytics_2025_v1/images/test/image462.jpg,/root/autodl-tmp/datasets/sources/construction-ppe_ultralytics_2025_v1/labels/test/image462.txt,True,,640,640,RGB,ad5523e79058bc801d502aba6fe4f84b1a0278fade165af45f5fa92968c35918,90e76cce7e30349e,24,0,"0,1,2,3,4,6",213.27329279999998
test,image470,/root/autodl-tmp/datasets/sources/construction-ppe_ultralytics_2025_v1/images/test/image470.jpeg,/root/autodl-tmp/datasets/sources/construction-ppe_ultralytics_2025_v1/labels/test/image470.txt,True,,640,640,RGB,a7448ecea20d5f5b28105290d5a30d5918d5ed83bd6cee295dc0bd45b4461069,00d6d63324323000,4,0,"1,2,6",1478.2488911872001
test,image481,/root/autodl-tmp/datasets/sources/construction-ppe_ultralytics_2025_v1/images/test/image481.jpg,/root/autodl-tmp/datasets/sources/construction-ppe_ultralytics_2025_v1/labels/test/image481.txt,True,,640,640,RGB,d47aed162c364dc636806cfde47e75bc4613a912b9eeb26c413e7476dc029e6d,8b03577e744acbb5,12,0,"0,2,3,6",1059.3133551616002
test,image484,/root/autodl-tmp/datasets/sources/construction-ppe_ultralytics_2025_v1/images/test/image484.jpg,/root/autodl-tmp/datasets/sources/construction-ppe_ultralytics_2025_v1/labels/test/image484.txt,True,,640,640,RGB,1a52958284efc66705ede0e98d9ae1ece0cd9e1f3bc457784204c7865367f965,f075a5c7a6e626c6,5,0,"0,2,5,6",4581.7157287936
test,image502,/root/autodl-tmp/datasets/sources/construction-ppe_ultralytics_2025_v1/images/test/image502.jpg,/root/autodl-tmp/datasets/sources/construction-ppe_ultralytics_2025_v1/labels/test/image502.txt,True,,640,640,RGB,13f7505d5e5cdeb66f787ca0147ec77b267a69bdf8113fc441d4dc4e99e902d8,4dc6468d0ece9bf9,7,0,"0,1,2,3,4",2040.8530087936
test,image517,/root/autodl-tmp/datasets/sources/construction-ppe_ultralytics_2025_v1/images/test/image517.jpg,/root/autodl-tmp/datasets/sources/construction-ppe_ultralytics_2025_v1/labels/test/image517.txt,True,,640,640,RGB,c6f92164cdcd763fceffc955cdb533e46704cb987c99d582ade3048a4791d948,484d2687e6e6a687,8,0,"0,1,2,3,4,6",1440.0303104
test,image533,/root/autodl-tmp/datasets/sources/construction-ppe_ultralytics_2025_v1/images/test/image533.jpg,/root/autodl-tmp/datasets/sources/construction-ppe_ultralytics_2025_v1/labels/test/image533.txt,True,,640,640,RGB,36f5688768be47d4d3b5cde38ef564424f3bf0f9e5dbdce74cef5be1d93c0188,c07d2bd3f49cd6fe,14,0,"0,2,3,5,6",1128.4811071488
test,image535,/root/autodl-tmp/datasets/sources/construction-ppe_ultralytics_2025_v1/images/test/image535.jpg,/root/autodl-tmp/datasets/sources/construction-ppe_ultralytics_2025_v1/labels/test/image535.txt,True,,640,640,RGB,ca90910b42c9e8d6b1cde9f64a26e3b47a610589706e8ae8b40eb9f4081117d4,dc8c26078d4a9aaa,4,0,"0,2,6",29305.9339288576
test,image536,/root/autodl-tmp/datasets/sources/construction-ppe_ultralytics_2025_v1/images/test/image536.jpg,/root/autodl-tmp/datasets/sources/construction-ppe_ultralytics_2025_v1/labels/test/image536.txt,True,,640,640,RGB,fdb475c889db3fb651b8a79222c1ed7d54575b5189109476b3b41e0dd12fbbb7,9c77e6d2d36a62f6,29,0,"0,2,3,6",1907.3980735487999
test,image537,/root/autodl-tmp/datasets/sources/construction-ppe_ultralytics_2025_v1/images/test/image537.jpg,/root/autodl-tmp/datasets/sources/construction-ppe_ultralytics_2025_v1/labels/test/image537.txt,True,,640,640,RGB,6a6d47d0c44b00b16dde3e7e763574d69aa42f255767886012b810e70c3220d6,fafeef79edcb74f0,20,0,"0,2,3,6",2966.9964808192003
test,image538,/root/autodl-tmp/datasets/sources/construction-ppe_ultralytics_2025_v1/images/test/image538.jpg,/root/autodl-tmp/datasets/sources/construction-ppe_ultralytics_2025_v1/labels/test/image538.txt,True,,640,640,RGB,af04552d1aeb177c85188df628c7d751ffbd35358e9f8b8e9418cf1d74124e39,d0de4ec135775d9a,8,0,"0,2",5230.5133568
test,image541,/root/autodl-tmp/datasets/sources/construction-ppe_ultralytics_2025_v1/images/test/image541.jpg,/root/autodl-tmp/datasets/sources/construction-ppe_ultralytics_2025_v1/labels/test/image541.txt,True,,640,640,RGB,cbb5d98b6d11aafcd5ed6d1b5044ae597b5f2ca02fea1fa06c76ef50a5785565,ac6a776519b66466,6,0,"0,2,6",14150.2030319616
test,image548,/root/autodl-tmp/datasets/sources/construction-ppe_ultralytics_2025_v1/images/test/image548.jpg,/root/autodl-tmp/datasets/sources/construction-ppe_ultralytics_2025_v1/labels/test/image548.txt,True,,640,640,RGB,c021147be3bac51ab4b170af7340551e96bbd4ad4f6f7d278a7d515c29ffb5b4,6d9a9686b098906e,9,0,"0,2,6",8462.771504742399
test,image550,/root/autodl-tmp/datasets/sources/construction-ppe_ultralytics_2025_v1/images/test/image550.jpg,/root/autodl-tmp/datasets/sources/construction-ppe_ultralytics_2025_v1/labels/test/image550.txt,True,,640,640,RGB,173f1aec66c2bc1d4e39daead89235d60ac4f413445bb9a71929d8987050a53f,ee0cce0f238f8bc3,3,0,"0,2,6",21411.886011187198
test,image58,/root/autodl-tmp/datasets/sources/construction-ppe_ultralytics_2025_v1/images/test/image58.jpeg,/root/autodl-tmp/datasets/sources/construction-ppe_ultralytics_2025_v1/labels/test/image58.txt,True,,640,640,RGB,a0abc2f161d8e19dae318a33f67ed34e39d23623b7d3119539fe74b55aec54e5,c4dcccf0f8c4c0d0,2,0,"0,6",1220.8105488384
test,image585,/root/autodl-tmp/datasets/sources/construction-ppe_ultralytics_2025_v1/images/test/image585.jpg,/root/autodl-tmp/datasets/sources/construction-ppe_ultralytics_2025_v1/labels/test/image585.txt,True,,640,640,RGB,f8c441fa6736775e14ed25ec528c11af3b5a3df3596f4a16631ebcbb482b1c68,f0c617178c989a4a,8,0,"0,1,2,3,4,6",2232.0973824
test,image6,/root/autodl-tmp/datasets/sources/construction-ppe_ultralytics_2025_v1/images/test/image6.jpeg,/root/autodl-tmp/datasets/sources/construction-ppe_ultralytics_2025_v1/labels/test/image6.txt,True,,640,640,RGB,52e331bb290b8638a258bee3848e74365fa76c97d79142fb926a119ac75dd518,c4c4c4c4cccccccc,6,0,"0,2,6",901.5474175999999
test,image611,/root/autodl-tmp/datasets/sources/construction-ppe_ultralytics_2025_v1/images/test/image611.jpg,/root/autodl-tmp/datasets/sources/construction-ppe_ultralytics_2025_v1/labels/test/image611.txt,True,,640,640,RGB,49810a97d9f6852a15d65a7a555fa35ed246e2c829bb6931b7e6cc51754e27c6,c8cb2530e8f89cc7,27,0,"0,1,2,3,6",728.1680375808
test,image612,/root/autodl-tmp/datasets/sources/construction-ppe_ultralytics_2025_v1/images/test/image612.jpg,/root/autodl-tmp/datasets/sources/construction-ppe_ultralytics_2025_v1/labels/test/image612.txt,True,,640,640,RGB,cb5db1a408015bf3f2ed0fcf7a363442150ffdf8aa5367b906578ed151ca7bd8,607b9f8cd0534b66,21,0,"0,2,3,6",2771.4405199872
test,image616,/root/autodl-tmp/datasets/sources/construction-ppe_ultralytics_2025_v1/images/test/image616.jpg,/root/autodl-tmp/datasets/sources/construction-ppe_ultralytics_2025_v1/labels/test/image616.txt,True,,640,640,RGB,6a811bbb0f92163ad3d906f194defbb87ba026074a14b2382cb6f02d85c025a4,edd276a692946979,9,0,"0,1,2,4,6",1498.0860592128001
test,image619,/root/autodl-tmp/datasets/sources/construction-ppe_ultralytics_2025_v1/images/test/image619.jpeg,/root/autodl-tmp/datasets/sources/construction-ppe_ultralytics_2025_v1/labels/test/image619.txt,True,,640,640,RGB,b3b6ae4999cbf5ca17fec984caddc4746b28197aa4f2cb11f087769ce55c7dfc,00e9cdadedfc3b00,10,0,"0,2,3,6",1248.4999872512
test,image63,/root/autodl-tmp/datasets/sources/construction-ppe_ultralytics_2025_v1/images/test/image63.jpg,/root/autodl-tmp/datasets/sources/construction-ppe_ultralytics_2025_v1/labels/test/image63.txt,True,,640,640,RGB,e6bb72c4ff48849c6394d618f7c52d8f448eae999016ac93b2788eaf021b5952,05031312920f0e0e,5,0,"0,1,2,6",1404.5751287808
test,image633,/root/autodl-tmp/datasets/sources/construction-ppe_ultralytics_2025_v1/images/test/image633.jpg,/root/autodl-tmp/datasets/sources/construction-ppe_ultralytics_2025_v1/labels/test/image633.txt,True,,640,640,RGB,a34105b62fd6d4e7dc022909742ecf59b852f0c5d76243e8605a0ed1a9601ac8,19b8ec6ecd4f71b2,4,0,"0,2,6",1651.1146496000001
test,image694,/root/autodl-tmp/datasets/sources/construction-ppe_ultralytics_2025_v1/images/test/image694.jpeg,/root/autodl-tmp/datasets/sources/construction-ppe_ultralytics_2025_v1/labels/test/image694.txt,True,,640,640,RGB,2e3d6ef3d607e57be2b67dc4cae4483cc9b17f346ff6e0b9617c0e85f359f73f,24b86624662e27d3,3,0,"0,2,6",20449.259318476797
test,image696,/root/autodl-tmp/datasets/sources/construction-ppe_ultralytics_2025_v1/images/test/image696.jpg,/root/autodl-tmp/datasets/sources/construction-ppe_ultralytics_2025_v1/labels/test/image696.txt,True,,640,640,RGB,9975dcef1740385700230e05915d2b8f4a09a92f6ed7576188ab55f48ae25896,c52979736f676769,5,0,"0,2,5,6",4775.7542367232
test,image70,/root/autodl-tmp/datasets/sources/construction-ppe_ultralytics_2025_v1/images/test/image70.jpeg,/root/autodl-tmp/datasets/sources/construction-ppe_ultralytics_2025_v1/labels/test/image70.txt,True,,640,640,RGB,c91669fa0f30767b1c5ed32b5b1c8a86b4adab946c2d34d8a4abb56fd5954653,00c293fbed8d5900,5,0,"0,1,2,6",2011.8656352255998
test,image700,/root/autodl-tmp/datasets/sources/construction-ppe_ultralytics_2025_v1/images/test/image700.jpeg,/root/autodl-tmp/datasets/sources/construction-ppe_ultralytics_2025_v1/labels/test/image700.txt,True,,640,640,RGB,76f9953df2ef273bbf1f3e028fee10356ffd1347ed939c9a115c9ead9ae59624,b05dcece1e199b53,3,0,"0,2,6",79668.29629521919
test,image708,/root/autodl-tmp/datasets/sources/construction-ppe_ultralytics_2025_v1/images/test/image708.jpg,/root/autodl-tmp/datasets/sources/construction-ppe_ultralytics_2025_v1/labels/test/image708.txt,True,,640,640,RGB,169e2eca47acc9fcfa05815d738a1ccd3e0317dd346897c98c933216df68236a,838e2e295ada4948,6,0,"1,2,3,6",2080.9822199808
test,image714,/root/autodl-tmp/datasets/sources/construction-ppe_ultralytics_2025_v1/images/test/image714.jpeg,/root/autodl-tmp/datasets/sources/construction-ppe_ultralytics_2025_v1/labels/test/image714.txt,True,,640,640,RGB,0abe1730be3da9a15120631ee41a8c3ed7fe66584af691df4d0c30080cc96932,00b4ee4eb6a01800,1,0,2,99261.54352558081
test,image718,/root/autodl-tmp/datasets/sources/construction-ppe_ultralytics_2025_v1/images/test/image718.jpg,/root/autodl-tmp/datasets/sources/construction-ppe_ultralytics_2025_v1/labels/test/image718.txt,True,,640,640,RGB,96d8172e6ca17af35cbbdca134ab4376beee74c5479ddaa0d46e31221d94a3f7,00a89699d1c28800,3,0,"0,2,6",14955.525084774397
test,image722,/root/autodl-tmp/datasets/sources/construction-ppe_ultralytics_2025_v1/images/test/image722.jpeg,/root/autodl-tmp/datasets/sources/construction-ppe_ultralytics_2025_v1/labels/test/image722.txt,True,,640,640,RGB,501bebc45d38235c54241c27eea03874b6d7373084f430643348848f7a0da1db,00f1e1b0e0603f00,5,0,"0,1,6",2705.1353088
test,image739,/root/autodl-tmp/datasets/sources/construction-ppe_ultralytics_2025_v1/images/test/image739.jpeg,/root/autodl-tmp/datasets/sources/construction-ppe_ultralytics_2025_v1/labels/test/image739.txt,True,,640,640,RGB,6d0c6623d2dc44dbf6373dc244088e8bdeac25728483215cf99c7f729820dcd3,ccdcdcdcdcc4d4d4,5,0,"0,1,2,6",736.7620288512
test,image758,/root/autodl-tmp/datasets/sources/construction-ppe_ultralytics_2025_v1/images/test/image758.jpg,/root/autodl-tmp/datasets/sources/construction-ppe_ultralytics_2025_v1/labels/test/image758.txt,True,,640,640,RGB,eab66da6fff3e8a48979c8c827a8408ef354d4309bcdba41b5fa8387b7fdab38,2d4d2b39d9cf0e67,4,0,"0,1,2,6",5517.648180838401
test,image772,/root/autodl-tmp/datasets/sources/construction-ppe_ultralytics_2025_v1/images/test/image772.jpg,/root/autodl-tmp/datasets/sources/construction-ppe_ultralytics_2025_v1/labels/test/image772.txt,True,,640,640,RGB,7a47f39152c664d2c76746494a291b853f6a20ef33ec73b12eb7f394a0bd92dc,d4ecee32314d4d0f,13,0,"0,1,2,3,6",2913.4560239616003
test,image779,/root/autodl-tmp/datasets/sources/construction-ppe_ultralytics_2025_v1/images/test/image779.jpg,/root/autodl-tmp/datasets/sources/construction-ppe_ultralytics_2025_v1/labels/test/image779.txt,True,,640,640,RGB,16354557e49aba8bb870c0ffa9f293ea836f08c2282b30d5444bab32b0e19f61,eae2e4e2e4e4e4e5,13,0,"0,1,2,3,6",754.2449143808001
test,image787,/root/autodl-tmp/datasets/sources/construction-ppe_ultralytics_2025_v1/images/test/image787.jpg,/root/autodl-tmp/datasets/sources/construction-ppe_ultralytics_2025_v1/labels/test/image787.txt,True,,640,640,RGB,65d6d42c613fe2c5a1968ff30f7f3eee0a92045f2874b3e1f7097aa124203f08,320ecc34054c0c20,5,0,"0,1,2,3,6",3913.3440000000005
test,image796,/root/autodl-tmp/datasets/sources/construction-ppe_ultralytics_2025_v1/images/test/image796.jpg,/root/autodl-tmp/datasets/sources/construction-ppe_ultralytics_2025_v1/labels/test/image796.txt,True,,640,640,RGB,fa6f4ed75a4c4576d059821cf6950c70365685fab924a04d963b62c69ed49813,391a52a888a9a7a6,20,0,"0,2,5,6",1360.9219407872001
test,image805,/root/autodl-tmp/datasets/sources/construction-ppe_ultralytics_2025_v1/images/test/image805.jpg,/root/autodl-tmp/datasets/sources/construction-ppe_ultralytics_2025_v1/labels/test/image805.txt,True,,640,640,RGB,d515b45cbb1b9ea9f022fc31aad05421b538794e654b4829dc8a73f0e507d8fd,b2d3975edaeb8b8e,6,0,"0,1,2",1207.0150144000002
test,image810,/root/autodl-tmp/datasets/sources/construction-ppe_ultralytics_2025_v1/images/test/image810.jpg,/root/autodl-tmp/datasets/sources/construction-ppe_ultralytics_2025_v1/labels/test/image810.txt,True,,640,640,RGB,1112220834864b909cdf4916b51ad54d797869294a41e0cbf48e5d38c46f4977,f1143672e99d8434,4,0,"0,2,3",4619.976414412799
test,image825,/root/autodl-tmp/datasets/sources/construction-ppe_ultralytics_2025_v1/images/test/image825.jpg,/root/autodl-tmp/datasets/sources/construction-ppe_ultralytics_2025_v1/labels/test/image825.txt,True,,640,640,RGB,3593c84ffbf7249539aaaa1af46596f2b3a0b92657817a144a1864a99b0e6027,e7e266cfc6e7c632,2,0,"0,2",11606.0123639808
test,image834,/root/autodl-tmp/datasets/sources/construction-ppe_ultralytics_2025_v1/images/test/image834.jpg,/root/autodl-tmp/datasets/sources/construction-ppe_ultralytics_2025_v1/labels/test/image834.txt,True,,640,640,RGB,26929b3beed1c328ae6a38d874612575fd88f900649647696ac31e85f21d707b,e6c369e6d6e7e762,2,0,"0,2",7195.096063180799
test,image846,/root/autodl-tmp/datasets/sources/construction-ppe_ultralytics_2025_v1/images/test/image846.jpg,/root/autodl-tmp/datasets/sources/construction-ppe_ultralytics_2025_v1/labels/test/image846.txt,True,,640,640,RGB,37851e8ff9dea123e31fdee8a33c22ef8d7b2543963cfeb11d7a633ace007f25,f4664e4dc76b4795,2,0,"0,2",11454.9883392
test,image860,/root/autodl-tmp/datasets/sources/construction-ppe_ultralytics_2025_v1/images/test/image860.jpg,/root/autodl-tmp/datasets/sources/construction-ppe_ultralytics_2025_v1/labels/test/image860.txt,True,,640,640,RGB,27423bcd79c730e329d30310b92946598e3a6235bf5cdd23338e248d635c0f3c,cdad5bc4640626c6,8,0,"0,1,2,3,4,6",2223.4632720384
test,image884,/root/autodl-tmp/datasets/sources/construction-ppe_ultralytics_2025_v1/images/test/image884.jpg,/root/autodl-tmp/datasets/sources/construction-ppe_ultralytics_2025_v1/labels/test/image884.txt,True,,640,640,RGB,cd3a462328ab67c6915c75ce7a0bbaf8aa172dd2e92128fcd66f28b4ebe41e7b,86a682cea626c6e6,8,0,"0,1,2,3,4,6",2273.6678559743996
test,image905,/root/autodl-tmp/datasets/sources/construction-ppe_ultralytics_2025_v1/images/test/image905.jpg,/root/autodl-tmp/datasets/sources/construction-ppe_ultralytics_2025_v1/labels/test/image905.txt,True,,640,640,RGB,e302f5d16695fff9cfd89f0980ce7cc5c76e81de1b09116b10c5d417f0ffa843,7b25cbcee6e68626,8,0,"0,1,2,3,4,6",1500.2460159999998
test,image910,/root/autodl-tmp/datasets/sources/construction-ppe_ultralytics_2025_v1/images/test/image910.jpg,/root/autodl-tmp/datasets/sources/construction-ppe_ultralytics_2025_v1/labels/test/image910.txt,True,,640,640,RGB,77854ca2719c39927ec095ab13a78e87b928cc3afa3c6bb76500eeab12fb0b95,ce1f2d99980f49c9,8,0,"0,1,2,3,4,6",1012.9286135808001
test,image913,/root/autodl-tmp/datasets/sources/construction-ppe_ultralytics_2025_v1/images/test/image913.jpg,/root/autodl-tmp/datasets/sources/construction-ppe_ultralytics_2025_v1/labels/test/image913.txt,True,,640,640,RGB,d42c645672ea42b583f93bca3189f24a0fd8d3d2cd290f7cdf266ae8680cfe51,949cab9b982d2d4c,8,0,"0,1,2,3,4,6",1138.4572239872002
test,image921,/root/autodl-tmp/datasets/sources/construction-ppe_ultralytics_2025_v1/images/test/image921.jpg,/root/autodl-tmp/datasets/sources/construction-ppe_ultralytics_2025_v1/labels/test/image921.txt,True,,640,640,RGB,5e33b0471b604355d8e5f77e912c1229a25ea95dbb153eab31c3d910471e5115,ee6f4dcc4d95a464,8,0,"0,1,2,3,4,6",1235.1974936575998
test,image922,/root/autodl-tmp/datasets/sources/construction-ppe_ultralytics_2025_v1/images/test/image922.jpg,/root/autodl-tmp/datasets/sources/construction-ppe_ultralytics_2025_v1/labels/test/image922.txt,True,,640,640,RGB,3dca755f1adda124e6a2ee4d5c0231798b1c9a389f6a32ac8abfbeaeefd3fd72,ec67cecc4d95a464,8,0,"0,1,2,3,4,6",1001.9885568
test,image923,/root/autodl-tmp/datasets/sources/construction-ppe_ultralytics_2025_v1/images/test/image923.jpg,/root/autodl-tmp/datasets/sources/construction-ppe_ultralytics_2025_v1/labels/test/image923.txt,True,,640,640,RGB,4d1a74236ab978ffec14bb333c5ef6aad3fa806f4417bba1a76d14d519222ecb,f7752eeeee6c5a49,7,0,"0,1,2,3,6",259.741184
test,image927,/root/autodl-tmp/datasets/sources/construction-ppe_ultralytics_2025_v1/images/test/image927.jpg,/root/autodl-tmp/datasets/sources/construction-ppe_ultralytics_2025_v1/labels/test/image927.txt,True,,640,640,RGB,3c23def20387ad83cc3f410f89910755c7cea9af05f941053623e7d336292e47,f7ef4ccc8eccb49a,7,0,"0,1,2,3,6",585.3804384256
test,image934,/root/autodl-tmp/datasets/sources/construction-ppe_ultralytics_2025_v1/images/test/image934.jpg,/root/autodl-tmp/datasets/sources/construction-ppe_ultralytics_2025_v1/labels/test/image934.txt,True,,640,640,RGB,0d78ba7db328800407b17690037ab53a1a3b6995a0217c491dba0dcca11d094d,daa4c6cfa4644c24,8,0,"0,1,2,3,4,6",1463.5657215999997
test,image935,/root/autodl-tmp/datasets/sources/construction-ppe_ultralytics_2025_v1/images/test/image935.jpg,/root/autodl-tmp/datasets/sources/construction-ppe_ultralytics_2025_v1/labels/test/image935.txt,True,,640,640,RGB,623eb666a030520b56fe667d6c4c124a3e1e2b861ae5b253ed3ad5930a52c083,daa5cecfac6c4c24,8,0,"0,1,2,3,4,6",1500.2460159999998
test,image943,/root/autodl-tmp/datasets/sources/construction-ppe_ultralytics_2025_v1/images/test/image943.jpg,/root/autodl-tmp/datasets/sources/construction-ppe_ultralytics_2025_v1/labels/test/image943.txt,True,,640,640,RGB,9c3c59301618682d15a62d0bb44e5d81b6965787070df8be8c7725b9a31c1e1a,d3ec0e138f4d0e87,8,0,"0,1,2,3,4,6",2647.1164919807998
test,image956,/root/autodl-tmp/datasets/sources/construction-ppe_ultralytics_2025_v1/images/test/image956.jpg,/root/autodl-tmp/datasets/sources/construction-ppe_ultralytics_2025_v1/labels/test/image956.txt,True,,640,640,RGB,9774b409d85c182dd40b97662485178dbb6a2f0f2615ac602e6e0c5111e31698,f6e6d383a35626a6,8,0,"0,1,2,3,4,6",1500.2460159999998
test,image965,/root/autodl-tmp/datasets/sources/construction-ppe_ultralytics_2025_v1/images/test/image965.jpg,/root/autodl-tmp/datasets/sources/construction-ppe_ultralytics_2025_v1/labels/test/image965.txt,True,,640,640,RGB,ede7fc001c1f63e18ac40d7cf567a213bebc85e39dad365de3b1396c7aa2e69b,6a891c490999496c,8,0,"0,1,2,3,4,6",829.28
test,image979,/root/autodl-tmp/datasets/sources/construction-ppe_ultralytics_2025_v1/images/test/image979.jpg,/root/autodl-tmp/datasets/sources/construction-ppe_ultralytics_2025_v1/labels/test/image979.txt,True,,640,640,RGB,bc957741ce7504c432b512e3b8ff89ab5668b3a90387bc3c1b252d7d317e73a6,adcc9acc8c4e6c26,8,0,"0,1,2,3,4,6",1269.4152167424
test,image98,/root/autodl-tmp/datasets/sources/construction-ppe_ultralytics_2025_v1/images/test/image98.jpg,/root/autodl-tmp/datasets/sources/construction-ppe_ultralytics_2025_v1/labels/test/image98.txt,True,,640,640,RGB,949b9c1a89d81110a4280c3a74bab19f8a42c1c61f936ec2ddde7fbe8eb3c252,9b2f250c0f8d2446,8,0,"0,1,2,3,4,6",2009.0420711424
test,image987,/root/autodl-tmp/datasets/sources/construction-ppe_ultralytics_2025_v1/images/test/image987.jpg,/root/autodl-tmp/datasets/sources/construction-ppe_ultralytics_2025_v1/labels/test/image987.txt,True,,640,640,RGB,d4cba8bc6f37a638b282253904bd19164682371a7fcef759a20a707e24b98898,c09ccf978ecd8d86,8,0,"0,1,2,3,4,6",2189.2916224
test,image999,/root/autodl-tmp/datasets/sources/construction-ppe_ultralytics_2025_v1/images/test/image999.jpg,/root/autodl-tmp/datasets/sources/construction-ppe_ultralytics_2025_v1/labels/test/image999.txt,True,,640,640,RGB,7a962fbadbf7d1a9e1939741cc85e4615674cb365eb9d25cab2a969057f4124c,3c0c9e9d8e4c590c,8,0,"0,1,2,3,4,6",2647.1164919807998
